#include "lvgl.h"

#ifndef LV_ATTRIBUTE_MEM_ALIGN
#define LV_ATTRIBUTE_MEM_ALIGN
#endif

const LV_ATTRIBUTE_MEM_ALIGN uint8_t mx5_rf_side_right_map[] = {
    0x00, 0x00, 0x00, 0x01, 0x00, 0x00, 0x00, 0x01, 0x00, 0x00, 0x00, 0x00, 0x00, 0x00, 0x00, 0x01,
    0x00, 0x00, 0x00, 0x02, 0x00, 0x00, 0x00, 0x00, 0x00, 0x00, 0x00, 0x00, 0x00, 0x00, 0x00, 0x00,
    0x00, 0x00, 0x00, 0x02, 0x00, 0x00, 0x00, 0x00, 0x00, 0x00, 0x00, 0x02, 0x00, 0x00, 0x00, 0x03,
    0x00, 0x00, 0x00, 0x01, 0x00, 0x00, 0x00, 0x00, 0x00, 0x00, 0x00, 0x00, 0x00, 0x00, 0x00, 0x00,
    0x00, 0x00, 0x00, 0x00, 0x00, 0x00, 0x00, 0x00, 0x00, 0x00, 0x00, 0x00, 0x00, 0x00, 0x00, 0x01,
    0x00, 0x00, 0x00, 0x01, 0x00, 0x00, 0x00, 0x01, 0x00, 0x00, 0x00, 0x00, 0x00, 0x00, 0x00, 0x00,
    0x00, 0x00, 0x00, 0x00, 0x00, 0x00, 0x00, 0x00, 0x00, 0x00, 0x00, 0x00, 0x00, 0x00, 0x00, 0x00,
    0x00, 0x00, 0x00, 0x00, 0x00, 0x00, 0x00, 0x00, 0x00, 0x00, 0x00, 0x00, 0x00, 0x00, 0x00, 0x00,
    0x00, 0x00, 0x00, 0x00, 0x00, 0x00, 0x00, 0x00, 0x00, 0x00, 0x00, 0x00, 0x00, 0x00, 0x00, 0x02,
    0x00, 0x00, 0x00, 0x00, 0x00, 0x00, 0x00, 0x00, 0x00, 0x00, 0x00, 0x01, 0x00, 0x00, 0x00, 0x01,
    0x00, 0x00, 0x00, 0x00, 0x00, 0x00, 0x00, 0x00, 0x00, 0x00, 0x00, 0x01, 0x00, 0x00, 0x00, 0x01,
    0x00, 0x00, 0x00, 0x01, 0x00, 0x00, 0x00, 0x01, 0x00, 0x00, 0x00, 0x00, 0x00, 0x00, 0x00, 0x00,
    0x00, 0x00, 0x00, 0x00, 0x00, 0x00, 0x00, 0x00, 0x00, 0x00, 0x00, 0x01, 0x00, 0x00, 0x00, 0x03,
    0x00, 0x00, 0x00, 0x00, 0x00, 0x00, 0x00, 0x01, 0x00, 0x00, 0x00, 0x01, 0x00, 0x00, 0x00, 0x01,
    0x00, 0x00, 0x00, 0x01, 0x00, 0x00, 0x00, 0x00, 0x00, 0x00, 0x00, 0x00, 0x00, 0x00, 0x00, 0x01,
    0x00, 0x00, 0x00, 0x00, 0x00, 0x00, 0x00, 0x03, 0x00, 0x00, 0x00, 0x04, 0x00, 0x00, 0x00, 0x00,
    0x00, 0x00, 0x00, 0x01, 0x00, 0x00, 0x00, 0x00, 0x00, 0x00, 0x00, 0x00, 0x00, 0x00, 0x00, 0x01,
    0x00, 0x00, 0x00, 0x02, 0x00, 0x00, 0x00, 0x00, 0x00, 0x00, 0x00, 0x00, 0x00, 0x00, 0x00, 0x02,
    0x00, 0x00, 0x00, 0x01, 0x00, 0x00, 0x00, 0x00, 0x00, 0x00, 0x00, 0x00, 0x00, 0x00, 0x00, 0x01,
    0x00, 0x00, 0x00, 0x01, 0x00, 0x00, 0x00, 0x01, 0x00, 0x00, 0x00, 0x00, 0x00, 0x00, 0x00, 0x00,
    0x00, 0x00, 0x00, 0x00, 0x00, 0x00, 0x00, 0x01, 0x00, 0x00, 0x00, 0x01, 0x00, 0x00, 0x00, 0x00,
    0x00, 0x00, 0x00, 0x00, 0x00, 0x00, 0x00, 0x00, 0x00, 0x00, 0x00, 0x00, 0x00, 0x00, 0x00, 0x00,
    0x00, 0x00, 0x00, 0x01, 0x00, 0x00, 0x00, 0x01, 0x00, 0x00, 0x00, 0x03, 0x00, 0x00, 0x00, 0x01,
    0x00, 0x00, 0x00, 0x01, 0x00, 0x00, 0x00, 0x01, 0x00, 0x00, 0x00, 0x01, 0x00, 0x00, 0x00, 0x01,
    0x00, 0x00, 0x00, 0x00, 0x00, 0x00, 0x00, 0x00, 0x00, 0x00, 0x00, 0x02, 0x00, 0x00, 0x00, 0x01,
    0x00, 0x00, 0x00, 0x00, 0x00, 0x00, 0x00, 0x01, 0x00, 0x00, 0x00, 0x01, 0x00, 0x00, 0x00, 0x00,
    0x00, 0x00, 0x00, 0x01, 0x00, 0x00, 0x00, 0x00, 0x00, 0x00, 0x00, 0x02, 0x00, 0x00, 0x00, 0x02,
    0x00, 0x00, 0x00, 0x01, 0x00, 0x00, 0x00, 0x00, 0x00, 0x00, 0x00, 0x01, 0x00, 0x00, 0x00, 0x01,
    0x00, 0x00, 0x00, 0x00, 0x00, 0x00, 0x00, 0x01, 0x00, 0x00, 0x00, 0x01, 0x00, 0x00, 0x00, 0x00,
    0x00, 0x00, 0x00, 0x01, 0x00, 0x00, 0x00, 0x01, 0x00, 0x00, 0x00, 0x01, 0x00, 0x00, 0x00, 0x03,
    0x00, 0x00, 0x00, 0x03, 0x00, 0x00, 0x00, 0x00, 0x00, 0x00, 0x00, 0x00, 0x00, 0x00, 0x00, 0x00,
    0x00, 0x00, 0x00, 0x00, 0x00, 0x00, 0x00, 0x00, 0x00, 0x00, 0x00, 0x01, 0x00, 0x00, 0x00, 0x00,
    0x00, 0x00, 0x00, 0x01, 0x00, 0x00, 0x00, 0x01, 0x00, 0x00, 0x00, 0x01, 0x00, 0x00, 0x00, 0x00,
    0x00, 0x00, 0x00, 0x00, 0x00, 0x00, 0x00, 0x00, 0x00, 0x00, 0x00, 0x00, 0x00, 0x00, 0x00, 0x00,
    0x00, 0x00, 0x00, 0x00, 0x00, 0x00, 0x00, 0x00, 0x00, 0x00, 0x00, 0x01, 0x00, 0x00, 0x00, 0x01,
    0x00, 0x00, 0x00, 0x00, 0x00, 0x00, 0x00, 0x00, 0x00, 0x00, 0x00, 0x00, 0x00, 0x00, 0x00, 0x00,
    0x00, 0x00, 0x00, 0x02, 0x00, 0x00, 0x00, 0x01, 0x00, 0x00, 0x00, 0x00, 0x00, 0x00, 0x00, 0x00,
    0x00, 0x00, 0x00, 0x00, 0x00, 0x00, 0x00, 0x00, 0x00, 0x00, 0x00, 0x00, 0x00, 0x00, 0x00, 0x00,
    0x00, 0x00, 0x00, 0x00, 0x00, 0x00, 0x00, 0x00, 0x00, 0x00, 0x00, 0x00, 0x00, 0x00, 0x00, 0x00,
    0x00, 0x00, 0x00, 0x01, 0x00, 0x00, 0x00, 0x01, 0x00, 0x00, 0x00, 0x00, 0x00, 0x00, 0x00, 0x00,
    0x00, 0x00, 0x00, 0x00, 0x00, 0x00, 0x00, 0x01, 0x00, 0x00, 0x00, 0x01, 0x00, 0x00, 0x00, 0x02,
    0x00, 0x00, 0x00, 0x00, 0x00, 0x00, 0x00, 0x01, 0x00, 0x00, 0x00, 0x01, 0x00, 0x00, 0x00, 0x00,
    0x00, 0x00, 0x00, 0x00, 0x00, 0x00, 0x00, 0x01, 0x00, 0x00, 0x00, 0x00, 0x00, 0x00, 0x00, 0x01,
    0x00, 0x00, 0x00, 0x01, 0x00, 0x00, 0x00, 0x01, 0x00, 0x00, 0x00, 0x01, 0x00, 0x00, 0x00, 0x00,
    0x00, 0x00, 0x00, 0x00, 0x00, 0x00, 0x00, 0x01, 0x00, 0x00, 0x00, 0x00, 0x00, 0x00, 0x00, 0x01,
    0x00, 0x00, 0x00, 0x00, 0x00, 0x00, 0x00, 0x00, 0x00, 0x00, 0x00, 0x00, 0x00, 0x00, 0x00, 0x00,
    0x00, 0x00, 0x00, 0x00, 0x00, 0x00, 0x00, 0x00, 0x00, 0x00, 0x00, 0x00, 0x00, 0x00, 0x00, 0x00,
    0x00, 0x00, 0x00, 0x00, 0x00, 0x00, 0x00, 0x00, 0x00, 0x00, 0x00, 0x00, 0x00, 0x00, 0x00, 0x00,
    0x00, 0x00, 0x00, 0x00, 0x00, 0x00, 0x00, 0x01, 0x00, 0x00, 0x00, 0x00, 0x00, 0x00, 0x00, 0x00,
    0x00, 0x00, 0x00, 0x00, 0x00, 0x00, 0x00, 0x00, 0x00, 0x00, 0x00, 0x00, 0x00, 0x00, 0x00, 0x01,
    0x00, 0x00, 0x00, 0x00, 0x00, 0x00, 0x00, 0x00, 0x00, 0x00, 0x00, 0x00, 0x00, 0x00, 0x00, 0x00,
    0x00, 0x00, 0x00, 0x01, 0x00, 0x00, 0x00, 0x01, 0x00, 0x00, 0x00, 0x00, 0x00, 0x00, 0x00, 0x00,
    0x00, 0x00, 0x00, 0x00, 0x00, 0x00, 0x00, 0x00, 0x00, 0x00, 0x00, 0x01, 0x00, 0x00, 0x00, 0x02,
    0x00, 0x00, 0x00, 0x00, 0x00, 0x00, 0x00, 0x00, 0x00, 0x00, 0x00, 0x01, 0x00, 0x00, 0x00, 0x00,
    0x00, 0x00, 0x00, 0x00, 0x00, 0x00, 0x00, 0x00, 0x00, 0x00, 0x00, 0x00, 0x00, 0x00, 0x00, 0x01,
    0x00, 0x00, 0x00, 0x03, 0x00, 0x00, 0x00, 0x01, 0x00, 0x00, 0x00, 0x01, 0x00, 0x00, 0x00, 0x00,
    0x00, 0x00, 0x00, 0x01, 0x00, 0x00, 0x00, 0x02, 0x00, 0x00, 0x00, 0x00, 0x00, 0x00, 0x00, 0x00,
    0x00, 0x00, 0x00, 0x00, 0x00, 0x00, 0x00, 0x00, 0x00, 0x00, 0x00, 0x00, 0x00, 0x00, 0x00, 0x00,
    0x00, 0x00, 0x00, 0x00, 0x00, 0x00, 0x00, 0x00, 0x00, 0x00, 0x00, 0x00, 0x00, 0x00, 0x00, 0x01,
    0x00, 0x00, 0x00, 0x01, 0x00, 0x00, 0x00, 0x01, 0x00, 0x00, 0x00, 0x01, 0x00, 0x00, 0x00, 0x00,
    0x00, 0x00, 0x00, 0x01, 0x00, 0x00, 0x00, 0x02, 0x00, 0x00, 0x00, 0x01, 0x00, 0x00, 0x00, 0x00,
    0x00, 0x00, 0x00, 0x00, 0x00, 0x00, 0x00, 0x00, 0x00, 0x00, 0x00, 0x00, 0x00, 0x00, 0x00, 0x01,
    0x00, 0x00, 0x00, 0x01, 0x00, 0x00, 0x00, 0x00, 0x00, 0x00, 0x00, 0x01, 0x00, 0x00, 0x00, 0x01,
    0x00, 0x00, 0x00, 0x01, 0x00, 0x00, 0x00, 0x00, 0x00, 0x00, 0x00, 0x00, 0x00, 0x00, 0x00, 0x00,
    0x00, 0x00, 0x00, 0x00, 0x00, 0x00, 0x00, 0x00, 0x00, 0x00, 0x00, 0x01, 0x00, 0x00, 0x00, 0x03,
    0x00, 0x00, 0x00, 0x02, 0x00, 0x00, 0x00, 0x03, 0x00, 0x00, 0x00, 0x01, 0x00, 0x00, 0x00, 0x00,
    0x00, 0x00, 0x00, 0x01, 0x00, 0x00, 0x00, 0x00, 0x00, 0x00, 0x00, 0x00, 0x00, 0x00, 0x00, 0x00,
    0x00, 0x00, 0x00, 0x00, 0x00, 0x00, 0x00, 0x01, 0x00, 0x00, 0x00, 0x02, 0x00, 0x00, 0x00, 0x00,
    0x00, 0x00, 0x00, 0x00, 0x00, 0x00, 0x00, 0x00, 0x00, 0x00, 0x00, 0x00, 0x00, 0x00, 0x00, 0x00,
    0x00, 0x00, 0x00, 0x00, 0x00, 0x00, 0x00, 0x00, 0x00, 0x00, 0x00, 0x00, 0x00, 0x00, 0x00, 0x00,
    0x00, 0x00, 0x00, 0x00, 0x00, 0x00, 0x00, 0x00, 0x00, 0x00, 0x00, 0x00, 0x00, 0x00, 0x00, 0x01,
    0x00, 0x00, 0x00, 0x00, 0x00, 0x00, 0x00, 0x00, 0x00, 0x00, 0x00, 0x00, 0x00, 0x00, 0x00, 0x00,
    0x00, 0x00, 0x00, 0x00, 0x00, 0x00, 0x00, 0x00, 0x00, 0x00, 0x00, 0x00, 0x00, 0x00, 0x00, 0x00,
    0x00, 0x00, 0x00, 0x00, 0x00, 0x00, 0x00, 0x00, 0x00, 0x00, 0x00, 0x01, 0x00, 0x00, 0x00, 0x00,
    0x00, 0x00, 0x00, 0x00, 0x00, 0x00, 0x00, 0x00, 0x00, 0x00, 0x00, 0x00, 0x00, 0x00, 0x00, 0x00,
    0x00, 0x00, 0x00, 0x00, 0x00, 0x00, 0x00, 0x00, 0x00, 0x00, 0x00, 0x00, 0x00, 0x00, 0x00, 0x00,
    0x00, 0x00, 0x00, 0x01, 0x00, 0x00, 0x00, 0x00, 0x00, 0x00, 0x00, 0x00, 0x00, 0x00, 0x00, 0x01,
    0x00, 0x00, 0x00, 0x00, 0x00, 0x00, 0x00, 0x00, 0x00, 0x00, 0x00, 0x00, 0x00, 0x00, 0x00, 0x01,
    0x00, 0x00, 0x00, 0x00, 0x00, 0x00, 0x00, 0x00, 0x00, 0x00, 0x00, 0x00, 0x00, 0x00, 0x00, 0x00,
    0x00, 0x00, 0x00, 0x00, 0x00, 0x00, 0x00, 0x00, 0x00, 0x00, 0x00, 0x00, 0x00, 0x00, 0x00, 0x00,
    0x00, 0x00, 0x00, 0x01, 0x00, 0x00, 0x00, 0x00, 0x00, 0x00, 0x00, 0x00, 0x00, 0x00, 0x00, 0x00,
    0x00, 0x00, 0x00, 0x01, 0x00, 0x00, 0x00, 0x01, 0x00, 0x00, 0x00, 0x01, 0x00, 0x00, 0x00, 0x00,
    0x00, 0x00, 0x00, 0x00, 0x00, 0x00, 0x00, 0x00, 0x00, 0x00, 0x00, 0x00, 0x00, 0x00, 0x00, 0x00,
    0x00, 0x00, 0x00, 0x00, 0x00, 0x00, 0x00, 0x00, 0x00, 0x00, 0x00, 0x00, 0x00, 0x00, 0x00, 0x00,
    0x00, 0x00, 0x00, 0x00, 0x00, 0x00, 0x00, 0x05, 0x00, 0x00, 0x00, 0x00, 0x00, 0x00, 0x00, 0x00,
    0x00, 0x00, 0x00, 0x00, 0x00, 0x00, 0x00, 0x01, 0x00, 0x00, 0x00, 0x01, 0x00, 0x00, 0x00, 0x02,
    0x00, 0x00, 0x00, 0x01, 0x00, 0x00, 0x00, 0x00, 0x00, 0x00, 0x00, 0x00, 0x00, 0x00, 0x00, 0x00,
    0x00, 0x00, 0x00, 0x01, 0x00, 0x00, 0x00, 0x00, 0x00, 0x00, 0x00, 0x00, 0x00, 0x00, 0x00, 0x00,
    0x00, 0x00, 0x00, 0x00, 0x00, 0x00, 0x00, 0x00, 0x00, 0x00, 0x00, 0x00, 0x00, 0x00, 0x00, 0x00,
    0x00, 0x00, 0x00, 0x00, 0x00, 0x00, 0x00, 0x01, 0x00, 0x00, 0x00, 0x01, 0x00, 0x00, 0x00, 0x00,
    0x00, 0x00, 0x00, 0x00, 0x00, 0x00, 0x00, 0x01, 0x00, 0x00, 0x00, 0x01, 0x00, 0x00, 0x00, 0x00,
    0x00, 0x00, 0x00, 0x01, 0x00, 0x00, 0x00, 0x01, 0x00, 0x00, 0x00, 0x01, 0x00, 0x00, 0x00, 0x01,
    0x00, 0x00, 0x00, 0x01, 0x00, 0x00, 0x00, 0x01, 0x00, 0x00, 0x00, 0x00, 0x00, 0x00, 0x00, 0x00,
    0x00, 0x00, 0x00, 0x00, 0x00, 0x00, 0x00, 0x00, 0x00, 0x00, 0x00, 0x00, 0x00, 0x00, 0x00, 0x00,
    0x00, 0x00, 0x00, 0x00, 0x00, 0x00, 0x00, 0x01, 0x00, 0x00, 0x00, 0x00, 0x00, 0x00, 0x00, 0x00,
    0x00, 0x00, 0x00, 0x00, 0x00, 0x00, 0x00, 0x01, 0x00, 0x00, 0x00, 0x01, 0x00, 0x00, 0x00, 0x00,
    0x00, 0x00, 0x00, 0x00, 0x00, 0x00, 0x00, 0x00, 0x00, 0x00, 0x00, 0x00, 0x00, 0x00, 0x00, 0x00,
    0x00, 0x00, 0x00, 0x00, 0x00, 0x00, 0x00, 0x01, 0x00, 0x00, 0x00, 0x01, 0x00, 0x00, 0x00, 0x01,
    0x00, 0x00, 0x00, 0x01, 0x00, 0x00, 0x00, 0x01, 0x00, 0x00, 0x00, 0x00, 0x00, 0x00, 0x00, 0x00,
    0x00, 0x00, 0x00, 0x00, 0x00, 0x00, 0x00, 0x00, 0x00, 0x00, 0x00, 0x01, 0x00, 0x00, 0x00, 0x01,
    0x00, 0x00, 0x00, 0x01, 0x00, 0x00, 0x00, 0x00, 0x00, 0x00, 0x00, 0x00, 0x00, 0x00, 0x00, 0x00,
    0x00, 0x00, 0x00, 0x00, 0x00, 0x00, 0x00, 0x01, 0x00, 0x00, 0x00, 0x01, 0x00, 0x00, 0x00, 0x00,
    0x00, 0x00, 0x00, 0x00, 0x00, 0x00, 0x00, 0x01, 0x00, 0x00, 0x00, 0x01, 0x00, 0x00, 0x00, 0x00,
    0x00, 0x00, 0x00, 0x00, 0x00, 0x00, 0x00, 0x00, 0x00, 0x00, 0x00, 0x00, 0x00, 0x00, 0x00, 0x00,
    0x00, 0x00, 0x00, 0x00, 0x00, 0x00, 0x00, 0x00, 0x00, 0x00, 0x00, 0x01, 0x00, 0x00, 0x00, 0x00,
    0x00, 0x00, 0x00, 0x00, 0x00, 0x00, 0x00, 0x03, 0x00, 0x00, 0x00, 0x01, 0x00, 0x00, 0x00, 0x01,
    0x00, 0x00, 0x00, 0x00, 0x00, 0x00, 0x00, 0x01, 0x00, 0x00, 0x00, 0x02, 0x00, 0x00, 0x00, 0x01,
    0x00, 0x00, 0x00, 0x00, 0x00, 0x00, 0x00, 0x00, 0x00, 0x00, 0x00, 0x00, 0x00, 0x00, 0x00, 0x00,
    0x00, 0x00, 0x00, 0x01, 0x00, 0x00, 0x00, 0x00, 0x00, 0x00, 0x00, 0x00, 0x00, 0x00, 0x00, 0x01,
    0x00, 0x00, 0x00, 0x02, 0x00, 0x00, 0x00, 0x01, 0x00, 0x00, 0x00, 0x00, 0x00, 0x00, 0x00, 0x02,
    0x00, 0x00, 0x00, 0x02, 0x00, 0x00, 0x00, 0x00, 0x00, 0x00, 0x00, 0x00, 0x00, 0x00, 0x00, 0x00,
    0x00, 0x00, 0x00, 0x00, 0x00, 0x00, 0x00, 0x00, 0x00, 0x00, 0x00, 0x00, 0x00, 0x00, 0x00, 0x01,
    0x00, 0x00, 0x00, 0x00, 0x00, 0x00, 0x00, 0x00, 0x00, 0x00, 0x00, 0x01, 0x00, 0x00, 0x00, 0x00,
    0x00, 0x00, 0x00, 0x01, 0x00, 0x00, 0x00, 0x01, 0x00, 0x00, 0x00, 0x00, 0x00, 0x00, 0x00, 0x01,
    0x00, 0x00, 0x00, 0x02, 0x00, 0x00, 0x00, 0x01, 0x00, 0x00, 0x00, 0x01, 0x00, 0x00, 0x00, 0x00,
    0x00, 0x00, 0x00, 0x00, 0x00, 0x00, 0x00, 0x00, 0x00, 0x00, 0x00, 0x00, 0x00, 0x00, 0x00, 0x00,
    0x00, 0x00, 0x00, 0x00, 0x00, 0x00, 0x00, 0x00, 0x00, 0x00, 0x00, 0x00, 0x00, 0x00, 0x00, 0x00,
    0x00, 0x00, 0x00, 0x01, 0x00, 0x00, 0x00, 0x00, 0x00, 0x00, 0x00, 0x00, 0x00, 0x00, 0x00, 0x00,
    0x00, 0x00, 0x00, 0x00, 0x00, 0x00, 0x00, 0x00, 0x00, 0x00, 0x00, 0x01, 0x00, 0x00, 0x00, 0x00,
    0x00, 0x00, 0x00, 0x00, 0x00, 0x00, 0x00, 0x00, 0x00, 0x00, 0x00, 0x00, 0x00, 0x00, 0x00, 0x01,
    0x00, 0x00, 0x00, 0x01, 0x00, 0x00, 0x00, 0x00, 0x00, 0x00, 0x00, 0x00, 0x00, 0x00, 0x00, 0x01,
    0x00, 0x00, 0x00, 0x00, 0x00, 0x00, 0x00, 0x01, 0x00, 0x00, 0x00, 0x01, 0x00, 0x00, 0x00, 0x00,
    0x00, 0x00, 0x00, 0x00, 0x00, 0x00, 0x00, 0x00, 0x00, 0x00, 0x00, 0x00, 0x00, 0x00, 0x00, 0x01,
    0x00, 0x00, 0x00, 0x00, 0x00, 0x00, 0x00, 0x01, 0x00, 0x00, 0x00, 0x01, 0x00, 0x00, 0x00, 0x02,
    0x00, 0x00, 0x00, 0x01, 0x00, 0x00, 0x00, 0x01, 0x00, 0x00, 0x00, 0x01, 0x00, 0x00, 0x00, 0x00,
    0x00, 0x00, 0x00, 0x01, 0x00, 0x00, 0x00, 0x00, 0x00, 0x00, 0x00, 0x00, 0x00, 0x00, 0x00, 0x01,
    0x00, 0x00, 0x00, 0x00, 0x00, 0x00, 0x00, 0x00, 0x00, 0x00, 0x00, 0x00, 0x00, 0x00, 0x00, 0x00,
    0x00, 0x00, 0x00, 0x00, 0x00, 0x00, 0x00, 0x00, 0x00, 0x00, 0x00, 0x00, 0x00, 0x00, 0x00, 0x00,
    0x00, 0x00, 0x00, 0x01, 0x00, 0x00, 0x00, 0x01, 0x00, 0x00, 0x00, 0x00, 0x00, 0x00, 0x00, 0x00,
    0x00, 0x00, 0x00, 0x00, 0x00, 0x00, 0x00, 0x00, 0x00, 0x00, 0x00, 0x00, 0x00, 0x00, 0x00, 0x00,
    0x00, 0x00, 0x00, 0x02, 0x00, 0x00, 0x00, 0x01, 0x00, 0x00, 0x00, 0x02, 0x00, 0x00, 0x00, 0x00,
    0x00, 0x00, 0x00, 0x00, 0x00, 0x00, 0x00, 0x01, 0x00, 0x00, 0x00, 0x01, 0x00, 0x00, 0x00, 0x02,
    0x00, 0x00, 0x00, 0x00, 0x00, 0x00, 0x00, 0x00, 0x00, 0x00, 0x00, 0x00, 0x00, 0x00, 0x00, 0x01,
    0x00, 0x00, 0x00, 0x00, 0x00, 0x00, 0x00, 0x00, 0x00, 0x00, 0x00, 0x00, 0x00, 0x00, 0x00, 0x00,
    0x00, 0x00, 0x00, 0x00, 0x00, 0x00, 0x00, 0x00, 0x00, 0x00, 0x00, 0x01, 0x00, 0x00, 0x00, 0x00,
    0x00, 0x00, 0x00, 0x00, 0x00, 0x00, 0x00, 0x01, 0x00, 0x00, 0x00, 0x01, 0x00, 0x00, 0x00, 0x00,
    0x00, 0x00, 0x00, 0x00, 0x00, 0x00, 0x00, 0x01, 0x00, 0x00, 0x00, 0x01, 0x00, 0x00, 0x00, 0x00,
    0x00, 0x00, 0x00, 0x00, 0x00, 0x00, 0x00, 0x00, 0x00, 0x00, 0x00, 0x00, 0x00, 0x00, 0x00, 0x00,
    0x00, 0x00, 0x00, 0x00, 0x00, 0x00, 0x00, 0x00, 0x00, 0x00, 0x00, 0x00, 0x00, 0x00, 0x00, 0x01,
    0x00, 0x00, 0x00, 0x00, 0x00, 0x00, 0x00, 0x00, 0x00, 0x00, 0x00, 0x00, 0x00, 0x00, 0x00, 0x00,
    0x00, 0x00, 0x00, 0x00, 0x00, 0x00, 0x00, 0x02, 0x00, 0x00, 0x00, 0x00, 0x00, 0x00, 0x00, 0x00,
    0x00, 0x00, 0x00, 0x00, 0x00, 0x00, 0x00, 0x00, 0x00, 0x00, 0x00, 0x00, 0x00, 0x00, 0x00, 0x01,
    0x00, 0x00, 0x00, 0x01, 0x00, 0x00, 0x00, 0x00, 0x00, 0x00, 0x00, 0x00, 0x00, 0x00, 0x00, 0x01,
    0x00, 0x00, 0x00, 0x00, 0x00, 0x00, 0x00, 0x00, 0x00, 0x00, 0x00, 0x00, 0x00, 0x00, 0x00, 0x00,
    0x00, 0x00, 0x00, 0x00, 0x00, 0x00, 0x00, 0x01, 0x00, 0x00, 0x00, 0x00, 0x00, 0x00, 0x00, 0x00,
    0x00, 0x00, 0x00, 0x00, 0x00, 0x00, 0x00, 0x00, 0x00, 0x00, 0x00, 0x01, 0x00, 0x00, 0x00, 0x00,
    0x00, 0x00, 0x00, 0x00, 0x00, 0x00, 0x00, 0x01, 0x00, 0x00, 0x00, 0x00, 0x00, 0x00, 0x00, 0x00,
    0x00, 0x00, 0x00, 0x01, 0x00, 0x00, 0x00, 0x00, 0x00, 0x00, 0x00, 0x00, 0x00, 0x00, 0x00, 0x02,
    0x00, 0x00, 0x00, 0x00, 0x00, 0x00, 0x00, 0x02, 0x00, 0x00, 0x00, 0x00, 0x00, 0x00, 0x00, 0x00,
    0x00, 0x00, 0x00, 0x01, 0x00, 0x00, 0x00, 0x01, 0x00, 0x00, 0x00, 0x01, 0x00, 0x00, 0x00, 0x00,
    0x00, 0x00, 0x00, 0x00, 0x00, 0x00, 0x00, 0x00, 0x00, 0x00, 0x00, 0x00, 0x00, 0x00, 0x00, 0x00,
    0x00, 0x00, 0x00, 0x00, 0x00, 0x00, 0x00, 0x00, 0x00, 0x00, 0x00, 0x00, 0x00, 0x00, 0x00, 0x00,
    0x00, 0x00, 0x00, 0x00, 0x00, 0x00, 0x00, 0x00, 0x00, 0x00, 0x00, 0x00, 0x00, 0x00, 0x00, 0x01,
    0x00, 0x00, 0x00, 0x00, 0x00, 0x00, 0x00, 0x00, 0x00, 0x00, 0x00, 0x00, 0x00, 0x00, 0x00, 0x00,
    0x00, 0x00, 0x00, 0x00, 0x00, 0x00, 0x00, 0x00, 0x00, 0x00, 0x00, 0x01, 0x00, 0x00, 0x00, 0x00,
    0x00, 0x00, 0x00, 0x00, 0x00, 0x00, 0x00, 0x00, 0x00, 0x00, 0x00, 0x00, 0x00, 0x00, 0x00, 0x00,
    0x00, 0x00, 0x00, 0x00, 0x00, 0x00, 0x00, 0x01, 0x00, 0x00, 0x00, 0x00, 0x00, 0x00, 0x00, 0x00,
    0x00, 0x00, 0x00, 0x01, 0x00, 0x00, 0x00, 0x01, 0x00, 0x00, 0x00, 0x00, 0x00, 0x00, 0x00, 0x00,
    0x00, 0x00, 0x00, 0x00, 0x00, 0x00, 0x00, 0x00, 0x00, 0x00, 0x00, 0x00, 0x00, 0x00, 0x00, 0x00,
    0x00, 0x00, 0x00, 0x00, 0x00, 0x00, 0x00, 0x01, 0x00, 0x00, 0x00, 0x01, 0x00, 0x00, 0x00, 0x00,
    0x00, 0x00, 0x00, 0x00, 0x00, 0x00, 0x00, 0x00, 0x00, 0x00, 0x00, 0x00, 0x00, 0x00, 0x00, 0x00,
    0x00, 0x00, 0x00, 0x01, 0x00, 0x00, 0x00, 0x01, 0x00, 0x00, 0x00, 0x00, 0x00, 0x00, 0x00, 0x00,
    0x00, 0x00, 0x00, 0x00, 0x00, 0x00, 0x00, 0x00, 0x00, 0x00, 0x00, 0x00, 0x00, 0x00, 0x00, 0x00,
    0x00, 0x00, 0x00, 0x00, 0x00, 0x00, 0x00, 0x00, 0x00, 0x00, 0x00, 0x00, 0x00, 0x00, 0x00, 0x00,
    0x00, 0x00, 0x00, 0x01, 0x00, 0x00, 0x00, 0x00, 0x00, 0x00, 0x00, 0x00, 0x00, 0x00, 0x00, 0x00,
    0x00, 0x00, 0x00, 0x01, 0x00, 0x00, 0x00, 0x00, 0x00, 0x00, 0x00, 0x01, 0x00, 0x00, 0x00, 0x00,
    0x00, 0x00, 0x00, 0x00, 0x00, 0x00, 0x00, 0x00, 0x00, 0x00, 0x00, 0x00, 0x00, 0x00, 0x00, 0x00,
    0x00, 0x00, 0x00, 0x01, 0x00, 0x00, 0x00, 0x00, 0x00, 0x00, 0x00, 0x01, 0x00, 0x00, 0x00, 0x00,
    0x00, 0x00, 0x00, 0x00, 0x00, 0x00, 0x00, 0x00, 0x00, 0x00, 0x00, 0x00, 0x00, 0x00, 0x00, 0x00,
    0x00, 0x00, 0x00, 0x00, 0x00, 0x00, 0x00, 0x00, 0x00, 0x00, 0x00, 0x00, 0x00, 0x00, 0x00, 0x00,
    0x00, 0x00, 0x00, 0x00, 0x00, 0x00, 0x00, 0x00, 0x00, 0x00, 0x00, 0x01, 0x00, 0x00, 0x00, 0x01,
    0x00, 0x00, 0x00, 0x00, 0x00, 0x00, 0x00, 0x00, 0x00, 0x00, 0x00, 0x00, 0x00, 0x00, 0x00, 0x00,
    0x00, 0x00, 0x00, 0x00, 0x00, 0x00, 0x00, 0x00, 0x00, 0x00, 0x00, 0x01, 0x00, 0x00, 0x00, 0x00,
    0x00, 0x00, 0x00, 0x01, 0x00, 0x00, 0x00, 0x01, 0x00, 0x00, 0x00, 0x00, 0x00, 0x00, 0x00, 0x00,
    0x00, 0x00, 0x00, 0x00, 0x00, 0x00, 0x00, 0x00, 0x00, 0x00, 0x00, 0x01, 0x00, 0x00, 0x00, 0x00,
    0x00, 0x00, 0x00, 0x01, 0x00, 0x00, 0x00, 0x01, 0x00, 0x00, 0x00, 0x01, 0x00, 0x00, 0x00, 0x00,
    0x00, 0x00, 0x00, 0x00, 0x00, 0x00, 0x00, 0x00, 0x00, 0x00, 0x00, 0x00, 0x00, 0x00, 0x00, 0x00,
    0x00, 0x00, 0x00, 0x00, 0x00, 0x00, 0x00, 0x00, 0x00, 0x00, 0x00, 0x00, 0x00, 0x00, 0x00, 0x00,
    0x00, 0x00, 0x00, 0x00, 0x00, 0x00, 0x00, 0x00, 0x00, 0x00, 0x00, 0x00, 0x00, 0x00, 0x00, 0x00,
    0x00, 0x00, 0x00, 0x00, 0x00, 0x00, 0x00, 0x00, 0x00, 0x00, 0x00, 0x01, 0x00, 0x00, 0x00, 0x00,
    0x00, 0x00, 0x00, 0x01, 0x00, 0x00, 0x00, 0x00, 0x00, 0x00, 0x00, 0x00, 0x00, 0x00, 0x00, 0x00,
    0x00, 0x00, 0x00, 0x00, 0x00, 0x00, 0x00, 0x00, 0x00, 0x00, 0x00, 0x00, 0x00, 0x00, 0x00, 0x01,
    0x00, 0x00, 0x00, 0x01, 0x00, 0x00, 0x00, 0x00, 0x00, 0x00, 0x00, 0x00, 0x00, 0x00, 0x00, 0x02,
    0x00, 0x00, 0x00, 0x00, 0x00, 0x00, 0x00, 0x00, 0x00, 0x00, 0x00, 0x00, 0x00, 0x00, 0x00, 0x00,
    0x00, 0x00, 0x00, 0x00, 0x00, 0x00, 0x00, 0x01, 0x00, 0x00, 0x00, 0x01, 0x00, 0x00, 0x00, 0x00,
    0x00, 0x00, 0x00, 0x01, 0x00, 0x00, 0x00, 0x02, 0x00, 0x00, 0x00, 0x00, 0x00, 0x00, 0x00, 0x00,
    0x00, 0x00, 0x00, 0x00, 0x00, 0x00, 0x00, 0x00, 0x00, 0x00, 0x00, 0x00, 0x00, 0x00, 0x00, 0x01,
    0x00, 0x00, 0x00, 0x00, 0x00, 0x00, 0x00, 0x00, 0x00, 0x00, 0x00, 0x01, 0x00, 0x00, 0x00, 0x00,
    0x00, 0x00, 0x00, 0x00, 0x00, 0x00, 0x00, 0x00, 0x00, 0x00, 0x00, 0x02, 0x00, 0x00, 0x00, 0x02,
    0x00, 0x00, 0x00, 0x00, 0x00, 0x00, 0x00, 0x00, 0x00, 0x00, 0x00, 0x00, 0x00, 0x00, 0x00, 0x00,
    0x00, 0x00, 0x00, 0x00, 0x00, 0x00, 0x00, 0x00, 0x00, 0x00, 0x00, 0x00, 0x00, 0x00, 0x00, 0x00,
    0x00, 0x00, 0x00, 0x01, 0x00, 0x00, 0x00, 0x01, 0x00, 0x00, 0x00, 0x00, 0x00, 0x00, 0x00, 0x00,
    0x00, 0x00, 0x00, 0x00, 0x00, 0x00, 0x00, 0x00, 0x00, 0x00, 0x00, 0x00, 0x00, 0x00, 0x00, 0x00,
    0x00, 0x00, 0x00, 0x00, 0x00, 0x00, 0x00, 0x00, 0x00, 0x00, 0x00, 0x00, 0x00, 0x00, 0x00, 0x00,
    0x00, 0x00, 0x00, 0x00, 0x00, 0x00, 0x00, 0x00, 0x00, 0x00, 0x00, 0x00, 0x00, 0x00, 0x00, 0x00,
    0x00, 0x00, 0x00, 0x01, 0x00, 0x00, 0x00, 0x00, 0x00, 0x00, 0x00, 0x02, 0x00, 0x00, 0x00, 0x01,
    0x00, 0x00, 0x00, 0x01, 0x00, 0x00, 0x00, 0x00, 0x00, 0x00, 0x00, 0x00, 0x00, 0x00, 0x00, 0x01,
    0x00, 0x00, 0x00, 0x00, 0x00, 0x00, 0x00, 0x00, 0x00, 0x00, 0x00, 0x00, 0x00, 0x00, 0x00, 0x00,
    0x00, 0x00, 0x00, 0x00, 0x00, 0x00, 0x00, 0x01, 0x00, 0x00, 0x00, 0x00, 0x00, 0x00, 0x00, 0x00,
    0x00, 0x00, 0x00, 0x00, 0x00, 0x00, 0x00, 0x00, 0x00, 0x00, 0x00, 0x00, 0x00, 0x00, 0x00, 0x01,
    0x00, 0x00, 0x00, 0x01, 0x00, 0x00, 0x00, 0x00, 0x00, 0x00, 0x00, 0x00, 0x00, 0x00, 0x00, 0x01,
    0x00, 0x00, 0x00, 0x00, 0x00, 0x00, 0x00, 0x00, 0x00, 0x00, 0x00, 0x00, 0x00, 0x00, 0x00, 0x00,
    0x00, 0x00, 0x00, 0x00, 0x00, 0x00, 0x00, 0x00, 0x00, 0x00, 0x00, 0x00, 0x00, 0x00, 0x00, 0x00,
    0x00, 0x00, 0x00, 0x00, 0x00, 0x00, 0x00, 0x00, 0x00, 0x00, 0x00, 0x00, 0x00, 0x00, 0x00, 0x00,
    0x00, 0x00, 0x00, 0x00, 0x00, 0x00, 0x00, 0x00, 0x00, 0x00, 0x00, 0x00, 0x00, 0x00, 0x00, 0x00,
    0x00, 0x00, 0x00, 0x00, 0x00, 0x00, 0x00, 0x00, 0x00, 0x00, 0x00, 0x00, 0x00, 0x00, 0x00, 0x00,
    0x00, 0x00, 0x00, 0x01, 0x00, 0x00, 0x00, 0x02, 0x00, 0x00, 0x00, 0x00, 0x00, 0x00, 0x00, 0x00,
    0x00, 0x00, 0x00, 0x00, 0x00, 0x00, 0x00, 0x00, 0x00, 0x00, 0x00, 0x00, 0x00, 0x00, 0x00, 0x00,
    0x00, 0x00, 0x00, 0x00, 0x00, 0x00, 0x00, 0x00, 0x00, 0x00, 0x00, 0x00, 0x00, 0x00, 0x00, 0x00,
    0x00, 0x00, 0x00, 0x00, 0x00, 0x00, 0x00, 0x00, 0x00, 0x00, 0x00, 0x00, 0x00, 0x00, 0x00, 0x00,
    0x00, 0x00, 0x00, 0x00, 0x00, 0x00, 0x00, 0x00, 0x00, 0x00, 0x00, 0x00, 0x00, 0x00, 0x00, 0x00,
    0x00, 0x00, 0x00, 0x00, 0x00, 0x00, 0x00, 0x00, 0x00, 0x00, 0x00, 0x01, 0x00, 0x00, 0x00, 0x01,
    0x00, 0x00, 0x00, 0x01, 0x00, 0x00, 0x00, 0x00, 0x00, 0x00, 0x00, 0x00, 0x00, 0x00, 0x00, 0x00,
    0x00, 0x00, 0x00, 0x00, 0x00, 0x00, 0x00, 0x01, 0x00, 0x00, 0x00, 0x01, 0x00, 0x00, 0x00, 0x00,
    0x00, 0x00, 0x00, 0x00, 0x00, 0x00, 0x00, 0x00, 0x00, 0x00, 0x00, 0x00, 0x00, 0x00, 0x00, 0x00,
    0x00, 0x00, 0x00, 0x00, 0x00, 0x00, 0x00, 0x00, 0x00, 0x00, 0x00, 0x00, 0x00, 0x00, 0x00, 0x00,
    0x00, 0x00, 0x00, 0x00, 0x00, 0x00, 0x00, 0x00, 0x00, 0x00, 0x00, 0x03, 0x00, 0x00, 0x00, 0x00,
    0x00, 0x00, 0x00, 0x00, 0x00, 0x00, 0x00, 0x00, 0x00, 0x00, 0x00, 0x01, 0x00, 0x00, 0x00, 0x00,
    0x00, 0x00, 0x00, 0x00, 0x00, 0x00, 0x00, 0x01, 0x00, 0x00, 0x00, 0x00, 0x00, 0x00, 0x00, 0x00,
    0x00, 0x00, 0x00, 0x00, 0x00, 0x00, 0x00, 0x00, 0x00, 0x00, 0x00, 0x00, 0x00, 0x00, 0x00, 0x01,
    0x00, 0x00, 0x00, 0x00, 0x00, 0x00, 0x00, 0x00, 0x00, 0x00, 0x00, 0x00, 0x00, 0x00, 0x00, 0x01,
    0x00, 0x00, 0x00, 0x01, 0x00, 0x00, 0x00, 0x00, 0x00, 0x00, 0x00, 0x01, 0x00, 0x00, 0x00, 0x00,
    0x00, 0x00, 0x00, 0x00, 0x00, 0x00, 0x00, 0x00, 0x00, 0x00, 0x00, 0x00, 0x00, 0x00, 0x00, 0x00,
    0x00, 0x00, 0x00, 0x00, 0x00, 0x00, 0x00, 0x01, 0x00, 0x00, 0x00, 0x01, 0x00, 0x00, 0x00, 0x01,
    0x00, 0x00, 0x00, 0x00, 0x00, 0x00, 0x00, 0x00, 0x00, 0x00, 0x00, 0x00, 0x00, 0x00, 0x00, 0x00,
    0x00, 0x00, 0x00, 0x00, 0x00, 0x00, 0x00, 0x00, 0x00, 0x00, 0x00, 0x00, 0x00, 0x00, 0x00, 0x01,
    0x00, 0x00, 0x00, 0x00, 0x00, 0x00, 0x00, 0x01, 0x00, 0x00, 0x00, 0x00, 0x00, 0x00, 0x00, 0x00,
    0x00, 0x00, 0x00, 0x00, 0x00, 0x00, 0x00, 0x00, 0x00, 0x00, 0x00, 0x00, 0x00, 0x00, 0x00, 0x00,
    0x00, 0x00, 0x00, 0x00, 0x00, 0x00, 0x00, 0x00, 0x00, 0x00, 0x00, 0x00, 0x00, 0x00, 0x00, 0x01,
    0x00, 0x00, 0x00, 0x01, 0x00, 0x00, 0x00, 0x02, 0x00, 0x00, 0x00, 0x01, 0x00, 0x00, 0x00, 0x00,
    0x00, 0x00, 0x00, 0x00, 0x00, 0x00, 0x00, 0x00, 0x00, 0x00, 0x00, 0x01, 0x00, 0x00, 0x00, 0x01,
    0x00, 0x00, 0x00, 0x00, 0x00, 0x00, 0x00, 0x00, 0x00, 0x00, 0x00, 0x00, 0x00, 0x00, 0x00, 0x00,
    0x00, 0x00, 0x00, 0x00, 0x00, 0x00, 0x00, 0x00, 0x00, 0x00, 0x00, 0x00, 0x00, 0x00, 0x00, 0x01,
    0x00, 0x00, 0x00, 0x00, 0x00, 0x00, 0x00, 0x00, 0x00, 0x00, 0x00, 0x00, 0x00, 0x00, 0x00, 0x01,
    0x00, 0x00, 0x00, 0x00, 0x00, 0x00, 0x00, 0x00, 0x00, 0x00, 0x00, 0x01, 0x00, 0x00, 0x00, 0x01,
    0x00, 0x00, 0x00, 0x01, 0x00, 0x00, 0x00, 0x01, 0x00, 0x00, 0x00, 0x00, 0x00, 0x00, 0x00, 0x01,
    0x00, 0x00, 0x00, 0x01, 0x00, 0x00, 0x00, 0x00, 0x00, 0x00, 0x00, 0x00, 0x00, 0x00, 0x00, 0x00,
    0x00, 0x00, 0x00, 0x00, 0x00, 0x00, 0x00, 0x01, 0x00, 0x00, 0x00, 0x01, 0x00, 0x00, 0x00, 0x00,
    0x00, 0x00, 0x00, 0x00, 0x00, 0x00, 0x00, 0x00, 0x00, 0x00, 0x00, 0x00, 0x00, 0x00, 0x00, 0x01,
    0x00, 0x00, 0x00, 0x01, 0x00, 0x00, 0x00, 0x01, 0x00, 0x00, 0x00, 0x00, 0x00, 0x00, 0x00, 0x00,
    0x00, 0x00, 0x00, 0x00, 0x00, 0x00, 0x00, 0x01, 0x00, 0x00, 0x00, 0x00, 0x00, 0x00, 0x00, 0x00,
    0x00, 0x00, 0x00, 0x00, 0x00, 0x00, 0x00, 0x00, 0x00, 0x00, 0x00, 0x00, 0x00, 0x00, 0x00, 0x00,
    0x00, 0x00, 0x00, 0x01, 0x00, 0x00, 0x00, 0x01, 0x00, 0x00, 0x00, 0x00, 0x00, 0x00, 0x00, 0x00,
    0x00, 0x00, 0x00, 0x00, 0x00, 0x00, 0x00, 0x00, 0x00, 0x00, 0x00, 0x00, 0x00, 0x00, 0x00, 0x00,
    0x00, 0x00, 0x00, 0x00, 0x00, 0x00, 0x00, 0x00, 0x00, 0x00, 0x00, 0x00, 0x00, 0x00, 0x00, 0x01,
    0x00, 0x00, 0x00, 0x00, 0x00, 0x00, 0x00, 0x00, 0x00, 0x00, 0x00, 0x00, 0x00, 0x00, 0x00, 0x00,
    0x00, 0x00, 0x00, 0x00, 0x00, 0x00, 0x00, 0x01, 0x00, 0x00, 0x00, 0x01, 0x00, 0x00, 0x00, 0x01,
    0x00, 0x00, 0x00, 0x00, 0x00, 0x00, 0x00, 0x02, 0x00, 0x00, 0x00, 0x01, 0x00, 0x00, 0x00, 0x00,
    0x00, 0x00, 0x00, 0x01, 0x00, 0x00, 0x00, 0x00, 0x00, 0x00, 0x00, 0x00, 0x00, 0x00, 0x00, 0x01,
    0x00, 0x00, 0x00, 0x00, 0x00, 0x00, 0x00, 0x01, 0x00, 0x00, 0x00, 0x00, 0x00, 0x00, 0x00, 0x00,
    0x00, 0x00, 0x00, 0x00, 0x00, 0x00, 0x00, 0x00, 0x00, 0x00, 0x00, 0x00, 0x00, 0x00, 0x00, 0x00,
    0x00, 0x00, 0x00, 0x00, 0x00, 0x00, 0x00, 0x01, 0x00, 0x00, 0x00, 0x00, 0x00, 0x00, 0x00, 0x02,
    0x00, 0x00, 0x00, 0x01, 0x00, 0x00, 0x00, 0x00, 0x00, 0x00, 0x00, 0x01, 0x00, 0x00, 0x00, 0x00,
    0x00, 0x00, 0x00, 0x00, 0x00, 0x00, 0x00, 0x00, 0x00, 0x00, 0x00, 0x01, 0x00, 0x00, 0x00, 0x00,
    0x00, 0x00, 0x00, 0x00, 0x00, 0x00, 0x00, 0x00, 0x00, 0x00, 0x00, 0x01, 0x00, 0x00, 0x00, 0x01,
    0x00, 0x00, 0x00, 0x00, 0x00, 0x00, 0x00, 0x00, 0x00, 0x00, 0x00, 0x00, 0x00, 0x00, 0x00, 0x00,
    0x00, 0x00, 0x00, 0x01, 0x00, 0x00, 0x00, 0x00, 0x00, 0x00, 0x00, 0x00, 0x00, 0x00, 0x00, 0x00,
    0x00, 0x00, 0x00, 0x00, 0x00, 0x00, 0x00, 0x00, 0x00, 0x00, 0x00, 0x01, 0x00, 0x00, 0x00, 0x00,
    0x00, 0x00, 0x00, 0x02, 0x00, 0x00, 0x00, 0x00, 0x00, 0x00, 0x00, 0x00, 0x00, 0x00, 0x00, 0x00,
    0x00, 0x00, 0x00, 0x00, 0x00, 0x00, 0x00, 0x00, 0x00, 0x00, 0x00, 0x00, 0x00, 0x00, 0x00, 0x00,
    0x00, 0x00, 0x00, 0x02, 0x00, 0x00, 0x00, 0x00, 0x00, 0x00, 0x00, 0x01, 0x00, 0x00, 0x00, 0x00,
    0x00, 0x00, 0x00, 0x01, 0x00, 0x00, 0x00, 0x02, 0x00, 0x00, 0x00, 0x00, 0x00, 0x00, 0x00, 0x00,
    0x00, 0x00, 0x00, 0x01, 0x00, 0x00, 0x00, 0x01, 0x00, 0x00, 0x00, 0x00, 0x00, 0x00, 0x00, 0x00,
    0x00, 0x00, 0x00, 0x00, 0x00, 0x00, 0x00, 0x00, 0x00, 0x00, 0x00, 0x00, 0x00, 0x00, 0x00, 0x00,
    0x00, 0x00, 0x00, 0x00, 0x00, 0x00, 0x00, 0x00, 0x00, 0x00, 0x00, 0x00, 0x00, 0x00, 0x00, 0x00,
    0x00, 0x00, 0x00, 0x00, 0x00, 0x00, 0x00, 0x00, 0x00, 0x00, 0x00, 0x00, 0x00, 0x00, 0x00, 0x01,
    0x00, 0x00, 0x00, 0x00, 0x00, 0x00, 0x00, 0x00, 0x00, 0x00, 0x00, 0x00, 0x00, 0x00, 0x00, 0x00,
    0x00, 0x00, 0x00, 0x00, 0x00, 0x00, 0x00, 0x00, 0x00, 0x00, 0x00, 0x01, 0x00, 0x00, 0x00, 0x01,
    0x00, 0x00, 0x00, 0x00, 0x00, 0x00, 0x00, 0x00, 0x00, 0x00, 0x00, 0x00, 0x00, 0x00, 0x00, 0x00,
    0x00, 0x00, 0x00, 0x00, 0x00, 0x00, 0x00, 0x00, 0x00, 0x00, 0x00, 0x00, 0x00, 0x00, 0x00, 0x00,
    0x00, 0x00, 0x00, 0x00, 0x00, 0x00, 0x00, 0x01, 0x00, 0x00, 0x00, 0x02, 0x00, 0x00, 0x00, 0x00,
    0x00, 0x00, 0x00, 0x01, 0x00, 0x00, 0x00, 0x01, 0x00, 0x00, 0x00, 0x00, 0x00, 0x00, 0x00, 0x00,
    0x00, 0x00, 0x00, 0x00, 0x00, 0x00, 0x00, 0x00, 0x00, 0x00, 0x00, 0x00, 0x00, 0x00, 0x00, 0x00,
    0x00, 0x00, 0x00, 0x00, 0x00, 0x00, 0x00, 0x00, 0x00, 0x00, 0x00, 0x00, 0x00, 0x00, 0x00, 0x00,
    0x00, 0x00, 0x00, 0x00, 0x00, 0x00, 0x00, 0x00, 0x00, 0x00, 0x00, 0x00, 0x00, 0x00, 0x00, 0x00,
    0x00, 0x00, 0x00, 0x00, 0x00, 0x00, 0x00, 0x00, 0x00, 0x00, 0x00, 0x00, 0x00, 0x00, 0x00, 0x00,
    0x00, 0x00, 0x00, 0x01, 0x00, 0x00, 0x00, 0x00, 0x00, 0x00, 0x00, 0x00, 0x00, 0x00, 0x00, 0x00,
    0x00, 0x00, 0x00, 0x02, 0x00, 0x00, 0x00, 0x00, 0x00, 0x00, 0x00, 0x00, 0x00, 0x00, 0x00, 0x01,
    0x00, 0x00, 0x00, 0x00, 0x00, 0x00, 0x00, 0x00, 0x00, 0x00, 0x00, 0x00, 0x00, 0x00, 0x00, 0x00,
    0x00, 0x00, 0x00, 0x00, 0x00, 0x00, 0x00, 0x01, 0x00, 0x00, 0x00, 0x00, 0x00, 0x00, 0x00, 0x00,
    0x00, 0x00, 0x00, 0x00, 0x00, 0x00, 0x00, 0x00, 0x00, 0x00, 0x00, 0x00, 0x00, 0x00, 0x00, 0x01,
    0x00, 0x00, 0x00, 0x00, 0x00, 0x00, 0x00, 0x01, 0x00, 0x00, 0x00, 0x01, 0x00, 0x00, 0x00, 0x00,
    0x00, 0x00, 0x00, 0x00, 0x00, 0x00, 0x00, 0x01, 0x00, 0x00, 0x00, 0x02, 0x00, 0x00, 0x00, 0x00,
    0x00, 0x00, 0x00, 0x00, 0x00, 0x00, 0x00, 0x02, 0x00, 0x00, 0x00, 0x00, 0x00, 0x00, 0x00, 0x01,
    0x00, 0x00, 0x00, 0x01, 0x00, 0x00, 0x00, 0x00, 0x00, 0x00, 0x00, 0x01, 0x00, 0x00, 0x00, 0x01,
    0x00, 0x00, 0x00, 0x00, 0x00, 0x00, 0x00, 0x01, 0x00, 0x00, 0x00, 0x00, 0x00, 0x00, 0x00, 0x00,
    0x00, 0x00, 0x00, 0x01, 0x00, 0x00, 0x00, 0x00, 0x00, 0x00, 0x00, 0x00, 0x00, 0x00, 0x00, 0x01,
    0x00, 0x00, 0x00, 0x01, 0x00, 0x00, 0x00, 0x00, 0x00, 0x00, 0x00, 0x00, 0x00, 0x00, 0x00, 0x01,
    0x00, 0x00, 0x00, 0x00, 0x00, 0x00, 0x00, 0x01, 0x00, 0x00, 0x00, 0x00, 0x00, 0x00, 0x00, 0x00,
    0x00, 0x00, 0x00, 0x02, 0x00, 0x00, 0x00, 0x01, 0x00, 0x00, 0x00, 0x01, 0x00, 0x00, 0x00, 0x00,
    0x00, 0x00, 0x00, 0x00, 0x00, 0x00, 0x00, 0x01, 0x00, 0x00, 0x00, 0x02, 0x00, 0x00, 0x00, 0x00,
    0x00, 0x00, 0x00, 0x00, 0x00, 0x00, 0x00, 0x00, 0x00, 0x00, 0x00, 0x00, 0x00, 0x00, 0x00, 0x00,
    0x00, 0x00, 0x00, 0x01, 0x00, 0x00, 0x00, 0x00, 0x00, 0x00, 0x00, 0x00, 0x00, 0x00, 0x00, 0x00,
    0x00, 0x00, 0x00, 0x01, 0x00, 0x00, 0x00, 0x02, 0x00, 0x00, 0x00, 0x00, 0x00, 0x00, 0x00, 0x00,
    0x00, 0x00, 0x00, 0x00, 0x00, 0x00, 0x00, 0x01, 0x00, 0x00, 0x00, 0x00, 0x00, 0x00, 0x00, 0x00,
    0x00, 0x00, 0x00, 0x00, 0x00, 0x00, 0x00, 0x00, 0x00, 0x00, 0x00, 0x01, 0x00, 0x00, 0x00, 0x01,
    0x00, 0x00, 0x00, 0x02, 0x00, 0x00, 0x00, 0x00, 0x00, 0x00, 0x00, 0x00, 0x00, 0x00, 0x00, 0x00,
    0x00, 0x00, 0x00, 0x00, 0x00, 0x00, 0x00, 0x00, 0x00, 0x00, 0x00, 0x00, 0x00, 0x00, 0x00, 0x01,
    0x00, 0x00, 0x00, 0x01, 0x00, 0x00, 0x00, 0x02, 0x00, 0x00, 0x00, 0x00, 0x00, 0x00, 0x00, 0x00,
    0x00, 0x00, 0x00, 0x00, 0x00, 0x00, 0x00, 0x00, 0x00, 0x00, 0x00, 0x00, 0x00, 0x00, 0x00, 0x00,
    0x00, 0x00, 0x00, 0x00, 0x00, 0x00, 0x00, 0x01, 0x00, 0x00, 0x00, 0x00, 0x00, 0x00, 0x00, 0x00,
    0x00, 0x00, 0x00, 0x00, 0x00, 0x00, 0x00, 0x00, 0x00, 0x00, 0x00, 0x00, 0x00, 0x00, 0x00, 0x00,
    0x00, 0x00, 0x00, 0x00, 0x00, 0x00, 0x00, 0x00, 0x00, 0x00, 0x00, 0x00, 0x00, 0x00, 0x00, 0x00,
    0x00, 0x00, 0x00, 0x00, 0x00, 0x00, 0x00, 0x00, 0x00, 0x00, 0x00, 0x00, 0x00, 0x00, 0x00, 0x00,
    0x00, 0x00, 0x00, 0x00, 0x00, 0x00, 0x00, 0x00, 0x00, 0x00, 0x00, 0x00, 0x00, 0x00, 0x00, 0x00,
    0x00, 0x00, 0x00, 0x01, 0x00, 0x00, 0x00, 0x01, 0x00, 0x00, 0x00, 0x00, 0x00, 0x00, 0x00, 0x01,
    0x00, 0x00, 0x00, 0x00, 0x00, 0x00, 0x00, 0x00, 0x00, 0x00, 0x00, 0x00, 0x00, 0x00, 0x00, 0x01,
    0x00, 0x00, 0x00, 0x02, 0x00, 0x00, 0x00, 0x00, 0x00, 0x00, 0x00, 0x00, 0x00, 0x00, 0x00, 0x00,
    0x00, 0x00, 0x00, 0x01, 0x00, 0x00, 0x00, 0x00, 0x00, 0x00, 0x00, 0x01, 0x00, 0x00, 0x00, 0x00,
    0x00, 0x00, 0x00, 0x00, 0x00, 0x00, 0x00, 0x01, 0x00, 0x00, 0x00, 0x00, 0x00, 0x00, 0x00, 0x00,
    0x00, 0x00, 0x00, 0x00, 0x00, 0x00, 0x00, 0x00, 0x00, 0x00, 0x00, 0x02, 0x00, 0x00, 0x00, 0x01,
    0x00, 0x00, 0x00, 0x00, 0x00, 0x00, 0x00, 0x00, 0x00, 0x00, 0x00, 0x01, 0x00, 0x00, 0x00, 0x00,
    0x00, 0x00, 0x00, 0x00, 0x00, 0x00, 0x00, 0x01, 0x00, 0x00, 0x00, 0x02, 0x00, 0x00, 0x00, 0x00,
    0x00, 0x00, 0x00, 0x01, 0x00, 0x00, 0x00, 0x01, 0x00, 0x00, 0x00, 0x00, 0x00, 0x00, 0x00, 0x00,
    0x00, 0x00, 0x00, 0x00, 0x00, 0x00, 0x00, 0x01, 0x00, 0x00, 0x00, 0x00, 0x00, 0x00, 0x00, 0x00,
    0x00, 0x00, 0x00, 0x00, 0x00, 0x00, 0x00, 0x00, 0x00, 0x00, 0x00, 0x00, 0x00, 0x00, 0x00, 0x00,
    0x00, 0x00, 0x00, 0x00, 0x00, 0x00, 0x00, 0x00, 0x00, 0x00, 0x00, 0x00, 0x00, 0x00, 0x00, 0x00,
    0x00, 0x00, 0x00, 0x01, 0x00, 0x00, 0x00, 0x00, 0x00, 0x00, 0x00, 0x00, 0x00, 0x00, 0x00, 0x00,
    0x00, 0x00, 0x00, 0x00, 0x00, 0x00, 0x00, 0x00, 0x00, 0x00, 0x00, 0x00, 0x00, 0x00, 0x00, 0x00,
    0x00, 0x00, 0x00, 0x00, 0x00, 0x00, 0x00, 0x00, 0x00, 0x00, 0x00, 0x00, 0x00, 0x00, 0x00, 0x00,
    0x00, 0x00, 0x00, 0x00, 0x00, 0x00, 0x00, 0x00, 0x00, 0x00, 0x00, 0x00, 0x00, 0x00, 0x00, 0x00,
    0x00, 0x00, 0x00, 0x01, 0x00, 0x00, 0x00, 0x00, 0x00, 0x00, 0x00, 0x01, 0x00, 0x00, 0x00, 0x01,
    0x00, 0x00, 0x00, 0x00, 0x00, 0x00, 0x00, 0x00, 0x00, 0x00, 0x00, 0x01, 0x00, 0x00, 0x00, 0x01,
    0x00, 0x00, 0x00, 0x00, 0x00, 0x00, 0x00, 0x00, 0x00, 0x00, 0x00, 0x00, 0x00, 0x00, 0x00, 0x00,
    0x00, 0x00, 0x00, 0x00, 0x00, 0x00, 0x00, 0x00, 0x00, 0x00, 0x00, 0x00, 0x00, 0x00, 0x00, 0x00,
    0x00, 0x00, 0x00, 0x00, 0x00, 0x00, 0x00, 0x00, 0x00, 0x00, 0x00, 0x01, 0x00, 0x00, 0x00, 0x00,
    0x00, 0x00, 0x00, 0x00, 0x00, 0x00, 0x00, 0x02, 0x00, 0x00, 0x00, 0x00, 0x00, 0x00, 0x00, 0x00,
    0x00, 0x00, 0x00, 0x00, 0x00, 0x00, 0x00, 0x00, 0x00, 0x00, 0x00, 0x00, 0x00, 0x00, 0x00, 0x00,
    0x00, 0x00, 0x00, 0x00, 0x00, 0x00, 0x00, 0x00, 0x00, 0x00, 0x00, 0x02, 0x00, 0x00, 0x00, 0x02,
    0x00, 0x00, 0x00, 0x00, 0x00, 0x00, 0x00, 0x01, 0x00, 0x00, 0x00, 0x01, 0x00, 0x00, 0x00, 0x01,
    0x00, 0x00, 0x00, 0x01, 0x00, 0x00, 0x00, 0x01, 0x00, 0x00, 0x00, 0x00, 0x00, 0x00, 0x00, 0x00,
    0x00, 0x00, 0x00, 0x01, 0x00, 0x00, 0x00, 0x00, 0x00, 0x00, 0x00, 0x00, 0x00, 0x00, 0x00, 0x00,
    0x00, 0x00, 0x00, 0x01, 0x00, 0x00, 0x00, 0x00, 0x00, 0x00, 0x00, 0x00, 0x00, 0x00, 0x00, 0x00,
    0x00, 0x00, 0x00, 0x00, 0x00, 0x00, 0x00, 0x00, 0x00, 0x00, 0x00, 0x00, 0x00, 0x00, 0x00, 0x00,
    0x00, 0x00, 0x00, 0x01, 0x00, 0x00, 0x00, 0x01, 0x00, 0x00, 0x00, 0x00, 0x00, 0x00, 0x00, 0x00,
    0x00, 0x00, 0x00, 0x00, 0x00, 0x00, 0x00, 0x00, 0x00, 0x00, 0x00, 0x00, 0x00, 0x00, 0x00, 0x00,
    0x00, 0x00, 0x00, 0x00, 0x00, 0x00, 0x00, 0x00, 0x00, 0x00, 0x00, 0x01, 0x00, 0x00, 0x00, 0x00,
    0x00, 0x00, 0x00, 0x01, 0x00, 0x00, 0x00, 0x01, 0x00, 0x00, 0x00, 0x00, 0x00, 0x00, 0x00, 0x00,
    0x00, 0x00, 0x00, 0x00, 0x00, 0x00, 0x00, 0x01, 0x00, 0x00, 0x00, 0x00, 0x00, 0x00, 0x00, 0x00,
    0x00, 0x00, 0x00, 0x00, 0x00, 0x00, 0x00, 0x01, 0x00, 0x00, 0x00, 0x01, 0x00, 0x00, 0x00, 0x00,
    0x00, 0x00, 0x00, 0x00, 0x00, 0x00, 0x00, 0x00, 0x00, 0x00, 0x00, 0x00, 0x00, 0x00, 0x00, 0x01,
    0x00, 0x00, 0x00, 0x00, 0x00, 0x00, 0x00, 0x00, 0x00, 0x00, 0x00, 0x00, 0x00, 0x00, 0x00, 0x00,
    0x00, 0x00, 0x00, 0x00, 0x00, 0x00, 0x00, 0x00, 0x00, 0x00, 0x00, 0x00, 0x00, 0x00, 0x00, 0x00,
    0x00, 0x00, 0x00, 0x00, 0x00, 0x00, 0x00, 0x00, 0x00, 0x00, 0x00, 0x00, 0x00, 0x00, 0x00, 0x00,
    0x00, 0x00, 0x00, 0x00, 0x00, 0x00, 0x00, 0x00, 0x00, 0x00, 0x00, 0x01, 0x00, 0x00, 0x00, 0x01,
    0x00, 0x00, 0x00, 0x00, 0x00, 0x00, 0x00, 0x00, 0x00, 0x00, 0x00, 0x00, 0x00, 0x00, 0x00, 0x00,
    0x00, 0x00, 0x00, 0x00, 0x00, 0x00, 0x00, 0x00, 0x00, 0x00, 0x00, 0x00, 0x00, 0x00, 0x00, 0x00,
    0x00, 0x00, 0x00, 0x01, 0x00, 0x00, 0x00, 0x00, 0x00, 0x00, 0x00, 0x00, 0x00, 0x00, 0x00, 0x00,
    0x00, 0x00, 0x00, 0x00, 0x00, 0x00, 0x00, 0x00, 0x00, 0x00, 0x00, 0x00, 0x00, 0x00, 0x00, 0x00,
    0x00, 0x00, 0x00, 0x00, 0x00, 0x00, 0x00, 0x00, 0x00, 0x00, 0x00, 0x02, 0x00, 0x00, 0x00, 0x01,
    0x00, 0x00, 0x00, 0x01, 0x00, 0x00, 0x00, 0x00, 0x00, 0x00, 0x00, 0x00, 0x00, 0x00, 0x00, 0x00,
    0x00, 0x00, 0x00, 0x00, 0x00, 0x00, 0x00, 0x00, 0x00, 0x00, 0x00, 0x00, 0x00, 0x00, 0x00, 0x01,
    0x00, 0x00, 0x00, 0x01, 0x00, 0x00, 0x00, 0x00, 0x00, 0x00, 0x00, 0x00, 0x00, 0x00, 0x00, 0x01,
    0x00, 0x00, 0x00, 0x00, 0x00, 0x00, 0x00, 0x01, 0x00, 0x00, 0x00, 0x02, 0x00, 0x00, 0x00, 0x00,
    0x00, 0x00, 0x00, 0x02, 0x00, 0x00, 0x00, 0x00, 0x00, 0x00, 0x00, 0x00, 0x00, 0x00, 0x00, 0x00,
    0x00, 0x00, 0x00, 0x00, 0x00, 0x00, 0x00, 0x00, 0x00, 0x00, 0x00, 0x00, 0x00, 0x00, 0x00, 0x00,
    0x00, 0x00, 0x00, 0x00, 0x00, 0x00, 0x00, 0x00, 0x00, 0x00, 0x00, 0x00, 0x00, 0x00, 0x00, 0x00,
    0x00, 0x00, 0x00, 0x00, 0x00, 0x00, 0x00, 0x00, 0x00, 0x00, 0x00, 0x01, 0x00, 0x00, 0x00, 0x00,
    0x00, 0x00, 0x00, 0x00, 0x00, 0x00, 0x00, 0x00, 0x00, 0x00, 0x00, 0x00, 0x00, 0x00, 0x00, 0x01,
    0x00, 0x00, 0x00, 0x00, 0x00, 0x00, 0x00, 0x00, 0x00, 0x00, 0x00, 0x00, 0x00, 0x00, 0x00, 0x00,
    0x00, 0x00, 0x00, 0x00, 0x00, 0x00, 0x00, 0x01, 0x00, 0x00, 0x00, 0x00, 0x00, 0x00, 0x00, 0x00,
    0x00, 0x00, 0x00, 0x00, 0x00, 0x00, 0x00, 0x01, 0x00, 0x00, 0x00, 0x00, 0x00, 0x00, 0x00, 0x00,
    0x00, 0x00, 0x00, 0x00, 0x00, 0x00, 0x00, 0x01, 0x00, 0x00, 0x00, 0x00, 0x00, 0x00, 0x00, 0x00,
    0x00, 0x00, 0x00, 0x00, 0x00, 0x00, 0x00, 0x00, 0x00, 0x00, 0x00, 0x00, 0x00, 0x00, 0x00, 0x00,
    0x00, 0x00, 0x00, 0x00, 0x00, 0x00, 0x00, 0x00, 0x00, 0x00, 0x00, 0x00, 0x00, 0x00, 0x00, 0x00,
    0x00, 0x00, 0x00, 0x00, 0x00, 0x00, 0x00, 0x00, 0x00, 0x00, 0x00, 0x00, 0x00, 0x00, 0x00, 0x00,
    0x00, 0x00, 0x00, 0x00, 0x00, 0x00, 0x00, 0x00, 0x00, 0x00, 0x00, 0x00, 0x00, 0x00, 0x00, 0x00,
    0x00, 0x00, 0x00, 0x01, 0x00, 0x00, 0x00, 0x00, 0x00, 0x00, 0x00, 0x00, 0x00, 0x00, 0x00, 0x01,
    0x00, 0x00, 0x00, 0x00, 0x00, 0x00, 0x00, 0x00, 0x00, 0x00, 0x00, 0x00, 0x00, 0x00, 0x00, 0x00,
    0x00, 0x00, 0x00, 0x00, 0x00, 0x00, 0x00, 0x00, 0x00, 0x00, 0x00, 0x01, 0x00, 0x00, 0x00, 0x00,
    0x00, 0x00, 0x00, 0x00, 0x00, 0x00, 0x00, 0x00, 0x00, 0x00, 0x00, 0x00, 0x00, 0x00, 0x00, 0x01,
    0x00, 0x00, 0x00, 0x00, 0x00, 0x00, 0x00, 0x00, 0x00, 0x00, 0x00, 0x00, 0x00, 0x00, 0x00, 0x00,
    0x00, 0x00, 0x00, 0x00, 0x00, 0x00, 0x00, 0x00, 0x00, 0x00, 0x00, 0x00, 0x00, 0x00, 0x00, 0x00,
    0x00, 0x00, 0x00, 0x01, 0x00, 0x00, 0x00, 0x00, 0x00, 0x00, 0x00, 0x01, 0x00, 0x00, 0x00, 0x02,
    0x00, 0x00, 0x00, 0x00, 0x00, 0x00, 0x00, 0x00, 0x00, 0x00, 0x00, 0x01, 0x00, 0x00, 0x00, 0x00,
    0x00, 0x00, 0x00, 0x00, 0x00, 0x00, 0x00, 0x01, 0x00, 0x00, 0x00, 0x01, 0x00, 0x00, 0x00, 0x01,
    0x00, 0x00, 0x00, 0x00, 0x00, 0x00, 0x00, 0x00, 0x00, 0x00, 0x00, 0x00, 0x00, 0x00, 0x00, 0x00,
    0x00, 0x00, 0x00, 0x01, 0x00, 0x00, 0x00, 0x00, 0x00, 0x00, 0x00, 0x01, 0x00, 0x00, 0x00, 0x00,
    0x00, 0x00, 0x00, 0x00, 0x00, 0x00, 0x00, 0x01, 0x00, 0x00, 0x00, 0x00, 0x00, 0x00, 0x00, 0x00,
    0x00, 0x00, 0x00, 0x00, 0x00, 0x00, 0x00, 0x01, 0x00, 0x00, 0x00, 0x01, 0x00, 0x00, 0x00, 0x00,
    0x00, 0x00, 0x00, 0x00, 0x00, 0x00, 0x00, 0x00, 0x00, 0x00, 0x00, 0x00, 0x00, 0x00, 0x00, 0x00,
    0x00, 0x00, 0x00, 0x00, 0x00, 0x00, 0x00, 0x00, 0x00, 0x00, 0x00, 0x01, 0x00, 0x00, 0x00, 0x00,
    0x00, 0x00, 0x00, 0x00, 0x00, 0x00, 0x00, 0x00, 0x00, 0x00, 0x00, 0x00, 0x00, 0x00, 0x00, 0x00,
    0x00, 0x00, 0x00, 0x00, 0x00, 0x00, 0x00, 0x00, 0x00, 0x00, 0x00, 0x00, 0x00, 0x00, 0x00, 0x00,
    0x00, 0x00, 0x00, 0x00, 0x00, 0x00, 0x00, 0x00, 0x00, 0x00, 0x00, 0x00, 0x00, 0x00, 0x00, 0x00,
    0x00, 0x00, 0x00, 0x00, 0x00, 0x00, 0x00, 0x00, 0x00, 0x00, 0x00, 0x02, 0x00, 0x00, 0x00, 0x00,
    0x00, 0x00, 0x00, 0x00, 0x00, 0x00, 0x00, 0x00, 0x00, 0x00, 0x00, 0x00, 0x00, 0x00, 0x00, 0x00,
    0x00, 0x00, 0x00, 0x00, 0x00, 0x00, 0x00, 0x00, 0x00, 0x00, 0x00, 0x00, 0x00, 0x00, 0x00, 0x01,
    0x00, 0x00, 0x00, 0x00, 0x00, 0x00, 0x00, 0x00, 0x00, 0x00, 0x00, 0x00, 0x00, 0x00, 0x00, 0x00,
    0x00, 0x00, 0x00, 0x00, 0x00, 0x00, 0x00, 0x00, 0x00, 0x00, 0x00, 0x00, 0x00, 0x00, 0x00, 0x01,
    0x00, 0x00, 0x00, 0x01, 0x00, 0x00, 0x00, 0x00, 0x00, 0x00, 0x00, 0x01, 0x00, 0x00, 0x00, 0x01,
    0x00, 0x00, 0x00, 0x01, 0x00, 0x00, 0x00, 0x00, 0x00, 0x00, 0x00, 0x00, 0x00, 0x00, 0x00, 0x00,
    0x00, 0x00, 0x00, 0x01, 0x00, 0x00, 0x00, 0x02, 0x00, 0x00, 0x00, 0x00, 0x00, 0x00, 0x00, 0x01,
    0x00, 0x00, 0x00, 0x00, 0x00, 0x00, 0x00, 0x00, 0x00, 0x00, 0x00, 0x00, 0x00, 0x00, 0x00, 0x00,
    0x00, 0x00, 0x00, 0x00, 0x00, 0x00, 0x00, 0x00, 0x00, 0x00, 0x00, 0x00, 0x00, 0x00, 0x00, 0x01,
    0x00, 0x00, 0x00, 0x01, 0x00, 0x00, 0x00, 0x00, 0x00, 0x00, 0x00, 0x00, 0x00, 0x00, 0x00, 0x00,
    0x00, 0x00, 0x00, 0x00, 0x00, 0x00, 0x00, 0x01, 0x00, 0x00, 0x00, 0x01, 0x00, 0x00, 0x00, 0x00,
    0x00, 0x00, 0x00, 0x00, 0x00, 0x00, 0x00, 0x00, 0x00, 0x00, 0x00, 0x00, 0x00, 0x00, 0x00, 0x00,
    0x00, 0x00, 0x00, 0x00, 0x00, 0x00, 0x00, 0x00, 0x00, 0x00, 0x00, 0x00, 0x00, 0x00, 0x00, 0x00,
    0x00, 0x00, 0x00, 0x00, 0x00, 0x00, 0x00, 0x00, 0x00, 0x00, 0x00, 0x00, 0x00, 0x00, 0x00, 0x00,
    0x00, 0x00, 0x00, 0x00, 0x00, 0x00, 0x00, 0x00, 0x00, 0x00, 0x00, 0x00, 0x00, 0x00, 0x00, 0x00,
    0x00, 0x00, 0x00, 0x00, 0x00, 0x00, 0x00, 0x02, 0x00, 0x00, 0x00, 0x01, 0x00, 0x00, 0x00, 0x01,
    0x00, 0x00, 0x00, 0x00, 0x00, 0x00, 0x00, 0x00, 0x00, 0x00, 0x00, 0x00, 0x00, 0x00, 0x00, 0x00,
    0x00, 0x00, 0x00, 0x00, 0x00, 0x00, 0x00, 0x00, 0x00, 0x00, 0x00, 0x00, 0x00, 0x00, 0x00, 0x00,
    0x00, 0x00, 0x00, 0x00, 0x00, 0x00, 0x00, 0x00, 0x00, 0x00, 0x00, 0x01, 0x00, 0x00, 0x00, 0x00,
    0x00, 0x00, 0x00, 0x00, 0x00, 0x00, 0x00, 0x00, 0x00, 0x00, 0x00, 0x00, 0x00, 0x00, 0x00, 0x00,
    0x00, 0x00, 0x00, 0x00, 0x00, 0x00, 0x00, 0x00, 0x00, 0x00, 0x00, 0x00, 0x00, 0x00, 0x00, 0x00,
    0x00, 0x00, 0x00, 0x00, 0x00, 0x00, 0x00, 0x00, 0x00, 0x00, 0x00, 0x00, 0x00, 0x00, 0x00, 0x00,
    0x00, 0x00, 0x00, 0x00, 0x00, 0x00, 0x00, 0x00, 0x00, 0x00, 0x00, 0x00, 0x00, 0x00, 0x00, 0x00,
    0x00, 0x00, 0x00, 0x00, 0x00, 0x00, 0x00, 0x00, 0x00, 0x00, 0x00, 0x00, 0x00, 0x00, 0x00, 0x00,
    0x00, 0x00, 0x00, 0x00, 0x00, 0x00, 0x00, 0x00, 0x00, 0x00, 0x00, 0x00, 0x00, 0x00, 0x00, 0x00,
    0x00, 0x00, 0x00, 0x00, 0x00, 0x00, 0x00, 0x00, 0x00, 0x00, 0x00, 0x00, 0x00, 0x00, 0x00, 0x00,
    0x00, 0x00, 0x00, 0x01, 0x00, 0x00, 0x00, 0x00, 0x00, 0x00, 0x00, 0x00, 0x00, 0x00, 0x00, 0x00,
    0x00, 0x00, 0x00, 0x00, 0x00, 0x00, 0x00, 0x00, 0x00, 0x00, 0x00, 0x00, 0x00, 0x00, 0x00, 0x00,
    0x00, 0x00, 0x00, 0x01, 0x00, 0x00, 0x00, 0x02, 0x00, 0x00, 0x00, 0x00, 0x00, 0x00, 0x00, 0x00,
    0x00, 0x00, 0x00, 0x00, 0x00, 0x00, 0x00, 0x00, 0x00, 0x00, 0x00, 0x01, 0x00, 0x00, 0x00, 0x00,
    0x00, 0x00, 0x00, 0x01, 0x00, 0x00, 0x00, 0x00, 0x00, 0x00, 0x00, 0x00, 0x00, 0x00, 0x00, 0x00,
    0x00, 0x00, 0x00, 0x00, 0x00, 0x00, 0x00, 0x00, 0x00, 0x00, 0x00, 0x00, 0x00, 0x00, 0x00, 0x02,
    0x00, 0x00, 0x00, 0x00, 0x00, 0x00, 0x00, 0x00, 0x00, 0x00, 0x00, 0x02, 0x00, 0x00, 0x00, 0x00,
    0x00, 0x00, 0x00, 0x00, 0x00, 0x00, 0x00, 0x00, 0x00, 0x00, 0x00, 0x01, 0x00, 0x00, 0x00, 0x01,
    0x00, 0x00, 0x00, 0x01, 0x00, 0x00, 0x00, 0x00, 0x00, 0x00, 0x00, 0x00, 0x00, 0x00, 0x00, 0x00,
    0x00, 0x00, 0x00, 0x00, 0x00, 0x00, 0x00, 0x00, 0x00, 0x00, 0x00, 0x00, 0x00, 0x00, 0x00, 0x00,
    0x00, 0x00, 0x00, 0x01, 0x00, 0x00, 0x00, 0x00, 0x00, 0x00, 0x00, 0x00, 0x00, 0x00, 0x00, 0x01,
    0x00, 0x00, 0x00, 0x00, 0x00, 0x00, 0x00, 0x00, 0x00, 0x00, 0x00, 0x00, 0x00, 0x00, 0x00, 0x01,
    0x00, 0x00, 0x00, 0x00, 0x00, 0x00, 0x00, 0x00, 0x00, 0x00, 0x00, 0x00, 0x00, 0x00, 0x00, 0x00,
    0x00, 0x00, 0x00, 0x00, 0x00, 0x00, 0x00, 0x00, 0x00, 0x00, 0x00, 0x00, 0x00, 0x00, 0x00, 0x00,
    0x00, 0x00, 0x00, 0x00, 0x00, 0x00, 0x00, 0x00, 0x00, 0x00, 0x00, 0x00, 0x00, 0x00, 0x00, 0x00,
    0x00, 0x00, 0x00, 0x00, 0x00, 0x00, 0x00, 0x00, 0x00, 0x00, 0x00, 0x00, 0x00, 0x00, 0x00, 0x02,
    0x00, 0x00, 0x00, 0x00, 0x00, 0x00, 0x00, 0x00, 0x00, 0x00, 0x00, 0x00, 0x00, 0x00, 0x00, 0x00,
    0x00, 0x00, 0x00, 0x00, 0x00, 0x00, 0x00, 0x00, 0x00, 0x00, 0x00, 0x00, 0x00, 0x00, 0x00, 0x00,
    0x00, 0x00, 0x00, 0x00, 0x00, 0x00, 0x00, 0x00, 0x00, 0x00, 0x00, 0x00, 0x00, 0x00, 0x00, 0x00,
    0x00, 0x00, 0x00, 0x00, 0x00, 0x00, 0x00, 0x00, 0x00, 0x00, 0x00, 0x00, 0x00, 0x00, 0x00, 0x00,
    0x00, 0x00, 0x00, 0x01, 0x00, 0x00, 0x00, 0x00, 0x00, 0x00, 0x00, 0x00, 0x00, 0x00, 0x00, 0x00,
    0x00, 0x00, 0x00, 0x00, 0x00, 0x00, 0x00, 0x00, 0x00, 0x00, 0x00, 0x00, 0x00, 0x00, 0x00, 0x00,
    0x00, 0x00, 0x00, 0x01, 0x00, 0x00, 0x00, 0x01, 0x00, 0x00, 0x00, 0x00, 0x00, 0x00, 0x00, 0x00,
    0x00, 0x00, 0x00, 0x01, 0x00, 0x00, 0x00, 0x00, 0x00, 0x00, 0x00, 0x00, 0x00, 0x00, 0x00, 0x00,
    0x00, 0x00, 0x00, 0x00, 0x00, 0x00, 0x00, 0x00, 0x00, 0x00, 0x00, 0x00, 0x00, 0x00, 0x00, 0x00,
    0x00, 0x00, 0x00, 0x00, 0x00, 0x00, 0x00, 0x00, 0x00, 0x00, 0x00, 0x01, 0x00, 0x00, 0x00, 0x01,
    0x00, 0x00, 0x00, 0x00, 0x00, 0x00, 0x00, 0x00, 0x00, 0x00, 0x00, 0x00, 0x00, 0x00, 0x00, 0x02,
    0x00, 0x00, 0x00, 0x01, 0x00, 0x00, 0x00, 0x01, 0x00, 0x00, 0x00, 0x00, 0x00, 0x00, 0x00, 0x00,
    0x00, 0x00, 0x00, 0x00, 0x00, 0x00, 0x00, 0x00, 0x00, 0x00, 0x00, 0x01, 0x00, 0x00, 0x00, 0x00,
    0x00, 0x00, 0x00, 0x00, 0x00, 0x00, 0x00, 0x00, 0x00, 0x00, 0x00, 0x00, 0x00, 0x00, 0x00, 0x01,
    0x00, 0x00, 0x00, 0x00, 0x00, 0x00, 0x00, 0x00, 0x00, 0x00, 0x00, 0x00, 0x00, 0x00, 0x00, 0x00,
    0x00, 0x00, 0x00, 0x00, 0x00, 0x00, 0x00, 0x00, 0x00, 0x00, 0x00, 0x00, 0x00, 0x00, 0x00, 0x00,
    0x00, 0x00, 0x00, 0x00, 0x00, 0x00, 0x00, 0x00, 0x00, 0x00, 0x00, 0x00, 0x00, 0x00, 0x00, 0x00,
    0x00, 0x00, 0x00, 0x00, 0x00, 0x00, 0x00, 0x00, 0x00, 0x00, 0x00, 0x00, 0x00, 0x00, 0x00, 0x00,
    0x00, 0x00, 0x00, 0x00, 0x00, 0x00, 0x00, 0x00, 0x00, 0x00, 0x00, 0x00, 0x00, 0x00, 0x00, 0x00,
    0x00, 0x00, 0x00, 0x00, 0x00, 0x00, 0x00, 0x01, 0x00, 0x00, 0x00, 0x01, 0x00, 0x00, 0x00, 0x00,
    0x00, 0x00, 0x00, 0x00, 0x00, 0x00, 0x00, 0x01, 0x00, 0x00, 0x00, 0x00, 0x00, 0x00, 0x00, 0x00,
    0x00, 0x00, 0x00, 0x00, 0x00, 0x00, 0x00, 0x00, 0x00, 0x00, 0x00, 0x00, 0x00, 0x00, 0x00, 0x00,
    0x00, 0x00, 0x00, 0x00, 0x00, 0x00, 0x00, 0x00, 0x00, 0x00, 0x00, 0x00, 0x00, 0x00, 0x00, 0x00,
    0x00, 0x00, 0x00, 0x00, 0x00, 0x00, 0x00, 0x00, 0x00, 0x00, 0x00, 0x00, 0x00, 0x00, 0x00, 0x00,
    0x00, 0x00, 0x00, 0x00, 0x00, 0x00, 0x00, 0x01, 0x00, 0x00, 0x00, 0x00, 0x00, 0x00, 0x00, 0x00,
    0x00, 0x00, 0x00, 0x00, 0x00, 0x00, 0x00, 0x00, 0x00, 0x00, 0x00, 0x00, 0x00, 0x00, 0x00, 0x00,
    0x00, 0x00, 0x00, 0x00, 0x00, 0x00, 0x00, 0x00, 0x00, 0x00, 0x00, 0x01, 0x00, 0x00, 0x00, 0x00,
    0x00, 0x00, 0x00, 0x00, 0x00, 0x00, 0x00, 0x00, 0x00, 0x00, 0x00, 0x00, 0x00, 0x00, 0x00, 0x01,
    0x00, 0x00, 0x00, 0x01, 0x00, 0x00, 0x00, 0x00, 0x00, 0x00, 0x00, 0x00, 0x00, 0x00, 0x00, 0x01,
    0x00, 0x00, 0x00, 0x01, 0x00, 0x00, 0x00, 0x01, 0x00, 0x00, 0x00, 0x01, 0x00, 0x00, 0x00, 0x01,
    0x00, 0x00, 0x00, 0x00, 0x00, 0x00, 0x00, 0x00, 0x00, 0x00, 0x00, 0x00, 0x00, 0x00, 0x00, 0x00,
    0x00, 0x00, 0x00, 0x00, 0x00, 0x00, 0x00, 0x00, 0x00, 0x00, 0x00, 0x00, 0x00, 0x00, 0x00, 0x00,
    0x00, 0x00, 0x00, 0x02, 0x00, 0x00, 0x00, 0x00, 0x00, 0x00, 0x00, 0x00, 0x00, 0x00, 0x00, 0x00,
    0x00, 0x00, 0x00, 0x00, 0x00, 0x00, 0x00, 0x01, 0x00, 0x00, 0x00, 0x01, 0x00, 0x00, 0x00, 0x00,
    0x00, 0x00, 0x00, 0x01, 0x00, 0x00, 0x00, 0x00, 0x00, 0x00, 0x00, 0x00, 0x00, 0x00, 0x00, 0x00,
    0x00, 0x00, 0x00, 0x00, 0x00, 0x00, 0x00, 0x00, 0x00, 0x00, 0x00, 0x03, 0x00, 0x00, 0x00, 0x01,
    0x00, 0x00, 0x00, 0x00, 0x00, 0x00, 0x00, 0x00, 0x00, 0x00, 0x00, 0x00, 0x00, 0x00, 0x00, 0x00,
    0x00, 0x00, 0x00, 0x00, 0x00, 0x00, 0x00, 0x00, 0x00, 0x00, 0x00, 0x00, 0x00, 0x00, 0x00, 0x00,
    0x00, 0x00, 0x00, 0x01, 0x00, 0x00, 0x00, 0x01, 0x00, 0x00, 0x00, 0x00, 0x00, 0x00, 0x00, 0x00,
    0x00, 0x00, 0x00, 0x02, 0x00, 0x00, 0x00, 0x00, 0x00, 0x00, 0x00, 0x00, 0x00, 0x00, 0x00, 0x00,
    0x00, 0x00, 0x00, 0x00, 0x00, 0x00, 0x00, 0x00, 0x00, 0x00, 0x00, 0x00, 0x00, 0x00, 0x00, 0x00,
    0x00, 0x00, 0x00, 0x00, 0x00, 0x00, 0x00, 0x00, 0x00, 0x00, 0x00, 0x00, 0x00, 0x00, 0x00, 0x00,
    0x00, 0x00, 0x00, 0x00, 0x00, 0x00, 0x00, 0x00, 0x00, 0x00, 0x00, 0x00, 0x00, 0x00, 0x00, 0x00,
    0x00, 0x00, 0x00, 0x00, 0x00, 0x00, 0x00, 0x00, 0x00, 0x00, 0x00, 0x00, 0x00, 0x00, 0x00, 0x00,
    0x00, 0x00, 0x00, 0x00, 0x00, 0x00, 0x00, 0x01, 0x00, 0x00, 0x00, 0x01, 0x00, 0x00, 0x00, 0x00,
    0x00, 0x00, 0x00, 0x00, 0x00, 0x00, 0x00, 0x00, 0x00, 0x00, 0x00, 0x00, 0x00, 0x00, 0x00, 0x00,
    0x00, 0x00, 0x00, 0x00, 0x00, 0x00, 0x00, 0x00, 0x00, 0x00, 0x00, 0x00, 0x00, 0x00, 0x00, 0x00,
    0x00, 0x00, 0x00, 0x00, 0x00, 0x00, 0x00, 0x01, 0x00, 0x00, 0x00, 0x00, 0x00, 0x00, 0x00, 0x00,
    0x00, 0x00, 0x00, 0x00, 0x00, 0x00, 0x00, 0x00, 0x00, 0x00, 0x00, 0x01, 0x00, 0x00, 0x00, 0x00,
    0x00, 0x00, 0x00, 0x00, 0x00, 0x00, 0x00, 0x00, 0x00, 0x00, 0x00, 0x01, 0x00, 0x00, 0x00, 0x00,
    0x00, 0x00, 0x00, 0x01, 0x00, 0x00, 0x00, 0x02, 0x00, 0x00, 0x00, 0x00, 0x00, 0x00, 0x00, 0x00,
    0x00, 0x00, 0x00, 0x00, 0x00, 0x00, 0x00, 0x01, 0x00, 0x00, 0x00, 0x00, 0x00, 0x00, 0x00, 0x00,
    0x00, 0x00, 0x00, 0x00, 0x00, 0x00, 0x00, 0x00, 0x00, 0x00, 0x00, 0x01, 0x00, 0x00, 0x00, 0x00,
    0x00, 0x00, 0x00, 0x00, 0x00, 0x00, 0x00, 0x00, 0x00, 0x00, 0x00, 0x00, 0x00, 0x00, 0x00, 0x00,
    0x00, 0x00, 0x00, 0x00, 0x00, 0x00, 0x00, 0x00, 0x00, 0x00, 0x00, 0x00, 0x00, 0x00, 0x00, 0x00,
    0x00, 0x00, 0x00, 0x00, 0x00, 0x00, 0x00, 0x00, 0x00, 0x00, 0x00, 0x00, 0x00, 0x00, 0x00, 0x00,
    0x00, 0x00, 0x00, 0x01, 0x00, 0x00, 0x00, 0x01, 0x00, 0x00, 0x00, 0x00, 0x00, 0x00, 0x00, 0x02,
    0x00, 0x00, 0x00, 0x02, 0x00, 0x00, 0x00, 0x01, 0x00, 0x00, 0x00, 0x00, 0x00, 0x00, 0x00, 0x00,
    0x00, 0x00, 0x00, 0x00, 0x00, 0x00, 0x00, 0x00, 0x00, 0x00, 0x00, 0x00, 0x00, 0x00, 0x00, 0x00,
    0x00, 0x00, 0x00, 0x01, 0x00, 0x00, 0x00, 0x00, 0x00, 0x00, 0x00, 0x00, 0x00, 0x00, 0x00, 0x01,
    0x00, 0x00, 0x00, 0x00, 0x00, 0x00, 0x00, 0x00, 0x00, 0x00, 0x00, 0x00, 0x00, 0x00, 0x00, 0x00,
    0x00, 0x00, 0x00, 0x00, 0x00, 0x00, 0x00, 0x00, 0x00, 0x00, 0x00, 0x00, 0x00, 0x00, 0x00, 0x00,
    0x00, 0x00, 0x00, 0x00, 0x00, 0x00, 0x00, 0x00, 0x00, 0x00, 0x00, 0x00, 0x00, 0x00, 0x00, 0x00,
    0x00, 0x00, 0x00, 0x00, 0x00, 0x00, 0x00, 0x00, 0x00, 0x00, 0x00, 0x00, 0x00, 0x00, 0x00, 0x00,
    0x00, 0x00, 0x00, 0x00, 0x00, 0x00, 0x00, 0x00, 0x00, 0x00, 0x00, 0x00, 0x00, 0x00, 0x00, 0x01,
    0x00, 0x00, 0x00, 0x00, 0x00, 0x00, 0x00, 0x01, 0x00, 0x00, 0x00, 0x02, 0x00, 0x00, 0x00, 0x00,
    0x00, 0x00, 0x00, 0x00, 0x00, 0x00, 0x00, 0x00, 0x00, 0x00, 0x00, 0x00, 0x00, 0x00, 0x00, 0x00,
    0x00, 0x00, 0x00, 0x00, 0x00, 0x00, 0x00, 0x00, 0x00, 0x00, 0x00, 0x00, 0x00, 0x00, 0x00, 0x00,
    0x00, 0x00, 0x00, 0x00, 0x00, 0x00, 0x00, 0x00, 0x00, 0x00, 0x00, 0x00, 0x00, 0x00, 0x00, 0x01,
    0x00, 0x00, 0x00, 0x00, 0x00, 0x00, 0x00, 0x01, 0x00, 0x00, 0x00, 0x00, 0x00, 0x00, 0x00, 0x00,
    0x00, 0x00, 0x00, 0x00, 0x00, 0x00, 0x00, 0x00, 0x00, 0x00, 0x00, 0x01, 0x00, 0x00, 0x00, 0x01,
    0x00, 0x00, 0x00, 0x02, 0x00, 0x00, 0x00, 0x01, 0x00, 0x00, 0x00, 0x01, 0x00, 0x00, 0x00, 0x01,
    0x00, 0x00, 0x00, 0x00, 0x00, 0x00, 0x00, 0x00, 0x00, 0x00, 0x00, 0x02, 0x00, 0x00, 0x00, 0x01,
    0x00, 0x00, 0x00, 0x00, 0x00, 0x00, 0x00, 0x00, 0x00, 0x00, 0x00, 0x00, 0x00, 0x00, 0x00, 0x00,
    0x00, 0x00, 0x00, 0x00, 0x00, 0x00, 0x00, 0x00, 0x00, 0x00, 0x00, 0x00, 0x00, 0x00, 0x00, 0x00,
    0x00, 0x00, 0x00, 0x01, 0x00, 0x00, 0x00, 0x02, 0x00, 0x00, 0x00, 0x00, 0x00, 0x00, 0x00, 0x00,
    0x00, 0x00, 0x00, 0x00, 0x00, 0x00, 0x00, 0x00, 0x00, 0x00, 0x00, 0x00, 0x00, 0x00, 0x00, 0x00,
    0x00, 0x00, 0x00, 0x00, 0x00, 0x00, 0x00, 0x00, 0x00, 0x00, 0x00, 0x00, 0x00, 0x00, 0x00, 0x01,
    0x00, 0x00, 0x00, 0x01, 0x00, 0x00, 0x00, 0x01, 0x00, 0x00, 0x00, 0x01, 0x00, 0x00, 0x00, 0x01,
    0x00, 0x00, 0x00, 0x00, 0x00, 0x00, 0x00, 0x00, 0x00, 0x00, 0x00, 0x00, 0x00, 0x00, 0x00, 0x00,
    0x00, 0x00, 0x00, 0x00, 0x00, 0x00, 0x00, 0x00, 0x00, 0x00, 0x00, 0x00, 0x00, 0x00, 0x00, 0x00,
    0x00, 0x00, 0x00, 0x00, 0x00, 0x00, 0x00, 0x00, 0x00, 0x00, 0x00, 0x00, 0x00, 0x00, 0x00, 0x01,
    0x00, 0x00, 0x00, 0x01, 0x00, 0x00, 0x00, 0x00, 0x00, 0x00, 0x00, 0x00, 0x00, 0x00, 0x00, 0x01,
    0x00, 0x00, 0x00, 0x00, 0x00, 0x00, 0x00, 0x00, 0x00, 0x00, 0x00, 0x02, 0x00, 0x00, 0x00, 0x01,
    0x00, 0x00, 0x00, 0x00, 0x00, 0x00, 0x00, 0x01, 0x00, 0x00, 0x00, 0x01, 0x00, 0x00, 0x00, 0x00,
    0x00, 0x00, 0x00, 0x00, 0x00, 0x00, 0x00, 0x01, 0x00, 0x00, 0x00, 0x00, 0x00, 0x00, 0x00, 0x00,
    0x00, 0x00, 0x00, 0x00, 0x00, 0x00, 0x00, 0x00, 0x00, 0x00, 0x00, 0x00, 0x00, 0x00, 0x00, 0x00,
    0x00, 0x00, 0x00, 0x00, 0x00, 0x00, 0x00, 0x01, 0x00, 0x00, 0x00, 0x00, 0x00, 0x00, 0x00, 0x00,
    0x00, 0x00, 0x00, 0x00, 0x00, 0x00, 0x00, 0x00, 0x00, 0x00, 0x00, 0x01, 0x00, 0x00, 0x00, 0x01,
    0x00, 0x00, 0x00, 0x00, 0x00, 0x00, 0x00, 0x01, 0x00, 0x00, 0x00, 0x00, 0x00, 0x00, 0x00, 0x00,
    0x00, 0x00, 0x00, 0x00, 0x00, 0x00, 0x00, 0x00, 0x00, 0x00, 0x00, 0x00, 0x00, 0x00, 0x00, 0x00,
    0x00, 0x00, 0x00, 0x00, 0x00, 0x00, 0x00, 0x00, 0x00, 0x00, 0x00, 0x00, 0x00, 0x00, 0x00, 0x00,
    0x00, 0x00, 0x00, 0x01, 0x00, 0x00, 0x00, 0x00, 0x00, 0x00, 0x00, 0x00, 0x00, 0x00, 0x00, 0x00,
    0x00, 0x00, 0x00, 0x00, 0x00, 0x00, 0x00, 0x00, 0x00, 0x00, 0x00, 0x00, 0x00, 0x00, 0x00, 0x00,
    0x00, 0x00, 0x00, 0x01, 0x00, 0x00, 0x00, 0x01, 0x00, 0x00, 0x00, 0x00, 0x00, 0x00, 0x00, 0x00,
    0x00, 0x00, 0x00, 0x01, 0x00, 0x00, 0x00, 0x01, 0x00, 0x00, 0x00, 0x00, 0x00, 0x00, 0x00, 0x00,
    0x00, 0x00, 0x00, 0x01, 0x00, 0x00, 0x00, 0x00, 0x00, 0x00, 0x00, 0x00, 0x00, 0x00, 0x00, 0x01,
    0x00, 0x00, 0x00, 0x00, 0x00, 0x00, 0x00, 0x00, 0x00, 0x00, 0x00, 0x02, 0x00, 0x00, 0x00, 0x00,
    0x00, 0x00, 0x00, 0x00, 0x00, 0x00, 0x00, 0x00, 0x00, 0x00, 0x00, 0x01, 0x00, 0x00, 0x00, 0x01,
    0x00, 0x00, 0x00, 0x02, 0x00, 0x00, 0x00, 0x00, 0x00, 0x00, 0x00, 0x00, 0x00, 0x00, 0x00, 0x00,
    0x00, 0x00, 0x00, 0x00, 0x00, 0x00, 0x00, 0x00, 0x00, 0x00, 0x00, 0x01, 0x00, 0x00, 0x00, 0x01,
    0x00, 0x00, 0x00, 0x00, 0x00, 0x00, 0x00, 0x01, 0x00, 0x00, 0x00, 0x01, 0x00, 0x00, 0x00, 0x00,
    0x00, 0x00, 0x00, 0x00, 0x00, 0x00, 0x00, 0x00, 0x00, 0x00, 0x00, 0x00, 0x00, 0x00, 0x00, 0x00,
    0x00, 0x00, 0x00, 0x00, 0x00, 0x00, 0x00, 0x00, 0x00, 0x00, 0x00, 0x01, 0x00, 0x00, 0x00, 0x00,
    0x00, 0x00, 0x00, 0x00, 0x00, 0x00, 0x00, 0x00, 0x00, 0x00, 0x00, 0x00, 0x00, 0x00, 0x00, 0x00,
    0x00, 0x00, 0x00, 0x00, 0x00, 0x00, 0x00, 0x00, 0x00, 0x00, 0x00, 0x00, 0x00, 0x00, 0x00, 0x00,
    0x00, 0x00, 0x00, 0x00, 0x00, 0x00, 0x00, 0x00, 0x00, 0x00, 0x00, 0x00, 0x00, 0x00, 0x00, 0x00,
    0x00, 0x00, 0x00, 0x01, 0x00, 0x00, 0x00, 0x01, 0x00, 0x00, 0x00, 0x00, 0x00, 0x00, 0x00, 0x00,
    0x00, 0x00, 0x00, 0x00, 0x00, 0x00, 0x00, 0x00, 0x00, 0x00, 0x00, 0x00, 0x00, 0x00, 0x00, 0x00,
    0x00, 0x00, 0x00, 0x00, 0x00, 0x00, 0x00, 0x01, 0x00, 0x00, 0x00, 0x01, 0x00, 0x00, 0x00, 0x00,
    0x00, 0x00, 0x00, 0x00, 0x00, 0x00, 0x00, 0x00, 0x00, 0x00, 0x00, 0x00, 0x00, 0x00, 0x00, 0x02,
    0x00, 0x00, 0x00, 0x00, 0x00, 0x00, 0x00, 0x00, 0x00, 0x00, 0x00, 0x00, 0x00, 0x00, 0x00, 0x00,
    0x00, 0x00, 0x00, 0x00, 0x00, 0x00, 0x00, 0x01, 0x00, 0x00, 0x00, 0x00, 0x00, 0x00, 0x00, 0x00,
    0x00, 0x00, 0x00, 0x00, 0x00, 0x00, 0x00, 0x00, 0x00, 0x00, 0x00, 0x00, 0x00, 0x00, 0x00, 0x00,
    0x00, 0x00, 0x00, 0x00, 0x00, 0x00, 0x00, 0x00, 0x00, 0x00, 0x00, 0x00, 0x00, 0x00, 0x00, 0x00,
    0x00, 0x00, 0x00, 0x00, 0x00, 0x00, 0x00, 0x00, 0x00, 0x00, 0x00, 0x00, 0x00, 0x00, 0x00, 0x00,
    0x00, 0x00, 0x00, 0x00, 0x00, 0x00, 0x00, 0x00, 0x00, 0x00, 0x00, 0x00, 0x00, 0x00, 0x00, 0x00,
    0x00, 0x00, 0x00, 0x00, 0x00, 0x00, 0x00, 0x00, 0x00, 0x00, 0x00, 0x00, 0x00, 0x00, 0x00, 0x00,
    0x00, 0x00, 0x00, 0x00, 0x00, 0x00, 0x00, 0x01, 0x00, 0x00, 0x00, 0x00, 0x00, 0x00, 0x00, 0x00,
    0x00, 0x00, 0x00, 0x00, 0x00, 0x00, 0x00, 0x00, 0x00, 0x00, 0x00, 0x00, 0x00, 0x00, 0x00, 0x00,
    0x00, 0x00, 0x00, 0x00, 0x00, 0x00, 0x00, 0x00, 0x00, 0x00, 0x00, 0x00, 0x00, 0x00, 0x00, 0x00,
    0x00, 0x00, 0x00, 0x00, 0x00, 0x00, 0x00, 0x00, 0x00, 0x00, 0x00, 0x00, 0x00, 0x00, 0x00, 0x00,
    0x00, 0x00, 0x00, 0x00, 0x00, 0x00, 0x00, 0x00, 0x00, 0x00, 0x00, 0x00, 0x00, 0x00, 0x00, 0x00,
    0x00, 0x00, 0x00, 0x00, 0x00, 0x00, 0x00, 0x00, 0x00, 0x00, 0x00, 0x00, 0x00, 0x00, 0x00, 0x00,
    0x00, 0x00, 0x00, 0x00, 0x00, 0x00, 0x00, 0x00, 0x00, 0x00, 0x00, 0x00, 0x00, 0x00, 0x00, 0x01,
    0x00, 0x00, 0x00, 0x01, 0x00, 0x00, 0x00, 0x01, 0x00, 0x00, 0x00, 0x00, 0x00, 0x00, 0x00, 0x00,
    0x00, 0x00, 0x00, 0x00, 0x00, 0x00, 0x00, 0x00, 0x00, 0x00, 0x00, 0x00, 0x00, 0x00, 0x00, 0x01,
    0x00, 0x00, 0x00, 0x00, 0x00, 0x00, 0x00, 0x00, 0x00, 0x00, 0x00, 0x00, 0x00, 0x00, 0x00, 0x00,
    0x00, 0x00, 0x00, 0x00, 0x00, 0x00, 0x00, 0x01, 0x00, 0x00, 0x00, 0x00, 0x00, 0x00, 0x00, 0x00,
    0x00, 0x00, 0x00, 0x00, 0x00, 0x00, 0x00, 0x00, 0x00, 0x00, 0x00, 0x00, 0x00, 0x00, 0x00, 0x01,
    0x00, 0x00, 0x00, 0x02, 0x00, 0x00, 0x00, 0x00, 0x00, 0x00, 0x00, 0x02, 0x00, 0x00, 0x00, 0x00,
    0x00, 0x00, 0x00, 0x00, 0x00, 0x00, 0x00, 0x00, 0x00, 0x00, 0x00, 0x01, 0x00, 0x00, 0x00, 0x01,
    0x00, 0x00, 0x00, 0x00, 0x00, 0x00, 0x00, 0x01, 0x00, 0x00, 0x00, 0x00, 0x00, 0x00, 0x00, 0x01,
    0x00, 0x00, 0x00, 0x01, 0x00, 0x00, 0x00, 0x00, 0x00, 0x00, 0x00, 0x00, 0x00, 0x00, 0x00, 0x00,
    0x00, 0x00, 0x00, 0x00, 0x00, 0x00, 0x00, 0x01, 0x00, 0x00, 0x00, 0x00, 0x00, 0x00, 0x00, 0x00,
    0x00, 0x00, 0x00, 0x00, 0x00, 0x00, 0x00, 0x01, 0x00, 0x00, 0x00, 0x01, 0x00, 0x00, 0x00, 0x00,
    0x00, 0x00, 0x00, 0x00, 0x00, 0x00, 0x00, 0x00, 0x00, 0x00, 0x00, 0x00, 0x00, 0x00, 0x00, 0x00,
    0x00, 0x00, 0x00, 0x01, 0x00, 0x00, 0x00, 0x00, 0x00, 0x00, 0x00, 0x01, 0x00, 0x00, 0x00, 0x00,
    0x00, 0x00, 0x00, 0x00, 0x00, 0x00, 0x00, 0x00, 0x00, 0x00, 0x00, 0x00, 0x00, 0x00, 0x00, 0x00,
    0x00, 0x00, 0x00, 0x01, 0x00, 0x00, 0x00, 0x00, 0x00, 0x00, 0x00, 0x01, 0x00, 0x00, 0x00, 0x00,
    0x00, 0x00, 0x00, 0x00, 0x00, 0x00, 0x00, 0x00, 0x00, 0x00, 0x00, 0x02, 0x00, 0x00, 0x00, 0x00,
    0x00, 0x00, 0x00, 0x00, 0x00, 0x00, 0x00, 0x00, 0x00, 0x00, 0x00, 0x00, 0x00, 0x00, 0x00, 0x00,
    0x00, 0x00, 0x00, 0x00, 0x00, 0x00, 0x00, 0x01, 0x00, 0x00, 0x00, 0x01, 0x00, 0x00, 0x00, 0x00,
    0x00, 0x00, 0x00, 0x00, 0x00, 0x00, 0x00, 0x00, 0x00, 0x00, 0x00, 0x00, 0x00, 0x00, 0x00, 0x00,
    0x00, 0x00, 0x00, 0x00, 0x00, 0x00, 0x00, 0x00, 0x00, 0x00, 0x00, 0x00, 0x00, 0x00, 0x00, 0x00,
    0x00, 0x00, 0x00, 0x00, 0x00, 0x00, 0x00, 0x00, 0x00, 0x00, 0x00, 0x00, 0x00, 0x00, 0x00, 0x01,
    0x00, 0x00, 0x00, 0x00, 0x00, 0x00, 0x00, 0x00, 0x00, 0x00, 0x00, 0x00, 0x00, 0x00, 0x00, 0x00,
    0x00, 0x00, 0x00, 0x01, 0x00, 0x00, 0x00, 0x00, 0x00, 0x00, 0x00, 0x01, 0x00, 0x00, 0x00, 0x00,
    0x00, 0x00, 0x00, 0x00, 0x00, 0x00, 0x00, 0x00, 0x00, 0x00, 0x00, 0x00, 0x00, 0x00, 0x00, 0x00,
    0x00, 0x00, 0x00, 0x00, 0x00, 0x00, 0x00, 0x00, 0x00, 0x00, 0x00, 0x00, 0x00, 0x00, 0x00, 0x00,
    0x00, 0x00, 0x00, 0x01, 0x00, 0x00, 0x00, 0x00, 0x00, 0x00, 0x00, 0x01, 0x00, 0x00, 0x00, 0x02,
    0x00, 0x00, 0x00, 0x00, 0x00, 0x00, 0x00, 0x00, 0x00, 0x00, 0x00, 0x00, 0x00, 0x00, 0x00, 0x00,
    0x00, 0x00, 0x00, 0x00, 0x00, 0x00, 0x00, 0x00, 0x00, 0x00, 0x00, 0x00, 0x00, 0x00, 0x00, 0x00,
    0x00, 0x00, 0x00, 0x00, 0x00, 0x00, 0x00, 0x00, 0x00, 0x00, 0x00, 0x00, 0x00, 0x00, 0x00, 0x01,
    0x00, 0x00, 0x00, 0x01, 0x00, 0x00, 0x00, 0x00, 0x00, 0x00, 0x00, 0x01, 0x00, 0x00, 0x00, 0x00,
    0x00, 0x00, 0x00, 0x00, 0x00, 0x00, 0x00, 0x00, 0x00, 0x00, 0x00, 0x00, 0x00, 0x00, 0x00, 0x00,
    0x00, 0x00, 0x00, 0x00, 0x00, 0x00, 0x00, 0x00, 0x00, 0x00, 0x00, 0x00, 0x00, 0x00, 0x00, 0x00,
    0x00, 0x00, 0x00, 0x00, 0x00, 0x00, 0x00, 0x00, 0x00, 0x00, 0x00, 0x00, 0x00, 0x00, 0x00, 0x00,
    0x00, 0x00, 0x00, 0x01, 0x00, 0x00, 0x00, 0x01, 0x00, 0x00, 0x00, 0x00, 0x00, 0x00, 0x00, 0x00,
    0x00, 0x00, 0x00, 0x00, 0x00, 0x00, 0x00, 0x00, 0x00, 0x00, 0x00, 0x00, 0x00, 0x00, 0x00, 0x00,
    0x00, 0x00, 0x00, 0x00, 0x00, 0x00, 0x00, 0x00, 0x00, 0x00, 0x00, 0x00, 0x00, 0x00, 0x00, 0x00,
    0x00, 0x00, 0x00, 0x00, 0x00, 0x00, 0x00, 0x00, 0x00, 0x00, 0x00, 0x00, 0x00, 0x00, 0x00, 0x00,
    0x00, 0x00, 0x00, 0x00, 0x00, 0x00, 0x00, 0x00, 0x00, 0x00, 0x00, 0x00, 0x00, 0x00, 0x00, 0x00,
    0x00, 0x00, 0x00, 0x00, 0x00, 0x00, 0x00, 0x00, 0x00, 0x00, 0x00, 0x01, 0x00, 0x00, 0x00, 0x01,
    0x00, 0x00, 0x00, 0x00, 0x00, 0x00, 0x00, 0x00, 0x00, 0x00, 0x00, 0x01, 0x00, 0x00, 0x00, 0x01,
    0x00, 0x00, 0x00, 0x00, 0x00, 0x00, 0x00, 0x00, 0x00, 0x00, 0x00, 0x00, 0x00, 0x00, 0x00, 0x00,
    0x00, 0x00, 0x00, 0x00, 0x00, 0x00, 0x00, 0x00, 0x00, 0x00, 0x00, 0x00, 0x00, 0x00, 0x00, 0x00,
    0x00, 0x00, 0x00, 0x00, 0x00, 0x00, 0x00, 0x00, 0x00, 0x00, 0x00, 0x00, 0x00, 0x00, 0x00, 0x00,
    0x00, 0x00, 0x00, 0x01, 0x00, 0x00, 0x00, 0x01, 0x00, 0x00, 0x00, 0x02, 0x00, 0x00, 0x00, 0x00,
    0x00, 0x00, 0x00, 0x01, 0x00, 0x00, 0x00, 0x00, 0x00, 0x00, 0x00, 0x00, 0x00, 0x00, 0x00, 0x00,
    0x00, 0x00, 0x00, 0x00, 0x00, 0x00, 0x00, 0x01, 0x00, 0x00, 0x00, 0x00, 0x00, 0x00, 0x00, 0x00,
    0x00, 0x00, 0x00, 0x00, 0x00, 0x00, 0x00, 0x00, 0x00, 0x00, 0x00, 0x00, 0x00, 0x00, 0x00, 0x00,
    0x00, 0x00, 0x00, 0x00, 0x00, 0x00, 0x00, 0x01, 0x00, 0x00, 0x00, 0x00, 0x00, 0x00, 0x00, 0x00,
    0x00, 0x00, 0x00, 0x00, 0x00, 0x00, 0x00, 0x00, 0x00, 0x00, 0x00, 0x00, 0x00, 0x00, 0x00, 0x00,
    0x00, 0x00, 0x00, 0x00, 0x00, 0x00, 0x00, 0x00, 0x00, 0x00, 0x00, 0x00, 0x00, 0x00, 0x00, 0x00,
    0x00, 0x00, 0x00, 0x01, 0x00, 0x00, 0x00, 0x00, 0x00, 0x00, 0x00, 0x00, 0x00, 0x00, 0x00, 0x00,
    0x00, 0x00, 0x00, 0x00, 0x00, 0x00, 0x00, 0x00, 0x00, 0x00, 0x00, 0x00, 0x00, 0x00, 0x00, 0x00,
    0x00, 0x00, 0x00, 0x00, 0x00, 0x00, 0x00, 0x00, 0x00, 0x00, 0x00, 0x01, 0x00, 0x00, 0x00, 0x00,
    0x00, 0x00, 0x00, 0x00, 0x00, 0x00, 0x00, 0x00, 0x00, 0x00, 0x00, 0x00, 0x00, 0x00, 0x00, 0x00,
    0x00, 0x00, 0x00, 0x00, 0x00, 0x00, 0x00, 0x00, 0x00, 0x00, 0x00, 0x00, 0x00, 0x00, 0x00, 0x00,
    0x00, 0x00, 0x00, 0x01, 0x00, 0x00, 0x00, 0x00, 0x00, 0x00, 0x00, 0x01, 0x00, 0x00, 0x00, 0x01,
    0x00, 0x00, 0x00, 0x00, 0x00, 0x00, 0x00, 0x00, 0x00, 0x00, 0x00, 0x00, 0x00, 0x00, 0x00, 0x00,
    0x00, 0x00, 0x00, 0x00, 0x00, 0x00, 0x00, 0x01, 0x00, 0x00, 0x00, 0x00, 0x00, 0x00, 0x00, 0x00,
    0x00, 0x00, 0x00, 0x00, 0x00, 0x00, 0x00, 0x01, 0x00, 0x00, 0x00, 0x00, 0x00, 0x00, 0x00, 0x00,
    0x00, 0x00, 0x00, 0x00, 0x00, 0x00, 0x00, 0x00, 0x00, 0x00, 0x00, 0x00, 0x00, 0x00, 0x00, 0x00,
    0x00, 0x00, 0x00, 0x00, 0x00, 0x00, 0x00, 0x00, 0x00, 0x00, 0x00, 0x00, 0x00, 0x00, 0x00, 0x00,
    0x00, 0x00, 0x00, 0x00, 0x00, 0x00, 0x00, 0x00, 0x00, 0x00, 0x00, 0x00, 0x00, 0x00, 0x00, 0x00,
    0x00, 0x00, 0x00, 0x00, 0x00, 0x00, 0x00, 0x00, 0x00, 0x00, 0x00, 0x02, 0x00, 0x00, 0x00, 0x01,
    0x00, 0x00, 0x00, 0x01, 0x00, 0x00, 0x00, 0x01, 0x00, 0x00, 0x00, 0x00, 0x00, 0x00, 0x00, 0x01,
    0x00, 0x00, 0x00, 0x00, 0x00, 0x00, 0x00, 0x00, 0x00, 0x00, 0x00, 0x01, 0x00, 0x00, 0x00, 0x01,
    0x00, 0x00, 0x00, 0x00, 0x00, 0x00, 0x00, 0x01, 0x00, 0x00, 0x00, 0x00, 0x00, 0x00, 0x00, 0x00,
    0x00, 0x00, 0x00, 0x00, 0x00, 0x00, 0x00, 0x01, 0x00, 0x00, 0x00, 0x01, 0x00, 0x00, 0x00, 0x01,
    0x00, 0x00, 0x00, 0x00, 0x00, 0x00, 0x00, 0x01, 0x00, 0x00, 0x00, 0x00, 0x00, 0x00, 0x00, 0x00,
    0x00, 0x00, 0x00, 0x00, 0x00, 0x00, 0x00, 0x00, 0x00, 0x00, 0x00, 0x00, 0x00, 0x00, 0x00, 0x00,
    0x00, 0x00, 0x00, 0x00, 0x00, 0x00, 0x00, 0x00, 0x00, 0x00, 0x00, 0x00, 0x00, 0x00, 0x00, 0x00,
    0x00, 0x00, 0x00, 0x01, 0x00, 0x00, 0x00, 0x00, 0x00, 0x00, 0x00, 0x00, 0x00, 0x00, 0x00, 0x01,
    0x00, 0x00, 0x00, 0x00, 0x00, 0x00, 0x00, 0x00, 0x00, 0x00, 0x00, 0x01, 0x00, 0x00, 0x00, 0x00,
    0x00, 0x00, 0x00, 0x00, 0x00, 0x00, 0x00, 0x01, 0x00, 0x00, 0x00, 0x01, 0x00, 0x00, 0x00, 0x00,
    0x00, 0x00, 0x00, 0x00, 0x00, 0x00, 0x00, 0x00, 0x00, 0x00, 0x00, 0x00, 0x00, 0x00, 0x00, 0x00,
    0x00, 0x00, 0x00, 0x00, 0x00, 0x00, 0x00, 0x00, 0x00, 0x00, 0x00, 0x00, 0x00, 0x00, 0x00, 0x00,
    0x00, 0x00, 0x00, 0x00, 0x00, 0x00, 0x00, 0x00, 0x00, 0x00, 0x00, 0x00, 0x00, 0x00, 0x00, 0x00,
    0x00, 0x00, 0x00, 0x00, 0x00, 0x00, 0x00, 0x00, 0x00, 0x00, 0x00, 0x00, 0x00, 0x00, 0x00, 0x00,
    0x00, 0x00, 0x00, 0x01, 0x00, 0x00, 0x00, 0x00, 0x00, 0x00, 0x00, 0x00, 0x00, 0x00, 0x00, 0x00,
    0x00, 0x00, 0x00, 0x00, 0x00, 0x00, 0x00, 0x00, 0x00, 0x00, 0x00, 0x00, 0x00, 0x00, 0x00, 0x00,
    0x00, 0x00, 0x00, 0x01, 0x00, 0x00, 0x00, 0x01, 0x00, 0x00, 0x00, 0x00, 0x00, 0x00, 0x00, 0x00,
    0x00, 0x00, 0x00, 0x00, 0x00, 0x00, 0x00, 0x01, 0x00, 0x00, 0x00, 0x01, 0x00, 0x00, 0x00, 0x00,
    0x00, 0x00, 0x00, 0x01, 0x00, 0x00, 0x00, 0x00, 0x00, 0x00, 0x00, 0x00, 0x00, 0x00, 0x00, 0x00,
    0x00, 0x00, 0x00, 0x00, 0x00, 0x00, 0x00, 0x00, 0x00, 0x00, 0x00, 0x00, 0x00, 0x00, 0x00, 0x00,
    0x00, 0x00, 0x00, 0x00, 0x00, 0x00, 0x00, 0x00, 0x00, 0x00, 0x00, 0x00, 0x00, 0x00, 0x00, 0x00,
    0x00, 0x00, 0x00, 0x00, 0x00, 0x00, 0x00, 0x00, 0x00, 0x00, 0x00, 0x00, 0x00, 0x00, 0x00, 0x01,
    0x00, 0x00, 0x00, 0x00, 0x00, 0x00, 0x00, 0x00, 0x00, 0x00, 0x00, 0x01, 0x00, 0x00, 0x00, 0x01,
    0x00, 0x00, 0x00, 0x00, 0x00, 0x00, 0x00, 0x00, 0x00, 0x00, 0x00, 0x00, 0x00, 0x00, 0x00, 0x00,
    0x00, 0x00, 0x00, 0x00, 0x00, 0x00, 0x00, 0x01, 0x00, 0x00, 0x00, 0x01, 0x00, 0x00, 0x00, 0x00,
    0x00, 0x00, 0x00, 0x00, 0x00, 0x00, 0x00, 0x00, 0x00, 0x00, 0x00, 0x00, 0x00, 0x00, 0x00, 0x00,
    0x00, 0x00, 0x00, 0x00, 0x00, 0x00, 0x00, 0x00, 0x00, 0x00, 0x00, 0x00, 0x00, 0x00, 0x00, 0x00,
    0x00, 0x00, 0x00, 0x01, 0x00, 0x00, 0x00, 0x00, 0x00, 0x00, 0x00, 0x01, 0x00, 0x00, 0x00, 0x01,
    0x00, 0x00, 0x00, 0x00, 0x00, 0x00, 0x00, 0x00, 0x00, 0x00, 0x00, 0x00, 0x00, 0x00, 0x00, 0x01,
    0x00, 0x00, 0x00, 0x01, 0x00, 0x00, 0x00, 0x00, 0x00, 0x00, 0x00, 0x00, 0x00, 0x00, 0x00, 0x00,
    0x00, 0x00, 0x00, 0x00, 0x00, 0x00, 0x00, 0x00, 0x00, 0x00, 0x00, 0x00, 0x00, 0x00, 0x00, 0x00,
    0x00, 0x00, 0x00, 0x00, 0x00, 0x00, 0x00, 0x00, 0x00, 0x00, 0x00, 0x01, 0x00, 0x00, 0x00, 0x00,
    0x00, 0x00, 0x00, 0x00, 0x00, 0x00, 0x00, 0x00, 0x00, 0x00, 0x00, 0x00, 0x00, 0x00, 0x00, 0x00,
    0x00, 0x00, 0x00, 0x00, 0x00, 0x00, 0x00, 0x00, 0x00, 0x00, 0x00, 0x00, 0x00, 0x00, 0x00, 0x00,
    0x00, 0x00, 0x00, 0x01, 0x00, 0x00, 0x00, 0x00, 0x00, 0x00, 0x00, 0x01, 0x00, 0x00, 0x00, 0x00,
    0x00, 0x00, 0x00, 0x00, 0x00, 0x00, 0x00, 0x00, 0x00, 0x00, 0x00, 0x00, 0x00, 0x00, 0x00, 0x01,
    0x00, 0x00, 0x00, 0x00, 0x00, 0x00, 0x00, 0x01, 0x00, 0x00, 0x00, 0x00, 0x00, 0x00, 0x00, 0x00,
    0x00, 0x00, 0x00, 0x00, 0x00, 0x00, 0x00, 0x00, 0x00, 0x00, 0x00, 0x00, 0x00, 0x00, 0x00, 0x00,
    0x00, 0x00, 0x00, 0x02, 0x00, 0x00, 0x00, 0x03, 0x00, 0x00, 0x00, 0x00, 0x00, 0x00, 0x00, 0x00,
    0x00, 0x00, 0x00, 0x00, 0x00, 0x00, 0x00, 0x00, 0x00, 0x00, 0x00, 0x00, 0x00, 0x00, 0x00, 0x00,
    0x00, 0x00, 0x00, 0x00, 0x00, 0x00, 0x00, 0x00, 0x00, 0x00, 0x00, 0x00, 0x00, 0x00, 0x00, 0x00,
    0x00, 0x00, 0x00, 0x00, 0x00, 0x00, 0x00, 0x01, 0x00, 0x00, 0x00, 0x00, 0x00, 0x00, 0x00, 0x01,
    0x00, 0x00, 0x00, 0x02, 0x00, 0x00, 0x00, 0x00, 0x00, 0x00, 0x00, 0x00, 0x00, 0x00, 0x00, 0x00,
    0x00, 0x00, 0x00, 0x00, 0x00, 0x00, 0x00, 0x00, 0x00, 0x00, 0x00, 0x00, 0x00, 0x00, 0x00, 0x00,
    0x00, 0x00, 0x00, 0x00, 0x00, 0x00, 0x00, 0x00, 0x00, 0x00, 0x00, 0x00, 0x00, 0x00, 0x00, 0x00,
    0x00, 0x00, 0x00, 0x00, 0x00, 0x00, 0x00, 0x02, 0x00, 0x00, 0x00, 0x01, 0x00, 0x00, 0x00, 0x00,
    0x00, 0x00, 0x00, 0x01, 0x00, 0x00, 0x00, 0x01, 0x00, 0x00, 0x00, 0x01, 0x00, 0x00, 0x00, 0x02,
    0x00, 0x00, 0x00, 0x00, 0x00, 0x00, 0x00, 0x01, 0x00, 0x00, 0x00, 0x00, 0x00, 0x00, 0x00, 0x00,
    0x00, 0x00, 0x00, 0x00, 0x00, 0x00, 0x00, 0x00, 0x00, 0x00, 0x00, 0x01, 0x00, 0x00, 0x00, 0x01,
    0x00, 0x00, 0x00, 0x00, 0x00, 0x00, 0x00, 0x00, 0x00, 0x00, 0x00, 0x00, 0x00, 0x00, 0x00, 0x00,
    0x00, 0x00, 0x00, 0x00, 0x00, 0x00, 0x00, 0x00, 0x00, 0x00, 0x00, 0x00, 0x00, 0x00, 0x00, 0x00,
    0x00, 0x00, 0x00, 0x00, 0x00, 0x00, 0x00, 0x00, 0x00, 0x00, 0x00, 0x00, 0x00, 0x00, 0x00, 0x00,
    0x00, 0x00, 0x00, 0x01, 0x00, 0x00, 0x00, 0x00, 0x00, 0x00, 0x00, 0x00, 0x00, 0x00, 0x00, 0x00,
    0x00, 0x00, 0x00, 0x01, 0x00, 0x00, 0x00, 0x00, 0x00, 0x00, 0x00, 0x01, 0x00, 0x00, 0x00, 0x00,
    0x00, 0x00, 0x00, 0x00, 0x00, 0x00, 0x00, 0x00, 0x00, 0x00, 0x00, 0x02, 0x00, 0x00, 0x00, 0x00,
    0x00, 0x00, 0x00, 0x01, 0x00, 0x00, 0x00, 0x01, 0x00, 0x00, 0x00, 0x00, 0x00, 0x00, 0x00, 0x00,
    0x00, 0x00, 0x00, 0x00, 0x00, 0x00, 0x00, 0x00, 0x00, 0x00, 0x00, 0x00, 0x00, 0x00, 0x00, 0x00,
    0x00, 0x00, 0x00, 0x00, 0x00, 0x00, 0x00, 0x01, 0x00, 0x00, 0x00, 0x00, 0x00, 0x00, 0x00, 0x00,
    0x00, 0x00, 0x00, 0x00, 0x00, 0x00, 0x00, 0x00, 0x00, 0x00, 0x00, 0x00, 0x00, 0x00, 0x00, 0x00,
    0x00, 0x00, 0x00, 0x00, 0x00, 0x00, 0x00, 0x01, 0x00, 0x00, 0x00, 0x01, 0x00, 0x00, 0x00, 0x00,
    0x00, 0x00, 0x00, 0x01, 0x00, 0x00, 0x00, 0x00, 0x00, 0x00, 0x00, 0x00, 0x00, 0x00, 0x00, 0x00,
    0x00, 0x00, 0x00, 0x00, 0x00, 0x00, 0x00, 0x00, 0x00, 0x00, 0x00, 0x00, 0x00, 0x00, 0x00, 0x00,
    0x00, 0x00, 0x00, 0x00, 0x00, 0x00, 0x00, 0x00, 0x00, 0x00, 0x00, 0x01, 0x00, 0x00, 0x00, 0x00,
    0x00, 0x00, 0x00, 0x00, 0x00, 0x00, 0x00, 0x00, 0x00, 0x00, 0x00, 0x00, 0x00, 0x00, 0x00, 0x00,
    0x00, 0x00, 0x00, 0x00, 0x00, 0x00, 0x00, 0x00, 0x00, 0x00, 0x00, 0x01, 0x00, 0x00, 0x00, 0x02,
    0x00, 0x00, 0x00, 0x01, 0x00, 0x00, 0x00, 0x00, 0x00, 0x00, 0x00, 0x00, 0x00, 0x00, 0x00, 0x00,
    0x00, 0x00, 0x00, 0x01, 0x00, 0x00, 0x00, 0x00, 0x00, 0x00, 0x00, 0x00, 0x00, 0x00, 0x00, 0x00,
    0x00, 0x00, 0x00, 0x00, 0x00, 0x00, 0x00, 0x00, 0x00, 0x00, 0x00, 0x00, 0x00, 0x00, 0x00, 0x00,
    0x00, 0x00, 0x00, 0x00, 0x00, 0x00, 0x00, 0x00, 0x00, 0x00, 0x00, 0x00, 0x00, 0x00, 0x00, 0x00,
    0x00, 0x00, 0x00, 0x00, 0x00, 0x00, 0x00, 0x00, 0x00, 0x00, 0x00, 0x00, 0x00, 0x00, 0x00, 0x00,
    0x00, 0x00, 0x00, 0x00, 0x00, 0x00, 0x00, 0x01, 0x00, 0x00, 0x00, 0x01, 0x00, 0x00, 0x00, 0x00,
    0x00, 0x00, 0x00, 0x00, 0x00, 0x00, 0x00, 0x00, 0x00, 0x00, 0x00, 0x00, 0x00, 0x00, 0x00, 0x00,
    0x00, 0x00, 0x00, 0x00, 0x00, 0x00, 0x00, 0x00, 0x00, 0x00, 0x00, 0x00, 0x00, 0x00, 0x00, 0x01,
    0x00, 0x00, 0x00, 0x00, 0x00, 0x00, 0x00, 0x00, 0x00, 0x00, 0x00, 0x00, 0x00, 0x00, 0x00, 0x00,
    0x00, 0x00, 0x00, 0x00, 0x00, 0x00, 0x00, 0x00, 0x00, 0x00, 0x00, 0x00, 0x00, 0x00, 0x00, 0x00,
    0x00, 0x00, 0x00, 0x00, 0x00, 0x00, 0x00, 0x00, 0x00, 0x00, 0x00, 0x00, 0x00, 0x00, 0x00, 0x00,
    0x00, 0x00, 0x00, 0x00, 0x00, 0x00, 0x00, 0x00, 0x00, 0x00, 0x00, 0x00, 0x00, 0x00, 0x00, 0x00,
    0x00, 0x00, 0x00, 0x00, 0x00, 0x00, 0x00, 0x00, 0x00, 0x00, 0x00, 0x01, 0x00, 0x00, 0x00, 0x01,
    0x00, 0x00, 0x00, 0x00, 0x00, 0x00, 0x00, 0x01, 0x00, 0x00, 0x00, 0x00, 0x00, 0x00, 0x00, 0x00,
    0x00, 0x00, 0x00, 0x00, 0x00, 0x00, 0x00, 0x00, 0x00, 0x00, 0x00, 0x03, 0x00, 0x00, 0x00, 0x01,
    0x00, 0x00, 0x00, 0x00, 0x00, 0x00, 0x00, 0x00, 0x00, 0x00, 0x00, 0x00, 0x00, 0x00, 0x00, 0x02,
    0x00, 0x00, 0x00, 0x01, 0x00, 0x00, 0x00, 0x00, 0x00, 0x00, 0x00, 0x00, 0x00, 0x00, 0x00, 0x00,
    0x00, 0x00, 0x00, 0x00, 0x00, 0x00, 0x00, 0x00, 0x00, 0x00, 0x00, 0x00, 0x00, 0x00, 0x00, 0x00,
    0x00, 0x00, 0x00, 0x00, 0x00, 0x00, 0x00, 0x00, 0x00, 0x00, 0x00, 0x02, 0x00, 0x00, 0x00, 0x00,
    0x00, 0x00, 0x00, 0x00, 0x00, 0x00, 0x00, 0x00, 0x00, 0x00, 0x00, 0x00, 0x00, 0x00, 0x00, 0x00,
    0x00, 0x00, 0x00, 0x00, 0x00, 0x00, 0x00, 0x00, 0x00, 0x00, 0x00, 0x00, 0x00, 0x00, 0x00, 0x00,
    0x00, 0x00, 0x00, 0x00, 0x00, 0x00, 0x00, 0x00, 0x00, 0x00, 0x00, 0x00, 0x00, 0x00, 0x00, 0x00,
    0x00, 0x00, 0x00, 0x00, 0x00, 0x00, 0x00, 0x00, 0x00, 0x00, 0x00, 0x00, 0x00, 0x00, 0x00, 0x00,
    0x00, 0x00, 0x00, 0x01, 0x00, 0x00, 0x00, 0x00, 0x00, 0x00, 0x00, 0x00, 0x00, 0x00, 0x00, 0x00,
    0x00, 0x00, 0x00, 0x01, 0x00, 0x00, 0x00, 0x01, 0x00, 0x00, 0x00, 0x01, 0x00, 0x00, 0x00, 0x00,
    0x00, 0x00, 0x00, 0x00, 0x00, 0x00, 0x00, 0x01, 0x00, 0x00, 0x00, 0x00, 0x00, 0x00, 0x00, 0x00,
    0x00, 0x00, 0x00, 0x00, 0x00, 0x00, 0x00, 0x00, 0x00, 0x00, 0x00, 0x00, 0x00, 0x00, 0x00, 0x00,
    0x00, 0x00, 0x00, 0x00, 0x00, 0x00, 0x00, 0x00, 0x00, 0x00, 0x00, 0x03, 0x00, 0x00, 0x00, 0x00,
    0x00, 0x00, 0x00, 0x00, 0x00, 0x00, 0x00, 0x00, 0x00, 0x00, 0x00, 0x00, 0x00, 0x00, 0x00, 0x00,
    0x00, 0x00, 0x00, 0x01, 0x00, 0x00, 0x00, 0x00, 0x00, 0x00, 0x00, 0x00, 0x00, 0x00, 0x00, 0x00,
    0x00, 0x00, 0x00, 0x00, 0x00, 0x00, 0x00, 0x00, 0x00, 0x00, 0x00, 0x00, 0x00, 0x00, 0x00, 0x00,
    0x00, 0x00, 0x00, 0x00, 0x00, 0x00, 0x00, 0x00, 0x00, 0x00, 0x00, 0x00, 0x00, 0x00, 0x00, 0x00,
    0x00, 0x00, 0x00, 0x00, 0x00, 0x00, 0x00, 0x00, 0x00, 0x00, 0x00, 0x00, 0x00, 0x00, 0x00, 0x00,
    0x00, 0x00, 0x00, 0x00, 0x00, 0x00, 0x00, 0x00, 0x00, 0x00, 0x00, 0x00, 0x00, 0x00, 0x00, 0x00,
    0x00, 0x00, 0x00, 0x00, 0x00, 0x00, 0x00, 0x00, 0x00, 0x00, 0x00, 0x01, 0x00, 0x00, 0x00, 0x01,
    0x00, 0x00, 0x00, 0x00, 0x00, 0x00, 0x00, 0x01, 0x00, 0x00, 0x00, 0x00, 0x00, 0x00, 0x00, 0x00,
    0x00, 0x00, 0x00, 0x00, 0x00, 0x00, 0x00, 0x01, 0x00, 0x00, 0x00, 0x01, 0x00, 0x00, 0x00, 0x00,
    0x00, 0x00, 0x00, 0x00, 0x00, 0x00, 0x00, 0x00, 0x00, 0x00, 0x00, 0x00, 0x00, 0x00, 0x00, 0x00,
    0x00, 0x00, 0x00, 0x00, 0x00, 0x00, 0x00, 0x01, 0x00, 0x00, 0x00, 0x02, 0x00, 0x00, 0x00, 0x00,
    0x00, 0x00, 0x00, 0x01, 0x00, 0x00, 0x00, 0x00, 0x00, 0x00, 0x00, 0x00, 0x00, 0x00, 0x00, 0x00,
    0x00, 0x00, 0x00, 0x00, 0x00, 0x00, 0x00, 0x00, 0x00, 0x00, 0x00, 0x01, 0x00, 0x00, 0x00, 0x00,
    0x00, 0x00, 0x00, 0x00, 0x00, 0x00, 0x00, 0x01, 0x00, 0x00, 0x00, 0x01, 0x00, 0x00, 0x00, 0x00,
    0x00, 0x00, 0x00, 0x01, 0x00, 0x00, 0x00, 0x00, 0x00, 0x00, 0x00, 0x00, 0x00, 0x00, 0x00, 0x00,
    0x00, 0x00, 0x00, 0x00, 0x00, 0x00, 0x00, 0x00, 0x00, 0x00, 0x00, 0x00, 0x00, 0x00, 0x00, 0x00,
    0x00, 0x00, 0x00, 0x00, 0x00, 0x00, 0x00, 0x00, 0x00, 0x00, 0x00, 0x00, 0x00, 0x00, 0x00, 0x00,
    0x00, 0x00, 0x00, 0x00, 0x00, 0x00, 0x00, 0x00, 0x00, 0x00, 0x00, 0x00, 0x00, 0x00, 0x00, 0x01,
    0x00, 0x00, 0x00, 0x00, 0x00, 0x00, 0x00, 0x01, 0x00, 0x00, 0x00, 0x01, 0x00, 0x00, 0x00, 0x02,
    0x00, 0x00, 0x00, 0x01, 0x00, 0x00, 0x00, 0x00, 0x00, 0x00, 0x00, 0x00, 0x00, 0x00, 0x00, 0x00,
    0x00, 0x00, 0x00, 0x00, 0x00, 0x00, 0x00, 0x00, 0x00, 0x00, 0x00, 0x00, 0x00, 0x00, 0x00, 0x00,
    0x00, 0x00, 0x00, 0x00, 0x00, 0x00, 0x00, 0x00, 0x00, 0x00, 0x00, 0x01, 0x00, 0x00, 0x00, 0x00,
    0x00, 0x00, 0x00, 0x00, 0x00, 0x00, 0x00, 0x02, 0x00, 0x00, 0x00, 0x00, 0x00, 0x00, 0x00, 0x00,
    0x00, 0x00, 0x00, 0x01, 0x00, 0x00, 0x00, 0x00, 0x00, 0x00, 0x00, 0x00, 0x00, 0x00, 0x00, 0x00,
    0x00, 0x00, 0x00, 0x00, 0x00, 0x00, 0x00, 0x00, 0x00, 0x00, 0x00, 0x00, 0x00, 0x00, 0x00, 0x00,
    0x00, 0x00, 0x00, 0x00, 0x00, 0x00, 0x00, 0x00, 0x00, 0x00, 0x00, 0x01, 0x00, 0x00, 0x00, 0x00,
    0x00, 0x00, 0x00, 0x00, 0x00, 0x00, 0x00, 0x00, 0x00, 0x00, 0x00, 0x00, 0x00, 0x00, 0x00, 0x00,
    0x00, 0x00, 0x00, 0x00, 0x00, 0x00, 0x00, 0x00, 0x00, 0x00, 0x00, 0x00, 0x00, 0x00, 0x00, 0x00,
    0x00, 0x00, 0x00, 0x02, 0x00, 0x00, 0x00, 0x00, 0x00, 0x00, 0x00, 0x00, 0x00, 0x00, 0x00, 0x00,
    0x00, 0x00, 0x00, 0x00, 0x00, 0x00, 0x00, 0x01, 0x00, 0x00, 0x00, 0x00, 0x00, 0x00, 0x00, 0x00,
    0x00, 0x00, 0x00, 0x00, 0x00, 0x00, 0x00, 0x00, 0x00, 0x00, 0x00, 0x01, 0x00, 0x00, 0x00, 0x00,
    0x00, 0x00, 0x00, 0x00, 0x00, 0x00, 0x00, 0x01, 0x00, 0x00, 0x00, 0x01, 0x00, 0x00, 0x00, 0x00,
    0x00, 0x00, 0x00, 0x00, 0x00, 0x00, 0x00, 0x00, 0x00, 0x00, 0x00, 0x00, 0x00, 0x00, 0x00, 0x00,
    0x00, 0x00, 0x00, 0x00, 0x00, 0x00, 0x00, 0x00, 0x00, 0x00, 0x00, 0x00, 0x00, 0x00, 0x00, 0x01,
    0x00, 0x00, 0x00, 0x02, 0x00, 0x00, 0x00, 0x00, 0x00, 0x00, 0x00, 0x00, 0x00, 0x00, 0x00, 0x00,
    0x00, 0x00, 0x00, 0x00, 0x00, 0x00, 0x00, 0x00, 0x00, 0x00, 0x00, 0x00, 0x00, 0x00, 0x00, 0x00,
    0x00, 0x00, 0x00, 0x00, 0x00, 0x00, 0x00, 0x00, 0x00, 0x00, 0x00, 0x00, 0x00, 0x00, 0x00, 0x00,
    0x00, 0x00, 0x00, 0x00, 0x00, 0x00, 0x00, 0x00, 0x00, 0x00, 0x00, 0x00, 0x00, 0x00, 0x00, 0x00,
    0x00, 0x00, 0x00, 0x00, 0x00, 0x00, 0x00, 0x01, 0x00, 0x00, 0x00, 0x01, 0x00, 0x00, 0x00, 0x00,
    0x00, 0x00, 0x00, 0x00, 0x00, 0x00, 0x00, 0x00, 0x00, 0x00, 0x00, 0x00, 0x00, 0x00, 0x00, 0x00,
    0x00, 0x00, 0x00, 0x00, 0x00, 0x00, 0x00, 0x00, 0x00, 0x00, 0x00, 0x00, 0x00, 0x00, 0x00, 0x01,
    0x00, 0x00, 0x00, 0x00, 0x00, 0x00, 0x00, 0x00, 0x00, 0x00, 0x00, 0x00, 0x00, 0x00, 0x00, 0x01,
    0x00, 0x00, 0x00, 0x01, 0x00, 0x00, 0x00, 0x00, 0x00, 0x00, 0x00, 0x01, 0x00, 0x00, 0x00, 0x01,
    0x00, 0x00, 0x00, 0x01, 0x00, 0x00, 0x00, 0x00, 0x00, 0x00, 0x00, 0x00, 0x00, 0x00, 0x00, 0x00,
    0x00, 0x00, 0x00, 0x00, 0x00, 0x00, 0x00, 0x00, 0x00, 0x00, 0x00, 0x00, 0x00, 0x00, 0x00, 0x00,
    0x00, 0x00, 0x00, 0x00, 0x00, 0x00, 0x00, 0x00, 0x00, 0x00, 0x00, 0x00, 0x00, 0x00, 0x00, 0x00,
    0x00, 0x00, 0x00, 0x00, 0x00, 0x00, 0x00, 0x02, 0x00, 0x00, 0x00, 0x01, 0x00, 0x00, 0x00, 0x00,
    0x00, 0x00, 0x00, 0x00, 0x00, 0x00, 0x00, 0x00, 0x00, 0x00, 0x00, 0x00, 0x00, 0x00, 0x00, 0x00,
    0x00, 0x00, 0x00, 0x00, 0x00, 0x00, 0x00, 0x01, 0x00, 0x00, 0x00, 0x01, 0x00, 0x00, 0x00, 0x00,
    0x00, 0x00, 0x00, 0x00, 0x00, 0x00, 0x00, 0x00, 0x00, 0x00, 0x00, 0x01, 0x00, 0x00, 0x00, 0x02,
    0x00, 0x00, 0x00, 0x00, 0x00, 0x00, 0x00, 0x00, 0x00, 0x00, 0x00, 0x00, 0x00, 0x00, 0x00, 0x00,
    0x00, 0x00, 0x00, 0x00, 0x00, 0x00, 0x00, 0x02, 0x00, 0x00, 0x00, 0x01, 0x00, 0x00, 0x00, 0x01,
    0x00, 0x00, 0x00, 0x00, 0x00, 0x00, 0x00, 0x00, 0x00, 0x00, 0x00, 0x00, 0x00, 0x00, 0x00, 0x01,
    0x00, 0x00, 0x00, 0x00, 0x00, 0x00, 0x00, 0x00, 0x00, 0x00, 0x00, 0x00, 0x00, 0x00, 0x00, 0x01,
    0x00, 0x00, 0x00, 0x00, 0x00, 0x00, 0x00, 0x00, 0x00, 0x00, 0x00, 0x01, 0x00, 0x00, 0x00, 0x01,
    0x00, 0x00, 0x00, 0x01, 0x00, 0x00, 0x00, 0x02, 0x00, 0x00, 0x00, 0x01, 0x00, 0x00, 0x00, 0x01,
    0x00, 0x00, 0x00, 0x01, 0x00, 0x00, 0x00, 0x00, 0x00, 0x00, 0x00, 0x00, 0x00, 0x00, 0x00, 0x00,
    0x00, 0x00, 0x00, 0x00, 0x00, 0x00, 0x00, 0x00, 0x00, 0x00, 0x00, 0x00, 0x00, 0x00, 0x00, 0x01,
    0x00, 0x00, 0x00, 0x00, 0x00, 0x00, 0x00, 0x00, 0x00, 0x00, 0x00, 0x00, 0x00, 0x00, 0x00, 0x00,
    0x00, 0x00, 0x00, 0x00, 0x00, 0x00, 0x00, 0x00, 0x00, 0x00, 0x00, 0x00, 0x00, 0x00, 0x00, 0x00,
    0x00, 0x00, 0x00, 0x01, 0x00, 0x00, 0x00, 0x00, 0x00, 0x00, 0x00, 0x00, 0x00, 0x00, 0x00, 0x00,
    0x00, 0x00, 0x00, 0x01, 0x00, 0x00, 0x00, 0x01, 0x00, 0x00, 0x00, 0x01, 0x00, 0x00, 0x00, 0x01,
    0x00, 0x00, 0x00, 0x00, 0x00, 0x00, 0x00, 0x00, 0x00, 0x00, 0x00, 0x00, 0x00, 0x00, 0x00, 0x00,
    0x00, 0x00, 0x00, 0x00, 0x00, 0x00, 0x00, 0x00, 0x00, 0x00, 0x00, 0x00, 0x00, 0x00, 0x00, 0x00,
    0x00, 0x00, 0x00, 0x00, 0x00, 0x00, 0x00, 0x00, 0x00, 0x00, 0x00, 0x00, 0x00, 0x00, 0x00, 0x00,
    0x00, 0x00, 0x00, 0x00, 0x00, 0x00, 0x00, 0x00, 0x00, 0x00, 0x00, 0x00, 0x00, 0x00, 0x00, 0x00,
    0x00, 0x00, 0x00, 0x00, 0x00, 0x00, 0x00, 0x00, 0x00, 0x00, 0x00, 0x00, 0x00, 0x00, 0x00, 0x00,
    0x00, 0x00, 0x00, 0x00, 0x00, 0x00, 0x00, 0x00, 0x00, 0x00, 0x00, 0x00, 0x00, 0x00, 0x00, 0x00,
    0x00, 0x00, 0x00, 0x00, 0x00, 0x00, 0x00, 0x00, 0x00, 0x00, 0x00, 0x00, 0x00, 0x00, 0x00, 0x00,
    0x00, 0x00, 0x00, 0x00, 0x00, 0x00, 0x00, 0x00, 0x00, 0x00, 0x00, 0x00, 0x00, 0x00, 0x00, 0x00,
    0x00, 0x00, 0x00, 0x00, 0x00, 0x00, 0x00, 0x00, 0x00, 0x00, 0x00, 0x00, 0x00, 0x00, 0x00, 0x00,
    0x00, 0x00, 0x00, 0x01, 0x00, 0x00, 0x00, 0x00, 0x00, 0x00, 0x00, 0x00, 0x00, 0x00, 0x00, 0x00,
    0x00, 0x00, 0x00, 0x01, 0x00, 0x00, 0x00, 0x00, 0x00, 0x00, 0x00, 0x00, 0x00, 0x00, 0x00, 0x00,
    0x00, 0x00, 0x00, 0x00, 0x00, 0x00, 0x00, 0x00, 0x00, 0x00, 0x00, 0x00, 0x00, 0x00, 0x00, 0x01,
    0x00, 0x00, 0x00, 0x02, 0x00, 0x00, 0x00, 0x00, 0x00, 0x00, 0x00, 0x00, 0x00, 0x00, 0x00, 0x00,
    0x00, 0x00, 0x00, 0x00, 0x00, 0x00, 0x00, 0x00, 0x00, 0x00, 0x00, 0x01, 0x00, 0x00, 0x00, 0x00,
    0x00, 0x00, 0x00, 0x01, 0x00, 0x00, 0x00, 0x00, 0x00, 0x00, 0x00, 0x00, 0x00, 0x00, 0x00, 0x00,
    0x00, 0x00, 0x00, 0x00, 0x00, 0x00, 0x00, 0x00, 0x00, 0x00, 0x00, 0x00, 0x00, 0x00, 0x00, 0x00,
    0x00, 0x00, 0x00, 0x01, 0x00, 0x00, 0x00, 0x01, 0x00, 0x00, 0x00, 0x00, 0x00, 0x00, 0x00, 0x00,
    0x00, 0x00, 0x00, 0x01, 0x00, 0x00, 0x00, 0x01, 0x00, 0x00, 0x00, 0x01, 0x00, 0x00, 0x00, 0x01,
    0x00, 0x00, 0x00, 0x00, 0x00, 0x00, 0x00, 0x00, 0x00, 0x00, 0x00, 0x00, 0x00, 0x00, 0x00, 0x00,
    0x00, 0x00, 0x00, 0x01, 0x00, 0x00, 0x00, 0x00, 0x00, 0x00, 0x00, 0x00, 0x00, 0x00, 0x00, 0x01,
    0x00, 0x00, 0x00, 0x00, 0x00, 0x00, 0x00, 0x00, 0x00, 0x00, 0x00, 0x00, 0x00, 0x00, 0x00, 0x00,
    0x00, 0x00, 0x00, 0x00, 0x00, 0x00, 0x00, 0x00, 0x00, 0x00, 0x00, 0x00, 0x00, 0x00, 0x00, 0x00,
    0x00, 0x00, 0x00, 0x01, 0x00, 0x00, 0x00, 0x01, 0x00, 0x00, 0x00, 0x00, 0x00, 0x00, 0x00, 0x02,
    0x00, 0x00, 0x00, 0x01, 0x00, 0x00, 0x00, 0x00, 0x00, 0x00, 0x00, 0x00, 0x00, 0x00, 0x00, 0x00,
    0x00, 0x00, 0x00, 0x01, 0x00, 0x00, 0x00, 0x00, 0x00, 0x00, 0x00, 0x00, 0x00, 0x00, 0x00, 0x00,
    0x00, 0x00, 0x00, 0x01, 0x00, 0x00, 0x00, 0x01, 0x00, 0x00, 0x00, 0x00, 0x00, 0x00, 0x00, 0x00,
    0x00, 0x00, 0x00, 0x00, 0x00, 0x00, 0x00, 0x00, 0x00, 0x00, 0x00, 0x00, 0x00, 0x00, 0x00, 0x01,
    0x00, 0x00, 0x00, 0x00, 0x00, 0x00, 0x00, 0x00, 0x00, 0x00, 0x00, 0x00, 0x00, 0x00, 0x00, 0x00,
    0x00, 0x00, 0x00, 0x00, 0x00, 0x00, 0x00, 0x00, 0x00, 0x00, 0x00, 0x00, 0x00, 0x00, 0x00, 0x00,
    0x00, 0x00, 0x00, 0x00, 0x00, 0x00, 0x00, 0x00, 0x00, 0x00, 0x00, 0x01, 0x00, 0x00, 0x00, 0x01,
    0x00, 0x00, 0x00, 0x00, 0x00, 0x00, 0x00, 0x00, 0x00, 0x00, 0x00, 0x00, 0x00, 0x00, 0x00, 0x00,
    0x00, 0x00, 0x00, 0x01, 0x00, 0x00, 0x00, 0x00, 0x00, 0x00, 0x00, 0x00, 0x00, 0x00, 0x00, 0x01,
    0x00, 0x00, 0x00, 0x01, 0x00, 0x00, 0x00, 0x00, 0x00, 0x00, 0x00, 0x01, 0x00, 0x00, 0x00, 0x01,
    0x00, 0x00, 0x00, 0x00, 0x00, 0x00, 0x00, 0x00, 0x00, 0x00, 0x00, 0x00, 0x00, 0x00, 0x00, 0x00,
    0x00, 0x00, 0x00, 0x00, 0x00, 0x00, 0x00, 0x00, 0x00, 0x00, 0x00, 0x00, 0x00, 0x00, 0x00, 0x00,
    0x00, 0x00, 0x00, 0x00, 0x00, 0x00, 0x00, 0x00, 0x00, 0x00, 0x00, 0x00, 0x00, 0x00, 0x00, 0x01,
    0x00, 0x00, 0x00, 0x00, 0x00, 0x00, 0x00, 0x00, 0x00, 0x00, 0x00, 0x01, 0x00, 0x00, 0x00, 0x00,
    0x00, 0x00, 0x00, 0x01, 0x00, 0x00, 0x00, 0x01, 0x00, 0x00, 0x00, 0x00, 0x00, 0x00, 0x00, 0x01,
    0x00, 0x00, 0x00, 0x01, 0x00, 0x00, 0x00, 0x00, 0x00, 0x00, 0x00, 0x00, 0x00, 0x00, 0x00, 0x00,
    0x00, 0x00, 0x00, 0x00, 0x00, 0x00, 0x00, 0x00, 0x00, 0x00, 0x00, 0x01, 0x00, 0x00, 0x00, 0x00,
    0x00, 0x00, 0x00, 0x00, 0x00, 0x00, 0x00, 0x00, 0x00, 0x00, 0x00, 0x00, 0x00, 0x00, 0x00, 0x00,
    0x00, 0x00, 0x00, 0x00, 0x00, 0x00, 0x00, 0x00, 0x00, 0x00, 0x00, 0x00, 0x00, 0x00, 0x00, 0x00,
    0x00, 0x00, 0x00, 0x00, 0x00, 0x00, 0x00, 0x00, 0x00, 0x00, 0x00, 0x00, 0x00, 0x00, 0x00, 0x00,
    0x00, 0x00, 0x00, 0x00, 0x00, 0x00, 0x00, 0x00, 0x00, 0x00, 0x00, 0x00, 0x00, 0x00, 0x00, 0x00,
    0x00, 0x00, 0x00, 0x00, 0x00, 0x00, 0x00, 0x00, 0x00, 0x00, 0x00, 0x00, 0x00, 0x00, 0x00, 0x00,
    0x00, 0x00, 0x00, 0x00, 0x00, 0x00, 0x00, 0x00, 0x00, 0x00, 0x00, 0x01, 0x00, 0x00, 0x00, 0x00,
    0x00, 0x00, 0x00, 0x00, 0x00, 0x00, 0x00, 0x01, 0x00, 0x00, 0x00, 0x01, 0x00, 0x00, 0x00, 0x01,
    0x00, 0x00, 0x00, 0x02, 0x00, 0x00, 0x00, 0x00, 0x00, 0x00, 0x00, 0x00, 0x00, 0x00, 0x00, 0x00,
    0x00, 0x00, 0x00, 0x00, 0x00, 0x00, 0x00, 0x00, 0x00, 0x00, 0x00, 0x01, 0x00, 0x00, 0x00, 0x01,
    0x00, 0x00, 0x00, 0x00, 0x00, 0x00, 0x00, 0x01, 0x00, 0x00, 0x00, 0x00, 0x00, 0x00, 0x00, 0x00,
    0x00, 0x00, 0x00, 0x00, 0x00, 0x00, 0x00, 0x00, 0x00, 0x00, 0x00, 0x00, 0x00, 0x00, 0x00, 0x02,
    0x00, 0x00, 0x00, 0x01, 0x00, 0x00, 0x00, 0x00, 0x00, 0x00, 0x00, 0x00, 0x00, 0x00, 0x00, 0x00,
    0x00, 0x00, 0x00, 0x00, 0x00, 0x00, 0x00, 0x00, 0x00, 0x00, 0x00, 0x00, 0x00, 0x00, 0x00, 0x00,
    0x00, 0x00, 0x00, 0x01, 0x00, 0x00, 0x00, 0x00, 0x00, 0x00, 0x00, 0x00, 0x00, 0x00, 0x00, 0x01,
    0x00, 0x00, 0x00, 0x01, 0x00, 0x00, 0x00, 0x01, 0x00, 0x00, 0x00, 0x00, 0x00, 0x00, 0x00, 0x00,
    0x00, 0x00, 0x00, 0x01, 0x00, 0x00, 0x00, 0x02, 0x00, 0x00, 0x00, 0x00, 0x00, 0x00, 0x00, 0x00,
    0x00, 0x00, 0x00, 0x00, 0x00, 0x00, 0x00, 0x00, 0x00, 0x00, 0x00, 0x00, 0x00, 0x00, 0x00, 0x00,
    0x00, 0x00, 0x00, 0x00, 0x00, 0x00, 0x00, 0x00, 0x00, 0x00, 0x00, 0x00, 0x00, 0x00, 0x00, 0x00,
    0x00, 0x00, 0x00, 0x00, 0x00, 0x00, 0x00, 0x01, 0x00, 0x00, 0x00, 0x00, 0x00, 0x00, 0x00, 0x01,
    0x00, 0x00, 0x00, 0x01, 0x00, 0x00, 0x00, 0x00, 0x00, 0x00, 0x00, 0x01, 0x00, 0x00, 0x00, 0x01,
    0x00, 0x00, 0x00, 0x00, 0x00, 0x00, 0x00, 0x01, 0x00, 0x00, 0x00, 0x01, 0x00, 0x00, 0x00, 0x01,
    0x00, 0x00, 0x00, 0x01, 0x00, 0x00, 0x00, 0x01, 0x00, 0x00, 0x00, 0x00, 0x00, 0x00, 0x00, 0x00,
    0x00, 0x00, 0x00, 0x00, 0x00, 0x00, 0x00, 0x01, 0x00, 0x00, 0x00, 0x01, 0x00, 0x00, 0x00, 0x01,
    0x00, 0x00, 0x00, 0x00, 0x00, 0x00, 0x00, 0x00, 0x00, 0x00, 0x00, 0x00, 0x00, 0x00, 0x00, 0x00,
    0x00, 0x00, 0x00, 0x00, 0x00, 0x00, 0x00, 0x01, 0x00, 0x00, 0x00, 0x00, 0x00, 0x00, 0x00, 0x00,
    0x00, 0x00, 0x00, 0x00, 0x00, 0x00, 0x00, 0x01, 0x00, 0x00, 0x00, 0x00, 0x00, 0x00, 0x00, 0x00,
    0x00, 0x00, 0x00, 0x00, 0x00, 0x00, 0x00, 0x00, 0x00, 0x00, 0x00, 0x00, 0x00, 0x00, 0x00, 0x00,
    0x00, 0x00, 0x00, 0x00, 0x00, 0x00, 0x00, 0x00, 0x00, 0x00, 0x00, 0x00, 0x00, 0x00, 0x00, 0x00,
    0x00, 0x00, 0x00, 0x00, 0x00, 0x00, 0x00, 0x00, 0x00, 0x00, 0x00, 0x00, 0x00, 0x00, 0x00, 0x00,
    0x00, 0x00, 0x00, 0x00, 0x00, 0x00, 0x00, 0x00, 0x00, 0x00, 0x00, 0x01, 0x00, 0x00, 0x00, 0x00,
    0x00, 0x00, 0x00, 0x00, 0x00, 0x00, 0x00, 0x00, 0x00, 0x00, 0x00, 0x00, 0x00, 0x00, 0x00, 0x01,
    0x00, 0x00, 0x00, 0x00, 0x00, 0x00, 0x00, 0x00, 0x00, 0x00, 0x00, 0x00, 0x00, 0x00, 0x00, 0x00,
    0x00, 0x00, 0x00, 0x01, 0x00, 0x00, 0x00, 0x00, 0x00, 0x00, 0x00, 0x00, 0x00, 0x00, 0x00, 0x00,
    0x00, 0x00, 0x00, 0x00, 0x00, 0x00, 0x00, 0x00, 0x00, 0x00, 0x00, 0x00, 0x00, 0x00, 0x00, 0x01,
    0x00, 0x00, 0x00, 0x01, 0x00, 0x00, 0x00, 0x00, 0x00, 0x00, 0x00, 0x01, 0x00, 0x00, 0x00, 0x01,
    0x00, 0x00, 0x00, 0x00, 0x00, 0x00, 0x00, 0x00, 0x00, 0x00, 0x00, 0x00, 0x00, 0x00, 0x00, 0x00,
    0x00, 0x00, 0x00, 0x00, 0x00, 0x00, 0x00, 0x00, 0x00, 0x00, 0x00, 0x00, 0x00, 0x00, 0x00, 0x00,
    0x00, 0x00, 0x00, 0x00, 0x00, 0x00, 0x00, 0x00, 0x00, 0x00, 0x00, 0x00, 0x00, 0x00, 0x00, 0x00,
    0x00, 0x00, 0x00, 0x00, 0x00, 0x00, 0x00, 0x00, 0x00, 0x00, 0x00, 0x00, 0x00, 0x00, 0x00, 0x00,
    0x00, 0x00, 0x00, 0x00, 0x00, 0x00, 0x00, 0x00, 0x00, 0x00, 0x00, 0x00, 0x00, 0x00, 0x00, 0x00,
    0x00, 0x00, 0x00, 0x00, 0x00, 0x00, 0x00, 0x00, 0x00, 0x00, 0x00, 0x00, 0x00, 0x00, 0x00, 0x00,
    0x00, 0x00, 0x00, 0x00, 0x00, 0x00, 0x00, 0x00, 0x00, 0x00, 0x00, 0x00, 0x00, 0x00, 0x00, 0x00,
    0x00, 0x00, 0x00, 0x01, 0x00, 0x00, 0x00, 0x01, 0x00, 0x00, 0x00, 0x00, 0x00, 0x00, 0x00, 0x02,
    0x00, 0x00, 0x00, 0x00, 0x00, 0x00, 0x00, 0x00, 0x00, 0x00, 0x00, 0x00, 0x00, 0x00, 0x00, 0x01,
    0x00, 0x00, 0x00, 0x02, 0x00, 0x00, 0x00, 0x00, 0x00, 0x00, 0x00, 0x00, 0x00, 0x00, 0x00, 0x00,
    0x00, 0x00, 0x00, 0x00, 0x00, 0x00, 0x00, 0x00, 0x00, 0x00, 0x00, 0x00, 0x00, 0x00, 0x00, 0x00,
    0x00, 0x00, 0x00, 0x00, 0x00, 0x00, 0x00, 0x00, 0x00, 0x00, 0x00, 0x00, 0x00, 0x00, 0x00, 0x01,
    0x00, 0x00, 0x00, 0x00, 0x00, 0x00, 0x00, 0x00, 0x00, 0x00, 0x00, 0x00, 0x00, 0x00, 0x00, 0x00,
    0x00, 0x00, 0x00, 0x01, 0x00, 0x00, 0x00, 0x00, 0x00, 0x00, 0x00, 0x00, 0x00, 0x00, 0x00, 0x00,
    0x00, 0x00, 0x00, 0x00, 0x00, 0x00, 0x00, 0x00, 0x00, 0x00, 0x00, 0x00, 0x00, 0x00, 0x00, 0x00,
    0x00, 0x00, 0x00, 0x01, 0x00, 0x00, 0x00, 0x00, 0x00, 0x00, 0x00, 0x00, 0x00, 0x00, 0x00, 0x00,
    0x00, 0x00, 0x00, 0x00, 0x00, 0x00, 0x00, 0x00, 0x00, 0x00, 0x00, 0x00, 0x00, 0x00, 0x00, 0x01,
    0x00, 0x00, 0x00, 0x00, 0x00, 0x00, 0x00, 0x00, 0x00, 0x00, 0x00, 0x00, 0x00, 0x00, 0x00, 0x00,
    0x00, 0x00, 0x00, 0x00, 0x00, 0x00, 0x00, 0x00, 0x00, 0x00, 0x00, 0x00, 0x00, 0x00, 0x00, 0x00,
    0x00, 0x00, 0x00, 0x00, 0x00, 0x00, 0x00, 0x00, 0x00, 0x00, 0x00, 0x01, 0x00, 0x00, 0x00, 0x01,
    0x00, 0x00, 0x00, 0x00, 0x00, 0x00, 0x00, 0x01, 0x00, 0x00, 0x00, 0x01, 0x00, 0x00, 0x00, 0x00,
    0x00, 0x00, 0x00, 0x00, 0x00, 0x00, 0x00, 0x00, 0x00, 0x00, 0x00, 0x02, 0x00, 0x00, 0x00, 0x00,
    0x00, 0x00, 0x00, 0x00, 0x00, 0x00, 0x00, 0x00, 0x00, 0x00, 0x00, 0x01, 0x00, 0x00, 0x00, 0x01,
    0x00, 0x00, 0x00, 0x00, 0x00, 0x00, 0x00, 0x00, 0x00, 0x00, 0x00, 0x00, 0x00, 0x00, 0x00, 0x00,
    0x00, 0x00, 0x00, 0x00, 0x00, 0x00, 0x00, 0x00, 0x00, 0x00, 0x00, 0x00, 0x00, 0x00, 0x00, 0x00,
    0x00, 0x00, 0x00, 0x00, 0x00, 0x00, 0x00, 0x00, 0x00, 0x00, 0x00, 0x00, 0x00, 0x00, 0x00, 0x00,
    0x00, 0x00, 0x00, 0x00, 0x00, 0x00, 0x00, 0x00, 0x00, 0x00, 0x00, 0x00, 0x00, 0x00, 0x00, 0x00,
    0x00, 0x00, 0x00, 0x01, 0x00, 0x00, 0x00, 0x02, 0x00, 0x00, 0x00, 0x00, 0x00, 0x00, 0x00, 0x00,
    0x00, 0x00, 0x00, 0x00, 0x00, 0x00, 0x00, 0x00, 0x00, 0x00, 0x00, 0x00, 0x00, 0x00, 0x00, 0x00,
    0x00, 0x00, 0x00, 0x01, 0x00, 0x00, 0x00, 0x00, 0x00, 0x00, 0x00, 0x00, 0x00, 0x00, 0x00, 0x00,
    0x00, 0x00, 0x00, 0x00, 0x00, 0x00, 0x00, 0x00, 0x00, 0x00, 0x00, 0x00, 0x00, 0x00, 0x00, 0x00,
    0x00, 0x00, 0x00, 0x01, 0x00, 0x00, 0x00, 0x01, 0x00, 0x00, 0x00, 0x00, 0x00, 0x00, 0x00, 0x00,
    0x00, 0x00, 0x00, 0x00, 0x00, 0x00, 0x00, 0x02, 0x00, 0x00, 0x00, 0x02, 0x00, 0x00, 0x00, 0x00,
    0x00, 0x00, 0x00, 0x01, 0x00, 0x00, 0x00, 0x00, 0x00, 0x00, 0x00, 0x00, 0x00, 0x00, 0x00, 0x00,
    0x00, 0x00, 0x00, 0x00, 0x00, 0x00, 0x00, 0x00, 0x00, 0x00, 0x00, 0x00, 0x00, 0x00, 0x00, 0x00,
    0x00, 0x00, 0x00, 0x00, 0x00, 0x00, 0x00, 0x00, 0x00, 0x00, 0x00, 0x00, 0x00, 0x00, 0x00, 0x00,
    0x00, 0x00, 0x00, 0x00, 0x00, 0x00, 0x00, 0x00, 0x00, 0x00, 0x00, 0x01, 0x00, 0x00, 0x00, 0x00,
    0x00, 0x00, 0x00, 0x00, 0x00, 0x00, 0x00, 0x01, 0x00, 0x00, 0x00, 0x00, 0x00, 0x00, 0x00, 0x00,
    0x00, 0x00, 0x00, 0x00, 0x00, 0x00, 0x00, 0x00, 0x00, 0x00, 0x00, 0x00, 0x00, 0x00, 0x00, 0x00,
    0x00, 0x00, 0x00, 0x01, 0x00, 0x00, 0x00, 0x00, 0x00, 0x00, 0x00, 0x00, 0x00, 0x00, 0x00, 0x00,
    0x00, 0x00, 0x00, 0x00, 0x00, 0x00, 0x00, 0x00, 0x00, 0x00, 0x00, 0x01, 0x00, 0x00, 0x00, 0x02,
    0x00, 0x00, 0x00, 0x00, 0x00, 0x00, 0x00, 0x01, 0x00, 0x00, 0x00, 0x03, 0x00, 0x00, 0x00, 0x01,
    0x00, 0x00, 0x00, 0x00, 0x00, 0x00, 0x00, 0x00, 0x00, 0x00, 0x00, 0x00, 0x00, 0x00, 0x00, 0x00,
    0x00, 0x00, 0x00, 0x00, 0x00, 0x00, 0x00, 0x00, 0x00, 0x00, 0x00, 0x00, 0x00, 0x00, 0x00, 0x00,
    0x00, 0x00, 0x00, 0x00, 0x00, 0x00, 0x00, 0x00, 0x00, 0x00, 0x00, 0x00, 0x00, 0x00, 0x00, 0x00,
    0x00, 0x00, 0x00, 0x01, 0x00, 0x00, 0x00, 0x02, 0x00, 0x00, 0x00, 0x02, 0x00, 0x00, 0x00, 0x00,
    0x00, 0x00, 0x00, 0x00, 0x00, 0x00, 0x00, 0x00, 0x00, 0x00, 0x00, 0x00, 0x00, 0x00, 0x00, 0x00,
    0x00, 0x00, 0x00, 0x00, 0x00, 0x00, 0x00, 0x00, 0x00, 0x00, 0x00, 0x00, 0x00, 0x00, 0x00, 0x01,
    0x00, 0x00, 0x00, 0x01, 0x00, 0x00, 0x00, 0x00, 0x00, 0x00, 0x00, 0x00, 0x00, 0x00, 0x00, 0x00,
    0x00, 0x00, 0x00, 0x00, 0x00, 0x00, 0x00, 0x01, 0x00, 0x00, 0x00, 0x01, 0x00, 0x00, 0x00, 0x01,
    0x00, 0x00, 0x00, 0x01, 0x00, 0x00, 0x00, 0x01, 0x00, 0x00, 0x00, 0x01, 0x00, 0x00, 0x00, 0x00,
    0x00, 0x00, 0x00, 0x01, 0x00, 0x00, 0x00, 0x00, 0x00, 0x00, 0x00, 0x00, 0x00, 0x00, 0x00, 0x00,
    0x00, 0x00, 0x00, 0x00, 0x00, 0x00, 0x00, 0x01, 0x00, 0x00, 0x00, 0x01, 0x00, 0x00, 0x00, 0x01,
    0x00, 0x00, 0x00, 0x01, 0x00, 0x00, 0x00, 0x00, 0x00, 0x00, 0x00, 0x00, 0x00, 0x00, 0x00, 0x00,
    0x00, 0x00, 0x00, 0x00, 0x00, 0x00, 0x00, 0x01, 0x00, 0x00, 0x00, 0x01, 0x00, 0x00, 0x00, 0x00,
    0x00, 0x00, 0x00, 0x02, 0x00, 0x00, 0x00, 0x01, 0x00, 0x00, 0x00, 0x00, 0x00, 0x00, 0x00, 0x00,
    0x00, 0x00, 0x00, 0x01, 0x00, 0x00, 0x00, 0x00, 0x00, 0x00, 0x00, 0x00, 0x00, 0x00, 0x00, 0x00,
    0x00, 0x00, 0x00, 0x00, 0x00, 0x00, 0x00, 0x00, 0x00, 0x00, 0x00, 0x00, 0x00, 0x00, 0x00, 0x00,
    0x00, 0x00, 0x00, 0x00, 0x00, 0x00, 0x00, 0x00, 0x00, 0x00, 0x00, 0x00, 0x00, 0x00, 0x00, 0x00,
    0x00, 0x00, 0x00, 0x00, 0x00, 0x00, 0x00, 0x01, 0x00, 0x00, 0x00, 0x00, 0x00, 0x00, 0x00, 0x00,
    0x00, 0x00, 0x00, 0x00, 0x00, 0x00, 0x00, 0x01, 0x00, 0x00, 0x00, 0x00, 0x00, 0x00, 0x00, 0x00,
    0x00, 0x00, 0x00, 0x00, 0x00, 0x00, 0x00, 0x01, 0x00, 0x00, 0x00, 0x01, 0x00, 0x00, 0x00, 0x00,
    0x00, 0x00, 0x00, 0x01, 0x00, 0x00, 0x00, 0x00, 0x00, 0x00, 0x00, 0x01, 0x00, 0x00, 0x00, 0x00,
    0x00, 0x00, 0x00, 0x00, 0x00, 0x00, 0x00, 0x00, 0x00, 0x00, 0x00, 0x01, 0x00, 0x00, 0x00, 0x02,
    0x00, 0x00, 0x00, 0x01, 0x00, 0x00, 0x00, 0x00, 0x00, 0x00, 0x00, 0x00, 0x00, 0x00, 0x00, 0x00,
    0x00, 0x00, 0x00, 0x00, 0x00, 0x00, 0x00, 0x00, 0x00, 0x00, 0x00, 0x01, 0x00, 0x00, 0x00, 0x00,
    0x00, 0x00, 0x00, 0x00, 0x00, 0x00, 0x00, 0x00, 0x00, 0x00, 0x00, 0x00, 0x00, 0x00, 0x00, 0x00,
    0x00, 0x00, 0x00, 0x00, 0x00, 0x00, 0x00, 0x00, 0x00, 0x00, 0x00, 0x00, 0x00, 0x00, 0x00, 0x00,
    0x00, 0x00, 0x00, 0x01, 0x00, 0x00, 0x00, 0x01, 0x00, 0x00, 0x00, 0x00, 0x00, 0x00, 0x00, 0x00,
    0x00, 0x00, 0x00, 0x00, 0x00, 0x00, 0x00, 0x01, 0x00, 0x00, 0x00, 0x00, 0x00, 0x00, 0x00, 0x00,
    0x00, 0x00, 0x00, 0x00, 0x00, 0x00, 0x00, 0x01, 0x00, 0x00, 0x00, 0x00, 0x00, 0x00, 0x00, 0x00,
    0x00, 0x00, 0x00, 0x00, 0x00, 0x00, 0x00, 0x00, 0x00, 0x00, 0x00, 0x00, 0x00, 0x00, 0x00, 0x00,
    0x00, 0x00, 0x00, 0x00, 0x00, 0x00, 0x00, 0x00, 0x00, 0x00, 0x00, 0x00, 0x00, 0x00, 0x00, 0x00,
    0x00, 0x00, 0x00, 0x00, 0x00, 0x00, 0x00, 0x00, 0x00, 0x00, 0x00, 0x02, 0x00, 0x00, 0x00, 0x00,
    0x00, 0x00, 0x00, 0x01, 0x00, 0x00, 0x00, 0x00, 0x00, 0x00, 0x00, 0x00, 0x00, 0x00, 0x00, 0x00,
    0x00, 0x00, 0x00, 0x00, 0x00, 0x00, 0x00, 0x00, 0x00, 0x00, 0x00, 0x00, 0x00, 0x00, 0x00, 0x00,
    0x00, 0x00, 0x00, 0x01, 0x00, 0x00, 0x00, 0x00, 0x00, 0x00, 0x00, 0x00, 0x00, 0x00, 0x00, 0x00,
    0x00, 0x00, 0x00, 0x00, 0x00, 0x00, 0x00, 0x00, 0x00, 0x00, 0x00, 0x00, 0x00, 0x00, 0x00, 0x01,
    0x00, 0x00, 0x00, 0x00, 0x00, 0x00, 0x00, 0x00, 0x00, 0x00, 0x00, 0x00, 0x00, 0x00, 0x00, 0x00,
    0x00, 0x00, 0x00, 0x01, 0x00, 0x00, 0x00, 0x00, 0x00, 0x00, 0x00, 0x00, 0x00, 0x00, 0x00, 0x00,
    0x00, 0x00, 0x00, 0x02, 0x00, 0x00, 0x00, 0x01, 0x00, 0x00, 0x00, 0x00, 0x00, 0x00, 0x00, 0x00,
    0x00, 0x00, 0x00, 0x00, 0x00, 0x00, 0x00, 0x00, 0x00, 0x00, 0x00, 0x00, 0x00, 0x00, 0x00, 0x00,
    0x00, 0x00, 0x00, 0x00, 0x00, 0x00, 0x00, 0x00, 0x00, 0x00, 0x00, 0x00, 0x00, 0x00, 0x00, 0x01,
    0x00, 0x00, 0x00, 0x00, 0x00, 0x00, 0x00, 0x00, 0x00, 0x00, 0x00, 0x00, 0x00, 0x00, 0x00, 0x00,
    0x00, 0x00, 0x00, 0x00, 0x00, 0x00, 0x00, 0x00, 0x00, 0x00, 0x00, 0x00, 0x00, 0x00, 0x00, 0x00,
    0x00, 0x00, 0x00, 0x00, 0x00, 0x00, 0x00, 0x00, 0x00, 0x00, 0x00, 0x00, 0x00, 0x00, 0x00, 0x00,
    0x00, 0x00, 0x00, 0x00, 0x00, 0x00, 0x00, 0x00, 0x00, 0x00, 0x00, 0x00, 0x00, 0x00, 0x00, 0x01,
    0x00, 0x00, 0x00, 0x00, 0x00, 0x00, 0x00, 0x00, 0x00, 0x00, 0x00, 0x00, 0x00, 0x00, 0x00, 0x00,
    0x00, 0x00, 0x00, 0x00, 0x00, 0x00, 0x00, 0x00, 0x00, 0x00, 0x00, 0x00, 0x00, 0x00, 0x00, 0x00,
    0x00, 0x00, 0x00, 0x00, 0x00, 0x00, 0x00, 0x00, 0x00, 0x00, 0x00, 0x00, 0x00, 0x00, 0x00, 0x00,
    0x00, 0x00, 0x00, 0x00, 0x00, 0x00, 0x00, 0x00, 0x00, 0x00, 0x00, 0x00, 0x00, 0x00, 0x00, 0x00,
    0x00, 0x00, 0x00, 0x00, 0x00, 0x00, 0x00, 0x00, 0x00, 0x00, 0x00, 0x00, 0x00, 0x00, 0x00, 0x00,
    0x00, 0x00, 0x00, 0x01, 0x00, 0x00, 0x00, 0x01, 0x00, 0x00, 0x00, 0x00, 0x00, 0x00, 0x00, 0x00,
    0x00, 0x00, 0x00, 0x00, 0x00, 0x00, 0x00, 0x00, 0x00, 0x00, 0x00, 0x00, 0x00, 0x00, 0x00, 0x00,
    0x00, 0x00, 0x00, 0x00, 0x00, 0x00, 0x00, 0x00, 0x00, 0x00, 0x00, 0x00, 0x00, 0x00, 0x00, 0x00,
    0x00, 0x00, 0x00, 0x00, 0x00, 0x00, 0x00, 0x00, 0x00, 0x00, 0x00, 0x00, 0x00, 0x00, 0x00, 0x00,
    0x00, 0x00, 0x00, 0x01, 0x00, 0x00, 0x00, 0x00, 0x00, 0x00, 0x00, 0x00, 0x00, 0x00, 0x00, 0x00,
    0x00, 0x00, 0x00, 0x00, 0x00, 0x00, 0x00, 0x00, 0x00, 0x00, 0x00, 0x00, 0x00, 0x00, 0x00, 0x00,
    0x00, 0x00, 0x00, 0x02, 0x00, 0x00, 0x00, 0x01, 0x00, 0x00, 0x00, 0x01, 0x00, 0x00, 0x00, 0x00,
    0x00, 0x00, 0x00, 0x00, 0x00, 0x00, 0x00, 0x00, 0x00, 0x00, 0x00, 0x00, 0x00, 0x00, 0x00, 0x01,
    0x00, 0x00, 0x00, 0x01, 0x00, 0x00, 0x00, 0x00, 0x00, 0x00, 0x00, 0x00, 0x00, 0x00, 0x00, 0x00,
    0x00, 0x00, 0x00, 0x00, 0x00, 0x00, 0x00, 0x00, 0x00, 0x00, 0x00, 0x01, 0x00, 0x00, 0x00, 0x00,
    0x00, 0x00, 0x00, 0x00, 0x00, 0x00, 0x00, 0x00, 0x00, 0x00, 0x00, 0x00, 0x00, 0x00, 0x00, 0x00,
    0x00, 0x00, 0x00, 0x00, 0x00, 0x00, 0x00, 0x00, 0x00, 0x00, 0x00, 0x00, 0x00, 0x00, 0x00, 0x00,
    0x00, 0x00, 0x00, 0x01, 0x00, 0x00, 0x00, 0x00, 0x00, 0x00, 0x00, 0x00, 0x00, 0x00, 0x00, 0x00,
    0x00, 0x00, 0x00, 0x00, 0x00, 0x00, 0x00, 0x00, 0x00, 0x00, 0x00, 0x00, 0x00, 0x00, 0x00, 0x00,
    0x00, 0x00, 0x00, 0x00, 0x00, 0x00, 0x00, 0x00, 0x00, 0x00, 0x00, 0x01, 0x00, 0x00, 0x00, 0x00,
    0x00, 0x00, 0x00, 0x00, 0x00, 0x00, 0x00, 0x00, 0x00, 0x00, 0x00, 0x00, 0x00, 0x00, 0x00, 0x00,
    0x00, 0x00, 0x00, 0x00, 0x00, 0x00, 0x00, 0x00, 0x00, 0x00, 0x00, 0x00, 0x00, 0x00, 0x00, 0x00,
    0x00, 0x00, 0x00, 0x00, 0x00, 0x00, 0x00, 0x00, 0x00, 0x00, 0x00, 0x00, 0x00, 0x00, 0x00, 0x00,
    0x00, 0x00, 0x00, 0x01, 0x00, 0x00, 0x00, 0x00, 0x00, 0x00, 0x00, 0x01, 0x00, 0x00, 0x00, 0x00,
    0x00, 0x00, 0x00, 0x01, 0x00, 0x00, 0x00, 0x02, 0x00, 0x00, 0x00, 0x00, 0x00, 0x00, 0x00, 0x00,
    0x00, 0x00, 0x00, 0x00, 0x00, 0x00, 0x00, 0x00, 0x00, 0x00, 0x00, 0x00, 0x00, 0x00, 0x00, 0x00,
    0x00, 0x00, 0x00, 0x00, 0x00, 0x00, 0x00, 0x00, 0x00, 0x00, 0x00, 0x00, 0x00, 0x00, 0x00, 0x00,
    0x00, 0x00, 0x00, 0x00, 0x00, 0x00, 0x00, 0x00, 0x00, 0x00, 0x00, 0x00, 0x00, 0x00, 0x00, 0x00,
    0x00, 0x00, 0x00, 0x00, 0x00, 0x00, 0x00, 0x00, 0x00, 0x00, 0x00, 0x00, 0x00, 0x00, 0x00, 0x00,
    0x00, 0x00, 0x00, 0x00, 0x00, 0x00, 0x00, 0x00, 0x00, 0x00, 0x00, 0x00, 0x00, 0x00, 0x00, 0x00,
    0x00, 0x00, 0x00, 0x00, 0x00, 0x00, 0x00, 0x00, 0x00, 0x00, 0x00, 0x00, 0x00, 0x00, 0x00, 0x00,
    0x00, 0x00, 0x00, 0x00, 0x00, 0x00, 0x00, 0x00, 0x00, 0x00, 0x00, 0x00, 0x00, 0x00, 0x00, 0x00,
    0x00, 0x00, 0x00, 0x00, 0x00, 0x00, 0x00, 0x01, 0x00, 0x00, 0x00, 0x01, 0x00, 0x00, 0x00, 0x00,
    0x00, 0x00, 0x00, 0x02, 0x00, 0x00, 0x00, 0x00, 0x00, 0x00, 0x00, 0x00, 0x00, 0x00, 0x00, 0x00,
    0x00, 0x00, 0x00, 0x02, 0x00, 0x00, 0x00, 0x01, 0x00, 0x00, 0x00, 0x00, 0x00, 0x00, 0x00, 0x00,
    0x00, 0x00, 0x00, 0x00, 0x00, 0x00, 0x00, 0x00, 0x00, 0x00, 0x00, 0x00, 0x00, 0x00, 0x00, 0x00,
    0x00, 0x00, 0x00, 0x00, 0x00, 0x00, 0x00, 0x00, 0x00, 0x00, 0x00, 0x00, 0x00, 0x00, 0x00, 0x00,
    0x00, 0x00, 0x00, 0x00, 0x00, 0x00, 0x00, 0x02, 0x00, 0x00, 0x00, 0x01, 0x00, 0x00, 0x00, 0x00,
    0x00, 0x00, 0x00, 0x01, 0x00, 0x00, 0x00, 0x01, 0x00, 0x00, 0x00, 0x00, 0x00, 0x00, 0x00, 0x00,
    0x00, 0x00, 0x00, 0x00, 0x00, 0x00, 0x00, 0x01, 0x00, 0x00, 0x00, 0x00, 0x00, 0x00, 0x00, 0x00,
    0x00, 0x00, 0x00, 0x00, 0x00, 0x00, 0x00, 0x00, 0x00, 0x00, 0x00, 0x01, 0x00, 0x00, 0x00, 0x00,
    0x00, 0x00, 0x00, 0x00, 0x00, 0x00, 0x00, 0x00, 0x00, 0x00, 0x00, 0x00, 0x00, 0x00, 0x00, 0x00,
    0x00, 0x00, 0x00, 0x00, 0x00, 0x00, 0x00, 0x00, 0x00, 0x00, 0x00, 0x01, 0x00, 0x00, 0x00, 0x01,
    0x00, 0x00, 0x00, 0x00, 0x00, 0x00, 0x00, 0x00, 0x00, 0x00, 0x00, 0x00, 0x00, 0x00, 0x00, 0x01,
    0x00, 0x00, 0x00, 0x01, 0x00, 0x00, 0x00, 0x00, 0x00, 0x00, 0x00, 0x00, 0x00, 0x00, 0x00, 0x00,
    0x00, 0x00, 0x00, 0x01, 0x00, 0x00, 0x00, 0x01, 0x00, 0x00, 0x00, 0x00, 0x00, 0x00, 0x00, 0x01,
    0x00, 0x00, 0x00, 0x01, 0x00, 0x00, 0x00, 0x00, 0x00, 0x00, 0x00, 0x00, 0x00, 0x00, 0x00, 0x02,
    0x00, 0x00, 0x00, 0x02, 0x00, 0x00, 0x00, 0x00, 0x00, 0x00, 0x00, 0x00, 0x00, 0x00, 0x00, 0x00,
    0x00, 0x00, 0x00, 0x01, 0x00, 0x00, 0x00, 0x00, 0x00, 0x00, 0x00, 0x00, 0x00, 0x00, 0x00, 0x00,
    0x00, 0x00, 0x00, 0x01, 0x00, 0x00, 0x00, 0x00, 0x00, 0x00, 0x00, 0x00, 0x00, 0x00, 0x00, 0x00,
    0x00, 0x00, 0x00, 0x00, 0x00, 0x00, 0x00, 0x00, 0x00, 0x00, 0x00, 0x00, 0x00, 0x00, 0x00, 0x00,
    0x00, 0x00, 0x00, 0x02, 0x00, 0x00, 0x00, 0x00, 0x00, 0x00, 0x00, 0x01, 0x00, 0x00, 0x00, 0x01,
    0x00, 0x00, 0x00, 0x00, 0x00, 0x00, 0x00, 0x00, 0x00, 0x00, 0x00, 0x00, 0x00, 0x00, 0x00, 0x00,
    0x00, 0x00, 0x00, 0x00, 0x00, 0x00, 0x00, 0x00, 0x00, 0x00, 0x00, 0x00, 0x00, 0x00, 0x00, 0x00,
    0x00, 0x00, 0x00, 0x00, 0x00, 0x00, 0x00, 0x00, 0x00, 0x00, 0x00, 0x00, 0x00, 0x00, 0x00, 0x00,
    0x00, 0x00, 0x00, 0x00, 0x00, 0x00, 0x00, 0x00, 0x00, 0x00, 0x00, 0x00, 0x00, 0x00, 0x00, 0x00,
    0x00, 0x00, 0x00, 0x00, 0x00, 0x00, 0x00, 0x00, 0x00, 0x00, 0x00, 0x00, 0x00, 0x00, 0x00, 0x00,
    0x00, 0x00, 0x00, 0x00, 0x00, 0x00, 0x00, 0x00, 0x00, 0x00, 0x00, 0x00, 0x00, 0x00, 0x00, 0x00,
    0x00, 0x00, 0x00, 0x01, 0x00, 0x00, 0x00, 0x01, 0x00, 0x00, 0x00, 0x00, 0x00, 0x00, 0x00, 0x00,
    0x00, 0x00, 0x00, 0x00, 0x00, 0x00, 0x00, 0x00, 0x00, 0x00, 0x00, 0x00, 0x00, 0x00, 0x00, 0x00,
    0x00, 0x00, 0x00, 0x00, 0x00, 0x00, 0x00, 0x01, 0x00, 0x00, 0x00, 0x00, 0x00, 0x00, 0x00, 0x01,
    0x00, 0x00, 0x00, 0x00, 0x00, 0x00, 0x00, 0x00, 0x00, 0x00, 0x00, 0x00, 0x00, 0x00, 0x00, 0x00,
    0x00, 0x00, 0x00, 0x00, 0x00, 0x00, 0x00, 0x00, 0x00, 0x00, 0x00, 0x00, 0x00, 0x00, 0x00, 0x00,
    0x00, 0x00, 0x00, 0x00, 0x00, 0x00, 0x00, 0x00, 0x00, 0x00, 0x00, 0x00, 0x00, 0x00, 0x00, 0x00,
    0x00, 0x00, 0x00, 0x00, 0x00, 0x00, 0x00, 0x00, 0x00, 0x00, 0x00, 0x02, 0x00, 0x00, 0x00, 0x01,
    0x00, 0x00, 0x00, 0x00, 0x00, 0x00, 0x00, 0x00, 0x00, 0x00, 0x00, 0x00, 0x00, 0x00, 0x00, 0x00,
    0x00, 0x00, 0x00, 0x00, 0x00, 0x00, 0x00, 0x00, 0x00, 0x00, 0x00, 0x00, 0x00, 0x00, 0x00, 0x00,
    0x00, 0x00, 0x00, 0x00, 0x00, 0x00, 0x00, 0x00, 0x00, 0x00, 0x00, 0x00, 0x00, 0x00, 0x00, 0x00,
    0x00, 0x00, 0x00, 0x00, 0x00, 0x00, 0x00, 0x01, 0x00, 0x00, 0x00, 0x00, 0x00, 0x00, 0x00, 0x00,
    0x00, 0x00, 0x00, 0x00, 0x00, 0x00, 0x00, 0x01, 0x00, 0x00, 0x00, 0x00, 0x00, 0x00, 0x00, 0x00,
    0x00, 0x00, 0x00, 0x00, 0x00, 0x00, 0x00, 0x00, 0x00, 0x00, 0x00, 0x00, 0x00, 0x00, 0x00, 0x00,
    0x00, 0x00, 0x00, 0x00, 0x00, 0x00, 0x00, 0x00, 0x00, 0x00, 0x00, 0x00, 0x00, 0x00, 0x00, 0x00,
    0x00, 0x00, 0x00, 0x00, 0x00, 0x00, 0x00, 0x00, 0x00, 0x00, 0x00, 0x00, 0x00, 0x00, 0x00, 0x00,
    0x00, 0x00, 0x00, 0x00, 0x00, 0x00, 0x00, 0x00, 0x00, 0x00, 0x00, 0x00, 0x00, 0x00, 0x00, 0x00,
    0x00, 0x00, 0x00, 0x00, 0x00, 0x00, 0x00, 0x00, 0x00, 0x00, 0x00, 0x00, 0x00, 0x00, 0x00, 0x00,
    0x00, 0x00, 0x00, 0x00, 0x00, 0x00, 0x00, 0x00, 0x00, 0x00, 0x00, 0x00, 0x00, 0x00, 0x00, 0x00,
    0x00, 0x00, 0x00, 0x00, 0x00, 0x00, 0x00, 0x00, 0x00, 0x00, 0x00, 0x01, 0x00, 0x00, 0x00, 0x00,
    0x00, 0x00, 0x00, 0x00, 0x00, 0x00, 0x00, 0x00, 0x00, 0x00, 0x00, 0x00, 0x00, 0x00, 0x00, 0x00,
    0x00, 0x00, 0x00, 0x01, 0x00, 0x00, 0x00, 0x00, 0x00, 0x00, 0x00, 0x00, 0x00, 0x00, 0x00, 0x01,
    0x00, 0x00, 0x00, 0x00, 0x00, 0x00, 0x00, 0x00, 0x00, 0x00, 0x00, 0x00, 0x00, 0x00, 0x00, 0x00,
    0x00, 0x00, 0x00, 0x00, 0x00, 0x00, 0x00, 0x00, 0x00, 0x00, 0x00, 0x00, 0x00, 0x00, 0x00, 0x00,
    0x00, 0x00, 0x00, 0x00, 0x00, 0x00, 0x00, 0x00, 0x00, 0x00, 0x00, 0x00, 0x00, 0x00, 0x00, 0x00,
    0x00, 0x00, 0x00, 0x00, 0x00, 0x00, 0x00, 0x01, 0x00, 0x00, 0x00, 0x01, 0x00, 0x00, 0x00, 0x01,
    0x00, 0x00, 0x00, 0x01, 0x00, 0x00, 0x00, 0x00, 0x00, 0x00, 0x00, 0x00, 0x00, 0x00, 0x00, 0x00,
    0x00, 0x00, 0x00, 0x00, 0x00, 0x00, 0x00, 0x00, 0x00, 0x00, 0x00, 0x00, 0x00, 0x00, 0x00, 0x00,
    0x00, 0x00, 0x00, 0x00, 0x00, 0x00, 0x00, 0x00, 0x00, 0x00, 0x00, 0x00, 0x00, 0x00, 0x00, 0x00,
    0x00, 0x00, 0x00, 0x00, 0x00, 0x00, 0x00, 0x00, 0x00, 0x00, 0x00, 0x00, 0x00, 0x00, 0x00, 0x00,
    0x00, 0x00, 0x00, 0x00, 0x00, 0x00, 0x00, 0x00, 0x00, 0x00, 0x00, 0x00, 0x00, 0x00, 0x00, 0x00,
    0x00, 0x00, 0x00, 0x00, 0x00, 0x00, 0x00, 0x00, 0x00, 0x00, 0x00, 0x00, 0x00, 0x00, 0x00, 0x00,
    0x00, 0x00, 0x00, 0x01, 0x00, 0x00, 0x00, 0x01, 0x00, 0x00, 0x00, 0x00, 0x00, 0x00, 0x00, 0x00,
    0x00, 0x00, 0x00, 0x00, 0x00, 0x00, 0x00, 0x00, 0x00, 0x00, 0x00, 0x00, 0x00, 0x00, 0x00, 0x00,
    0x00, 0x00, 0x00, 0x00, 0x00, 0x00, 0x00, 0x00, 0x00, 0x00, 0x00, 0x00, 0x00, 0x00, 0x00, 0x00,
    0x00, 0x00, 0x00, 0x00, 0x00, 0x00, 0x00, 0x01, 0x00, 0x00, 0x00, 0x00, 0x00, 0x00, 0x00, 0x00,
    0x00, 0x00, 0x00, 0x00, 0x00, 0x00, 0x00, 0x00, 0x00, 0x00, 0x00, 0x00, 0x00, 0x00, 0x00, 0x00,
    0x00, 0x00, 0x00, 0x00, 0x00, 0x00, 0x00, 0x00, 0x00, 0x00, 0x00, 0x00, 0x00, 0x00, 0x00, 0x00,
    0x00, 0x00, 0x00, 0x00, 0x00, 0x00, 0x00, 0x00, 0x00, 0x00, 0x00, 0x00, 0x00, 0x00, 0x00, 0x00,
    0x00, 0x00, 0x00, 0x00, 0x00, 0x00, 0x00, 0x00, 0x00, 0x00, 0x00, 0x00, 0x00, 0x00, 0x00, 0x00,
    0x00, 0x00, 0x00, 0x00, 0x00, 0x00, 0x00, 0x00, 0x00, 0x00, 0x00, 0x00, 0x00, 0x00, 0x00, 0x00,
    0x00, 0x00, 0x00, 0x00, 0x00, 0x00, 0x00, 0x00, 0x00, 0x00, 0x00, 0x00, 0x00, 0x00, 0x00, 0x00,
    0x00, 0x00, 0x00, 0x01, 0x00, 0x00, 0x00, 0x00, 0x00, 0x00, 0x00, 0x00, 0x00, 0x00, 0x00, 0x01,
    0x00, 0x00, 0x00, 0x00, 0x00, 0x00, 0x00, 0x00, 0x00, 0x00, 0x00, 0x00, 0x00, 0x00, 0x00, 0x00,
    0x00, 0x00, 0x00, 0x00, 0x00, 0x00, 0x00, 0x00, 0x00, 0x00, 0x00, 0x00, 0x00, 0x00, 0x00, 0x00,
    0x00, 0x00, 0x00, 0x00, 0x00, 0x00, 0x00, 0x01, 0x00, 0x00, 0x00, 0x00, 0x00, 0x00, 0x00, 0x00,
    0x00, 0x00, 0x00, 0x02, 0x00, 0x00, 0x00, 0x01, 0x00, 0x00, 0x00, 0x00, 0x00, 0x00, 0x00, 0x00,
    0x00, 0x00, 0x00, 0x00, 0x00, 0x00, 0x00, 0x00, 0x00, 0x00, 0x00, 0x01, 0x00, 0x00, 0x00, 0x01,
    0x00, 0x00, 0x00, 0x00, 0x00, 0x00, 0x00, 0x00, 0x00, 0x00, 0x00, 0x00, 0x00, 0x00, 0x00, 0x00,
    0x00, 0x00, 0x00, 0x00, 0x00, 0x00, 0x00, 0x00, 0x00, 0x00, 0x00, 0x00, 0x00, 0x00, 0x00, 0x01,
    0x00, 0x00, 0x00, 0x01, 0x00, 0x00, 0x00, 0x01, 0x00, 0x00, 0x00, 0x01, 0x00, 0x00, 0x00, 0x02,
    0x00, 0x00, 0x00, 0x00, 0x00, 0x00, 0x00, 0x00, 0x00, 0x00, 0x00, 0x00, 0x00, 0x00, 0x00, 0x00,
    0x00, 0x00, 0x00, 0x00, 0x00, 0x00, 0x00, 0x00, 0x00, 0x00, 0x00, 0x00, 0x00, 0x00, 0x00, 0x00,
    0x00, 0x00, 0x00, 0x00, 0x00, 0x00, 0x00, 0x01, 0x00, 0x00, 0x00, 0x00, 0x00, 0x00, 0x00, 0x00,
    0x00, 0x00, 0x00, 0x01, 0x00, 0x00, 0x00, 0x00, 0x00, 0x00, 0x00, 0x00, 0x00, 0x00, 0x00, 0x01,
    0x00, 0x00, 0x00, 0x01, 0x00, 0x00, 0x00, 0x00, 0x00, 0x00, 0x00, 0x00, 0x00, 0x00, 0x00, 0x00,
    0x00, 0x00, 0x00, 0x00, 0x00, 0x00, 0x00, 0x01, 0x00, 0x00, 0x00, 0x00, 0x00, 0x00, 0x00, 0x01,
    0x00, 0x00, 0x00, 0x00, 0x00, 0x00, 0x00, 0x00, 0x00, 0x00, 0x00, 0x00, 0x00, 0x00, 0x00, 0x01,
    0x00, 0x00, 0x00, 0x00, 0x00, 0x00, 0x00, 0x00, 0x00, 0x00, 0x00, 0x00, 0x00, 0x00, 0x00, 0x00,
    0x00, 0x00, 0x00, 0x00, 0x00, 0x00, 0x00, 0x00, 0x00, 0x00, 0x00, 0x01, 0x00, 0x00, 0x00, 0x01,
    0x00, 0x00, 0x00, 0x02, 0x00, 0x00, 0x00, 0x01, 0x00, 0x00, 0x00, 0x00, 0x00, 0x00, 0x00, 0x00,
    0x00, 0x00, 0x00, 0x00, 0x00, 0x00, 0x00, 0x00, 0x00, 0x00, 0x00, 0x00, 0x00, 0x00, 0x00, 0x00,
    0x00, 0x00, 0x00, 0x00, 0x00, 0x00, 0x00, 0x00, 0x00, 0x00, 0x00, 0x00, 0x00, 0x00, 0x00, 0x00,
    0x00, 0x00, 0x00, 0x00, 0x00, 0x00, 0x00, 0x00, 0x00, 0x00, 0x00, 0x00, 0x00, 0x00, 0x00, 0x00,
    0x00, 0x00, 0x00, 0x00, 0x00, 0x00, 0x00, 0x00, 0x00, 0x00, 0x00, 0x00, 0x00, 0x00, 0x00, 0x00,
    0x00, 0x00, 0x00, 0x00, 0x00, 0x00, 0x00, 0x00, 0x00, 0x00, 0x00, 0x00, 0x00, 0x00, 0x00, 0x01,
    0x00, 0x00, 0x00, 0x00, 0x00, 0x00, 0x00, 0x00, 0x00, 0x00, 0x00, 0x00, 0x00, 0x00, 0x00, 0x00,
    0x00, 0x00, 0x00, 0x00, 0x00, 0x00, 0x00, 0x00, 0x00, 0x00, 0x00, 0x00, 0x00, 0x00, 0x00, 0x00,
    0x00, 0x00, 0x00, 0x00, 0x00, 0x00, 0x00, 0x00, 0x00, 0x00, 0x00, 0x00, 0x00, 0x00, 0x00, 0x00,
    0x00, 0x00, 0x00, 0x00, 0x00, 0x00, 0x00, 0x01, 0x00, 0x00, 0x00, 0x00, 0x00, 0x00, 0x00, 0x00,
    0x00, 0x00, 0x00, 0x00, 0x00, 0x00, 0x00, 0x00, 0x00, 0x00, 0x00, 0x00, 0x00, 0x00, 0x00, 0x00,
    0x00, 0x00, 0x00, 0x00, 0x00, 0x00, 0x00, 0x00, 0x00, 0x00, 0x00, 0x00, 0x00, 0x00, 0x00, 0x00,
    0x00, 0x00, 0x00, 0x00, 0x00, 0x00, 0x00, 0x00, 0x00, 0x00, 0x00, 0x00, 0x00, 0x00, 0x00, 0x00,
    0x00, 0x00, 0x00, 0x00, 0x00, 0x00, 0x00, 0x00, 0x00, 0x00, 0x00, 0x00, 0x00, 0x00, 0x00, 0x01,
    0x00, 0x00, 0x00, 0x01, 0x00, 0x00, 0x00, 0x00, 0x00, 0x00, 0x00, 0x01, 0x00, 0x00, 0x00, 0x00,
    0x00, 0x00, 0x00, 0x00, 0x00, 0x00, 0x00, 0x00, 0x00, 0x00, 0x00, 0x00, 0x00, 0x00, 0x00, 0x00,
    0x00, 0x00, 0x00, 0x00, 0x00, 0x00, 0x00, 0x01, 0x00, 0x00, 0x00, 0x00, 0x00, 0x00, 0x00, 0x00,
    0x00, 0x00, 0x00, 0x00, 0x00, 0x00, 0x00, 0x00, 0x00, 0x00, 0x00, 0x01, 0x00, 0x00, 0x00, 0x01,
    0x00, 0x00, 0x00, 0x00, 0x00, 0x00, 0x00, 0x00, 0x00, 0x00, 0x00, 0x00, 0x00, 0x00, 0x00, 0x00,
    0x00, 0x00, 0x00, 0x00, 0x00, 0x00, 0x00, 0x00, 0x00, 0x00, 0x00, 0x00, 0x00, 0x00, 0x00, 0x00,
    0x00, 0x00, 0x00, 0x01, 0x00, 0x00, 0x00, 0x00, 0x00, 0x00, 0x00, 0x00, 0x00, 0x00, 0x00, 0x00,
    0x00, 0x00, 0x00, 0x00, 0x00, 0x00, 0x00, 0x00, 0x00, 0x00, 0x00, 0x00, 0x00, 0x00, 0x00, 0x00,
    0x00, 0x00, 0x00, 0x00, 0x00, 0x00, 0x00, 0x00, 0x00, 0x00, 0x00, 0x00, 0x00, 0x00, 0x00, 0x00,
    0x00, 0x00, 0x00, 0x00, 0x00, 0x00, 0x00, 0x00, 0x00, 0x00, 0x00, 0x00, 0x00, 0x00, 0x00, 0x00,
    0x00, 0x00, 0x00, 0x00, 0x00, 0x00, 0x00, 0x00, 0x00, 0x00, 0x00, 0x00, 0x00, 0x00, 0x00, 0x00,
    0x00, 0x00, 0x00, 0x00, 0x00, 0x00, 0x00, 0x00, 0x00, 0x00, 0x00, 0x00, 0x00, 0x00, 0x00, 0x00,
    0x00, 0x00, 0x00, 0x00, 0x00, 0x00, 0x00, 0x01, 0x00, 0x00, 0x00, 0x00, 0x00, 0x00, 0x00, 0x01,
    0x00, 0x00, 0x00, 0x00, 0x00, 0x00, 0x00, 0x00, 0x00, 0x00, 0x00, 0x00, 0x00, 0x00, 0x00, 0x00,
    0x00, 0x00, 0x00, 0x01, 0x00, 0x00, 0x00, 0x00, 0x00, 0x00, 0x00, 0x00, 0x00, 0x00, 0x00, 0x01,
    0x00, 0x00, 0x00, 0x01, 0x00, 0x00, 0x00, 0x00, 0x00, 0x00, 0x00, 0x00, 0x00, 0x00, 0x00, 0x00,
    0x00, 0x00, 0x00, 0x00, 0x00, 0x00, 0x00, 0x00, 0x00, 0x00, 0x00, 0x00, 0x00, 0x00, 0x00, 0x00,
    0x00, 0x00, 0x00, 0x00, 0x00, 0x00, 0x00, 0x00, 0x00, 0x00, 0x00, 0x01, 0x00, 0x00, 0x00, 0x00,
    0x00, 0x00, 0x00, 0x00, 0x00, 0x00, 0x00, 0x00, 0x00, 0x00, 0x00, 0x00, 0x00, 0x00, 0x00, 0x00,
    0x00, 0x00, 0x00, 0x00, 0x00, 0x00, 0x00, 0x00, 0x00, 0x00, 0x00, 0x00, 0x00, 0x00, 0x00, 0x00,
    0x00, 0x00, 0x00, 0x00, 0x00, 0x00, 0x00, 0x01, 0x00, 0x00, 0x00, 0x00, 0x00, 0x00, 0x00, 0x00,
    0x00, 0x00, 0x00, 0x00, 0x00, 0x00, 0x00, 0x00, 0x00, 0x00, 0x00, 0x00, 0x00, 0x00, 0x00, 0x00,
    0x00, 0x00, 0x00, 0x00, 0x00, 0x00, 0x00, 0x00, 0x00, 0x00, 0x00, 0x00, 0x00, 0x00, 0x00, 0x00,
    0x00, 0x00, 0x00, 0x00, 0x00, 0x00, 0x00, 0x00, 0x00, 0x00, 0x00, 0x00, 0x00, 0x00, 0x00, 0x00,
    0x00, 0x00, 0x00, 0x00, 0x00, 0x00, 0x00, 0x00, 0x00, 0x00, 0x00, 0x00, 0x00, 0x00, 0x00, 0x00,
    0x00, 0x00, 0x00, 0x00, 0x00, 0x00, 0x00, 0x00, 0x00, 0x00, 0x00, 0x00, 0x00, 0x00, 0x00, 0x00,
    0x00, 0x00, 0x00, 0x00, 0x00, 0x00, 0x00, 0x00, 0x00, 0x00, 0x00, 0x00, 0x00, 0x00, 0x00, 0x00,
    0x00, 0x00, 0x00, 0x01, 0x00, 0x00, 0x00, 0x00, 0x00, 0x00, 0x00, 0x01, 0x00, 0x00, 0x00, 0x00,
    0x00, 0x00, 0x00, 0x00, 0x00, 0x00, 0x00, 0x00, 0x00, 0x00, 0x00, 0x01, 0x00, 0x00, 0x00, 0x01,
    0x00, 0x00, 0x00, 0x00, 0x00, 0x00, 0x00, 0x00, 0x00, 0x00, 0x00, 0x00, 0x00, 0x00, 0x00, 0x00,
    0x00, 0x00, 0x00, 0x01, 0x00, 0x00, 0x00, 0x00, 0x00, 0x00, 0x00, 0x00, 0x00, 0x00, 0x00, 0x00,
    0x00, 0x00, 0x00, 0x00, 0x00, 0x00, 0x00, 0x00, 0x00, 0x00, 0x00, 0x00, 0x00, 0x00, 0x00, 0x00,
    0x00, 0x00, 0x00, 0x00, 0x00, 0x00, 0x00, 0x00, 0x00, 0x00, 0x00, 0x00, 0x00, 0x00, 0x00, 0x00,
    0x00, 0x00, 0x00, 0x00, 0x00, 0x00, 0x00, 0x00, 0x00, 0x00, 0x00, 0x00, 0x00, 0x00, 0x00, 0x00,
    0x00, 0x00, 0x00, 0x00, 0x00, 0x00, 0x00, 0x00, 0x00, 0x00, 0x00, 0x00, 0x00, 0x00, 0x00, 0x00,
    0x00, 0x00, 0x00, 0x00, 0x00, 0x00, 0x00, 0x00, 0x00, 0x00, 0x00, 0x00, 0x00, 0x00, 0x00, 0x00,
    0x00, 0x00, 0x00, 0x00, 0x00, 0x00, 0x00, 0x00, 0x00, 0x00, 0x00, 0x00, 0x00, 0x00, 0x00, 0x00,
    0x00, 0x00, 0x00, 0x00, 0x00, 0x00, 0x00, 0x00, 0x00, 0x00, 0x00, 0x00, 0x00, 0x00, 0x00, 0x01,
    0x00, 0x00, 0x00, 0x00, 0x00, 0x00, 0x00, 0x00, 0x00, 0x00, 0x00, 0x00, 0x00, 0x00, 0x00, 0x00,
    0x00, 0x00, 0x00, 0x00, 0x00, 0x00, 0x00, 0x00, 0x00, 0x00, 0x00, 0x01, 0x00, 0x00, 0x00, 0x01,
    0x00, 0x00, 0x00, 0x00, 0x00, 0x00, 0x00, 0x00, 0x00, 0x00, 0x00, 0x00, 0x00, 0x00, 0x00, 0x00,
    0x00, 0x00, 0x00, 0x02, 0x00, 0x00, 0x00, 0x00, 0x00, 0x00, 0x00, 0x00, 0x00, 0x00, 0x00, 0x00,
    0x00, 0x00, 0x00, 0x00, 0x00, 0x00, 0x00, 0x00, 0x00, 0x00, 0x00, 0x02, 0x00, 0x00, 0x00, 0x00,
    0x00, 0x00, 0x00, 0x00, 0x00, 0x00, 0x00, 0x00, 0x00, 0x00, 0x00, 0x00, 0x00, 0x00, 0x00, 0x00,
    0x00, 0x00, 0x00, 0x01, 0x00, 0x00, 0x00, 0x01, 0x00, 0x00, 0x00, 0x01, 0x00, 0x00, 0x00, 0x00,
    0x00, 0x00, 0x00, 0x00, 0x00, 0x00, 0x00, 0x00, 0x00, 0x00, 0x00, 0x00, 0x00, 0x00, 0x00, 0x00,
    0x00, 0x00, 0x00, 0x00, 0x00, 0x00, 0x00, 0x00, 0x00, 0x00, 0x00, 0x00, 0x00, 0x00, 0x00, 0x00,
    0x00, 0x00, 0x00, 0x00, 0x00, 0x00, 0x00, 0x01, 0x00, 0x00, 0x00, 0x00, 0x00, 0x00, 0x00, 0x00,
    0x00, 0x00, 0x00, 0x00, 0x00, 0x00, 0x00, 0x00, 0x00, 0x00, 0x00, 0x01, 0x00, 0x00, 0x00, 0x00,
    0x00, 0x00, 0x00, 0x00, 0x00, 0x00, 0x00, 0x01, 0x00, 0x00, 0x00, 0x00, 0x00, 0x00, 0x00, 0x00,
    0x00, 0x00, 0x00, 0x01, 0x00, 0x00, 0x00, 0x02, 0x00, 0x00, 0x00, 0x01, 0x00, 0x00, 0x00, 0x00,
    0x00, 0x00, 0x00, 0x01, 0x00, 0x00, 0x00, 0x01, 0x00, 0x00, 0x00, 0x00, 0x00, 0x00, 0x00, 0x00,
    0x00, 0x00, 0x00, 0x00, 0x00, 0x00, 0x00, 0x00, 0x00, 0x00, 0x00, 0x00, 0x00, 0x00, 0x00, 0x00,
    0x00, 0x00, 0x00, 0x00, 0x00, 0x00, 0x00, 0x00, 0x00, 0x00, 0x00, 0x00, 0x00, 0x00, 0x00, 0x00,
    0x00, 0x00, 0x00, 0x00, 0x00, 0x00, 0x00, 0x00, 0x00, 0x00, 0x00, 0x00, 0x00, 0x00, 0x00, 0x00,
    0x00, 0x00, 0x00, 0x00, 0x00, 0x00, 0x00, 0x00, 0x00, 0x00, 0x00, 0x01, 0x00, 0x00, 0x00, 0x00,
    0x00, 0x00, 0x00, 0x00, 0x00, 0x00, 0x00, 0x00, 0x00, 0x00, 0x00, 0x00, 0x00, 0x00, 0x00, 0x00,
    0x00, 0x00, 0x00, 0x01, 0x00, 0x00, 0x00, 0x01, 0x00, 0x00, 0x00, 0x01, 0x00, 0x00, 0x00, 0x00,
    0x00, 0x00, 0x00, 0x00, 0x00, 0x00, 0x00, 0x01, 0x00, 0x00, 0x00, 0x01, 0x00, 0x00, 0x00, 0x00,
    0x00, 0x00, 0x00, 0x00, 0x00, 0x00, 0x00, 0x00, 0x00, 0x00, 0x00, 0x00, 0x00, 0x00, 0x00, 0x00,
    0x00, 0x00, 0x00, 0x00, 0x00, 0x00, 0x00, 0x01, 0x00, 0x00, 0x00, 0x00, 0x00, 0x00, 0x00, 0x00,
    0x00, 0x00, 0x00, 0x00, 0x00, 0x00, 0x00, 0x00, 0x00, 0x00, 0x00, 0x00, 0x00, 0x00, 0x00, 0x00,
    0x00, 0x00, 0x00, 0x00, 0x00, 0x00, 0x00, 0x00, 0x00, 0x00, 0x00, 0x00, 0x00, 0x00, 0x00, 0x00,
    0x00, 0x00, 0x00, 0x00, 0x00, 0x00, 0x00, 0x00, 0x00, 0x00, 0x00, 0x00, 0x00, 0x00, 0x00, 0x01,
    0x00, 0x00, 0x00, 0x00, 0x00, 0x00, 0x00, 0x00, 0x00, 0x00, 0x00, 0x00, 0x00, 0x00, 0x00, 0x00,
    0x00, 0x00, 0x00, 0x02, 0x00, 0x00, 0x00, 0x01, 0x00, 0x00, 0x00, 0x00, 0x00, 0x00, 0x00, 0x00,
    0x00, 0x00, 0x00, 0x00, 0x00, 0x00, 0x00, 0x00, 0x00, 0x00, 0x00, 0x00, 0x00, 0x00, 0x00, 0x00,
    0x00, 0x00, 0x00, 0x00, 0x00, 0x00, 0x00, 0x01, 0x00, 0x00, 0x00, 0x00, 0x00, 0x00, 0x00, 0x00,
    0x00, 0x00, 0x00, 0x01, 0x00, 0x00, 0x00, 0x00, 0x00, 0x00, 0x00, 0x00, 0x00, 0x00, 0x00, 0x00,
    0x00, 0x00, 0x00, 0x00, 0x00, 0x00, 0x00, 0x00, 0x00, 0x00, 0x00, 0x00, 0x00, 0x00, 0x00, 0x00,
    0x00, 0x00, 0x00, 0x00, 0x00, 0x00, 0x00, 0x00, 0x00, 0x00, 0x00, 0x00, 0x00, 0x00, 0x00, 0x00,
    0x00, 0x00, 0x00, 0x01, 0x00, 0x00, 0x00, 0x00, 0x00, 0x00, 0x00, 0x00, 0x00, 0x00, 0x00, 0x00,
    0x00, 0x00, 0x00, 0x00, 0x00, 0x00, 0x00, 0x00, 0x00, 0x00, 0x00, 0x00, 0x00, 0x00, 0x00, 0x00,
    0x00, 0x00, 0x00, 0x00, 0x00, 0x00, 0x00, 0x00, 0x00, 0x00, 0x00, 0x00, 0x00, 0x00, 0x00, 0x00,
    0x00, 0x00, 0x00, 0x00, 0x00, 0x00, 0x00, 0x00, 0x00, 0x00, 0x00, 0x00, 0x00, 0x00, 0x00, 0x00,
    0x00, 0x00, 0x00, 0x00, 0x00, 0x00, 0x00, 0x00, 0x00, 0x00, 0x00, 0x00, 0x00, 0x00, 0x00, 0x00,
    0x00, 0x00, 0x00, 0x00, 0x00, 0x00, 0x00, 0x00, 0x00, 0x00, 0x00, 0x00, 0x00, 0x00, 0x00, 0x00,
    0x00, 0x00, 0x00, 0x01, 0x00, 0x00, 0x00, 0x00, 0x00, 0x00, 0x00, 0x00, 0x00, 0x00, 0x00, 0x00,
    0x00, 0x00, 0x00, 0x00, 0x00, 0x00, 0x00, 0x00, 0x00, 0x00, 0x00, 0x00, 0x00, 0x00, 0x00, 0x00,
    0x00, 0x00, 0x00, 0x00, 0x00, 0x00, 0x00, 0x00, 0x00, 0x00, 0x00, 0x00, 0x00, 0x00, 0x00, 0x00,
    0x00, 0x00, 0x00, 0x00, 0x00, 0x00, 0x00, 0x00, 0x00, 0x00, 0x00, 0x01, 0x00, 0x00, 0x00, 0x00,
    0x00, 0x00, 0x00, 0x01, 0x00, 0x00, 0x00, 0x00, 0x00, 0x00, 0x00, 0x01, 0x00, 0x00, 0x00, 0x00,
    0x00, 0x00, 0x00, 0x00, 0x00, 0x00, 0x00, 0x00, 0x00, 0x00, 0x00, 0x01, 0x00, 0x00, 0x00, 0x00,
    0x00, 0x00, 0x00, 0x00, 0x00, 0x00, 0x00, 0x00, 0x00, 0x00, 0x00, 0x00, 0x00, 0x00, 0x00, 0x00,
    0x00, 0x00, 0x00, 0x00, 0x00, 0x00, 0x00, 0x00, 0x00, 0x00, 0x00, 0x01, 0x00, 0x00, 0x00, 0x00,
    0x00, 0x00, 0x00, 0x01, 0x00, 0x00, 0x00, 0x00, 0x00, 0x00, 0x00, 0x00, 0x00, 0x00, 0x00, 0x00,
    0x00, 0x00, 0x00, 0x00, 0x00, 0x00, 0x00, 0x00, 0x00, 0x00, 0x00, 0x00, 0x00, 0x00, 0x00, 0x00,
    0x00, 0x00, 0x00, 0x00, 0x00, 0x00, 0x00, 0x00, 0x00, 0x00, 0x00, 0x00, 0x00, 0x00, 0x00, 0x00,
    0x00, 0x00, 0x00, 0x00, 0x00, 0x00, 0x00, 0x00, 0x00, 0x00, 0x00, 0x00, 0x00, 0x00, 0x00, 0x00,
    0x00, 0x00, 0x00, 0x00, 0x00, 0x00, 0x00, 0x00, 0x00, 0x00, 0x00, 0x00, 0x00, 0x00, 0x00, 0x00,
    0x00, 0x00, 0x00, 0x01, 0x00, 0x00, 0x00, 0x00, 0x00, 0x00, 0x00, 0x00, 0x00, 0x00, 0x00, 0x00,
    0x00, 0x00, 0x00, 0x02, 0x00, 0x00, 0x00, 0x00, 0x00, 0x00, 0x00, 0x00, 0x00, 0x00, 0x00, 0x00,
    0x00, 0x00, 0x00, 0x01, 0x00, 0x00, 0x00, 0x01, 0x00, 0x00, 0x00, 0x00, 0x00, 0x00, 0x00, 0x01,
    0x00, 0x00, 0x00, 0x00, 0x00, 0x00, 0x00, 0x00, 0x00, 0x00, 0x00, 0x00, 0x00, 0x00, 0x00, 0x02,
    0x00, 0x00, 0x00, 0x00, 0x00, 0x00, 0x00, 0x00, 0x00, 0x00, 0x00, 0x00, 0x00, 0x00, 0x00, 0x00,
    0x00, 0x00, 0x00, 0x00, 0x00, 0x00, 0x00, 0x01, 0x00, 0x00, 0x00, 0x01, 0x00, 0x00, 0x00, 0x00,
    0x00, 0x00, 0x00, 0x00, 0x00, 0x00, 0x00, 0x00, 0x00, 0x00, 0x00, 0x00, 0x00, 0x00, 0x00, 0x00,
    0x00, 0x00, 0x00, 0x00, 0x00, 0x00, 0x00, 0x01, 0x00, 0x00, 0x00, 0x01, 0x00, 0x00, 0x00, 0x00,
    0x00, 0x00, 0x00, 0x01, 0x00, 0x00, 0x00, 0x00, 0x00, 0x00, 0x00, 0x00, 0x00, 0x00, 0x00, 0x00,
    0x00, 0x00, 0x00, 0x01, 0x00, 0x00, 0x00, 0x01, 0x00, 0x00, 0x00, 0x01, 0x00, 0x00, 0x00, 0x00,
    0x00, 0x00, 0x00, 0x00, 0x00, 0x00, 0x00, 0x00, 0x00, 0x00, 0x00, 0x00, 0x00, 0x00, 0x00, 0x00,
    0x00, 0x00, 0x00, 0x00, 0x00, 0x00, 0x00, 0x01, 0x00, 0x00, 0x00, 0x00, 0x00, 0x00, 0x00, 0x00,
    0x00, 0x00, 0x00, 0x00, 0x00, 0x00, 0x00, 0x00, 0x00, 0x00, 0x00, 0x00, 0x00, 0x00, 0x00, 0x01,
    0x00, 0x00, 0x00, 0x01, 0x00, 0x00, 0x00, 0x00, 0x00, 0x00, 0x00, 0x00, 0x00, 0x00, 0x00, 0x01,
    0x00, 0x00, 0x00, 0x00, 0x00, 0x00, 0x00, 0x00, 0x00, 0x00, 0x00, 0x01, 0x00, 0x00, 0x00, 0x00,
    0x00, 0x00, 0x00, 0x00, 0x00, 0x00, 0x00, 0x00, 0x00, 0x00, 0x00, 0x00, 0x00, 0x00, 0x00, 0x01,
    0x00, 0x00, 0x00, 0x00, 0x00, 0x00, 0x00, 0x00, 0x00, 0x00, 0x00, 0x00, 0x00, 0x00, 0x00, 0x00,
    0x00, 0x00, 0x00, 0x02, 0x00, 0x00, 0x00, 0x01, 0x00, 0x00, 0x00, 0x01, 0x00, 0x00, 0x00, 0x01,
    0x00, 0x00, 0x00, 0x01, 0x00, 0x00, 0x00, 0x00, 0x00, 0x00, 0x00, 0x00, 0x00, 0x00, 0x00, 0x01,
    0x00, 0x00, 0x00, 0x00, 0x00, 0x00, 0x00, 0x00, 0x00, 0x00, 0x00, 0x00, 0x00, 0x00, 0x00, 0x02,
    0x00, 0x00, 0x00, 0x00, 0x00, 0x00, 0x00, 0x00, 0x00, 0x00, 0x00, 0x00, 0x00, 0x00, 0x00, 0x00,
    0x00, 0x00, 0x00, 0x00, 0x00, 0x00, 0x00, 0x00, 0x00, 0x00, 0x00, 0x00, 0x00, 0x00, 0x00, 0x01,
    0x00, 0x00, 0x00, 0x00, 0x00, 0x00, 0x00, 0x00, 0x00, 0x00, 0x00, 0x00, 0x00, 0x00, 0x00, 0x00,
    0x00, 0x00, 0x00, 0x00, 0x00, 0x00, 0x00, 0x00, 0x00, 0x00, 0x00, 0x01, 0x00, 0x00, 0x00, 0x00,
    0x00, 0x00, 0x00, 0x00, 0x00, 0x00, 0x00, 0x02, 0x00, 0x00, 0x00, 0x01, 0x00, 0x00, 0x00, 0x00,
    0x00, 0x00, 0x00, 0x01, 0x00, 0x00, 0x00, 0x00, 0x00, 0x00, 0x00, 0x00, 0x00, 0x00, 0x00, 0x01,
    0x00, 0x00, 0x00, 0x00, 0x00, 0x00, 0x00, 0x00, 0x00, 0x00, 0x00, 0x01, 0x00, 0x00, 0x00, 0x00,
    0x00, 0x00, 0x00, 0x00, 0x00, 0x00, 0x00, 0x00, 0x00, 0x00, 0x00, 0x00, 0x00, 0x00, 0x00, 0x00,
    0x00, 0x00, 0x00, 0x00, 0x00, 0x00, 0x00, 0x00, 0x00, 0x00, 0x00, 0x00, 0x00, 0x00, 0x00, 0x00,
    0x00, 0x00, 0x00, 0x00, 0x00, 0x00, 0x00, 0x01, 0x00, 0x00, 0x00, 0x00, 0x00, 0x00, 0x00, 0x01,
    0x00, 0x00, 0x00, 0x00, 0x00, 0x00, 0x00, 0x00, 0x00, 0x00, 0x00, 0x00, 0x00, 0x00, 0x00, 0x00,
    0x00, 0x00, 0x00, 0x00, 0x00, 0x00, 0x00, 0x00, 0x00, 0x00, 0x00, 0x00, 0x00, 0x00, 0x00, 0x00,
    0x00, 0x00, 0x00, 0x00, 0x00, 0x00, 0x00, 0x00, 0x00, 0x00, 0x00, 0x00, 0x00, 0x00, 0x00, 0x00,
    0x00, 0x00, 0x00, 0x00, 0x00, 0x00, 0x00, 0x00, 0x00, 0x00, 0x00, 0x00, 0x00, 0x00, 0x00, 0x00,
    0x00, 0x00, 0x00, 0x00, 0x00, 0x00, 0x00, 0x00, 0x00, 0x00, 0x00, 0x00, 0x00, 0x00, 0x00, 0x00,
    0x00, 0x00, 0x00, 0x00, 0x00, 0x00, 0x00, 0x00, 0x00, 0x00, 0x00, 0x00, 0x00, 0x00, 0x00, 0x00,
    0x00, 0x00, 0x00, 0x00, 0x00, 0x00, 0x00, 0x00, 0x00, 0x00, 0x00, 0x00, 0x00, 0x00, 0x00, 0x00,
    0x00, 0x00, 0x00, 0x00, 0x00, 0x00, 0x00, 0x00, 0x00, 0x00, 0x00, 0x00, 0x00, 0x00, 0x00, 0x00,
    0x00, 0x00, 0x00, 0x00, 0x00, 0x00, 0x00, 0x00, 0x00, 0x00, 0x00, 0x02, 0x00, 0x00, 0x00, 0x00,
    0x00, 0x00, 0x00, 0x00, 0x00, 0x00, 0x00, 0x00, 0x00, 0x00, 0x00, 0x00, 0x00, 0x00, 0x00, 0x00,
    0x00, 0x00, 0x00, 0x00, 0x00, 0x00, 0x00, 0x00, 0x00, 0x00, 0x00, 0x00, 0x00, 0x00, 0x00, 0x00,
    0x00, 0x00, 0x00, 0x00, 0x00, 0x00, 0x00, 0x01, 0x00, 0x00, 0x00, 0x00, 0x00, 0x00, 0x00, 0x00,
    0x00, 0x00, 0x00, 0x00, 0x00, 0x00, 0x00, 0x00, 0x00, 0x00, 0x00, 0x00, 0x00, 0x00, 0x00, 0x00,
    0x00, 0x00, 0x00, 0x01, 0x00, 0x00, 0x00, 0x00, 0x00, 0x00, 0x00, 0x00, 0x00, 0x00, 0x00, 0x00,
    0x00, 0x00, 0x00, 0x00, 0x00, 0x00, 0x00, 0x01, 0x00, 0x00, 0x00, 0x00, 0x00, 0x00, 0x00, 0x00,
    0x00, 0x00, 0x00, 0x00, 0x00, 0x00, 0x00, 0x01, 0x00, 0x00, 0x00, 0x00, 0x00, 0x00, 0x00, 0x00,
    0x00, 0x00, 0x00, 0x00, 0x00, 0x00, 0x00, 0x00, 0x00, 0x00, 0x00, 0x01, 0x00, 0x00, 0x00, 0x00,
    0x00, 0x00, 0x00, 0x00, 0x00, 0x00, 0x00, 0x00, 0x00, 0x00, 0x00, 0x00, 0x00, 0x00, 0x00, 0x00,
    0x00, 0x00, 0x00, 0x00, 0x00, 0x00, 0x00, 0x00, 0x00, 0x00, 0x00, 0x00, 0x00, 0x00, 0x00, 0x00,
    0x00, 0x00, 0x00, 0x01, 0x00, 0x00, 0x00, 0x01, 0x00, 0x00, 0x00, 0x00, 0x00, 0x00, 0x00, 0x00,
    0x00, 0x00, 0x00, 0x00, 0x00, 0x00, 0x00, 0x01, 0x00, 0x00, 0x00, 0x00, 0x00, 0x00, 0x00, 0x00,
    0x00, 0x00, 0x00, 0x00, 0x00, 0x00, 0x00, 0x00, 0x00, 0x00, 0x00, 0x00, 0x00, 0x00, 0x00, 0x00,
    0x00, 0x00, 0x00, 0x00, 0x00, 0x00, 0x00, 0x00, 0x00, 0x00, 0x00, 0x00, 0x00, 0x00, 0x00, 0x00,
    0x00, 0x00, 0x00, 0x00, 0x00, 0x00, 0x00, 0x00, 0x00, 0x00, 0x00, 0x00, 0x00, 0x00, 0x00, 0x00,
    0x00, 0x00, 0x00, 0x00, 0x00, 0x00, 0x00, 0x00, 0x00, 0x00, 0x00, 0x00, 0x00, 0x00, 0x00, 0x00,
    0x00, 0x00, 0x00, 0x00, 0x00, 0x00, 0x00, 0x00, 0x00, 0x00, 0x00, 0x01, 0x00, 0x00, 0x00, 0x00,
    0x00, 0x00, 0x00, 0x01, 0x00, 0x00, 0x00, 0x00, 0x00, 0x00, 0x00, 0x01, 0x00, 0x00, 0x00, 0x01,
    0x00, 0x00, 0x00, 0x00, 0x00, 0x00, 0x00, 0x00, 0x00, 0x00, 0x00, 0x00, 0x00, 0x00, 0x00, 0x00,
    0x00, 0x00, 0x00, 0x00, 0x00, 0x00, 0x00, 0x01, 0x00, 0x00, 0x00, 0x00, 0x00, 0x00, 0x00, 0x00,
    0x00, 0x00, 0x00, 0x00, 0x00, 0x00, 0x00, 0x01, 0x00, 0x00, 0x00, 0x02, 0x00, 0x00, 0x00, 0x00,
    0x00, 0x00, 0x00, 0x01, 0x00, 0x00, 0x00, 0x00, 0x00, 0x00, 0x00, 0x00, 0x00, 0x00, 0x00, 0x00,
    0x00, 0x00, 0x00, 0x00, 0x00, 0x00, 0x00, 0x00, 0x00, 0x00, 0x00, 0x01, 0x00, 0x00, 0x00, 0x01,
    0x00, 0x00, 0x00, 0x01, 0x00, 0x00, 0x00, 0x00, 0x00, 0x00, 0x00, 0x00, 0x00, 0x00, 0x00, 0x00,
    0x00, 0x00, 0x00, 0x00, 0x00, 0x00, 0x00, 0x00, 0x00, 0x00, 0x00, 0x00, 0x00, 0x00, 0x00, 0x00,
    0x00, 0x00, 0x00, 0x00, 0x00, 0x00, 0x00, 0x00, 0x00, 0x00, 0x00, 0x00, 0x00, 0x00, 0x00, 0x00,
    0x00, 0x00, 0x00, 0x00, 0x00, 0x00, 0x00, 0x01, 0x00, 0x00, 0x00, 0x00, 0x00, 0x00, 0x00, 0x01,
    0x00, 0x00, 0x00, 0x01, 0x00, 0x00, 0x00, 0x01, 0x00, 0x00, 0x00, 0x00, 0x00, 0x00, 0x00, 0x00,
    0x00, 0x00, 0x00, 0x00, 0x00, 0x00, 0x00, 0x00, 0x00, 0x00, 0x00, 0x00, 0x00, 0x00, 0x00, 0x01,
    0x00, 0x00, 0x00, 0x00, 0x00, 0x00, 0x00, 0x01, 0x00, 0x00, 0x00, 0x00, 0x00, 0x00, 0x00, 0x00,
    0x00, 0x00, 0x00, 0x00, 0x00, 0x00, 0x00, 0x00, 0x00, 0x00, 0x00, 0x00, 0x00, 0x00, 0x00, 0x01,
    0x00, 0x00, 0x00, 0x00, 0x00, 0x00, 0x00, 0x00, 0x00, 0x00, 0x00, 0x00, 0x00, 0x00, 0x00, 0x01,
    0x00, 0x00, 0x00, 0x01, 0x00, 0x00, 0x00, 0x00, 0x00, 0x00, 0x00, 0x00, 0x00, 0x00, 0x00, 0x00,
    0x00, 0x00, 0x00, 0x00, 0x00, 0x00, 0x00, 0x00, 0x00, 0x00, 0x00, 0x00, 0x00, 0x00, 0x00, 0x00,
    0x00, 0x00, 0x00, 0x00, 0x00, 0x00, 0x00, 0x00, 0x00, 0x00, 0x00, 0x00, 0x00, 0x00, 0x00, 0x00,
    0x00, 0x00, 0x00, 0x01, 0x00, 0x00, 0x00, 0x01, 0x00, 0x00, 0x00, 0x00, 0x00, 0x00, 0x00, 0x00,
    0x00, 0x00, 0x00, 0x00, 0x00, 0x00, 0x00, 0x00, 0x00, 0x00, 0x00, 0x00, 0x00, 0x00, 0x00, 0x00,
    0x00, 0x00, 0x00, 0x00, 0x00, 0x00, 0x00, 0x00, 0x00, 0x00, 0x00, 0x01, 0x00, 0x00, 0x00, 0x01,
    0x00, 0x00, 0x00, 0x00, 0x00, 0x00, 0x00, 0x00, 0x00, 0x00, 0x00, 0x00, 0x00, 0x00, 0x00, 0x00,
    0x00, 0x00, 0x00, 0x00, 0x00, 0x00, 0x00, 0x00, 0x00, 0x00, 0x00, 0x00, 0x00, 0x00, 0x00, 0x00,
    0x00, 0x00, 0x00, 0x00, 0x00, 0x00, 0x00, 0x00, 0x00, 0x00, 0x00, 0x00, 0x00, 0x00, 0x00, 0x00,
    0x00, 0x00, 0x00, 0x00, 0x00, 0x00, 0x00, 0x00, 0x00, 0x00, 0x00, 0x00, 0x00, 0x00, 0x00, 0x02,
    0x00, 0x00, 0x00, 0x01, 0x00, 0x00, 0x00, 0x01, 0x00, 0x00, 0x00, 0x00, 0x00, 0x00, 0x00, 0x00,
    0x00, 0x00, 0x00, 0x00, 0x00, 0x00, 0x00, 0x00, 0x00, 0x00, 0x00, 0x00, 0x00, 0x00, 0x00, 0x00,
    0x00, 0x00, 0x00, 0x00, 0x00, 0x00, 0x00, 0x00, 0x00, 0x00, 0x00, 0x00, 0x00, 0x00, 0x00, 0x00,
    0x00, 0x00, 0x00, 0x00, 0x00, 0x00, 0x00, 0x00, 0x00, 0x00, 0x00, 0x01, 0x00, 0x00, 0x00, 0x00,
    0x00, 0x00, 0x00, 0x00, 0x00, 0x00, 0x00, 0x00, 0x00, 0x00, 0x00, 0x00, 0x00, 0x00, 0x00, 0x00,
    0x00, 0x00, 0x00, 0x00, 0x00, 0x00, 0x00, 0x00, 0x00, 0x00, 0x00, 0x00, 0x00, 0x00, 0x00, 0x01,
    0x00, 0x00, 0x00, 0x00, 0x00, 0x00, 0x00, 0x00, 0x00, 0x00, 0x00, 0x00, 0x00, 0x00, 0x00, 0x00,
    0x00, 0x00, 0x00, 0x00, 0x00, 0x00, 0x00, 0x00, 0x00, 0x00, 0x00, 0x00, 0x00, 0x00, 0x00, 0x01,
    0x00, 0x00, 0x00, 0x00, 0x00, 0x00, 0x00, 0x00, 0x00, 0x00, 0x00, 0x00, 0x00, 0x00, 0x00, 0x00,
    0x00, 0x00, 0x00, 0x00, 0x00, 0x00, 0x00, 0x00, 0x00, 0x00, 0x00, 0x00, 0x00, 0x00, 0x00, 0x00,
    0x00, 0x00, 0x00, 0x00, 0x00, 0x00, 0x00, 0x00, 0x00, 0x00, 0x00, 0x00, 0x00, 0x00, 0x00, 0x01,
    0x00, 0x00, 0x00, 0x01, 0x00, 0x00, 0x00, 0x00, 0x00, 0x00, 0x00, 0x00, 0x00, 0x00, 0x00, 0x00,
    0x00, 0x00, 0x00, 0x00, 0x00, 0x00, 0x00, 0x00, 0x00, 0x00, 0x00, 0x00, 0x00, 0x00, 0x00, 0x00,
    0x00, 0x00, 0x00, 0x00, 0x00, 0x00, 0x00, 0x00, 0x00, 0x00, 0x00, 0x00, 0x00, 0x00, 0x00, 0x00,
    0x00, 0x00, 0x00, 0x00, 0x00, 0x00, 0x00, 0x00, 0x00, 0x00, 0x00, 0x00, 0x00, 0x00, 0x00, 0x01,
    0x00, 0x00, 0x00, 0x00, 0x00, 0x00, 0x00, 0x00, 0x00, 0x00, 0x00, 0x00, 0x00, 0x00, 0x00, 0x00,
    0x00, 0x00, 0x00, 0x00, 0x00, 0x00, 0x00, 0x00, 0x00, 0x00, 0x00, 0x00, 0x00, 0x00, 0x00, 0x00,
    0x00, 0x00, 0x00, 0x01, 0x00, 0x00, 0x00, 0x00, 0x00, 0x00, 0x00, 0x00, 0x00, 0x00, 0x00, 0x00,
    0x00, 0x00, 0x00, 0x01, 0x00, 0x00, 0x00, 0x00, 0x00, 0x00, 0x00, 0x00, 0x00, 0x00, 0x00, 0x00,
    0x00, 0x00, 0x00, 0x00, 0x00, 0x00, 0x00, 0x00, 0x00, 0x00, 0x00, 0x00, 0x00, 0x00, 0x00, 0x00,
    0x00, 0x00, 0x00, 0x00, 0x00, 0x00, 0x00, 0x01, 0x00, 0x00, 0x00, 0x01, 0x00, 0x00, 0x00, 0x00,
    0x00, 0x00, 0x00, 0x00, 0x00, 0x00, 0x00, 0x00, 0x00, 0x00, 0x00, 0x00, 0x00, 0x00, 0x00, 0x00,
    0x00, 0x00, 0x00, 0x00, 0x00, 0x00, 0x00, 0x00, 0x00, 0x00, 0x00, 0x00, 0x00, 0x00, 0x00, 0x00,
    0x00, 0x00, 0x00, 0x00, 0x00, 0x00, 0x00, 0x00, 0x00, 0x00, 0x00, 0x01, 0x00, 0x00, 0x00, 0x01,
    0x00, 0x00, 0x00, 0x00, 0x00, 0x00, 0x00, 0x01, 0x00, 0x00, 0x00, 0x01, 0x00, 0x00, 0x00, 0x00,
    0x00, 0x00, 0x00, 0x00, 0x00, 0x00, 0x00, 0x00, 0x00, 0x00, 0x00, 0x01, 0x00, 0x00, 0x00, 0x00,
    0x00, 0x00, 0x00, 0x00, 0x00, 0x00, 0x00, 0x00, 0x00, 0x00, 0x00, 0x00, 0x00, 0x00, 0x00, 0x00,
    0x00, 0x00, 0x00, 0x00, 0x00, 0x00, 0x00, 0x00, 0x00, 0x00, 0x00, 0x00, 0x00, 0x00, 0x00, 0x00,
    0x00, 0x00, 0x00, 0x00, 0x00, 0x00, 0x00, 0x00, 0x00, 0x00, 0x00, 0x00, 0x00, 0x00, 0x00, 0x00,
    0x00, 0x00, 0x00, 0x00, 0x00, 0x00, 0x00, 0x00, 0x00, 0x00, 0x00, 0x01, 0x00, 0x00, 0x00, 0x01,
    0x00, 0x00, 0x00, 0x00, 0x00, 0x00, 0x00, 0x00, 0x00, 0x00, 0x00, 0x00, 0x00, 0x00, 0x00, 0x01,
    0x00, 0x00, 0x00, 0x01, 0x00, 0x00, 0x00, 0x00, 0x00, 0x00, 0x00, 0x00, 0x00, 0x00, 0x00, 0x00,
    0x00, 0x00, 0x00, 0x00, 0x00, 0x00, 0x00, 0x00, 0x00, 0x00, 0x00, 0x00, 0x00, 0x00, 0x00, 0x00,
    0x00, 0x00, 0x00, 0x00, 0x00, 0x00, 0x00, 0x00, 0x00, 0x00, 0x00, 0x00, 0x00, 0x00, 0x00, 0x01,
    0x00, 0x00, 0x00, 0x01, 0x00, 0x00, 0x00, 0x00, 0x00, 0x00, 0x00, 0x00, 0x00, 0x00, 0x00, 0x01,
    0x00, 0x00, 0x00, 0x00, 0x00, 0x00, 0x00, 0x01, 0x00, 0x00, 0x00, 0x00, 0x00, 0x00, 0x00, 0x00,
    0x00, 0x00, 0x00, 0x00, 0x00, 0x00, 0x00, 0x00, 0x00, 0x00, 0x00, 0x00, 0x00, 0x00, 0x00, 0x00,
    0x00, 0x00, 0x00, 0x00, 0x00, 0x00, 0x00, 0x00, 0x00, 0x00, 0x00, 0x00, 0x00, 0x00, 0x00, 0x00,
    0x00, 0x00, 0x00, 0x00, 0x00, 0x00, 0x00, 0x00, 0x00, 0x00, 0x00, 0x00, 0x00, 0x00, 0x00, 0x00,
    0x00, 0x00, 0x00, 0x00, 0x00, 0x00, 0x00, 0x01, 0x00, 0x00, 0x00, 0x00, 0x00, 0x00, 0x00, 0x00,
    0x00, 0x00, 0x00, 0x00, 0x00, 0x00, 0x00, 0x00, 0x00, 0x00, 0x00, 0x00, 0x00, 0x00, 0x00, 0x00,
    0x00, 0x00, 0x00, 0x01, 0x00, 0x00, 0x00, 0x01, 0x00, 0x00, 0x00, 0x00, 0x00, 0x00, 0x00, 0x00,
    0x00, 0x00, 0x00, 0x00, 0x00, 0x00, 0x00, 0x00, 0x00, 0x00, 0x00, 0x00, 0x00, 0x00, 0x00, 0x00,
    0x00, 0x00, 0x00, 0x00, 0x00, 0x00, 0x00, 0x00, 0x00, 0x00, 0x00, 0x01, 0x00, 0x00, 0x00, 0x00,
    0x00, 0x00, 0x00, 0x00, 0x00, 0x00, 0x00, 0x01, 0x00, 0x00, 0x00, 0x00, 0x00, 0x00, 0x00, 0x00,
    0x00, 0x00, 0x00, 0x00, 0x00, 0x00, 0x00, 0x00, 0x00, 0x00, 0x00, 0x00, 0x00, 0x00, 0x00, 0x01,
    0x00, 0x00, 0x00, 0x01, 0x00, 0x00, 0x00, 0x00, 0x00, 0x00, 0x00, 0x00, 0x00, 0x00, 0x00, 0x00,
    0x00, 0x00, 0x00, 0x01, 0x00, 0x00, 0x00, 0x01, 0x00, 0x00, 0x00, 0x00, 0x00, 0x00, 0x00, 0x00,
    0x00, 0x00, 0x00, 0x00, 0x00, 0x00, 0x00, 0x00, 0x00, 0x00, 0x00, 0x00, 0x00, 0x00, 0x00, 0x00,
    0x00, 0x00, 0x00, 0x00, 0x00, 0x00, 0x00, 0x01, 0x00, 0x00, 0x00, 0x00, 0x00, 0x00, 0x00, 0x00,
    0x00, 0x00, 0x00, 0x00, 0x00, 0x00, 0x00, 0x00, 0x00, 0x00, 0x00, 0x00, 0x00, 0x00, 0x00, 0x00,
    0x00, 0x00, 0x00, 0x00, 0x00, 0x00, 0x00, 0x00, 0x00, 0x00, 0x00, 0x00, 0x00, 0x00, 0x00, 0x00,
    0x00, 0x00, 0x00, 0x00, 0x00, 0x00, 0x00, 0x00, 0x00, 0x00, 0x00, 0x01, 0x00, 0x00, 0x00, 0x01,
    0x00, 0x00, 0x00, 0x00, 0x00, 0x00, 0x00, 0x00, 0x00, 0x00, 0x00, 0x00, 0x00, 0x00, 0x00, 0x00,
    0x00, 0x00, 0x00, 0x00, 0x00, 0x00, 0x00, 0x01, 0x00, 0x00, 0x00, 0x00, 0x00, 0x00, 0x00, 0x01,
    0x00, 0x00, 0x00, 0x00, 0x00, 0x00, 0x00, 0x00, 0x00, 0x00, 0x00, 0x00, 0x00, 0x00, 0x00, 0x00,
    0x00, 0x00, 0x00, 0x00, 0x00, 0x00, 0x00, 0x00, 0x00, 0x00, 0x00, 0x00, 0x00, 0x00, 0x00, 0x00,
    0x00, 0x00, 0x00, 0x00, 0x00, 0x00, 0x00, 0x00, 0x00, 0x00, 0x00, 0x00, 0x00, 0x00, 0x00, 0x00,
    0x00, 0x00, 0x00, 0x00, 0x00, 0x00, 0x00, 0x01, 0x00, 0x00, 0x00, 0x01, 0x00, 0x00, 0x00, 0x00,
    0x00, 0x00, 0x00, 0x00, 0x00, 0x00, 0x00, 0x00, 0x00, 0x00, 0x00, 0x00, 0x00, 0x00, 0x00, 0x00,
    0x00, 0x00, 0x00, 0x00, 0x00, 0x00, 0x00, 0x00, 0x00, 0x00, 0x00, 0x00, 0x00, 0x00, 0x00, 0x00,
    0x00, 0x00, 0x00, 0x00, 0x00, 0x00, 0x00, 0x00, 0x00, 0x00, 0x00, 0x00, 0x00, 0x00, 0x00, 0x01,
    0x00, 0x00, 0x00, 0x01, 0x00, 0x00, 0x00, 0x00, 0x00, 0x00, 0x00, 0x00, 0x00, 0x00, 0x00, 0x00,
    0x00, 0x00, 0x00, 0x00, 0x00, 0x00, 0x00, 0x00, 0x00, 0x00, 0x00, 0x00, 0x00, 0x00, 0x00, 0x00,
    0x00, 0x00, 0x00, 0x01, 0x00, 0x00, 0x00, 0x02, 0x00, 0x00, 0x00, 0x01, 0x00, 0x00, 0x00, 0x00,
    0x00, 0x00, 0x00, 0x01, 0x00, 0x00, 0x00, 0x00, 0x00, 0x00, 0x00, 0x02, 0x00, 0x00, 0x00, 0x00,
    0x00, 0x00, 0x00, 0x00, 0x00, 0x00, 0x00, 0x00, 0x00, 0x00, 0x00, 0x01, 0x00, 0x00, 0x00, 0x00,
    0x00, 0x00, 0x00, 0x00, 0x00, 0x00, 0x00, 0x01, 0x00, 0x00, 0x00, 0x01, 0x00, 0x00, 0x00, 0x00,
    0x00, 0x00, 0x00, 0x00, 0x00, 0x00, 0x00, 0x00, 0x00, 0x00, 0x00, 0x00, 0x00, 0x00, 0x00, 0x01,
    0x00, 0x00, 0x00, 0x00, 0x00, 0x00, 0x00, 0x00, 0x00, 0x00, 0x00, 0x01, 0x00, 0x00, 0x00, 0x00,
    0x00, 0x00, 0x00, 0x00, 0x00, 0x00, 0x00, 0x00, 0x00, 0x00, 0x00, 0x00, 0x00, 0x00, 0x00, 0x00,
    0x00, 0x00, 0x00, 0x00, 0x00, 0x00, 0x00, 0x00, 0x00, 0x00, 0x00, 0x00, 0x00, 0x00, 0x00, 0x00,
    0x00, 0x00, 0x00, 0x00, 0x00, 0x00, 0x00, 0x00, 0x00, 0x00, 0x00, 0x00, 0x00, 0x00, 0x00, 0x00,
    0x00, 0x00, 0x00, 0x00, 0x00, 0x00, 0x00, 0x00, 0x00, 0x00, 0x00, 0x00, 0x00, 0x00, 0x00, 0x00,
    0x00, 0x00, 0x00, 0x00, 0x00, 0x00, 0x00, 0x00, 0x00, 0x00, 0x00, 0x00, 0x00, 0x00, 0x00, 0x00,
    0x00, 0x00, 0x00, 0x00, 0x00, 0x00, 0x00, 0x00, 0x00, 0x00, 0x00, 0x00, 0x00, 0x00, 0x00, 0x00,
    0x00, 0x00, 0x00, 0x00, 0x00, 0x00, 0x00, 0x00, 0x00, 0x00, 0x00, 0x01, 0x00, 0x00, 0x00, 0x00,
    0x00, 0x00, 0x00, 0x00, 0x00, 0x00, 0x00, 0x00, 0x00, 0x00, 0x00, 0x00, 0x00, 0x00, 0x00, 0x00,
    0x00, 0x00, 0x00, 0x01, 0x00, 0x00, 0x00, 0x02, 0x00, 0x00, 0x00, 0x01, 0x00, 0x00, 0x00, 0x00,
    0x00, 0x00, 0x00, 0x00, 0x00, 0x00, 0x00, 0x00, 0x00, 0x00, 0x00, 0x00, 0x00, 0x00, 0x00, 0x00,
    0x00, 0x00, 0x00, 0x00, 0x00, 0x00, 0x00, 0x00, 0x00, 0x00, 0x00, 0x00, 0x00, 0x00, 0x00, 0x00,
    0x00, 0x00, 0x00, 0x01, 0x00, 0x00, 0x00, 0x00, 0x00, 0x00, 0x00, 0x00, 0x00, 0x00, 0x00, 0x00,
    0x00, 0x00, 0x00, 0x00, 0x00, 0x00, 0x00, 0x00, 0x00, 0x00, 0x00, 0x01, 0x00, 0x00, 0x00, 0x00,
    0x00, 0x00, 0x00, 0x00, 0x00, 0x00, 0x00, 0x00, 0x00, 0x00, 0x00, 0x00, 0x00, 0x00, 0x00, 0x00,
    0x00, 0x00, 0x00, 0x02, 0x00, 0x00, 0x00, 0x00, 0x00, 0x00, 0x00, 0x00, 0x00, 0x00, 0x00, 0x00,
    0x00, 0x00, 0x00, 0x00, 0x00, 0x00, 0x00, 0x01, 0x00, 0x00, 0x00, 0x00, 0x00, 0x00, 0x00, 0x00,
    0x00, 0x00, 0x00, 0x01, 0x00, 0x00, 0x00, 0x01, 0x00, 0x00, 0x00, 0x00, 0x00, 0x00, 0x00, 0x00,
    0x00, 0x00, 0x00, 0x00, 0x00, 0x00, 0x00, 0x00, 0x00, 0x00, 0x00, 0x00, 0x00, 0x00, 0x00, 0x00,
    0x00, 0x00, 0x00, 0x00, 0x00, 0x00, 0x00, 0x00, 0x00, 0x00, 0x00, 0x00, 0x00, 0x00, 0x00, 0x00,
    0x00, 0x00, 0x00, 0x00, 0x00, 0x00, 0x00, 0x00, 0x00, 0x00, 0x00, 0x00, 0x00, 0x00, 0x00, 0x00,
    0x00, 0x00, 0x00, 0x00, 0x00, 0x00, 0x00, 0x00, 0x00, 0x00, 0x00, 0x01, 0x00, 0x00, 0x00, 0x00,
    0x00, 0x00, 0x00, 0x00, 0x00, 0x00, 0x00, 0x00, 0x00, 0x00, 0x00, 0x01, 0x00, 0x00, 0x00, 0x01,
    0x00, 0x00, 0x00, 0x00, 0x00, 0x00, 0x00, 0x00, 0x00, 0x00, 0x00, 0x00, 0x00, 0x00, 0x00, 0x01,
    0x00, 0x00, 0x00, 0x00, 0x00, 0x00, 0x00, 0x00, 0x00, 0x00, 0x00, 0x00, 0x00, 0x00, 0x00, 0x00,
    0x00, 0x00, 0x00, 0x00, 0x00, 0x00, 0x00, 0x00, 0x00, 0x00, 0x00, 0x00, 0x00, 0x00, 0x00, 0x00,
    0x00, 0x00, 0x00, 0x01, 0x00, 0x00, 0x00, 0x01, 0x00, 0x00, 0x00, 0x02, 0x00, 0x00, 0x00, 0x01,
    0x00, 0x00, 0x00, 0x02, 0x00, 0x00, 0x00, 0x01, 0x00, 0x00, 0x00, 0x00, 0x00, 0x00, 0x00, 0x00,
    0x00, 0x00, 0x00, 0x00, 0x00, 0x00, 0x00, 0x01, 0x00, 0x00, 0x00, 0x01, 0x00, 0x00, 0x00, 0x00,
    0x00, 0x00, 0x00, 0x00, 0x00, 0x00, 0x00, 0x00, 0x00, 0x00, 0x00, 0x00, 0x00, 0x00, 0x00, 0x00,
    0x00, 0x00, 0x00, 0x01, 0x00, 0x00, 0x00, 0x00, 0x00, 0x00, 0x00, 0x00, 0x00, 0x00, 0x00, 0x01,
    0x00, 0x00, 0x00, 0x00, 0x00, 0x00, 0x00, 0x01, 0x00, 0x00, 0x00, 0x00, 0x00, 0x00, 0x00, 0x01,
    0x00, 0x00, 0x00, 0x00, 0x00, 0x00, 0x00, 0x00, 0x00, 0x00, 0x00, 0x00, 0x00, 0x00, 0x00, 0x00,
    0x00, 0x00, 0x00, 0x00, 0x00, 0x00, 0x00, 0x00, 0x00, 0x00, 0x00, 0x00, 0x00, 0x00, 0x00, 0x01,
    0x00, 0x00, 0x00, 0x01, 0x00, 0x00, 0x00, 0x00, 0x00, 0x00, 0x00, 0x00, 0x00, 0x00, 0x00, 0x00,
    0x00, 0x00, 0x00, 0x00, 0x00, 0x00, 0x00, 0x01, 0x00, 0x00, 0x00, 0x01, 0x00, 0x00, 0x00, 0x00,
    0x00, 0x00, 0x00, 0x00, 0x00, 0x00, 0x00, 0x00, 0x00, 0x00, 0x00, 0x00, 0x00, 0x00, 0x00, 0x01,
    0x00, 0x00, 0x00, 0x01, 0x00, 0x00, 0x00, 0x00, 0x00, 0x00, 0x00, 0x00, 0x00, 0x00, 0x00, 0x00,
    0x00, 0x00, 0x00, 0x00, 0x00, 0x00, 0x00, 0x00, 0x00, 0x00, 0x00, 0x00, 0x00, 0x00, 0x00, 0x00,
    0x00, 0x00, 0x00, 0x00, 0x00, 0x00, 0x00, 0x00, 0x00, 0x00, 0x00, 0x02, 0x00, 0x00, 0x00, 0x00,
    0x00, 0x00, 0x00, 0x00, 0x00, 0x00, 0x00, 0x00, 0x00, 0x00, 0x00, 0x00, 0x00, 0x00, 0x00, 0x01,
    0x00, 0x00, 0x00, 0x00, 0x00, 0x00, 0x00, 0x00, 0x00, 0x00, 0x00, 0x01, 0x00, 0x00, 0x00, 0x00,
    0x00, 0x00, 0x00, 0x02, 0x00, 0x00, 0x00, 0x00, 0x00, 0x00, 0x00, 0x00, 0x00, 0x00, 0x00, 0x00,
    0x00, 0x00, 0x00, 0x00, 0x00, 0x00, 0x00, 0x01, 0x00, 0x00, 0x00, 0x01, 0x00, 0x00, 0x00, 0x00,
    0x00, 0x00, 0x00, 0x00, 0x00, 0x00, 0x00, 0x00, 0x00, 0x00, 0x00, 0x00, 0x00, 0x00, 0x00, 0x00,
    0x00, 0x00, 0x00, 0x00, 0x00, 0x00, 0x00, 0x00, 0x00, 0x00, 0x00, 0x00, 0x00, 0x00, 0x00, 0x00,
    0x00, 0x00, 0x00, 0x00, 0x00, 0x00, 0x00, 0x00, 0x00, 0x00, 0x00, 0x00, 0x00, 0x00, 0x00, 0x00,
    0x00, 0x00, 0x00, 0x01, 0x00, 0x00, 0x00, 0x00, 0x00, 0x00, 0x00, 0x00, 0x00, 0x00, 0x00, 0x00,
    0x00, 0x00, 0x00, 0x00, 0x00, 0x00, 0x00, 0x00, 0x00, 0x00, 0x00, 0x00, 0x00, 0x00, 0x00, 0x00,
    0x00, 0x00, 0x00, 0x00, 0x00, 0x00, 0x00, 0x00, 0x00, 0x00, 0x00, 0x00, 0x00, 0x00, 0x00, 0x00,
    0x00, 0x00, 0x00, 0x01, 0x00, 0x00, 0x00, 0x01, 0x00, 0x00, 0x00, 0x02, 0x00, 0x00, 0x00, 0x02,
    0x00, 0x00, 0x00, 0x00, 0x00, 0x00, 0x00, 0x00, 0x00, 0x00, 0x00, 0x00, 0x00, 0x00, 0x00, 0x00,
    0x00, 0x00, 0x00, 0x00, 0x00, 0x00, 0x00, 0x01, 0x00, 0x00, 0x00, 0x01, 0x00, 0x00, 0x00, 0x01,
    0x00, 0x00, 0x00, 0x00, 0x00, 0x00, 0x00, 0x01, 0x00, 0x00, 0x00, 0x01, 0x00, 0x00, 0x00, 0x00,
    0x00, 0x00, 0x00, 0x00, 0x00, 0x00, 0x00, 0x00, 0x00, 0x00, 0x00, 0x01, 0x00, 0x00, 0x00, 0x00,
    0x00, 0x00, 0x00, 0x00, 0x00, 0x00, 0x00, 0x00, 0x00, 0x00, 0x00, 0x00, 0x00, 0x00, 0x00, 0x00,
    0x00, 0x00, 0x00, 0x01, 0x00, 0x00, 0x00, 0x02, 0x00, 0x00, 0x00, 0x00, 0x00, 0x00, 0x00, 0x00,
    0x00, 0x00, 0x00, 0x00, 0x00, 0x00, 0x00, 0x00, 0x00, 0x00, 0x00, 0x00, 0x00, 0x00, 0x00, 0x00,
    0x00, 0x00, 0x00, 0x00, 0x00, 0x00, 0x00, 0x00, 0x00, 0x00, 0x00, 0x01, 0x00, 0x00, 0x00, 0x01,
    0x00, 0x00, 0x00, 0x00, 0x00, 0x00, 0x00, 0x00, 0x00, 0x00, 0x00, 0x00, 0x00, 0x00, 0x00, 0x01,
    0x00, 0x00, 0x00, 0x01, 0x00, 0x00, 0x00, 0x01, 0x00, 0x00, 0x00, 0x00, 0x00, 0x00, 0x00, 0x00,
    0x00, 0x00, 0x00, 0x02, 0x00, 0x00, 0x00, 0x00, 0x00, 0x00, 0x00, 0x01, 0x00, 0x00, 0x00, 0x01,
    0x00, 0x00, 0x00, 0x00, 0x00, 0x00, 0x00, 0x00, 0x00, 0x00, 0x00, 0x00, 0x00, 0x00, 0x00, 0x01,
    0x00, 0x00, 0x00, 0x01, 0x00, 0x00, 0x00, 0x00, 0x00, 0x00, 0x00, 0x00, 0x00, 0x00, 0x00, 0x00,
    0x00, 0x00, 0x00, 0x00, 0x00, 0x00, 0x00, 0x00, 0x00, 0x00, 0x00, 0x00, 0x00, 0x00, 0x00, 0x01,
    0x00, 0x00, 0x00, 0x00, 0x00, 0x00, 0x00, 0x00, 0x00, 0x00, 0x00, 0x00, 0x00, 0x00, 0x00, 0x00,
    0x00, 0x00, 0x00, 0x00, 0x00, 0x00, 0x00, 0x00, 0x00, 0x00, 0x00, 0x00, 0x00, 0x00, 0x00, 0x00,
    0x00, 0x00, 0x00, 0x00, 0x00, 0x00, 0x00, 0x00, 0x00, 0x00, 0x00, 0x00, 0x00, 0x00, 0x00, 0x00,
    0x00, 0x00, 0x00, 0x00, 0x00, 0x00, 0x00, 0x00, 0x00, 0x00, 0x00, 0x01, 0x00, 0x00, 0x00, 0x00,
    0x00, 0x00, 0x00, 0x00, 0x00, 0x00, 0x00, 0x00, 0x00, 0x00, 0x00, 0x01, 0x00, 0x00, 0x00, 0x00,
    0x00, 0x00, 0x00, 0x01, 0x00, 0x00, 0x00, 0x01, 0x00, 0x00, 0x00, 0x01, 0x00, 0x00, 0x00, 0x00,
    0x00, 0x00, 0x00, 0x00, 0x00, 0x00, 0x00, 0x00, 0x00, 0x00, 0x00, 0x01, 0x00, 0x00, 0x00, 0x00,
    0x00, 0x00, 0x00, 0x00, 0x00, 0x00, 0x00, 0x01, 0x00, 0x00, 0x00, 0x01, 0x00, 0x00, 0x00, 0x00,
    0x00, 0x00, 0x00, 0x00, 0x00, 0x00, 0x00, 0x00, 0x00, 0x00, 0x00, 0x00, 0x00, 0x00, 0x00, 0x00,
    0x00, 0x00, 0x00, 0x00, 0x00, 0x00, 0x00, 0x01, 0x00, 0x00, 0x00, 0x01, 0x00, 0x00, 0x00, 0x00,
    0x00, 0x00, 0x00, 0x00, 0x00, 0x00, 0x00, 0x00, 0x00, 0x00, 0x00, 0x00, 0x00, 0x00, 0x00, 0x00,
    0x00, 0x00, 0x00, 0x00, 0x00, 0x00, 0x00, 0x00, 0x00, 0x00, 0x00, 0x00, 0x00, 0x00, 0x00, 0x00,
    0x00, 0x00, 0x00, 0x00, 0x00, 0x00, 0x00, 0x01, 0x00, 0x00, 0x00, 0x01, 0x00, 0x00, 0x00, 0x01,
    0x00, 0x00, 0x00, 0x00, 0x00, 0x00, 0x00, 0x00, 0x00, 0x00, 0x00, 0x00, 0x00, 0x00, 0x00, 0x00,
    0x00, 0x00, 0x00, 0x00, 0x00, 0x00, 0x00, 0x00, 0x00, 0x00, 0x00, 0x00, 0x00, 0x00, 0x00, 0x00,
    0x00, 0x00, 0x00, 0x00, 0x00, 0x00, 0x00, 0x00, 0x00, 0x00, 0x00, 0x00, 0x00, 0x00, 0x00, 0x00,
    0x00, 0x00, 0x00, 0x00, 0x00, 0x00, 0x00, 0x00, 0x00, 0x00, 0x00, 0x01, 0x00, 0x00, 0x00, 0x02,
    0x00, 0x00, 0x00, 0x01, 0x00, 0x00, 0x00, 0x00, 0x00, 0x00, 0x00, 0x00, 0x00, 0x00, 0x00, 0x00,
    0x00, 0x00, 0x00, 0x00, 0x00, 0x00, 0x00, 0x00, 0x00, 0x00, 0x00, 0x00, 0x00, 0x00, 0x00, 0x00,
    0x00, 0x00, 0x00, 0x00, 0x00, 0x00, 0x00, 0x00, 0x00, 0x00, 0x00, 0x02, 0x00, 0x00, 0x00, 0x01,
    0x00, 0x00, 0x00, 0x00, 0x00, 0x00, 0x00, 0x00, 0x00, 0x00, 0x00, 0x00, 0x00, 0x00, 0x00, 0x00,
    0x00, 0x00, 0x00, 0x00, 0x00, 0x00, 0x00, 0x00, 0x00, 0x00, 0x00, 0x00, 0x00, 0x00, 0x00, 0x00,
    0x00, 0x00, 0x00, 0x00, 0x00, 0x00, 0x00, 0x00, 0x00, 0x00, 0x00, 0x01, 0x00, 0x00, 0x00, 0x00,
    0x00, 0x00, 0x00, 0x00, 0x00, 0x00, 0x00, 0x00, 0x00, 0x00, 0x00, 0x00, 0x00, 0x00, 0x00, 0x00,
    0x00, 0x00, 0x00, 0x01, 0x00, 0x00, 0x00, 0x01, 0x00, 0x00, 0x00, 0x00, 0x00, 0x00, 0x00, 0x00,
    0x00, 0x00, 0x00, 0x00, 0x00, 0x00, 0x00, 0x00, 0x00, 0x00, 0x00, 0x01, 0x00, 0x00, 0x00, 0x00,
    0x00, 0x00, 0x00, 0x00, 0x00, 0x00, 0x00, 0x00, 0x00, 0x00, 0x00, 0x01, 0x00, 0x00, 0x00, 0x00,
    0x00, 0x00, 0x00, 0x00, 0x00, 0x00, 0x00, 0x01, 0x00, 0x00, 0x00, 0x00, 0x00, 0x00, 0x00, 0x00,
    0x00, 0x00, 0x00, 0x00, 0x00, 0x00, 0x00, 0x00, 0x00, 0x00, 0x00, 0x01, 0x00, 0x00, 0x00, 0x00,
    0x00, 0x00, 0x00, 0x00, 0x00, 0x00, 0x00, 0x00, 0x00, 0x00, 0x00, 0x01, 0x00, 0x00, 0x00, 0x01,
    0x00, 0x00, 0x00, 0x00, 0x00, 0x00, 0x00, 0x00, 0x00, 0x00, 0x00, 0x00, 0x00, 0x00, 0x00, 0x00,
    0x00, 0x00, 0x00, 0x00, 0x00, 0x00, 0x00, 0x00, 0x00, 0x00, 0x00, 0x00, 0x00, 0x00, 0x00, 0x01,
    0x00, 0x00, 0x00, 0x00, 0x00, 0x00, 0x00, 0x00, 0x00, 0x00, 0x00, 0x01, 0x00, 0x00, 0x00, 0x01,
    0x00, 0x00, 0x00, 0x00, 0x00, 0x00, 0x00, 0x01, 0x00, 0x00, 0x00, 0x01, 0x00, 0x00, 0x00, 0x00,
    0x00, 0x00, 0x00, 0x00, 0x00, 0x00, 0x00, 0x00, 0x00, 0x00, 0x00, 0x00, 0x00, 0x00, 0x00, 0x00,
    0x00, 0x00, 0x00, 0x00, 0x00, 0x00, 0x00, 0x00, 0x00, 0x00, 0x00, 0x00, 0x00, 0x00, 0x00, 0x00,
    0x00, 0x00, 0x00, 0x00, 0x00, 0x00, 0x00, 0x00, 0x00, 0x00, 0x00, 0x00, 0x00, 0x00, 0x00, 0x01,
    0x00, 0x00, 0x00, 0x00, 0x00, 0x00, 0x00, 0x00, 0x00, 0x00, 0x00, 0x00, 0x00, 0x00, 0x00, 0x00,
    0x00, 0x00, 0x00, 0x00, 0x00, 0x00, 0x00, 0x00, 0x00, 0x00, 0x00, 0x00, 0x00, 0x00, 0x00, 0x00,
    0x00, 0x00, 0x00, 0x00, 0x00, 0x00, 0x00, 0x00, 0x00, 0x00, 0x00, 0x00, 0x00, 0x00, 0x00, 0x00,
    0x00, 0x00, 0x00, 0x00, 0x00, 0x00, 0x00, 0x00, 0x00, 0x00, 0x00, 0x00, 0x00, 0x00, 0x00, 0x01,
    0x00, 0x00, 0x00, 0x00, 0x00, 0x00, 0x00, 0x00, 0x00, 0x00, 0x00, 0x00, 0x00, 0x00, 0x00, 0x00,
    0x00, 0x00, 0x00, 0x01, 0x00, 0x00, 0x00, 0x00, 0x00, 0x00, 0x00, 0x00, 0x00, 0x00, 0x00, 0x00,
    0x00, 0x00, 0x00, 0x00, 0x00, 0x00, 0x00, 0x00, 0x00, 0x00, 0x00, 0x02, 0x00, 0x00, 0x00, 0x00,
    0x00, 0x00, 0x00, 0x00, 0x00, 0x00, 0x00, 0x00, 0x00, 0x00, 0x00, 0x02, 0x00, 0x00, 0x00, 0x02,
    0x00, 0x00, 0x00, 0x00, 0x00, 0x00, 0x00, 0x00, 0x00, 0x00, 0x00, 0x00, 0x00, 0x00, 0x00, 0x00,
    0x00, 0x00, 0x00, 0x00, 0x00, 0x00, 0x00, 0x00, 0x00, 0x00, 0x00, 0x01, 0x00, 0x00, 0x00, 0x00,
    0x00, 0x00, 0x00, 0x00, 0x00, 0x00, 0x00, 0x01, 0x00, 0x00, 0x00, 0x00, 0x00, 0x00, 0x00, 0x00,
    0x00, 0x00, 0x00, 0x00, 0x00, 0x00, 0x00, 0x00, 0x00, 0x00, 0x00, 0x00, 0x00, 0x00, 0x00, 0x00,
    0x00, 0x00, 0x00, 0x00, 0x00, 0x00, 0x00, 0x00, 0x00, 0x00, 0x00, 0x00, 0x00, 0x00, 0x00, 0x01,
    0x00, 0x00, 0x00, 0x00, 0x00, 0x00, 0x00, 0x00, 0x00, 0x00, 0x00, 0x02, 0x00, 0x00, 0x00, 0x01,
    0x00, 0x00, 0x00, 0x00, 0x00, 0x00, 0x00, 0x00, 0x00, 0x00, 0x00, 0x00, 0x00, 0x00, 0x00, 0x00,
    0x00, 0x00, 0x00, 0x00, 0x00, 0x00, 0x00, 0x00, 0x00, 0x00, 0x00, 0x00, 0x00, 0x00, 0x00, 0x00,
    0x00, 0x00, 0x00, 0x00, 0x00, 0x00, 0x00, 0x00, 0x00, 0x00, 0x00, 0x00, 0x00, 0x00, 0x00, 0x00,
    0x00, 0x00, 0x00, 0x00, 0x00, 0x00, 0x00, 0x00, 0x00, 0x00, 0x00, 0x00, 0x00, 0x00, 0x00, 0x00,
    0x00, 0x00, 0x00, 0x00, 0x00, 0x00, 0x00, 0x00, 0x00, 0x00, 0x00, 0x00, 0x00, 0x00, 0x00, 0x00,
    0x00, 0x00, 0x00, 0x00, 0x00, 0x00, 0x00, 0x01, 0x00, 0x00, 0x00, 0x00, 0x00, 0x00, 0x00, 0x01,
    0x00, 0x00, 0x00, 0x00, 0x00, 0x00, 0x00, 0x00, 0x00, 0x00, 0x00, 0x00, 0x00, 0x00, 0x00, 0x00,
    0x00, 0x00, 0x00, 0x00, 0x00, 0x00, 0x00, 0x00, 0x00, 0x00, 0x00, 0x00, 0x00, 0x00, 0x00, 0x00,
    0x00, 0x00, 0x00, 0x00, 0x00, 0x00, 0x00, 0x00, 0x00, 0x00, 0x00, 0x00, 0x00, 0x00, 0x00, 0x00,
    0x00, 0x00, 0x00, 0x00, 0x00, 0x00, 0x00, 0x00, 0x00, 0x00, 0x00, 0x00, 0x00, 0x00, 0x00, 0x00,
    0x00, 0x00, 0x00, 0x00, 0x00, 0x00, 0x00, 0x02, 0x00, 0x00, 0x00, 0x00, 0x00, 0x00, 0x00, 0x01,
    0x00, 0x00, 0x00, 0x00, 0x00, 0x00, 0x00, 0x00, 0x00, 0x00, 0x00, 0x00, 0x00, 0x00, 0x00, 0x01,
    0x00, 0x00, 0x00, 0x00, 0x00, 0x00, 0x00, 0x00, 0x00, 0x00, 0x00, 0x01, 0x00, 0x00, 0x00, 0x00,
    0x00, 0x00, 0x00, 0x01, 0x00, 0x00, 0x00, 0x00, 0x00, 0x00, 0x00, 0x00, 0x00, 0x00, 0x00, 0x00,
    0x00, 0x00, 0x00, 0x01, 0x00, 0x00, 0x00, 0x00, 0x00, 0x00, 0x00, 0x00, 0x00, 0x00, 0x00, 0x00,
    0x00, 0x00, 0x00, 0x00, 0x00, 0x00, 0x00, 0x00, 0x00, 0x00, 0x00, 0x01, 0x00, 0x00, 0x00, 0x01,
    0x00, 0x00, 0x00, 0x00, 0x00, 0x00, 0x00, 0x00, 0x00, 0x00, 0x00, 0x01, 0x00, 0x00, 0x00, 0x00,
    0x00, 0x00, 0x00, 0x00, 0x00, 0x00, 0x00, 0x00, 0x00, 0x00, 0x00, 0x00, 0x00, 0x00, 0x00, 0x00,
    0x00, 0x00, 0x00, 0x00, 0x00, 0x00, 0x00, 0x01, 0x00, 0x00, 0x00, 0x01, 0x00, 0x00, 0x00, 0x01,
    0x00, 0x00, 0x00, 0x02, 0x00, 0x00, 0x00, 0x00, 0x00, 0x00, 0x00, 0x01, 0x00, 0x00, 0x00, 0x00,
    0x00, 0x00, 0x00, 0x00, 0x00, 0x00, 0x00, 0x00, 0x00, 0x00, 0x00, 0x01, 0x00, 0x00, 0x00, 0x00,
    0x00, 0x00, 0x00, 0x01, 0x00, 0x00, 0x00, 0x02, 0x00, 0x00, 0x00, 0x00, 0x00, 0x00, 0x00, 0x00,
    0x00, 0x00, 0x00, 0x00, 0x00, 0x00, 0x00, 0x00, 0x00, 0x00, 0x00, 0x00, 0x00, 0x00, 0x00, 0x00,
    0x00, 0x00, 0x00, 0x02, 0x00, 0x00, 0x00, 0x01, 0x00, 0x00, 0x00, 0x00, 0x00, 0x00, 0x00, 0x00,
    0x00, 0x00, 0x00, 0x00, 0x00, 0x00, 0x00, 0x00, 0x00, 0x00, 0x00, 0x00, 0x00, 0x00, 0x00, 0x00,
    0x00, 0x00, 0x00, 0x01, 0x00, 0x00, 0x00, 0x00, 0x00, 0x00, 0x00, 0x00, 0x00, 0x00, 0x00, 0x00,
    0x00, 0x00, 0x00, 0x01, 0x00, 0x00, 0x00, 0x01, 0x00, 0x00, 0x00, 0x00, 0x00, 0x00, 0x00, 0x00,
    0x00, 0x00, 0x00, 0x00, 0x00, 0x00, 0x00, 0x00, 0x00, 0x00, 0x00, 0x00, 0x00, 0x00, 0x00, 0x00,
    0x00, 0x00, 0x00, 0x01, 0x00, 0x00, 0x00, 0x01, 0x00, 0x00, 0x00, 0x01, 0x00, 0x00, 0x00, 0x00,
    0x00, 0x00, 0x00, 0x00, 0x00, 0x00, 0x00, 0x00, 0x00, 0x00, 0x00, 0x00, 0x00, 0x00, 0x00, 0x00,
    0x00, 0x00, 0x00, 0x00, 0x00, 0x00, 0x00, 0x00, 0x00, 0x00, 0x00, 0x00, 0x00, 0x00, 0x00, 0x00,
    0x00, 0x00, 0x00, 0x00, 0x00, 0x00, 0x00, 0x00, 0x00, 0x00, 0x00, 0x00, 0x00, 0x00, 0x00, 0x00,
    0x00, 0x00, 0x00, 0x00, 0x00, 0x00, 0x00, 0x01, 0x00, 0x00, 0x00, 0x01, 0x00, 0x00, 0x00, 0x00,
    0x00, 0x00, 0x00, 0x00, 0x00, 0x00, 0x00, 0x00, 0x00, 0x00, 0x00, 0x01, 0x00, 0x00, 0x00, 0x01,
    0x00, 0x00, 0x00, 0x00, 0x00, 0x00, 0x00, 0x00, 0x00, 0x00, 0x00, 0x00, 0x00, 0x00, 0x00, 0x00,
    0x00, 0x00, 0x00, 0x00, 0x00, 0x00, 0x00, 0x00, 0x00, 0x00, 0x00, 0x00, 0x00, 0x00, 0x00, 0x00,
    0x00, 0x00, 0x00, 0x00, 0x00, 0x00, 0x00, 0x00, 0x00, 0x00, 0x00, 0x01, 0x00, 0x00, 0x00, 0x02,
    0x00, 0x00, 0x00, 0x00, 0x00, 0x00, 0x00, 0x00, 0x00, 0x00, 0x00, 0x00, 0x00, 0x00, 0x00, 0x00,
    0x00, 0x00, 0x00, 0x00, 0x00, 0x00, 0x00, 0x00, 0x00, 0x00, 0x00, 0x00, 0x00, 0x00, 0x00, 0x00,
    0x00, 0x00, 0x00, 0x00, 0x00, 0x00, 0x00, 0x00, 0x00, 0x00, 0x00, 0x00, 0x00, 0x00, 0x00, 0x00,
    0x00, 0x00, 0x00, 0x00, 0x00, 0x00, 0x00, 0x00, 0x00, 0x00, 0x00, 0x01, 0x00, 0x00, 0x00, 0x00,
    0x00, 0x00, 0x00, 0x00, 0x00, 0x00, 0x00, 0x00, 0x00, 0x00, 0x00, 0x00, 0x00, 0x00, 0x00, 0x01,
    0x00, 0x00, 0x00, 0x01, 0x00, 0x00, 0x00, 0x00, 0x00, 0x00, 0x00, 0x00, 0x00, 0x00, 0x00, 0x00,
    0x00, 0x00, 0x00, 0x00, 0x00, 0x00, 0x00, 0x00, 0x00, 0x00, 0x00, 0x01, 0x00, 0x00, 0x00, 0x01,
    0x00, 0x00, 0x00, 0x00, 0x00, 0x00, 0x00, 0x00, 0x00, 0x00, 0x00, 0x00, 0x00, 0x00, 0x00, 0x00,
    0x00, 0x00, 0x00, 0x00, 0x00, 0x00, 0x00, 0x00, 0x00, 0x00, 0x00, 0x00, 0x00, 0x00, 0x00, 0x00,
    0x00, 0x00, 0x00, 0x00, 0x00, 0x00, 0x00, 0x00, 0x00, 0x00, 0x00, 0x00, 0x00, 0x00, 0x00, 0x00,
    0x00, 0x00, 0x00, 0x00, 0x00, 0x00, 0x00, 0x00, 0x00, 0x00, 0x00, 0x01, 0x00, 0x00, 0x00, 0x00,
    0x00, 0x00, 0x00, 0x00, 0x00, 0x00, 0x00, 0x00, 0x00, 0x00, 0x00, 0x00, 0x00, 0x00, 0x00, 0x00,
    0x00, 0x00, 0x00, 0x00, 0x00, 0x00, 0x00, 0x00, 0x00, 0x00, 0x00, 0x00, 0x00, 0x00, 0x00, 0x00,
    0x00, 0x00, 0x00, 0x00, 0x00, 0x00, 0x00, 0x00, 0x00, 0x00, 0x00, 0x00, 0x00, 0x00, 0x00, 0x00,
    0x00, 0x00, 0x00, 0x00, 0x00, 0x00, 0x00, 0x00, 0x00, 0x00, 0x00, 0x00, 0x00, 0x00, 0x00, 0x00,
    0x00, 0x00, 0x00, 0x00, 0x00, 0x00, 0x00, 0x01, 0x00, 0x00, 0x00, 0x00, 0x00, 0x00, 0x00, 0x00,
    0x00, 0x00, 0x00, 0x01, 0x00, 0x00, 0x00, 0x00, 0x00, 0x00, 0x00, 0x00, 0x00, 0x00, 0x00, 0x00,
    0x00, 0x00, 0x00, 0x00, 0x00, 0x00, 0x00, 0x00, 0x00, 0x00, 0x00, 0x00, 0x00, 0x00, 0x00, 0x00,
    0x00, 0x00, 0x00, 0x00, 0x00, 0x00, 0x00, 0x01, 0x00, 0x00, 0x00, 0x00, 0x00, 0x00, 0x00, 0x00,
    0x00, 0x00, 0x00, 0x00, 0x00, 0x00, 0x00, 0x00, 0x00, 0x00, 0x00, 0x00, 0x00, 0x00, 0x00, 0x00,
    0x00, 0x00, 0x00, 0x00, 0x00, 0x00, 0x00, 0x00, 0x00, 0x00, 0x00, 0x02, 0x00, 0x00, 0x00, 0x00,
    0x00, 0x00, 0x00, 0x00, 0x00, 0x00, 0x00, 0x00, 0x00, 0x00, 0x00, 0x01, 0x00, 0x00, 0x00, 0x01,
    0x00, 0x00, 0x00, 0x00, 0x00, 0x00, 0x00, 0x00, 0x00, 0x00, 0x00, 0x00, 0x00, 0x00, 0x00, 0x00,
    0x00, 0x00, 0x00, 0x01, 0x00, 0x00, 0x00, 0x00, 0x00, 0x00, 0x00, 0x01, 0x00, 0x00, 0x00, 0x00,
    0x00, 0x00, 0x00, 0x01, 0x00, 0x00, 0x00, 0x01, 0x00, 0x00, 0x00, 0x00, 0x00, 0x00, 0x00, 0x00,
    0x00, 0x00, 0x00, 0x00, 0x00, 0x00, 0x00, 0x00, 0x00, 0x00, 0x00, 0x00, 0x00, 0x00, 0x00, 0x00,
    0x00, 0x00, 0x00, 0x00, 0x00, 0x00, 0x00, 0x00, 0x00, 0x00, 0x00, 0x00, 0x00, 0x00, 0x00, 0x01,
    0x00, 0x00, 0x00, 0x00, 0x00, 0x00, 0x00, 0x00, 0x00, 0x00, 0x00, 0x00, 0x00, 0x00, 0x00, 0x00,
    0x00, 0x00, 0x00, 0x00, 0x00, 0x00, 0x00, 0x01, 0x00, 0x00, 0x00, 0x01, 0x00, 0x00, 0x00, 0x01,
    0x00, 0x00, 0x00, 0x00, 0x00, 0x00, 0x00, 0x00, 0x00, 0x00, 0x00, 0x00, 0x00, 0x00, 0x00, 0x00,
    0x00, 0x00, 0x00, 0x00, 0x00, 0x00, 0x00, 0x00, 0x00, 0x00, 0x00, 0x00, 0x00, 0x00, 0x00, 0x00,
    0x00, 0x00, 0x00, 0x00, 0x00, 0x00, 0x00, 0x00, 0x00, 0x00, 0x00, 0x00, 0x00, 0x00, 0x00, 0x00,
    0x00, 0x00, 0x00, 0x01, 0x00, 0x00, 0x00, 0x01, 0x00, 0x00, 0x00, 0x00, 0x00, 0x00, 0x00, 0x00,
    0x00, 0x00, 0x00, 0x00, 0x00, 0x00, 0x00, 0x01, 0x00, 0x00, 0x00, 0x01, 0x00, 0x00, 0x00, 0x00,
    0x00, 0x00, 0x00, 0x00, 0x00, 0x00, 0x00, 0x00, 0x00, 0x00, 0x00, 0x00, 0x00, 0x00, 0x00, 0x00,
    0x00, 0x00, 0x00, 0x00, 0x00, 0x00, 0x00, 0x00, 0x00, 0x00, 0x00, 0x00, 0x00, 0x00, 0x00, 0x00,
    0x00, 0x00, 0x00, 0x00, 0x00, 0x00, 0x00, 0x00, 0x00, 0x00, 0x00, 0x00, 0x00, 0x00, 0x00, 0x00,
    0x00, 0x00, 0x00, 0x00, 0x00, 0x00, 0x00, 0x00, 0x00, 0x00, 0x00, 0x00, 0x00, 0x00, 0x00, 0x01,
    0x00, 0x00, 0x00, 0x00, 0x00, 0x00, 0x00, 0x01, 0x00, 0x00, 0x00, 0x00, 0x00, 0x00, 0x00, 0x00,
    0x00, 0x00, 0x00, 0x00, 0x00, 0x00, 0x00, 0x01, 0x00, 0x00, 0x00, 0x01, 0x00, 0x00, 0x00, 0x00,
    0x00, 0x00, 0x00, 0x01, 0x00, 0x00, 0x00, 0x00, 0x00, 0x00, 0x00, 0x00, 0x00, 0x00, 0x00, 0x00,
    0x00, 0x00, 0x00, 0x02, 0x00, 0x00, 0x00, 0x00, 0x00, 0x00, 0x00, 0x00, 0x00, 0x00, 0x00, 0x00,
    0x00, 0x00, 0x00, 0x00, 0x00, 0x00, 0x00, 0x00, 0x00, 0x00, 0x00, 0x01, 0x00, 0x00, 0x00, 0x00,
    0x00, 0x00, 0x00, 0x00, 0x00, 0x00, 0x00, 0x01, 0x00, 0x00, 0x00, 0x00, 0x00, 0x00, 0x00, 0x00,
    0x00, 0x00, 0x00, 0x00, 0x00, 0x00, 0x00, 0x01, 0x00, 0x00, 0x00, 0x01, 0x00, 0x00, 0x00, 0x00,
    0x00, 0x00, 0x00, 0x00, 0x00, 0x00, 0x00, 0x00, 0x00, 0x00, 0x00, 0x00, 0x00, 0x00, 0x00, 0x00,
    0x00, 0x00, 0x00, 0x00, 0x00, 0x00, 0x00, 0x01, 0x00, 0x00, 0x00, 0x00, 0x00, 0x00, 0x00, 0x00,
    0x00, 0x00, 0x00, 0x00, 0x00, 0x00, 0x00, 0x00, 0x00, 0x00, 0x00, 0x00, 0x00, 0x00, 0x00, 0x00,
    0x00, 0x00, 0x00, 0x00, 0x00, 0x00, 0x00, 0x01, 0x00, 0x00, 0x00, 0x01, 0x00, 0x00, 0x00, 0x00,
    0x00, 0x00, 0x00, 0x00, 0x00, 0x00, 0x00, 0x00, 0x00, 0x00, 0x00, 0x00, 0x00, 0x00, 0x00, 0x00,
    0x00, 0x00, 0x00, 0x01, 0x00, 0x00, 0x00, 0x00, 0x00, 0x00, 0x00, 0x01, 0x00, 0x00, 0x00, 0x01,
    0x00, 0x00, 0x00, 0x00, 0x00, 0x00, 0x00, 0x00, 0x00, 0x00, 0x00, 0x00, 0x00, 0x00, 0x00, 0x00,
    0x00, 0x00, 0x00, 0x00, 0x00, 0x00, 0x00, 0x01, 0x00, 0x00, 0x00, 0x00, 0x00, 0x00, 0x00, 0x00,
    0x00, 0x00, 0x00, 0x01, 0x00, 0x00, 0x00, 0x00, 0x00, 0x00, 0x00, 0x00, 0x00, 0x00, 0x00, 0x00,
    0x00, 0x00, 0x00, 0x01, 0x00, 0x00, 0x00, 0x00, 0x00, 0x00, 0x00, 0x00, 0x00, 0x00, 0x00, 0x00,
    0x00, 0x00, 0x00, 0x00, 0x00, 0x00, 0x00, 0x00, 0x00, 0x00, 0x00, 0x00, 0x00, 0x00, 0x00, 0x00,
    0x00, 0x00, 0x00, 0x00, 0x00, 0x00, 0x00, 0x00, 0x00, 0x00, 0x00, 0x00, 0x00, 0x00, 0x00, 0x01,
    0x00, 0x00, 0x00, 0x01, 0x00, 0x00, 0x00, 0x00, 0x00, 0x00, 0x00, 0x01, 0x00, 0x00, 0x00, 0x01,
    0x00, 0x00, 0x00, 0x00, 0x00, 0x00, 0x00, 0x00, 0x00, 0x00, 0x00, 0x00, 0x00, 0x00, 0x00, 0x00,
    0x00, 0x00, 0x00, 0x00, 0x00, 0x00, 0x00, 0x01, 0x00, 0x00, 0x00, 0x01, 0x00, 0x00, 0x00, 0x00,
    0x00, 0x00, 0x00, 0x01, 0x00, 0x00, 0x00, 0x01, 0x00, 0x00, 0x00, 0x01, 0x00, 0x00, 0x00, 0x00,
    0x00, 0x00, 0x00, 0x00, 0x00, 0x00, 0x00, 0x00, 0x00, 0x00, 0x00, 0x01, 0x00, 0x00, 0x00, 0x03,
    0x00, 0x00, 0x00, 0x01, 0x00, 0x00, 0x00, 0x00, 0x00, 0x00, 0x00, 0x01, 0x00, 0x00, 0x00, 0x01,
    0x00, 0x00, 0x00, 0x00, 0x00, 0x00, 0x00, 0x00, 0x00, 0x00, 0x00, 0x00, 0x00, 0x00, 0x00, 0x00,
    0x00, 0x00, 0x00, 0x00, 0x00, 0x00, 0x00, 0x00, 0x00, 0x00, 0x00, 0x00, 0x00, 0x00, 0x00, 0x01,
    0x00, 0x00, 0x00, 0x01, 0x00, 0x00, 0x00, 0x00, 0x00, 0x00, 0x00, 0x00, 0x00, 0x00, 0x00, 0x00,
    0x00, 0x00, 0x00, 0x00, 0x00, 0x00, 0x00, 0x00, 0x00, 0x00, 0x00, 0x01, 0x00, 0x00, 0x00, 0x01,
    0x00, 0x00, 0x00, 0x00, 0x00, 0x00, 0x00, 0x01, 0x00, 0x00, 0x00, 0x00, 0x00, 0x00, 0x00, 0x00,
    0x00, 0x00, 0x00, 0x00, 0x00, 0x00, 0x00, 0x00, 0x00, 0x00, 0x00, 0x00, 0x00, 0x00, 0x00, 0x00,
    0x00, 0x00, 0x00, 0x00, 0x00, 0x00, 0x00, 0x00, 0x00, 0x00, 0x00, 0x00, 0x00, 0x00, 0x00, 0x00,
    0x00, 0x00, 0x00, 0x00, 0x00, 0x00, 0x00, 0x01, 0x00, 0x00, 0x00, 0x01, 0x00, 0x00, 0x00, 0x00,
    0x00, 0x00, 0x00, 0x02, 0x00, 0x00, 0x00, 0x01, 0x00, 0x00, 0x00, 0x00, 0x00, 0x00, 0x00, 0x00,
    0x00, 0x00, 0x00, 0x00, 0x00, 0x00, 0x00, 0x00, 0x00, 0x00, 0x00, 0x00, 0x00, 0x00, 0x00, 0x00,
    0x00, 0x00, 0x00, 0x01, 0x00, 0x00, 0x00, 0x00, 0x00, 0x00, 0x00, 0x01, 0x00, 0x00, 0x00, 0x00,
    0x00, 0x00, 0x00, 0x00, 0x00, 0x00, 0x00, 0x00, 0x00, 0x00, 0x00, 0x00, 0x00, 0x00, 0x00, 0x00,
    0x00, 0x00, 0x00, 0x01, 0x00, 0x00, 0x00, 0x00, 0x00, 0x00, 0x00, 0x00, 0x00, 0x00, 0x00, 0x00,
    0x00, 0x00, 0x00, 0x00, 0x00, 0x00, 0x00, 0x00, 0x00, 0x00, 0x00, 0x00, 0x00, 0x00, 0x00, 0x00,
    0x00, 0x00, 0x00, 0x00, 0x00, 0x00, 0x00, 0x00, 0x00, 0x00, 0x00, 0x00, 0x00, 0x00, 0x00, 0x00,
    0x00, 0x00, 0x00, 0x00, 0x00, 0x00, 0x00, 0x00, 0x00, 0x00, 0x00, 0x00, 0x00, 0x00, 0x00, 0x00,
    0x00, 0x00, 0x00, 0x00, 0x00, 0x00, 0x00, 0x00, 0x00, 0x00, 0x00, 0x00, 0x00, 0x00, 0x00, 0x00,
    0x00, 0x00, 0x00, 0x01, 0x00, 0x00, 0x00, 0x00, 0x00, 0x00, 0x00, 0x00, 0x00, 0x00, 0x00, 0x00,
    0x00, 0x00, 0x00, 0x01, 0x00, 0x00, 0x00, 0x00, 0x00, 0x00, 0x00, 0x00, 0x00, 0x00, 0x00, 0x00,
    0x00, 0x00, 0x00, 0x00, 0x00, 0x00, 0x00, 0x00, 0x00, 0x00, 0x00, 0x00, 0x00, 0x00, 0x00, 0x00,
    0x00, 0x00, 0x00, 0x00, 0x00, 0x00, 0x00, 0x00, 0x00, 0x00, 0x00, 0x00, 0x00, 0x00, 0x00, 0x01,
    0x00, 0x00, 0x00, 0x01, 0x00, 0x00, 0x00, 0x00, 0x00, 0x00, 0x00, 0x02, 0x00, 0x00, 0x00, 0x01,
    0x00, 0x00, 0x00, 0x01, 0x00, 0x00, 0x00, 0x00, 0x00, 0x00, 0x00, 0x00, 0x00, 0x00, 0x00, 0x02,
    0x00, 0x00, 0x00, 0x01, 0x00, 0x00, 0x00, 0x00, 0x00, 0x00, 0x00, 0x00, 0x00, 0x00, 0x00, 0x00,
    0x00, 0x00, 0x00, 0x00, 0x00, 0x00, 0x00, 0x00, 0x00, 0x00, 0x00, 0x00, 0x00, 0x00, 0x00, 0x00,
    0x00, 0x00, 0x00, 0x02, 0x00, 0x00, 0x00, 0x00, 0x00, 0x00, 0x00, 0x00, 0x00, 0x00, 0x00, 0x00,
    0x00, 0x00, 0x00, 0x00, 0x00, 0x00, 0x00, 0x00, 0x00, 0x00, 0x00, 0x00, 0x00, 0x00, 0x00, 0x01,
    0x00, 0x00, 0x00, 0x00, 0x00, 0x00, 0x00, 0x00, 0x00, 0x00, 0x00, 0x00, 0x00, 0x00, 0x00, 0x00,
    0x00, 0x00, 0x00, 0x01, 0x00, 0x00, 0x00, 0x01, 0x00, 0x00, 0x00, 0x00, 0x00, 0x00, 0x00, 0x00,
    0x00, 0x00, 0x00, 0x00, 0x00, 0x00, 0x00, 0x00, 0x00, 0x00, 0x00, 0x00, 0x00, 0x00, 0x00, 0x00,
    0x00, 0x00, 0x00, 0x02, 0x00, 0x00, 0x00, 0x02, 0x00, 0x00, 0x00, 0x00, 0x00, 0x00, 0x00, 0x01,
    0x00, 0x00, 0x00, 0x00, 0x00, 0x00, 0x00, 0x00, 0x00, 0x00, 0x00, 0x00, 0x00, 0x00, 0x00, 0x00,
    0x00, 0x00, 0x00, 0x00, 0x00, 0x00, 0x00, 0x02, 0x00, 0x00, 0x00, 0x01, 0x00, 0x00, 0x00, 0x00,
    0x00, 0x00, 0x00, 0x01, 0x00, 0x00, 0x00, 0x01, 0x00, 0x00, 0x00, 0x01, 0x00, 0x00, 0x00, 0x01,
    0x00, 0x00, 0x00, 0x00, 0x00, 0x00, 0x00, 0x00, 0x00, 0x00, 0x00, 0x00, 0x00, 0x00, 0x00, 0x00,
    0x00, 0x00, 0x00, 0x01, 0x00, 0x00, 0x00, 0x01, 0x00, 0x00, 0x00, 0x00, 0x00, 0x00, 0x00, 0x00,
    0x00, 0x00, 0x00, 0x01, 0x00, 0x00, 0x00, 0x01, 0x00, 0x00, 0x00, 0x00, 0x00, 0x00, 0x00, 0x00,
    0x00, 0x00, 0x00, 0x00, 0x00, 0x00, 0x00, 0x00, 0x00, 0x00, 0x00, 0x00, 0x00, 0x00, 0x00, 0x00,
    0x00, 0x00, 0x00, 0x00, 0x00, 0x00, 0x00, 0x00, 0x00, 0x00, 0x00, 0x00, 0x00, 0x00, 0x00, 0x00,
    0x00, 0x00, 0x00, 0x00, 0x00, 0x00, 0x00, 0x01, 0x00, 0x00, 0x00, 0x00, 0x00, 0x00, 0x00, 0x01,
    0x00, 0x00, 0x00, 0x01, 0x00, 0x00, 0x00, 0x02, 0x00, 0x00, 0x00, 0x01, 0x00, 0x00, 0x00, 0x00,
    0x00, 0x00, 0x00, 0x00, 0x00, 0x00, 0x00, 0x01, 0x00, 0x00, 0x00, 0x01, 0x00, 0x00, 0x00, 0x00,
    0x00, 0x00, 0x00, 0x00, 0x00, 0x00, 0x00, 0x00, 0x00, 0x00, 0x00, 0x00, 0x00, 0x00, 0x00, 0x01,
    0x00, 0x00, 0x00, 0x00, 0x00, 0x00, 0x00, 0x00, 0x00, 0x00, 0x00, 0x00, 0x00, 0x00, 0x00, 0x00,
    0x00, 0x00, 0x00, 0x00, 0x00, 0x00, 0x00, 0x00, 0x00, 0x00, 0x00, 0x00, 0x00, 0x00, 0x00, 0x00,
    0x00, 0x00, 0x00, 0x00, 0x00, 0x00, 0x00, 0x01, 0x00, 0x00, 0x00, 0x01, 0x00, 0x00, 0x00, 0x00,
    0x00, 0x00, 0x00, 0x00, 0x00, 0x00, 0x00, 0x00, 0x00, 0x00, 0x00, 0x00, 0x00, 0x00, 0x00, 0x01,
    0x00, 0x00, 0x00, 0x00, 0x00, 0x00, 0x00, 0x00, 0x00, 0x00, 0x00, 0x00, 0x00, 0x00, 0x00, 0x00,
    0x00, 0x00, 0x00, 0x00, 0x00, 0x00, 0x00, 0x00, 0x00, 0x00, 0x00, 0x00, 0x00, 0x00, 0x00, 0x00,
    0x00, 0x00, 0x00, 0x01, 0x00, 0x00, 0x00, 0x00, 0x00, 0x00, 0x00, 0x00, 0x00, 0x00, 0x00, 0x00,
    0x00, 0x00, 0x00, 0x00, 0x00, 0x00, 0x00, 0x00, 0x00, 0x00, 0x00, 0x00, 0x00, 0x00, 0x00, 0x02,
    0x00, 0x00, 0x00, 0x01, 0x00, 0x00, 0x00, 0x02, 0x00, 0x00, 0x00, 0x00, 0x00, 0x00, 0x00, 0x00,
    0x00, 0x00, 0x00, 0x00, 0x00, 0x00, 0x00, 0x00, 0x00, 0x00, 0x00, 0x01, 0x00, 0x00, 0x00, 0x01,
    0x00, 0x00, 0x00, 0x00, 0x00, 0x00, 0x00, 0x00, 0x00, 0x00, 0x00, 0x01, 0x00, 0x00, 0x00, 0x01,
    0x00, 0x00, 0x00, 0x00, 0x00, 0x00, 0x00, 0x00, 0x00, 0x00, 0x00, 0x00, 0x00, 0x00, 0x00, 0x01,
    0x00, 0x00, 0x00, 0x00, 0x00, 0x00, 0x00, 0x00, 0x00, 0x00, 0x00, 0x00, 0x00, 0x00, 0x00, 0x00,
    0x00, 0x00, 0x00, 0x01, 0x00, 0x00, 0x00, 0x00, 0x00, 0x00, 0x00, 0x00, 0x00, 0x00, 0x00, 0x00,
    0x00, 0x00, 0x00, 0x00, 0x00, 0x00, 0x00, 0x00, 0x00, 0x00, 0x00, 0x00, 0x00, 0x00, 0x00, 0x00,
    0x00, 0x00, 0x00, 0x00, 0x00, 0x00, 0x00, 0x00, 0x00, 0x00, 0x00, 0x00, 0x00, 0x00, 0x00, 0x00,
    0x00, 0x00, 0x00, 0x00, 0x00, 0x00, 0x00, 0x00, 0x00, 0x00, 0x00, 0x00, 0x00, 0x00, 0x00, 0x00,
    0x00, 0x00, 0x00, 0x00, 0x00, 0x00, 0x00, 0x00, 0x00, 0x00, 0x00, 0x00, 0x00, 0x00, 0x00, 0x00,
    0x00, 0x00, 0x00, 0x00, 0x00, 0x00, 0x00, 0x00, 0x00, 0x00, 0x00, 0x00, 0x00, 0x00, 0x00, 0x00,
    0x00, 0x00, 0x00, 0x01, 0x00, 0x00, 0x00, 0x01, 0x00, 0x00, 0x00, 0x00, 0x00, 0x00, 0x00, 0x00,
    0x00, 0x00, 0x00, 0x00, 0x00, 0x00, 0x00, 0x00, 0x00, 0x00, 0x00, 0x01, 0x00, 0x00, 0x00, 0x01,
    0x00, 0x00, 0x00, 0x00, 0x00, 0x00, 0x00, 0x00, 0x00, 0x00, 0x00, 0x00, 0x00, 0x00, 0x00, 0x01,
    0x00, 0x00, 0x00, 0x00, 0x00, 0x00, 0x00, 0x00, 0x00, 0x00, 0x00, 0x00, 0x00, 0x00, 0x00, 0x00,
    0x00, 0x00, 0x00, 0x00, 0x00, 0x00, 0x00, 0x00, 0x00, 0x00, 0x00, 0x00, 0x00, 0x00, 0x00, 0x02,
    0x00, 0x00, 0x00, 0x00, 0x00, 0x00, 0x00, 0x00, 0x00, 0x00, 0x00, 0x00, 0x00, 0x00, 0x00, 0x00,
    0x00, 0x00, 0x00, 0x00, 0x00, 0x00, 0x00, 0x00, 0x00, 0x00, 0x00, 0x00, 0x00, 0x00, 0x00, 0x01,
    0x00, 0x00, 0x00, 0x00, 0x00, 0x00, 0x00, 0x00, 0x00, 0x00, 0x00, 0x00, 0x00, 0x00, 0x00, 0x00,
    0x00, 0x00, 0x00, 0x00, 0x00, 0x00, 0x00, 0x00, 0x00, 0x00, 0x00, 0x00, 0x00, 0x00, 0x00, 0x00,
    0x00, 0x00, 0x00, 0x00, 0x00, 0x00, 0x00, 0x00, 0x00, 0x00, 0x00, 0x00, 0x00, 0x00, 0x00, 0x00,
    0x00, 0x00, 0x00, 0x00, 0x00, 0x00, 0x00, 0x00, 0x00, 0x00, 0x00, 0x00, 0x00, 0x00, 0x00, 0x00,
    0x00, 0x00, 0x00, 0x00, 0x00, 0x00, 0x00, 0x00, 0x00, 0x00, 0x00, 0x00, 0x00, 0x00, 0x00, 0x00,
    0x00, 0x00, 0x00, 0x00, 0x00, 0x00, 0x00, 0x00, 0x00, 0x00, 0x00, 0x00, 0x00, 0x00, 0x00, 0x00,
    0x00, 0x00, 0x00, 0x01, 0x00, 0x00, 0x00, 0x00, 0x00, 0x00, 0x00, 0x00, 0x00, 0x00, 0x00, 0x00,
    0x00, 0x00, 0x00, 0x00, 0x00, 0x00, 0x00, 0x00, 0x00, 0x00, 0x00, 0x00, 0x00, 0x00, 0x00, 0x01,
    0x00, 0x00, 0x00, 0x01, 0x00, 0x00, 0x00, 0x00, 0x00, 0x00, 0x00, 0x00, 0x00, 0x00, 0x00, 0x00,
    0x00, 0x00, 0x00, 0x02, 0x00, 0x00, 0x00, 0x02, 0x00, 0x00, 0x00, 0x00, 0x00, 0x00, 0x00, 0x00,
    0x00, 0x00, 0x00, 0x00, 0x00, 0x00, 0x00, 0x00, 0x00, 0x00, 0x00, 0x01, 0x00, 0x00, 0x00, 0x01,
    0x00, 0x00, 0x00, 0x00, 0x00, 0x00, 0x00, 0x00, 0x00, 0x00, 0x00, 0x00, 0x00, 0x00, 0x00, 0x00,
    0x00, 0x00, 0x00, 0x00, 0x00, 0x00, 0x00, 0x01, 0x00, 0x00, 0x00, 0x01, 0x00, 0x00, 0x00, 0x00,
    0x00, 0x00, 0x00, 0x01, 0x00, 0x00, 0x00, 0x00, 0x00, 0x00, 0x00, 0x00, 0x00, 0x00, 0x00, 0x00,
    0x00, 0x00, 0x00, 0x01, 0x00, 0x00, 0x00, 0x00, 0x00, 0x00, 0x00, 0x00, 0x00, 0x00, 0x00, 0x00,
    0x00, 0x00, 0x00, 0x00, 0x00, 0x00, 0x00, 0x00, 0x00, 0x00, 0x00, 0x00, 0x00, 0x00, 0x00, 0x00,
    0x00, 0x00, 0x00, 0x00, 0x00, 0x00, 0x00, 0x00, 0x00, 0x00, 0x00, 0x00, 0x00, 0x00, 0x00, 0x00,
    0x00, 0x00, 0x00, 0x01, 0x00, 0x00, 0x00, 0x00, 0x00, 0x00, 0x00, 0x00, 0x00, 0x00, 0x00, 0x01,
    0x00, 0x00, 0x00, 0x02, 0x00, 0x00, 0x00, 0x01, 0x00, 0x00, 0x00, 0x02, 0x00, 0x00, 0x00, 0x01,
    0x00, 0x00, 0x00, 0x01, 0x00, 0x00, 0x00, 0x00, 0x00, 0x00, 0x00, 0x01, 0x00, 0x00, 0x00, 0x01,
    0x00, 0x00, 0x00, 0x00, 0x00, 0x00, 0x00, 0x00, 0x00, 0x00, 0x00, 0x00, 0x00, 0x00, 0x00, 0x01,
    0x00, 0x00, 0x00, 0x02, 0x00, 0x00, 0x00, 0x00, 0x00, 0x00, 0x00, 0x00, 0x00, 0x00, 0x00, 0x00,
    0x00, 0x00, 0x00, 0x01, 0x00, 0x00, 0x00, 0x00, 0x00, 0x00, 0x00, 0x00, 0x00, 0x00, 0x00, 0x01,
    0x00, 0x00, 0x00, 0x00, 0x00, 0x00, 0x00, 0x00, 0x00, 0x00, 0x00, 0x00, 0x00, 0x00, 0x00, 0x00,
    0x00, 0x00, 0x00, 0x00, 0x00, 0x00, 0x00, 0x00, 0x00, 0x00, 0x00, 0x00, 0x00, 0x00, 0x00, 0x00,
    0x00, 0x00, 0x00, 0x00, 0x00, 0x00, 0x00, 0x01, 0x00, 0x00, 0x00, 0x00, 0x00, 0x00, 0x00, 0x00,
    0x00, 0x00, 0x00, 0x00, 0x00, 0x00, 0x00, 0x01, 0x00, 0x00, 0x00, 0x00, 0x00, 0x00, 0x00, 0x00,
    0x00, 0x00, 0x00, 0x00, 0x00, 0x00, 0x00, 0x00, 0x00, 0x00, 0x00, 0x00, 0x00, 0x00, 0x00, 0x00,
    0x00, 0x00, 0x00, 0x00, 0x00, 0x00, 0x00, 0x01, 0x00, 0x00, 0x00, 0x01, 0x00, 0x00, 0x00, 0x00,
    0x00, 0x00, 0x00, 0x00, 0x00, 0x00, 0x00, 0x00, 0x00, 0x00, 0x00, 0x00, 0x00, 0x00, 0x00, 0x00,
    0x00, 0x00, 0x00, 0x00, 0x00, 0x00, 0x00, 0x00, 0x00, 0x00, 0x00, 0x00, 0x00, 0x00, 0x00, 0x00,
    0x00, 0x00, 0x00, 0x00, 0x00, 0x00, 0x00, 0x00, 0x00, 0x00, 0x00, 0x00, 0x00, 0x00, 0x00, 0x00,
    0x00, 0x00, 0x00, 0x00, 0x00, 0x00, 0x00, 0x00, 0x00, 0x00, 0x00, 0x00, 0x00, 0x00, 0x00, 0x00,
    0x00, 0x00, 0x00, 0x00, 0x00, 0x00, 0x00, 0x00, 0x00, 0x00, 0x00, 0x00, 0x00, 0x00, 0x00, 0x01,
    0x00, 0x00, 0x00, 0x01, 0x00, 0x00, 0x00, 0x00, 0x00, 0x00, 0x00, 0x00, 0x00, 0x00, 0x00, 0x00,
    0x00, 0x00, 0x00, 0x00, 0x00, 0x00, 0x00, 0x00, 0x00, 0x00, 0x00, 0x00, 0x00, 0x00, 0x00, 0x00,
    0x00, 0x00, 0x00, 0x03, 0x00, 0x00, 0x00, 0x01, 0x00, 0x00, 0x00, 0x00, 0x00, 0x00, 0x00, 0x00,
    0x00, 0x00, 0x00, 0x00, 0x00, 0x00, 0x00, 0x01, 0x00, 0x00, 0x00, 0x00, 0x00, 0x00, 0x00, 0x00,
    0x00, 0x00, 0x00, 0x00, 0x00, 0x00, 0x00, 0x00, 0x00, 0x00, 0x00, 0x00, 0x00, 0x00, 0x00, 0x00,
    0x00, 0x00, 0x00, 0x00, 0x00, 0x00, 0x00, 0x00, 0x00, 0x00, 0x00, 0x00, 0x00, 0x00, 0x00, 0x00,
    0x00, 0x00, 0x00, 0x00, 0x00, 0x00, 0x00, 0x00, 0x00, 0x00, 0x00, 0x00, 0x00, 0x00, 0x00, 0x00,
    0x00, 0x00, 0x00, 0x00, 0x00, 0x00, 0x00, 0x00, 0x00, 0x00, 0x00, 0x01, 0x00, 0x00, 0x00, 0x01,
    0x00, 0x00, 0x00, 0x01, 0x00, 0x00, 0x00, 0x00, 0x00, 0x00, 0x00, 0x00, 0x00, 0x00, 0x00, 0x00,
    0x00, 0x00, 0x00, 0x00, 0x00, 0x00, 0x00, 0x00, 0x00, 0x00, 0x00, 0x00, 0x00, 0x00, 0x00, 0x01,
    0x00, 0x00, 0x00, 0x00, 0x00, 0x00, 0x00, 0x00, 0x00, 0x00, 0x00, 0x01, 0x00, 0x00, 0x00, 0x01,
    0x00, 0x00, 0x00, 0x00, 0x00, 0x00, 0x00, 0x00, 0x00, 0x00, 0x00, 0x00, 0x00, 0x00, 0x00, 0x00,
    0x00, 0x00, 0x00, 0x00, 0x00, 0x00, 0x00, 0x01, 0x00, 0x00, 0x00, 0x00, 0x00, 0x00, 0x00, 0x01,
    0x00, 0x00, 0x00, 0x00, 0x00, 0x00, 0x00, 0x01, 0x00, 0x00, 0x00, 0x01, 0x00, 0x00, 0x00, 0x01,
    0x00, 0x00, 0x00, 0x00, 0x00, 0x00, 0x00, 0x00, 0x00, 0x00, 0x00, 0x00, 0x00, 0x00, 0x00, 0x00,
    0x00, 0x00, 0x00, 0x00, 0x00, 0x00, 0x00, 0x00, 0x00, 0x00, 0x00, 0x01, 0x00, 0x00, 0x00, 0x00,
    0x00, 0x00, 0x00, 0x00, 0x00, 0x00, 0x00, 0x00, 0x00, 0x00, 0x00, 0x00, 0x00, 0x00, 0x00, 0x00,
    0x00, 0x00, 0x00, 0x00, 0x00, 0x00, 0x00, 0x01, 0x00, 0x00, 0x00, 0x00, 0x00, 0x00, 0x00, 0x00,
    0x00, 0x00, 0x00, 0x00, 0x00, 0x00, 0x00, 0x00, 0x00, 0x00, 0x00, 0x00, 0x00, 0x00, 0x00, 0x00,
    0x00, 0x00, 0x00, 0x00, 0x00, 0x00, 0x00, 0x00, 0x00, 0x00, 0x00, 0x00, 0x00, 0x00, 0x00, 0x00,
    0x00, 0x00, 0x00, 0x00, 0x00, 0x00, 0x00, 0x00, 0x00, 0x00, 0x00, 0x00, 0x00, 0x00, 0x00, 0x00,
    0x00, 0x00, 0x00, 0x00, 0x00, 0x00, 0x00, 0x00, 0x00, 0x00, 0x00, 0x00, 0x00, 0x00, 0x00, 0x00,
    0x00, 0x00, 0x00, 0x00, 0x00, 0x00, 0x00, 0x00, 0x00, 0x00, 0x00, 0x00, 0x00, 0x00, 0x00, 0x00,
    0x00, 0x00, 0x00, 0x00, 0x00, 0x00, 0x00, 0x00, 0x00, 0x00, 0x00, 0x00, 0x00, 0x00, 0x00, 0x00,
    0x00, 0x00, 0x00, 0x00, 0x00, 0x00, 0x00, 0x00, 0x00, 0x00, 0x00, 0x00, 0x00, 0x00, 0x00, 0x00,
    0x00, 0x00, 0x00, 0x00, 0x00, 0x00, 0x00, 0x00, 0x00, 0x00, 0x00, 0x00, 0x00, 0x00, 0x00, 0x00,
    0x00, 0x00, 0x00, 0x00, 0x00, 0x00, 0x00, 0x00, 0x00, 0x00, 0x00, 0x00, 0x00, 0x00, 0x00, 0x00,
    0x00, 0x00, 0x00, 0x00, 0x00, 0x00, 0x00, 0x00, 0x00, 0x00, 0x00, 0x00, 0x00, 0x00, 0x00, 0x00,
    0x00, 0x00, 0x00, 0x00, 0x00, 0x00, 0x00, 0x00, 0x00, 0x00, 0x00, 0x00, 0x00, 0x00, 0x00, 0x00,
    0x00, 0x00, 0x00, 0x00, 0x00, 0x00, 0x00, 0x00, 0x00, 0x00, 0x00, 0x00, 0x00, 0x00, 0x00, 0x00,
    0x00, 0x00, 0x00, 0x00, 0x00, 0x00, 0x00, 0x00, 0x00, 0x00, 0x00, 0x00, 0x00, 0x00, 0x00, 0x00,
    0x00, 0x00, 0x00, 0x00, 0x00, 0x00, 0x00, 0x01, 0x00, 0x00, 0x00, 0x00, 0x00, 0x00, 0x00, 0x00,
    0x00, 0x00, 0x00, 0x00, 0x00, 0x00, 0x00, 0x00, 0x00, 0x00, 0x00, 0x00, 0x00, 0x00, 0x00, 0x00,
    0x00, 0x00, 0x00, 0x00, 0x00, 0x00, 0x00, 0x00, 0x00, 0x00, 0x00, 0x00, 0x00, 0x00, 0x00, 0x00,
    0x00, 0x00, 0x00, 0x00, 0x00, 0x00, 0x00, 0x00, 0x00, 0x00, 0x00, 0x00, 0x00, 0x00, 0x00, 0x01,
    0x00, 0x00, 0x00, 0x00, 0x00, 0x00, 0x00, 0x00, 0x00, 0x00, 0x00, 0x00, 0x00, 0x00, 0x00, 0x01,
    0x00, 0x00, 0x00, 0x01, 0x00, 0x00, 0x00, 0x00, 0x00, 0x00, 0x00, 0x00, 0x00, 0x00, 0x00, 0x00,
    0x00, 0x00, 0x00, 0x00, 0x00, 0x00, 0x00, 0x00, 0x00, 0x00, 0x00, 0x00, 0x00, 0x00, 0x00, 0x00,
    0x00, 0x00, 0x00, 0x00, 0x00, 0x00, 0x00, 0x00, 0x00, 0x00, 0x00, 0x00, 0x00, 0x00, 0x00, 0x00,
    0x00, 0x00, 0x00, 0x01, 0x00, 0x00, 0x00, 0x00, 0x00, 0x00, 0x00, 0x00, 0x00, 0x00, 0x00, 0x01,
    0x00, 0x00, 0x00, 0x03, 0x00, 0x00, 0x00, 0x01, 0x00, 0x00, 0x00, 0x00, 0x00, 0x00, 0x00, 0x00,
    0x00, 0x00, 0x00, 0x00, 0x00, 0x00, 0x00, 0x00, 0x00, 0x00, 0x00, 0x00, 0x00, 0x00, 0x00, 0x00,
    0x00, 0x00, 0x00, 0x00, 0x00, 0x00, 0x00, 0x00, 0x00, 0x00, 0x00, 0x01, 0x00, 0x00, 0x00, 0x00,
    0x00, 0x00, 0x00, 0x00, 0x00, 0x00, 0x00, 0x00, 0x00, 0x00, 0x00, 0x00, 0x00, 0x00, 0x00, 0x00,
    0x00, 0x00, 0x00, 0x00, 0x00, 0x00, 0x00, 0x00, 0x00, 0x00, 0x00, 0x00, 0x00, 0x00, 0x00, 0x00,
    0x00, 0x00, 0x00, 0x00, 0x00, 0x00, 0x00, 0x00, 0x00, 0x00, 0x00, 0x00, 0x00, 0x00, 0x00, 0x00,
    0x00, 0x00, 0x00, 0x01, 0x00, 0x00, 0x00, 0x01, 0x00, 0x00, 0x00, 0x00, 0x00, 0x00, 0x00, 0x00,
    0x00, 0x00, 0x00, 0x00, 0x00, 0x00, 0x00, 0x00, 0x00, 0x00, 0x00, 0x00, 0x00, 0x00, 0x00, 0x00,
    0x00, 0x00, 0x00, 0x01, 0x00, 0x00, 0x00, 0x00, 0x00, 0x00, 0x00, 0x00, 0x00, 0x00, 0x00, 0x00,
    0x00, 0x00, 0x00, 0x01, 0x00, 0x00, 0x00, 0x01, 0x00, 0x00, 0x00, 0x00, 0x00, 0x00, 0x00, 0x00,
    0x00, 0x00, 0x00, 0x00, 0x00, 0x00, 0x00, 0x00, 0x00, 0x00, 0x00, 0x00, 0x00, 0x00, 0x00, 0x00,
    0x00, 0x00, 0x00, 0x00, 0x00, 0x00, 0x00, 0x00, 0x00, 0x00, 0x00, 0x00, 0x00, 0x00, 0x00, 0x00,
    0x00, 0x00, 0x00, 0x00, 0x00, 0x00, 0x00, 0x00, 0x00, 0x00, 0x00, 0x01, 0x00, 0x00, 0x00, 0x00,
    0x00, 0x00, 0x00, 0x00, 0x00, 0x00, 0x00, 0x00, 0x00, 0x00, 0x00, 0x00, 0x00, 0x00, 0x00, 0x00,
    0x00, 0x00, 0x00, 0x00, 0x00, 0x00, 0x00, 0x01, 0x00, 0x00, 0x00, 0x01, 0x00, 0x00, 0x00, 0x00,
    0x00, 0x00, 0x00, 0x00, 0x00, 0x00, 0x00, 0x00, 0x00, 0x00, 0x00, 0x00, 0x00, 0x00, 0x00, 0x00,
    0x00, 0x00, 0x00, 0x01, 0x00, 0x00, 0x00, 0x01, 0x00, 0x00, 0x00, 0x00, 0x00, 0x00, 0x00, 0x00,
    0x00, 0x00, 0x00, 0x00, 0x00, 0x00, 0x00, 0x00, 0x00, 0x00, 0x00, 0x00, 0x00, 0x00, 0x00, 0x00,
    0x00, 0x00, 0x00, 0x00, 0x00, 0x00, 0x00, 0x00, 0x00, 0x00, 0x00, 0x00, 0x00, 0x00, 0x00, 0x00,
    0x00, 0x00, 0x00, 0x00, 0x00, 0x00, 0x00, 0x00, 0x00, 0x00, 0x00, 0x00, 0x00, 0x00, 0x00, 0x00,
    0x00, 0x00, 0x00, 0x01, 0x00, 0x00, 0x00, 0x01, 0x00, 0x00, 0x00, 0x00, 0x00, 0x00, 0x00, 0x00,
    0x00, 0x00, 0x00, 0x00, 0x00, 0x00, 0x00, 0x00, 0x00, 0x00, 0x00, 0x00, 0x00, 0x00, 0x00, 0x00,
    0x00, 0x00, 0x00, 0x00, 0x00, 0x00, 0x00, 0x00, 0x00, 0x00, 0x00, 0x01, 0x00, 0x00, 0x00, 0x02,
    0x00, 0x00, 0x00, 0x00, 0x00, 0x00, 0x00, 0x00, 0x00, 0x00, 0x00, 0x00, 0x00, 0x00, 0x00, 0x00,
    0x00, 0x00, 0x00, 0x00, 0x00, 0x00, 0x00, 0x00, 0x00, 0x00, 0x00, 0x00, 0x00, 0x00, 0x00, 0x01,
    0x00, 0x00, 0x00, 0x01, 0x00, 0x00, 0x00, 0x00, 0x00, 0x00, 0x00, 0x00, 0x00, 0x00, 0x00, 0x00,
    0x00, 0x00, 0x00, 0x00, 0x00, 0x00, 0x00, 0x00, 0x00, 0x00, 0x00, 0x00, 0x00, 0x00, 0x00, 0x00,
    0x00, 0x00, 0x00, 0x02, 0x00, 0x00, 0x00, 0x00, 0x00, 0x00, 0x00, 0x00, 0x00, 0x00, 0x00, 0x00,
    0x00, 0x00, 0x00, 0x01, 0x00, 0x00, 0x00, 0x00, 0x00, 0x00, 0x00, 0x00, 0x00, 0x00, 0x00, 0x00,
    0x00, 0x00, 0x00, 0x00, 0x00, 0x00, 0x00, 0x02, 0x00, 0x00, 0x00, 0x00, 0x00, 0x00, 0x00, 0x00,
    0x00, 0x00, 0x00, 0x00, 0x00, 0x00, 0x00, 0x00, 0x00, 0x00, 0x00, 0x00, 0x00, 0x00, 0x00, 0x00,
    0x00, 0x00, 0x00, 0x00, 0x00, 0x00, 0x00, 0x00, 0x00, 0x00, 0x00, 0x00, 0x00, 0x00, 0x00, 0x00,
    0x00, 0x00, 0x00, 0x00, 0x00, 0x00, 0x00, 0x00, 0x00, 0x00, 0x00, 0x00, 0x00, 0x00, 0x00, 0x01,
    0x00, 0x00, 0x00, 0x00, 0x00, 0x00, 0x00, 0x00, 0x00, 0x00, 0x00, 0x00, 0x00, 0x00, 0x00, 0x00,
    0x00, 0x00, 0x00, 0x00, 0x00, 0x00, 0x00, 0x00, 0x00, 0x00, 0x00, 0x00, 0x00, 0x00, 0x00, 0x00,
    0x00, 0x00, 0x00, 0x00, 0x00, 0x00, 0x00, 0x01, 0x00, 0x00, 0x00, 0x00, 0x00, 0x00, 0x00, 0x00,
    0x00, 0x00, 0x00, 0x00, 0x00, 0x00, 0x00, 0x00, 0x00, 0x00, 0x00, 0x00, 0x00, 0x00, 0x00, 0x00,
    0x00, 0x00, 0x00, 0x00, 0x00, 0x00, 0x00, 0x01, 0x00, 0x00, 0x00, 0x00, 0x00, 0x00, 0x00, 0x00,
    0x00, 0x00, 0x00, 0x00, 0x00, 0x00, 0x00, 0x00, 0x00, 0x00, 0x00, 0x00, 0x00, 0x00, 0x00, 0x00,
    0x00, 0x00, 0x00, 0x00, 0x00, 0x00, 0x00, 0x00, 0x00, 0x00, 0x00, 0x00, 0x00, 0x00, 0x00, 0x00,
    0x00, 0x00, 0x00, 0x00, 0x00, 0x00, 0x00, 0x00, 0x00, 0x00, 0x00, 0x01, 0x00, 0x00, 0x00, 0x00,
    0x00, 0x00, 0x00, 0x00, 0x00, 0x00, 0x00, 0x00, 0x00, 0x00, 0x00, 0x00, 0x00, 0x00, 0x00, 0x00,
    0x00, 0x00, 0x00, 0x00, 0x00, 0x00, 0x00, 0x00, 0x00, 0x00, 0x00, 0x00, 0x00, 0x00, 0x00, 0x00,
    0x00, 0x00, 0x00, 0x00, 0x00, 0x00, 0x00, 0x00, 0x00, 0x00, 0x00, 0x00, 0x00, 0x00, 0x00, 0x00,
    0x00, 0x00, 0x00, 0x00, 0x00, 0x00, 0x00, 0x00, 0x00, 0x00, 0x00, 0x00, 0x00, 0x00, 0x00, 0x00,
    0x00, 0x00, 0x00, 0x00, 0x00, 0x00, 0x00, 0x00, 0x00, 0x00, 0x00, 0x00, 0x00, 0x00, 0x00, 0x00,
    0x00, 0x00, 0x00, 0x00, 0x00, 0x00, 0x00, 0x00, 0x00, 0x00, 0x00, 0x00, 0x00, 0x00, 0x00, 0x00,
    0x00, 0x00, 0x00, 0x00, 0x00, 0x00, 0x00, 0x00, 0x00, 0x00, 0x00, 0x00, 0x00, 0x00, 0x00, 0x00,
    0x00, 0x00, 0x00, 0x00, 0x00, 0x00, 0x00, 0x00, 0x00, 0x00, 0x00, 0x00, 0x00, 0x00, 0x00, 0x00,
    0x00, 0x00, 0x00, 0x00, 0x00, 0x00, 0x00, 0x00, 0x00, 0x00, 0x00, 0x00, 0x00, 0x00, 0x00, 0x00,
    0x00, 0x00, 0x00, 0x00, 0x00, 0x00, 0x00, 0x00, 0x00, 0x00, 0x00, 0x00, 0x00, 0x00, 0x00, 0x00,
    0x00, 0x00, 0x00, 0x00, 0x00, 0x00, 0x00, 0x00, 0x00, 0x00, 0x00, 0x00, 0x00, 0x00, 0x00, 0x00,
    0x00, 0x00, 0x00, 0x00, 0x00, 0x00, 0x00, 0x00, 0x00, 0x00, 0x00, 0x00, 0x00, 0x00, 0x00, 0x01,
    0x00, 0x00, 0x00, 0x00, 0x00, 0x00, 0x00, 0x00, 0x00, 0x00, 0x00, 0x00, 0x00, 0x00, 0x00, 0x00,
    0x00, 0x00, 0x00, 0x00, 0x00, 0x00, 0x00, 0x01, 0x00, 0x00, 0x00, 0x00, 0x00, 0x00, 0x00, 0x00,
    0x00, 0x00, 0x00, 0x00, 0x00, 0x00, 0x00, 0x00, 0x00, 0x00, 0x00, 0x00, 0x00, 0x00, 0x00, 0x00,
    0x00, 0x00, 0x00, 0x00, 0x00, 0x00, 0x00, 0x01, 0x00, 0x00, 0x00, 0x01, 0x00, 0x00, 0x00, 0x00,
    0x00, 0x00, 0x00, 0x00, 0x00, 0x00, 0x00, 0x00, 0x00, 0x00, 0x00, 0x00, 0x00, 0x00, 0x00, 0x00,
    0x00, 0x00, 0x00, 0x00, 0x00, 0x00, 0x00, 0x00, 0x00, 0x00, 0x00, 0x00, 0x00, 0x00, 0x00, 0x00,
    0x00, 0x00, 0x00, 0x00, 0x00, 0x00, 0x00, 0x00, 0x00, 0x00, 0x00, 0x00, 0x00, 0x00, 0x00, 0x00,
    0x00, 0x00, 0x00, 0x00, 0x00, 0x00, 0x00, 0x00, 0x00, 0x00, 0x00, 0x00, 0x00, 0x00, 0x00, 0x01,
    0x00, 0x00, 0x00, 0x01, 0x00, 0x00, 0x00, 0x00, 0x00, 0x00, 0x00, 0x00, 0x00, 0x00, 0x00, 0x00,
    0x00, 0x00, 0x00, 0x00, 0x00, 0x00, 0x00, 0x00, 0x00, 0x00, 0x00, 0x00, 0x00, 0x00, 0x00, 0x00,
    0x00, 0x00, 0x00, 0x00, 0x00, 0x00, 0x00, 0x00, 0x00, 0x00, 0x00, 0x00, 0x00, 0x00, 0x00, 0x00,
    0x00, 0x00, 0x00, 0x01, 0x00, 0x00, 0x00, 0x00, 0x00, 0x00, 0x00, 0x00, 0x00, 0x00, 0x00, 0x00,
    0x00, 0x00, 0x00, 0x00, 0x00, 0x00, 0x00, 0x00, 0x00, 0x00, 0x00, 0x00, 0x00, 0x00, 0x00, 0x01,
    0x00, 0x00, 0x00, 0x01, 0x00, 0x00, 0x00, 0x00, 0x00, 0x00, 0x00, 0x00, 0x00, 0x00, 0x00, 0x00,
    0x00, 0x00, 0x00, 0x00, 0x00, 0x00, 0x00, 0x00, 0x00, 0x00, 0x00, 0x00, 0x00, 0x00, 0x00, 0x00,
    0x00, 0x00, 0x00, 0x00, 0x00, 0x00, 0x00, 0x00, 0x00, 0x00, 0x00, 0x00, 0x00, 0x00, 0x00, 0x00,
    0x00, 0x00, 0x00, 0x00, 0x00, 0x00, 0x00, 0x00, 0x00, 0x00, 0x00, 0x00, 0x00, 0x00, 0x00, 0x00,
    0x00, 0x00, 0x00, 0x00, 0x00, 0x00, 0x00, 0x01, 0x00, 0x00, 0x00, 0x01, 0x00, 0x00, 0x00, 0x00,
    0x00, 0x00, 0x00, 0x00, 0x00, 0x00, 0x00, 0x00, 0x00, 0x00, 0x00, 0x00, 0x00, 0x00, 0x00, 0x00,
    0x00, 0x00, 0x00, 0x00, 0x00, 0x00, 0x00, 0x00, 0x00, 0x00, 0x00, 0x00, 0x00, 0x00, 0x00, 0x00,
    0x00, 0x00, 0x00, 0x00, 0x00, 0x00, 0x00, 0x00, 0x00, 0x00, 0x00, 0x00, 0x00, 0x00, 0x00, 0x00,
    0x00, 0x00, 0x00, 0x00, 0x00, 0x00, 0x00, 0x00, 0x00, 0x00, 0x00, 0x00, 0x00, 0x00, 0x00, 0x00,
    0x00, 0x00, 0x00, 0x00, 0x00, 0x00, 0x00, 0x00, 0x00, 0x00, 0x00, 0x00, 0x00, 0x00, 0x00, 0x00,
    0x00, 0x00, 0x00, 0x00, 0x00, 0x00, 0x00, 0x00, 0x00, 0x00, 0x00, 0x00, 0x00, 0x00, 0x00, 0x00,
    0x00, 0x00, 0x00, 0x00, 0x00, 0x00, 0x00, 0x00, 0x00, 0x00, 0x00, 0x00, 0x00, 0x00, 0x00, 0x00,
    0x00, 0x00, 0x00, 0x00, 0x00, 0x00, 0x00, 0x00, 0x00, 0x00, 0x00, 0x00, 0x00, 0x00, 0x00, 0x00,
    0x00, 0x00, 0x00, 0x00, 0x00, 0x00, 0x00, 0x00, 0x00, 0x00, 0x00, 0x00, 0x00, 0x00, 0x00, 0x00,
    0x00, 0x00, 0x00, 0x00, 0x00, 0x00, 0x00, 0x00, 0x00, 0x00, 0x00, 0x00, 0x00, 0x00, 0x00, 0x00,
    0x00, 0x00, 0x00, 0x00, 0x00, 0x00, 0x00, 0x01, 0x00, 0x00, 0x00, 0x00, 0x00, 0x00, 0x00, 0x00,
    0x00, 0x00, 0x00, 0x00, 0x00, 0x00, 0x00, 0x00, 0x00, 0x00, 0x00, 0x00, 0x00, 0x00, 0x00, 0x00,
    0x00, 0x00, 0x00, 0x00, 0x00, 0x00, 0x00, 0x00, 0x00, 0x00, 0x00, 0x01, 0x00, 0x00, 0x00, 0x00,
    0x00, 0x00, 0x00, 0x00, 0x00, 0x00, 0x00, 0x00, 0x00, 0x00, 0x00, 0x00, 0x00, 0x00, 0x00, 0x00,
    0x00, 0x00, 0x00, 0x00, 0x00, 0x00, 0x00, 0x00, 0x00, 0x00, 0x00, 0x00, 0x00, 0x00, 0x00, 0x00,
    0x00, 0x00, 0x00, 0x00, 0x00, 0x00, 0x00, 0x00, 0x00, 0x00, 0x00, 0x00, 0x00, 0x00, 0x00, 0x00,
    0x00, 0x00, 0x00, 0x00, 0x00, 0x00, 0x00, 0x01, 0x00, 0x00, 0x00, 0x00, 0x00, 0x00, 0x00, 0x00,
    0x00, 0x00, 0x00, 0x00, 0x00, 0x00, 0x00, 0x01, 0x00, 0x00, 0x00, 0x01, 0x00, 0x00, 0x00, 0x00,
    0x00, 0x00, 0x00, 0x00, 0x00, 0x00, 0x00, 0x00, 0x00, 0x00, 0x00, 0x00, 0x00, 0x00, 0x00, 0x00,
    0x00, 0x00, 0x00, 0x00, 0x00, 0x00, 0x00, 0x00, 0x00, 0x00, 0x00, 0x00, 0x00, 0x00, 0x00, 0x00,
    0x00, 0x00, 0x00, 0x00, 0x00, 0x00, 0x00, 0x00, 0x00, 0x00, 0x00, 0x00, 0x00, 0x00, 0x00, 0x00,
    0x00, 0x00, 0x00, 0x00, 0x00, 0x00, 0x00, 0x01, 0x00, 0x00, 0x00, 0x00, 0x00, 0x00, 0x00, 0x00,
    0x00, 0x00, 0x00, 0x01, 0x00, 0x00, 0x00, 0x00, 0x00, 0x00, 0x00, 0x00, 0x00, 0x00, 0x00, 0x01,
    0x00, 0x00, 0x00, 0x00, 0x00, 0x00, 0x00, 0x01, 0x00, 0x00, 0x00, 0x00, 0x00, 0x00, 0x00, 0x00,
    0x00, 0x00, 0x00, 0x00, 0x00, 0x00, 0x00, 0x01, 0x00, 0x00, 0x00, 0x00, 0x00, 0x00, 0x00, 0x00,
    0x00, 0x00, 0x00, 0x00, 0x00, 0x00, 0x00, 0x00, 0x00, 0x00, 0x00, 0x01, 0x00, 0x00, 0x00, 0x00,
    0x00, 0x00, 0x00, 0x00, 0x00, 0x00, 0x00, 0x00, 0x00, 0x00, 0x00, 0x01, 0x00, 0x00, 0x00, 0x01,
    0x00, 0x00, 0x00, 0x00, 0x00, 0x00, 0x00, 0x00, 0x00, 0x00, 0x00, 0x00, 0x00, 0x00, 0x00, 0x00,
    0x00, 0x00, 0x00, 0x01, 0x00, 0x00, 0x00, 0x01, 0x00, 0x00, 0x00, 0x00, 0x00, 0x00, 0x00, 0x00,
    0x00, 0x00, 0x00, 0x00, 0x00, 0x00, 0x00, 0x00, 0x00, 0x00, 0x00, 0x00, 0x00, 0x00, 0x00, 0x00,
    0x00, 0x00, 0x00, 0x00, 0x00, 0x00, 0x00, 0x00, 0x00, 0x00, 0x00, 0x00, 0x00, 0x00, 0x00, 0x00,
    0x00, 0x00, 0x00, 0x00, 0x00, 0x00, 0x00, 0x00, 0x00, 0x00, 0x00, 0x01, 0x00, 0x00, 0x00, 0x01,
    0x00, 0x00, 0x00, 0x00, 0x00, 0x00, 0x00, 0x00, 0x00, 0x00, 0x00, 0x00, 0x00, 0x00, 0x00, 0x00,
    0x00, 0x00, 0x00, 0x01, 0x00, 0x00, 0x00, 0x01, 0x00, 0x00, 0x00, 0x00, 0x00, 0x00, 0x00, 0x00,
    0x00, 0x00, 0x00, 0x00, 0x00, 0x00, 0x00, 0x00, 0x00, 0x00, 0x00, 0x00, 0x00, 0x00, 0x00, 0x00,
    0x00, 0x00, 0x00, 0x00, 0x00, 0x00, 0x00, 0x00, 0x00, 0x00, 0x00, 0x01, 0x00, 0x00, 0x00, 0x02,
    0x00, 0x00, 0x00, 0x00, 0x00, 0x00, 0x00, 0x01, 0x00, 0x00, 0x00, 0x00, 0x00, 0x00, 0x00, 0x00,
    0x00, 0x00, 0x00, 0x00, 0x00, 0x00, 0x00, 0x00, 0x00, 0x00, 0x00, 0x00, 0x00, 0x00, 0x00, 0x00,
    0x00, 0x00, 0x00, 0x00, 0x00, 0x00, 0x00, 0x00, 0x00, 0x00, 0x00, 0x00, 0x00, 0x00, 0x00, 0x00,
    0x00, 0x00, 0x00, 0x00, 0x00, 0x00, 0x00, 0x01, 0x00, 0x00, 0x00, 0x00, 0x00, 0x00, 0x00, 0x00,
    0x00, 0x00, 0x00, 0x00, 0x00, 0x00, 0x00, 0x00, 0x00, 0x00, 0x00, 0x00, 0x00, 0x00, 0x00, 0x00,
    0x00, 0x00, 0x00, 0x00, 0x00, 0x00, 0x00, 0x00, 0x00, 0x00, 0x00, 0x00, 0x00, 0x00, 0x00, 0x00,
    0x00, 0x00, 0x00, 0x00, 0x00, 0x00, 0x00, 0x00, 0x00, 0x00, 0x00, 0x00, 0x00, 0x00, 0x00, 0x00,
    0x00, 0x00, 0x00, 0x00, 0x00, 0x00, 0x00, 0x00, 0x00, 0x00, 0x00, 0x00, 0x00, 0x00, 0x00, 0x01,
    0x00, 0x00, 0x00, 0x00, 0x00, 0x00, 0x00, 0x00, 0x00, 0x00, 0x00, 0x00, 0x00, 0x00, 0x00, 0x01,
    0x00, 0x00, 0x00, 0x00, 0x00, 0x00, 0x00, 0x00, 0x00, 0x00, 0x00, 0x00, 0x00, 0x00, 0x00, 0x02,
    0x00, 0x00, 0x00, 0x01, 0x00, 0x00, 0x00, 0x00, 0x00, 0x00, 0x00, 0x00, 0x00, 0x00, 0x00, 0x00,
    0x00, 0x00, 0x00, 0x00, 0x00, 0x00, 0x00, 0x00, 0x00, 0x00, 0x00, 0x01, 0x00, 0x00, 0x00, 0x01,
    0x00, 0x00, 0x00, 0x00, 0x00, 0x00, 0x00, 0x01, 0x00, 0x00, 0x00, 0x00, 0x00, 0x00, 0x00, 0x00,
    0x00, 0x00, 0x00, 0x00, 0x00, 0x00, 0x00, 0x00, 0x00, 0x00, 0x00, 0x00, 0x00, 0x00, 0x00, 0x00,
    0x00, 0x00, 0x00, 0x00, 0x00, 0x00, 0x00, 0x00, 0x00, 0x00, 0x00, 0x00, 0x00, 0x00, 0x00, 0x00,
    0x00, 0x00, 0x00, 0x00, 0x00, 0x00, 0x00, 0x00, 0x00, 0x00, 0x00, 0x00, 0x00, 0x00, 0x00, 0x01,
    0x00, 0x00, 0x00, 0x01, 0x00, 0x00, 0x00, 0x00, 0x00, 0x00, 0x00, 0x01, 0x00, 0x00, 0x00, 0x01,
    0x00, 0x00, 0x00, 0x00, 0x00, 0x00, 0x00, 0x00, 0x00, 0x00, 0x00, 0x00, 0x00, 0x00, 0x00, 0x00,
    0x00, 0x00, 0x00, 0x00, 0x00, 0x00, 0x00, 0x00, 0x00, 0x00, 0x00, 0x00, 0x00, 0x00, 0x00, 0x00,
    0x00, 0x00, 0x00, 0x00, 0x00, 0x00, 0x00, 0x00, 0x00, 0x00, 0x00, 0x00, 0x00, 0x00, 0x00, 0x00,
    0x00, 0x00, 0x00, 0x00, 0x00, 0x00, 0x00, 0x00, 0x00, 0x00, 0x00, 0x00, 0x00, 0x00, 0x00, 0x00,
    0x00, 0x00, 0x00, 0x00, 0x00, 0x00, 0x00, 0x00, 0x00, 0x00, 0x00, 0x00, 0x00, 0x00, 0x00, 0x01,
    0x00, 0x00, 0x00, 0x01, 0x00, 0x00, 0x00, 0x00, 0x00, 0x00, 0x00, 0x00, 0x00, 0x00, 0x00, 0x00,
    0x00, 0x00, 0x00, 0x01, 0x00, 0x00, 0x00, 0x00, 0x00, 0x00, 0x00, 0x00, 0x00, 0x00, 0x00, 0x00,
    0x00, 0x00, 0x00, 0x00, 0x00, 0x00, 0x00, 0x00, 0x00, 0x00, 0x00, 0x00, 0x00, 0x00, 0x00, 0x00,
    0x00, 0x00, 0x00, 0x00, 0x00, 0x00, 0x00, 0x00, 0x00, 0x00, 0x00, 0x00, 0x00, 0x00, 0x00, 0x00,
    0x00, 0x00, 0x00, 0x01, 0x00, 0x00, 0x00, 0x00, 0x00, 0x00, 0x00, 0x00, 0x00, 0x00, 0x00, 0x00,
    0x00, 0x00, 0x00, 0x00, 0x00, 0x00, 0x00, 0x00, 0x00, 0x00, 0x00, 0x00, 0x00, 0x00, 0x00, 0x00,
    0x00, 0x00, 0x00, 0x00, 0x00, 0x00, 0x00, 0x00, 0x00, 0x00, 0x00, 0x00, 0x00, 0x00, 0x00, 0x01,
    0x00, 0x00, 0x00, 0x00, 0x00, 0x00, 0x00, 0x00, 0x00, 0x00, 0x00, 0x00, 0x00, 0x00, 0x00, 0x00,
    0x00, 0x00, 0x00, 0x00, 0x00, 0x00, 0x00, 0x00, 0x00, 0x00, 0x00, 0x00, 0x00, 0x00, 0x00, 0x00,
    0x00, 0x00, 0x00, 0x00, 0x00, 0x00, 0x00, 0x00, 0x00, 0x00, 0x00, 0x00, 0x00, 0x00, 0x00, 0x00,
    0x00, 0x00, 0x00, 0x00, 0x00, 0x00, 0x00, 0x00, 0x00, 0x00, 0x00, 0x00, 0x00, 0x00, 0x00, 0x00,
    0x00, 0x00, 0x00, 0x01, 0x00, 0x00, 0x00, 0x01, 0x00, 0x00, 0x00, 0x00, 0x00, 0x00, 0x00, 0x00,
    0x00, 0x00, 0x00, 0x00, 0x00, 0x00, 0x00, 0x00, 0x00, 0x00, 0x00, 0x00, 0x00, 0x00, 0x00, 0x00,
    0x00, 0x00, 0x00, 0x00, 0x00, 0x00, 0x00, 0x00, 0x00, 0x00, 0x00, 0x00, 0x00, 0x00, 0x00, 0x00,
    0x00, 0x00, 0x00, 0x00, 0x00, 0x00, 0x00, 0x00, 0x00, 0x00, 0x00, 0x00, 0x00, 0x00, 0x00, 0x00,
    0x00, 0x00, 0x00, 0x00, 0x00, 0x00, 0x00, 0x00, 0x00, 0x00, 0x00, 0x00, 0x00, 0x00, 0x00, 0x00,
    0x00, 0x00, 0x00, 0x00, 0x00, 0x00, 0x00, 0x00, 0x00, 0x00, 0x00, 0x00, 0x00, 0x00, 0x00, 0x00,
    0x00, 0x00, 0x00, 0x00, 0x00, 0x00, 0x00, 0x00, 0x00, 0x00, 0x00, 0x00, 0x00, 0x00, 0x00, 0x00,
    0x00, 0x00, 0x00, 0x00, 0x00, 0x00, 0x00, 0x00, 0x00, 0x00, 0x00, 0x00, 0x00, 0x00, 0x00, 0x00,
    0x00, 0x00, 0x00, 0x00, 0x00, 0x00, 0x00, 0x01, 0x00, 0x00, 0x00, 0x00, 0x00, 0x00, 0x00, 0x00,
    0x00, 0x00, 0x00, 0x00, 0x00, 0x00, 0x00, 0x00, 0x00, 0x00, 0x00, 0x00, 0x00, 0x00, 0x00, 0x00,
    0x00, 0x00, 0x00, 0x00, 0x00, 0x00, 0x00, 0x00, 0x00, 0x00, 0x00, 0x00, 0x00, 0x00, 0x00, 0x00,
    0x00, 0x00, 0x00, 0x00, 0x00, 0x00, 0x00, 0x00, 0x00, 0x00, 0x00, 0x00, 0x00, 0x00, 0x00, 0x00,
    0x00, 0x00, 0x00, 0x00, 0x00, 0x00, 0x00, 0x00, 0x00, 0x00, 0x00, 0x00, 0x00, 0x00, 0x00, 0x01,
    0x00, 0x00, 0x00, 0x00, 0x00, 0x00, 0x00, 0x00, 0x00, 0x00, 0x00, 0x01, 0x00, 0x00, 0x00, 0x00,
    0x00, 0x00, 0x00, 0x00, 0x00, 0x00, 0x00, 0x00, 0x00, 0x00, 0x00, 0x00, 0x00, 0x00, 0x00, 0x00,
    0x00, 0x00, 0x00, 0x00, 0x00, 0x00, 0x00, 0x00, 0x00, 0x00, 0x00, 0x00, 0x00, 0x00, 0x00, 0x01,
    0x00, 0x00, 0x00, 0x01, 0x00, 0x00, 0x00, 0x00, 0x00, 0x00, 0x00, 0x00, 0x00, 0x00, 0x00, 0x01,
    0x00, 0x00, 0x00, 0x00, 0x00, 0x00, 0x00, 0x00, 0x00, 0x00, 0x00, 0x00, 0x00, 0x00, 0x00, 0x00,
    0x00, 0x00, 0x00, 0x00, 0x00, 0x00, 0x00, 0x00, 0x00, 0x00, 0x00, 0x00, 0x00, 0x00, 0x00, 0x00,
    0x00, 0x00, 0x00, 0x00, 0x00, 0x00, 0x00, 0x00, 0x00, 0x00, 0x00, 0x00, 0x00, 0x00, 0x00, 0x00,
    0x00, 0x00, 0x00, 0x00, 0x00, 0x00, 0x00, 0x01, 0x00, 0x00, 0x00, 0x00, 0x00, 0x00, 0x00, 0x01,
    0x00, 0x00, 0x00, 0x01, 0x00, 0x00, 0x00, 0x00, 0x00, 0x00, 0x00, 0x01, 0x00, 0x00, 0x00, 0x00,
    0x00, 0x00, 0x00, 0x00, 0x00, 0x00, 0x00, 0x00, 0x00, 0x00, 0x00, 0x00, 0x00, 0x00, 0x00, 0x00,
    0x00, 0x00, 0x00, 0x00, 0x00, 0x00, 0x00, 0x00, 0x00, 0x00, 0x00, 0x00, 0x00, 0x00, 0x00, 0x01,
    0x00, 0x00, 0x00, 0x00, 0x00, 0x00, 0x00, 0x00, 0x00, 0x00, 0x00, 0x01, 0x00, 0x00, 0x00, 0x00,
    0x00, 0x00, 0x00, 0x00, 0x00, 0x00, 0x00, 0x00, 0x00, 0x00, 0x00, 0x01, 0x00, 0x00, 0x00, 0x00,
    0x00, 0x00, 0x00, 0x00, 0x00, 0x00, 0x00, 0x00, 0x00, 0x00, 0x00, 0x00, 0x00, 0x00, 0x00, 0x00,
    0x00, 0x00, 0x00, 0x00, 0x00, 0x00, 0x00, 0x00, 0x00, 0x00, 0x00, 0x00, 0x00, 0x00, 0x00, 0x00,
    0x00, 0x00, 0x00, 0x00, 0x00, 0x00, 0x00, 0x01, 0x00, 0x00, 0x00, 0x01, 0x00, 0x00, 0x00, 0x00,
    0x00, 0x00, 0x00, 0x00, 0x00, 0x00, 0x00, 0x01, 0x00, 0x00, 0x00, 0x00, 0x00, 0x00, 0x00, 0x00,
    0x00, 0x00, 0x00, 0x00, 0x00, 0x00, 0x00, 0x00, 0x00, 0x00, 0x00, 0x00, 0x00, 0x00, 0x00, 0x00,
    0x00, 0x00, 0x00, 0x00, 0x00, 0x00, 0x00, 0x00, 0x00, 0x00, 0x00, 0x00, 0x00, 0x00, 0x00, 0x00,
    0x00, 0x00, 0x00, 0x00, 0x00, 0x00, 0x00, 0x00, 0x00, 0x00, 0x00, 0x00, 0x00, 0x00, 0x00, 0x00,
    0x00, 0x00, 0x00, 0x00, 0x00, 0x00, 0x00, 0x00, 0x00, 0x00, 0x00, 0x00, 0x00, 0x00, 0x00, 0x00,
    0x00, 0x00, 0x00, 0x00, 0x00, 0x00, 0x00, 0x00, 0x00, 0x00, 0x00, 0x00, 0x00, 0x00, 0x00, 0x00,
    0x00, 0x00, 0x00, 0x00, 0x00, 0x00, 0x00, 0x01, 0x00, 0x00, 0x00, 0x00, 0x00, 0x00, 0x00, 0x00,
    0x00, 0x00, 0x00, 0x00, 0x00, 0x00, 0x00, 0x00, 0x00, 0x00, 0x00, 0x00, 0x00, 0x00, 0x00, 0x00,
    0x00, 0x00, 0x00, 0x00, 0x00, 0x00, 0x00, 0x00, 0x00, 0x00, 0x00, 0x00, 0x00, 0x00, 0x00, 0x00,
    0x00, 0x00, 0x00, 0x00, 0x00, 0x00, 0x00, 0x00, 0x00, 0x00, 0x00, 0x00, 0x00, 0x00, 0x00, 0x00,
    0x00, 0x00, 0x00, 0x00, 0x00, 0x00, 0x00, 0x00, 0x00, 0x00, 0x00, 0x00, 0x00, 0x00, 0x00, 0x02,
    0x00, 0x00, 0x00, 0x00, 0x00, 0x00, 0x00, 0x00, 0x00, 0x00, 0x00, 0x00, 0x00, 0x00, 0x00, 0x00,
    0x00, 0x00, 0x00, 0x00, 0x00, 0x00, 0x00, 0x01, 0x00, 0x00, 0x00, 0x02, 0x00, 0x00, 0x00, 0x02,
    0x00, 0x00, 0x00, 0x00, 0x00, 0x00, 0x00, 0x00, 0x00, 0x00, 0x00, 0x01, 0x00, 0x00, 0x00, 0x01,
    0x00, 0x00, 0x00, 0x00, 0x00, 0x00, 0x00, 0x00, 0x00, 0x00, 0x00, 0x00, 0x00, 0x00, 0x00, 0x00,
    0x00, 0x00, 0x00, 0x00, 0x00, 0x00, 0x00, 0x00, 0x00, 0x00, 0x00, 0x00, 0x00, 0x00, 0x00, 0x00,
    0x00, 0x00, 0x00, 0x00, 0x00, 0x00, 0x00, 0x00, 0x00, 0x00, 0x00, 0x00, 0x00, 0x00, 0x00, 0x00,
    0x00, 0x00, 0x00, 0x00, 0x00, 0x00, 0x00, 0x00, 0x00, 0x00, 0x00, 0x00, 0x00, 0x00, 0x00, 0x00,
    0x00, 0x00, 0x00, 0x00, 0x00, 0x00, 0x00, 0x00, 0x00, 0x00, 0x00, 0x00, 0x00, 0x00, 0x00, 0x00,
    0x00, 0x00, 0x00, 0x00, 0x00, 0x00, 0x00, 0x00, 0x00, 0x00, 0x00, 0x00, 0x00, 0x00, 0x00, 0x00,
    0x00, 0x00, 0x00, 0x00, 0x00, 0x00, 0x00, 0x00, 0x00, 0x00, 0x00, 0x00, 0x00, 0x00, 0x00, 0x00,
    0x00, 0x00, 0x00, 0x00, 0x00, 0x00, 0x00, 0x00, 0x00, 0x00, 0x00, 0x00, 0x00, 0x00, 0x00, 0x00,
    0x00, 0x00, 0x00, 0x00, 0x00, 0x00, 0x00, 0x00, 0x00, 0x00, 0x00, 0x00, 0x00, 0x00, 0x00, 0x00,
    0x00, 0x00, 0x00, 0x00, 0x00, 0x00, 0x00, 0x00, 0x00, 0x00, 0x00, 0x00, 0x00, 0x00, 0x00, 0x00,
    0x00, 0x00, 0x00, 0x00, 0x00, 0x00, 0x00, 0x00, 0x00, 0x00, 0x00, 0x00, 0x00, 0x00, 0x00, 0x01,
    0x00, 0x00, 0x00, 0x00, 0x00, 0x00, 0x00, 0x00, 0x00, 0x00, 0x00, 0x00, 0x00, 0x00, 0x00, 0x00,
    0x00, 0x00, 0x00, 0x00, 0x00, 0x00, 0x00, 0x00, 0x00, 0x00, 0x00, 0x01, 0x00, 0x00, 0x00, 0x00,
    0x00, 0x00, 0x00, 0x00, 0x00, 0x00, 0x00, 0x00, 0x00, 0x00, 0x00, 0x00, 0x00, 0x00, 0x00, 0x00,
    0x00, 0x00, 0x00, 0x00, 0x00, 0x00, 0x00, 0x00, 0x00, 0x00, 0x00, 0x00, 0x00, 0x00, 0x00, 0x00,
    0x00, 0x00, 0x00, 0x01, 0x00, 0x00, 0x00, 0x02, 0x00, 0x00, 0x00, 0x01, 0x00, 0x00, 0x00, 0x00,
    0x00, 0x00, 0x00, 0x01, 0x00, 0x00, 0x00, 0x00, 0x00, 0x00, 0x00, 0x00, 0x00, 0x00, 0x00, 0x00,
    0x00, 0x00, 0x00, 0x01, 0x00, 0x00, 0x00, 0x00, 0x00, 0x00, 0x00, 0x01, 0x00, 0x00, 0x00, 0x02,
    0x00, 0x00, 0x00, 0x01, 0x00, 0x00, 0x00, 0x00, 0x00, 0x00, 0x00, 0x00, 0x00, 0x00, 0x00, 0x00,
    0x00, 0x00, 0x00, 0x01, 0x00, 0x00, 0x00, 0x00, 0x00, 0x00, 0x00, 0x00, 0x00, 0x00, 0x00, 0x00,
    0x00, 0x00, 0x00, 0x00, 0x00, 0x00, 0x00, 0x00, 0x00, 0x00, 0x00, 0x00, 0x00, 0x00, 0x00, 0x00,
    0x00, 0x00, 0x00, 0x00, 0x00, 0x00, 0x00, 0x00, 0x00, 0x00, 0x00, 0x02, 0x00, 0x00, 0x00, 0x00,
    0x00, 0x00, 0x00, 0x01, 0x00, 0x00, 0x00, 0x01, 0x00, 0x00, 0x00, 0x00, 0x00, 0x00, 0x00, 0x00,
    0x00, 0x00, 0x00, 0x00, 0x00, 0x00, 0x00, 0x00, 0x00, 0x00, 0x00, 0x00, 0x00, 0x00, 0x00, 0x00,
    0x00, 0x00, 0x00, 0x00, 0x00, 0x00, 0x00, 0x00, 0x00, 0x00, 0x00, 0x00, 0x00, 0x00, 0x00, 0x00,
    0x00, 0x00, 0x00, 0x00, 0x00, 0x00, 0x00, 0x00, 0x00, 0x00, 0x00, 0x00, 0x00, 0x00, 0x00, 0x00,
    0x00, 0x00, 0x00, 0x00, 0x00, 0x00, 0x00, 0x01, 0x00, 0x00, 0x00, 0x01, 0x00, 0x00, 0x00, 0x00,
    0x00, 0x00, 0x00, 0x00, 0x00, 0x00, 0x00, 0x00, 0x00, 0x00, 0x00, 0x00, 0x00, 0x00, 0x00, 0x00,
    0x00, 0x00, 0x00, 0x00, 0x00, 0x00, 0x00, 0x00, 0x00, 0x00, 0x00, 0x00, 0x00, 0x00, 0x00, 0x00,
    0x00, 0x00, 0x00, 0x00, 0x00, 0x00, 0x00, 0x00, 0x00, 0x00, 0x00, 0x00, 0x00, 0x00, 0x00, 0x00,
    0x00, 0x00, 0x00, 0x00, 0x00, 0x00, 0x00, 0x01, 0x00, 0x00, 0x00, 0x00, 0x00, 0x00, 0x00, 0x01,
    0x00, 0x00, 0x00, 0x02, 0x00, 0x00, 0x00, 0x00, 0x00, 0x00, 0x00, 0x00, 0x00, 0x00, 0x00, 0x00,
    0x00, 0x00, 0x00, 0x00, 0x00, 0x00, 0x00, 0x00, 0x00, 0x00, 0x00, 0x00, 0x00, 0x00, 0x00, 0x00,
    0x00, 0x00, 0x00, 0x00, 0x00, 0x00, 0x00, 0x00, 0x00, 0x00, 0x00, 0x00, 0x00, 0x00, 0x00, 0x00,
    0x00, 0x00, 0x00, 0x00, 0x00, 0x00, 0x00, 0x00, 0x00, 0x00, 0x00, 0x00, 0x00, 0x00, 0x00, 0x00,
    0x00, 0x00, 0x00, 0x00, 0x00, 0x00, 0x00, 0x00, 0x00, 0x00, 0x00, 0x00, 0x00, 0x00, 0x00, 0x00,
    0x00, 0x00, 0x00, 0x00, 0x00, 0x00, 0x00, 0x00, 0x00, 0x00, 0x00, 0x00, 0x00, 0x00, 0x00, 0x00,
    0x00, 0x00, 0x00, 0x00, 0x00, 0x00, 0x00, 0x00, 0x00, 0x00, 0x00, 0x00, 0x00, 0x00, 0x00, 0x00,
    0x00, 0x00, 0x00, 0x00, 0x00, 0x00, 0x00, 0x00, 0x00, 0x00, 0x00, 0x00, 0x00, 0x00, 0x00, 0x00,
    0x00, 0x00, 0x00, 0x01, 0x00, 0x00, 0x00, 0x00, 0x00, 0x00, 0x00, 0x01, 0x00, 0x00, 0x00, 0x00,
    0x00, 0x00, 0x00, 0x00, 0x00, 0x00, 0x00, 0x00, 0x00, 0x00, 0x00, 0x03, 0x00, 0x00, 0x00, 0x01,
    0x00, 0x00, 0x00, 0x00, 0x00, 0x00, 0x00, 0x00, 0x00, 0x00, 0x00, 0x00, 0x00, 0x00, 0x00, 0x00,
    0x00, 0x00, 0x00, 0x00, 0x00, 0x00, 0x00, 0x00, 0x00, 0x00, 0x00, 0x01, 0x00, 0x00, 0x00, 0x00,
    0x00, 0x00, 0x00, 0x00, 0x00, 0x00, 0x00, 0x00, 0x00, 0x00, 0x00, 0x01, 0x00, 0x00, 0x00, 0x00,
    0x00, 0x00, 0x00, 0x01, 0x00, 0x00, 0x00, 0x02, 0x00, 0x00, 0x00, 0x00, 0x00, 0x00, 0x00, 0x00,
    0x00, 0x00, 0x00, 0x00, 0x00, 0x00, 0x00, 0x00, 0x00, 0x00, 0x00, 0x01, 0x00, 0x00, 0x00, 0x01,
    0x00, 0x00, 0x00, 0x00, 0x00, 0x00, 0x00, 0x00, 0x00, 0x00, 0x00, 0x01, 0x00, 0x00, 0x00, 0x00,
    0x00, 0x00, 0x00, 0x00, 0x00, 0x00, 0x00, 0x00, 0x00, 0x00, 0x00, 0x01, 0x00, 0x00, 0x00, 0x00,
    0x00, 0x00, 0x00, 0x00, 0x00, 0x00, 0x00, 0x00, 0x00, 0x00, 0x00, 0x00, 0x00, 0x00, 0x00, 0x00,
    0x00, 0x00, 0x00, 0x00, 0x00, 0x00, 0x00, 0x00, 0x00, 0x00, 0x00, 0x01, 0x00, 0x00, 0x00, 0x00,
    0x00, 0x00, 0x00, 0x00, 0x00, 0x00, 0x00, 0x02, 0x00, 0x00, 0x00, 0x01, 0x00, 0x00, 0x00, 0x00,
    0x00, 0x00, 0x00, 0x01, 0x00, 0x00, 0x00, 0x00, 0x00, 0x00, 0x00, 0x00, 0x00, 0x00, 0x00, 0x00,
    0x00, 0x00, 0x00, 0x00, 0x00, 0x00, 0x00, 0x01, 0x00, 0x00, 0x00, 0x00, 0x00, 0x00, 0x00, 0x00,
    0x00, 0x00, 0x00, 0x00, 0x00, 0x00, 0x00, 0x00, 0x00, 0x00, 0x00, 0x00, 0x00, 0x00, 0x00, 0x00,
    0x00, 0x00, 0x00, 0x00, 0x00, 0x00, 0x00, 0x00, 0x00, 0x00, 0x00, 0x00, 0x00, 0x00, 0x00, 0x00,
    0x00, 0x00, 0x00, 0x00, 0x00, 0x00, 0x00, 0x00, 0x00, 0x00, 0x00, 0x00, 0x00, 0x00, 0x00, 0x00,
    0x00, 0x00, 0x00, 0x00, 0x00, 0x00, 0x00, 0x00, 0x00, 0x00, 0x00, 0x00, 0x00, 0x00, 0x00, 0x00,
    0x00, 0x00, 0x00, 0x00, 0x00, 0x00, 0x00, 0x00, 0x00, 0x00, 0x00, 0x00, 0x00, 0x00, 0x00, 0x00,
    0x00, 0x00, 0x00, 0x00, 0x00, 0x00, 0x00, 0x00, 0x00, 0x00, 0x00, 0x00, 0x00, 0x00, 0x00, 0x00,
    0x00, 0x00, 0x00, 0x00, 0x00, 0x00, 0x00, 0x00, 0x00, 0x00, 0x00, 0x00, 0x00, 0x00, 0x00, 0x00,
    0x00, 0x00, 0x00, 0x00, 0x00, 0x00, 0x00, 0x00, 0x00, 0x00, 0x00, 0x00, 0x00, 0x00, 0x00, 0x00,
    0x00, 0x00, 0x00, 0x00, 0x00, 0x00, 0x00, 0x01, 0x00, 0x00, 0x00, 0x00, 0x00, 0x00, 0x00, 0x00,
    0x00, 0x00, 0x00, 0x00, 0x00, 0x00, 0x00, 0x01, 0x00, 0x00, 0x00, 0x00, 0x00, 0x00, 0x00, 0x00,
    0x00, 0x00, 0x00, 0x00, 0x00, 0x00, 0x00, 0x00, 0x00, 0x00, 0x00, 0x00, 0x00, 0x00, 0x00, 0x01,
    0x00, 0x00, 0x00, 0x00, 0x00, 0x00, 0x00, 0x00, 0x00, 0x00, 0x00, 0x00, 0x00, 0x00, 0x00, 0x00,
    0x00, 0x00, 0x00, 0x00, 0x00, 0x00, 0x00, 0x00, 0x00, 0x00, 0x00, 0x00, 0x00, 0x00, 0x00, 0x00,
    0x00, 0x00, 0x00, 0x00, 0x00, 0x00, 0x00, 0x00, 0x00, 0x00, 0x00, 0x00, 0x00, 0x00, 0x00, 0x00,
    0x00, 0x00, 0x00, 0x00, 0x00, 0x00, 0x00, 0x00, 0x00, 0x00, 0x00, 0x00, 0x00, 0x00, 0x00, 0x00,
    0x00, 0x00, 0x00, 0x00, 0x00, 0x00, 0x00, 0x00, 0x00, 0x00, 0x00, 0x00, 0x00, 0x00, 0x00, 0x00,
    0x00, 0x00, 0x00, 0x00, 0x00, 0x00, 0x00, 0x00, 0x00, 0x00, 0x00, 0x00, 0x00, 0x00, 0x00, 0x00,
    0x00, 0x00, 0x00, 0x00, 0x00, 0x00, 0x00, 0x00, 0x00, 0x00, 0x00, 0x00, 0x00, 0x00, 0x00, 0x00,
    0x00, 0x00, 0x00, 0x00, 0x00, 0x00, 0x00, 0x00, 0x00, 0x00, 0x00, 0x00, 0x00, 0x00, 0x00, 0x00,
    0x00, 0x00, 0x00, 0x00, 0x00, 0x00, 0x00, 0x00, 0x00, 0x00, 0x00, 0x00, 0x00, 0x00, 0x00, 0x00,
    0x00, 0x00, 0x00, 0x01, 0x00, 0x00, 0x00, 0x00, 0x00, 0x00, 0x00, 0x00, 0x00, 0x00, 0x00, 0x00,
    0x00, 0x00, 0x00, 0x00, 0x00, 0x00, 0x00, 0x00, 0x00, 0x00, 0x00, 0x00, 0x00, 0x00, 0x00, 0x00,
    0x00, 0x00, 0x00, 0x00, 0x00, 0x00, 0x00, 0x00, 0x00, 0x00, 0x00, 0x00, 0x00, 0x00, 0x00, 0x00,
    0x00, 0x00, 0x00, 0x00, 0x00, 0x00, 0x00, 0x00, 0x00, 0x00, 0x00, 0x00, 0x00, 0x00, 0x00, 0x00,
    0x00, 0x00, 0x00, 0x00, 0x00, 0x00, 0x00, 0x00, 0x00, 0x00, 0x00, 0x00, 0x00, 0x00, 0x00, 0x00,
    0x00, 0x00, 0x00, 0x00, 0x00, 0x00, 0x00, 0x00, 0x00, 0x00, 0x00, 0x00, 0x00, 0x00, 0x00, 0x00,
    0x00, 0x00, 0x00, 0x00, 0x00, 0x00, 0x00, 0x01, 0x00, 0x00, 0x00, 0x01, 0x00, 0x00, 0x00, 0x00,
    0x00, 0x00, 0x00, 0x00, 0x00, 0x00, 0x00, 0x00, 0x00, 0x00, 0x00, 0x00, 0x00, 0x00, 0x00, 0x00,
    0x00, 0x00, 0x00, 0x00, 0x00, 0x00, 0x00, 0x00, 0x00, 0x00, 0x00, 0x00, 0x00, 0x00, 0x00, 0x00,
    0x00, 0x00, 0x00, 0x01, 0x00, 0x00, 0x00, 0x00, 0x00, 0x00, 0x00, 0x01, 0x00, 0x00, 0x00, 0x01,
    0x00, 0x00, 0x00, 0x00, 0x00, 0x00, 0x00, 0x00, 0x00, 0x00, 0x00, 0x00, 0x00, 0x00, 0x00, 0x00,
    0x00, 0x00, 0x00, 0x00, 0x00, 0x00, 0x00, 0x00, 0x00, 0x00, 0x00, 0x01, 0x00, 0x00, 0x00, 0x01,
    0x00, 0x00, 0x00, 0x00, 0x00, 0x00, 0x00, 0x00, 0x00, 0x00, 0x00, 0x00, 0x00, 0x00, 0x00, 0x00,
    0x00, 0x00, 0x00, 0x00, 0x00, 0x00, 0x00, 0x00, 0x00, 0x00, 0x00, 0x01, 0x00, 0x00, 0x00, 0x00,
    0x00, 0x00, 0x00, 0x00, 0x00, 0x00, 0x00, 0x01, 0x00, 0x00, 0x00, 0x01, 0x00, 0x00, 0x00, 0x01,
    0x00, 0x00, 0x00, 0x00, 0x00, 0x00, 0x00, 0x00, 0x00, 0x00, 0x00, 0x00, 0x00, 0x00, 0x00, 0x00,
    0x00, 0x00, 0x00, 0x00, 0x00, 0x00, 0x00, 0x01, 0x00, 0x00, 0x00, 0x01, 0x00, 0x00, 0x00, 0x01,
    0x00, 0x00, 0x00, 0x00, 0x00, 0x00, 0x00, 0x00, 0x00, 0x00, 0x00, 0x00, 0x00, 0x00, 0x00, 0x00,
    0x00, 0x00, 0x00, 0x00, 0x00, 0x00, 0x00, 0x00, 0x00, 0x00, 0x00, 0x01, 0x00, 0x00, 0x00, 0x00,
    0x00, 0x00, 0x00, 0x00, 0x00, 0x00, 0x00, 0x00, 0x00, 0x00, 0x00, 0x00, 0x00, 0x00, 0x00, 0x00,
    0x00, 0x00, 0x00, 0x00, 0x00, 0x00, 0x00, 0x01, 0x00, 0x00, 0x00, 0x01, 0x00, 0x00, 0x00, 0x00,
    0x00, 0x00, 0x00, 0x00, 0x00, 0x00, 0x00, 0x00, 0x00, 0x00, 0x00, 0x00, 0x00, 0x00, 0x00, 0x02,
    0x00, 0x00, 0x00, 0x00, 0x00, 0x00, 0x00, 0x00, 0x00, 0x00, 0x00, 0x00, 0x00, 0x00, 0x00, 0x00,
    0x00, 0x00, 0x00, 0x00, 0x00, 0x00, 0x00, 0x00, 0x00, 0x00, 0x00, 0x00, 0x00, 0x00, 0x00, 0x00,
    0x00, 0x00, 0x00, 0x00, 0x00, 0x00, 0x00, 0x01, 0x00, 0x00, 0x00, 0x01, 0x00, 0x00, 0x00, 0x01,
    0x00, 0x00, 0x00, 0x00, 0x00, 0x00, 0x00, 0x00, 0x00, 0x00, 0x00, 0x00, 0x00, 0x00, 0x00, 0x00,
    0x00, 0x00, 0x00, 0x02, 0x00, 0x00, 0x00, 0x00, 0x00, 0x00, 0x00, 0x00, 0x00, 0x00, 0x00, 0x00,
    0x00, 0x00, 0x00, 0x00, 0x00, 0x00, 0x00, 0x00, 0x00, 0x00, 0x00, 0x00, 0x00, 0x00, 0x00, 0x00,
    0x00, 0x00, 0x00, 0x00, 0x00, 0x00, 0x00, 0x00, 0x00, 0x00, 0x00, 0x00, 0x00, 0x00, 0x00, 0x00,
    0x00, 0x00, 0x00, 0x00, 0x00, 0x00, 0x00, 0x00, 0x00, 0x00, 0x00, 0x00, 0x00, 0x00, 0x00, 0x00,
    0x00, 0x00, 0x00, 0x00, 0x00, 0x00, 0x00, 0x00, 0x00, 0x00, 0x00, 0x00, 0x00, 0x00, 0x00, 0x00,
    0x00, 0x00, 0x00, 0x01, 0x00, 0x00, 0x00, 0x00, 0x00, 0x00, 0x00, 0x01, 0x00, 0x00, 0x00, 0x00,
    0x00, 0x00, 0x00, 0x00, 0x00, 0x00, 0x00, 0x00, 0x00, 0x00, 0x00, 0x03, 0x00, 0x00, 0x00, 0x01,
    0x00, 0x00, 0x00, 0x00, 0x00, 0x00, 0x00, 0x00, 0x00, 0x00, 0x00, 0x00, 0x00, 0x00, 0x00, 0x00,
    0x00, 0x00, 0x00, 0x00, 0x00, 0x00, 0x00, 0x00, 0x00, 0x00, 0x00, 0x01, 0x00, 0x00, 0x00, 0x00,
    0x00, 0x00, 0x00, 0x01, 0x00, 0x00, 0x00, 0x00, 0x00, 0x00, 0x00, 0x00, 0x00, 0x00, 0x00, 0x00,
    0x00, 0x00, 0x00, 0x00, 0x00, 0x00, 0x00, 0x00, 0x00, 0x00, 0x00, 0x00, 0x00, 0x00, 0x00, 0x00,
    0x00, 0x00, 0x00, 0x00, 0x00, 0x00, 0x00, 0x00, 0x00, 0x00, 0x00, 0x02, 0x00, 0x00, 0x00, 0x01,
    0x00, 0x00, 0x00, 0x01, 0x00, 0x00, 0x00, 0x00, 0x00, 0x00, 0x00, 0x00, 0x00, 0x00, 0x00, 0x00,
    0x00, 0x00, 0x00, 0x00, 0x00, 0x00, 0x00, 0x02, 0x00, 0x00, 0x00, 0x00, 0x00, 0x00, 0x00, 0x00,
    0x00, 0x00, 0x00, 0x00, 0x00, 0x00, 0x00, 0x00, 0x00, 0x00, 0x00, 0x00, 0x00, 0x00, 0x00, 0x00,
    0x00, 0x00, 0x00, 0x00, 0x00, 0x00, 0x00, 0x00, 0x00, 0x00, 0x00, 0x01, 0x00, 0x00, 0x00, 0x01,
    0x00, 0x00, 0x00, 0x00, 0x00, 0x00, 0x00, 0x01, 0x00, 0x00, 0x00, 0x00, 0x00, 0x00, 0x00, 0x00,
    0x00, 0x00, 0x00, 0x00, 0x00, 0x00, 0x00, 0x00, 0x00, 0x00, 0x00, 0x00, 0x00, 0x00, 0x00, 0x01,
    0x00, 0x00, 0x00, 0x00, 0x00, 0x00, 0x00, 0x00, 0x00, 0x00, 0x00, 0x00, 0x00, 0x00, 0x00, 0x00,
    0x00, 0x00, 0x00, 0x00, 0x00, 0x00, 0x00, 0x00, 0x00, 0x00, 0x00, 0x00, 0x00, 0x00, 0x00, 0x00,
    0x00, 0x00, 0x00, 0x00, 0x00, 0x00, 0x00, 0x00, 0x00, 0x00, 0x00, 0x00, 0x00, 0x00, 0x00, 0x00,
    0x00, 0x00, 0x00, 0x00, 0x00, 0x00, 0x00, 0x00, 0x00, 0x00, 0x00, 0x00, 0x00, 0x00, 0x00, 0x01,
    0x00, 0x00, 0x00, 0x00, 0x00, 0x00, 0x00, 0x00, 0x00, 0x00, 0x00, 0x00, 0x00, 0x00, 0x00, 0x00,
    0x00, 0x00, 0x00, 0x00, 0x00, 0x00, 0x00, 0x00, 0x00, 0x00, 0x00, 0x00, 0x00, 0x00, 0x00, 0x00,
    0x00, 0x00, 0x00, 0x00, 0x00, 0x00, 0x00, 0x00, 0x00, 0x00, 0x00, 0x00, 0x00, 0x00, 0x00, 0x00,
    0x00, 0x00, 0x00, 0x00, 0x00, 0x00, 0x00, 0x00, 0x00, 0x00, 0x00, 0x00, 0x00, 0x00, 0x00, 0x00,
    0x00, 0x00, 0x00, 0x00, 0x00, 0x00, 0x00, 0x00, 0x00, 0x00, 0x00, 0x00, 0x00, 0x00, 0x00, 0x00,
    0x00, 0x00, 0x00, 0x00, 0x00, 0x00, 0x00, 0x00, 0x00, 0x00, 0x00, 0x00, 0x00, 0x00, 0x00, 0x00,
    0x00, 0x00, 0x00, 0x00, 0x00, 0x00, 0x00, 0x00, 0x00, 0x00, 0x00, 0x00, 0x00, 0x00, 0x00, 0x00,
    0x00, 0x00, 0x00, 0x00, 0x00, 0x00, 0x00, 0x01, 0x00, 0x00, 0x00, 0x01, 0x00, 0x00, 0x00, 0x00,
    0x00, 0x00, 0x00, 0x00, 0x00, 0x00, 0x00, 0x00, 0x00, 0x00, 0x00, 0x00, 0x00, 0x00, 0x00, 0x01,
    0x00, 0x00, 0x00, 0x00, 0x00, 0x00, 0x00, 0x00, 0x00, 0x00, 0x00, 0x00, 0x00, 0x00, 0x00, 0x00,
    0x00, 0x00, 0x00, 0x00, 0x00, 0x00, 0x00, 0x00, 0x00, 0x00, 0x00, 0x00, 0x00, 0x00, 0x00, 0x01,
    0x00, 0x00, 0x00, 0x01, 0x00, 0x00, 0x00, 0x00, 0x00, 0x00, 0x00, 0x00, 0x00, 0x00, 0x00, 0x00,
    0x00, 0x00, 0x00, 0x00, 0x00, 0x00, 0x00, 0x00, 0x00, 0x00, 0x00, 0x00, 0x00, 0x00, 0x00, 0x00,
    0x00, 0x00, 0x00, 0x00, 0x00, 0x00, 0x00, 0x01, 0x00, 0x00, 0x00, 0x00, 0x00, 0x00, 0x00, 0x01,
    0x00, 0x00, 0x00, 0x01, 0x00, 0x00, 0x00, 0x00, 0x00, 0x00, 0x00, 0x00, 0x00, 0x00, 0x00, 0x00,
    0x00, 0x00, 0x00, 0x00, 0x00, 0x00, 0x00, 0x00, 0x00, 0x00, 0x00, 0x00, 0x00, 0x00, 0x00, 0x00,
    0x00, 0x00, 0x00, 0x00, 0x00, 0x00, 0x00, 0x00, 0x00, 0x00, 0x00, 0x00, 0x00, 0x00, 0x00, 0x00,
    0x00, 0x00, 0x00, 0x00, 0x00, 0x00, 0x00, 0x00, 0x00, 0x00, 0x00, 0x00, 0x00, 0x00, 0x00, 0x00,
    0x00, 0x00, 0x00, 0x00, 0x00, 0x00, 0x00, 0x00, 0x00, 0x00, 0x00, 0x00, 0x00, 0x00, 0x00, 0x01,
    0x00, 0x00, 0x00, 0x00, 0x00, 0x00, 0x00, 0x00, 0x00, 0x00, 0x00, 0x00, 0x00, 0x00, 0x00, 0x00,
    0x00, 0x00, 0x00, 0x00, 0x00, 0x00, 0x00, 0x00, 0x00, 0x00, 0x00, 0x00, 0x00, 0x00, 0x00, 0x00,
    0x00, 0x00, 0x00, 0x00, 0x00, 0x00, 0x00, 0x00, 0x00, 0x00, 0x00, 0x00, 0x00, 0x00, 0x00, 0x00,
    0x00, 0x00, 0x00, 0x00, 0x00, 0x00, 0x00, 0x00, 0x00, 0x00, 0x00, 0x00, 0x00, 0x00, 0x00, 0x00,
    0x00, 0x00, 0x00, 0x00, 0x00, 0x00, 0x00, 0x00, 0x00, 0x00, 0x00, 0x00, 0x00, 0x00, 0x00, 0x00,
    0x00, 0x00, 0x00, 0x01, 0x00, 0x00, 0x00, 0x00, 0x00, 0x00, 0x00, 0x02, 0x00, 0x00, 0x00, 0x01,
    0x00, 0x00, 0x00, 0x00, 0x00, 0x00, 0x00, 0x01, 0x00, 0x00, 0x00, 0x01, 0x00, 0x00, 0x00, 0x00,
    0x00, 0x00, 0x00, 0x00, 0x00, 0x00, 0x00, 0x00, 0x00, 0x00, 0x00, 0x00, 0x00, 0x00, 0x00, 0x00,
    0x00, 0x00, 0x00, 0x00, 0x00, 0x00, 0x00, 0x00, 0x00, 0x00, 0x00, 0x01, 0x00, 0x00, 0x00, 0x01,
    0x00, 0x00, 0x00, 0x00, 0x00, 0x00, 0x00, 0x00, 0x00, 0x00, 0x00, 0x00, 0x00, 0x00, 0x00, 0x01,
    0x00, 0x00, 0x00, 0x01, 0x00, 0x00, 0x00, 0x00, 0x00, 0x00, 0x00, 0x00, 0x00, 0x00, 0x00, 0x00,
    0x00, 0x00, 0x00, 0x00, 0x00, 0x00, 0x00, 0x00, 0x00, 0x00, 0x00, 0x00, 0x00, 0x00, 0x00, 0x00,
    0x00, 0x00, 0x00, 0x00, 0x00, 0x00, 0x00, 0x00, 0x00, 0x00, 0x00, 0x00, 0x00, 0x00, 0x00, 0x00,
    0x00, 0x00, 0x00, 0x00, 0x00, 0x00, 0x00, 0x00, 0x00, 0x00, 0x00, 0x01, 0x00, 0x00, 0x00, 0x01,
    0x00, 0x00, 0x00, 0x00, 0x00, 0x00, 0x00, 0x00, 0x00, 0x00, 0x00, 0x00, 0x00, 0x00, 0x00, 0x00,
    0x00, 0x00, 0x00, 0x00, 0x00, 0x00, 0x00, 0x00, 0x00, 0x00, 0x00, 0x00, 0x00, 0x00, 0x00, 0x00,
    0x00, 0x00, 0x00, 0x00, 0x00, 0x00, 0x00, 0x00, 0x00, 0x00, 0x00, 0x00, 0x00, 0x00, 0x00, 0x00,
    0x00, 0x00, 0x00, 0x00, 0x00, 0x00, 0x00, 0x00, 0x00, 0x00, 0x00, 0x02, 0x00, 0x00, 0x00, 0x01,
    0x00, 0x00, 0x00, 0x00, 0x00, 0x00, 0x00, 0x01, 0x00, 0x00, 0x00, 0x00, 0x00, 0x00, 0x00, 0x00,
    0x00, 0x00, 0x00, 0x00, 0x00, 0x00, 0x00, 0x00, 0x00, 0x00, 0x00, 0x00, 0x00, 0x00, 0x00, 0x01,
    0x00, 0x00, 0x00, 0x01, 0x00, 0x00, 0x00, 0x00, 0x00, 0x00, 0x00, 0x00, 0x00, 0x00, 0x00, 0x00,
    0x00, 0x00, 0x00, 0x00, 0x00, 0x00, 0x00, 0x00, 0x00, 0x00, 0x00, 0x00, 0x00, 0x00, 0x00, 0x00,
    0x00, 0x00, 0x00, 0x01, 0x00, 0x00, 0x00, 0x00, 0x00, 0x00, 0x00, 0x00, 0x00, 0x00, 0x00, 0x01,
    0x00, 0x00, 0x00, 0x02, 0x00, 0x00, 0x00, 0x01, 0x00, 0x00, 0x00, 0x00, 0x00, 0x00, 0x00, 0x00,
    0x00, 0x00, 0x00, 0x01, 0x00, 0x00, 0x00, 0x00, 0x00, 0x00, 0x00, 0x00, 0x00, 0x00, 0x00, 0x00,
    0x00, 0x00, 0x00, 0x00, 0x00, 0x00, 0x00, 0x00, 0x00, 0x00, 0x00, 0x00, 0x00, 0x00, 0x00, 0x00,
    0x00, 0x00, 0x00, 0x00, 0x00, 0x00, 0x00, 0x00, 0x00, 0x00, 0x00, 0x00, 0x00, 0x00, 0x00, 0x00,
    0x00, 0x00, 0x00, 0x00, 0x00, 0x00, 0x00, 0x00, 0x00, 0x00, 0x00, 0x00, 0x00, 0x00, 0x00, 0x00,
    0x00, 0x00, 0x00, 0x00, 0x00, 0x00, 0x00, 0x00, 0x00, 0x00, 0x00, 0x01, 0x00, 0x00, 0x00, 0x00,
    0x00, 0x00, 0x00, 0x01, 0x00, 0x00, 0x00, 0x00, 0x00, 0x00, 0x00, 0x00, 0x00, 0x00, 0x00, 0x00,
    0x00, 0x00, 0x00, 0x00, 0x00, 0x00, 0x00, 0x02, 0x00, 0x00, 0x00, 0x01, 0x00, 0x00, 0x00, 0x00,
    0x00, 0x00, 0x00, 0x00, 0x00, 0x00, 0x00, 0x00, 0x00, 0x00, 0x00, 0x01, 0x00, 0x00, 0x00, 0x00,
    0x00, 0x00, 0x00, 0x00, 0x00, 0x00, 0x00, 0x00, 0x00, 0x00, 0x00, 0x00, 0x00, 0x00, 0x00, 0x01,
    0x00, 0x00, 0x00, 0x02, 0x00, 0x00, 0x00, 0x00, 0x00, 0x00, 0x00, 0x00, 0x00, 0x00, 0x00, 0x00,
    0x00, 0x00, 0x00, 0x00, 0x00, 0x00, 0x00, 0x00, 0x00, 0x00, 0x00, 0x01, 0x00, 0x00, 0x00, 0x00,
    0x00, 0x00, 0x00, 0x00, 0x00, 0x00, 0x00, 0x00, 0x00, 0x00, 0x00, 0x00, 0x00, 0x00, 0x00, 0x00,
    0x00, 0x00, 0x00, 0x01, 0x00, 0x00, 0x00, 0x00, 0x00, 0x00, 0x00, 0x01, 0x00, 0x00, 0x00, 0x00,
    0x00, 0x00, 0x00, 0x00, 0x00, 0x00, 0x00, 0x01, 0x00, 0x00, 0x00, 0x00, 0x00, 0x00, 0x00, 0x00,
    0x00, 0x00, 0x00, 0x00, 0x00, 0x00, 0x00, 0x00, 0x00, 0x00, 0x00, 0x01, 0x00, 0x00, 0x00, 0x00,
    0x00, 0x00, 0x00, 0x00, 0x00, 0x00, 0x00, 0x00, 0x00, 0x00, 0x00, 0x00, 0x00, 0x00, 0x00, 0x00,
    0x00, 0x00, 0x00, 0x00, 0x00, 0x00, 0x00, 0x00, 0x00, 0x00, 0x00, 0x00, 0x00, 0x00, 0x00, 0x00,
    0x00, 0x00, 0x00, 0x00, 0x00, 0x00, 0x00, 0x00, 0x00, 0x00, 0x00, 0x00, 0x00, 0x00, 0x00, 0x00,
    0x00, 0x00, 0x00, 0x00, 0x00, 0x00, 0x00, 0x00, 0x00, 0x00, 0x00, 0x00, 0x00, 0x00, 0x00, 0x00,
    0x00, 0x00, 0x00, 0x00, 0x00, 0x00, 0x00, 0x00, 0x00, 0x00, 0x00, 0x00, 0x00, 0x00, 0x00, 0x00,
    0x00, 0x00, 0x00, 0x00, 0x00, 0x00, 0x00, 0x00, 0x00, 0x00, 0x00, 0x00, 0x00, 0x00, 0x00, 0x01,
    0x00, 0x00, 0x00, 0x00, 0x00, 0x00, 0x00, 0x00, 0x00, 0x00, 0x00, 0x01, 0x00, 0x00, 0x00, 0x01,
    0x00, 0x00, 0x00, 0x00, 0x00, 0x00, 0x00, 0x00, 0x00, 0x00, 0x00, 0x00, 0x00, 0x00, 0x00, 0x00,
    0x00, 0x00, 0x00, 0x01, 0x00, 0x00, 0x00, 0x00, 0x00, 0x00, 0x00, 0x00, 0x00, 0x00, 0x00, 0x00,
    0x00, 0x00, 0x00, 0x00, 0x00, 0x00, 0x00, 0x00, 0x00, 0x00, 0x00, 0x01, 0x00, 0x00, 0x00, 0x00,
    0x00, 0x00, 0x00, 0x00, 0x00, 0x00, 0x00, 0x00, 0x00, 0x00, 0x00, 0x00, 0x00, 0x00, 0x00, 0x00,
    0x00, 0x00, 0x00, 0x00, 0x00, 0x00, 0x00, 0x00, 0x00, 0x00, 0x00, 0x00, 0x00, 0x00, 0x00, 0x00,
    0x00, 0x00, 0x00, 0x00, 0x00, 0x00, 0x00, 0x00, 0x00, 0x00, 0x00, 0x00, 0x00, 0x00, 0x00, 0x00,
    0x00, 0x00, 0x00, 0x01, 0x00, 0x00, 0x00, 0x01, 0x00, 0x00, 0x00, 0x00, 0x00, 0x00, 0x00, 0x00,
    0x00, 0x00, 0x00, 0x00, 0x00, 0x00, 0x00, 0x00, 0x00, 0x00, 0x00, 0x00, 0x00, 0x00, 0x00, 0x00,
    0x00, 0x00, 0x00, 0x00, 0x00, 0x00, 0x00, 0x00, 0x00, 0x00, 0x00, 0x00, 0x00, 0x00, 0x00, 0x00,
    0x00, 0x00, 0x00, 0x00, 0x00, 0x00, 0x00, 0x00, 0x00, 0x00, 0x00, 0x00, 0x00, 0x00, 0x00, 0x00,
    0x00, 0x00, 0x00, 0x00, 0x00, 0x00, 0x00, 0x01, 0x00, 0x00, 0x00, 0x00, 0x00, 0x00, 0x00, 0x00,
    0x00, 0x00, 0x00, 0x00, 0x00, 0x00, 0x00, 0x00, 0x00, 0x00, 0x00, 0x02, 0x00, 0x00, 0x00, 0x01,
    0x00, 0x00, 0x00, 0x00, 0x00, 0x00, 0x00, 0x00, 0x00, 0x00, 0x00, 0x00, 0x00, 0x00, 0x00, 0x00,
    0x00, 0x00, 0x00, 0x00, 0x00, 0x00, 0x00, 0x00, 0x00, 0x00, 0x00, 0x00, 0x00, 0x00, 0x00, 0x00,
    0x00, 0x00, 0x00, 0x00, 0x00, 0x00, 0x00, 0x00, 0x00, 0x00, 0x00, 0x00, 0x00, 0x00, 0x00, 0x00,
    0x00, 0x00, 0x00, 0x00, 0x00, 0x00, 0x00, 0x01, 0x00, 0x00, 0x00, 0x00, 0x00, 0x00, 0x00, 0x00,
    0x00, 0x00, 0x00, 0x00, 0x00, 0x00, 0x00, 0x00, 0x00, 0x00, 0x00, 0x00, 0x00, 0x00, 0x00, 0x00,
    0x00, 0x00, 0x00, 0x00, 0x00, 0x00, 0x00, 0x00, 0x00, 0x00, 0x00, 0x00, 0x00, 0x00, 0x00, 0x00,
    0x00, 0x00, 0x00, 0x00, 0x00, 0x00, 0x00, 0x00, 0x00, 0x00, 0x00, 0x00, 0x00, 0x00, 0x00, 0x00,
    0x00, 0x00, 0x00, 0x00, 0x00, 0x00, 0x00, 0x00, 0x00, 0x00, 0x00, 0x00, 0x00, 0x00, 0x00, 0x01,
    0x00, 0x00, 0x00, 0x01, 0x00, 0x00, 0x00, 0x01, 0x00, 0x00, 0x00, 0x00, 0x00, 0x00, 0x00, 0x00,
    0x00, 0x00, 0x00, 0x00, 0x00, 0x00, 0x00, 0x01, 0x00, 0x00, 0x00, 0x00, 0x00, 0x00, 0x00, 0x00,
    0x00, 0x00, 0x00, 0x00, 0x00, 0x00, 0x00, 0x00, 0x00, 0x00, 0x00, 0x00, 0x00, 0x00, 0x00, 0x00,
    0x00, 0x00, 0x00, 0x00, 0x00, 0x00, 0x00, 0x00, 0x00, 0x00, 0x00, 0x00, 0x00, 0x00, 0x00, 0x00,
    0x00, 0x00, 0x00, 0x02, 0x00, 0x00, 0x00, 0x01, 0x00, 0x00, 0x00, 0x00, 0x00, 0x00, 0x00, 0x01,
    0x00, 0x00, 0x00, 0x01, 0x00, 0x00, 0x00, 0x00, 0x00, 0x00, 0x00, 0x00, 0x00, 0x00, 0x00, 0x00,
    0x00, 0x00, 0x00, 0x00, 0x00, 0x00, 0x00, 0x00, 0x00, 0x00, 0x00, 0x00, 0x00, 0x00, 0x00, 0x00,
    0x00, 0x00, 0x00, 0x01, 0x00, 0x00, 0x00, 0x00, 0x00, 0x00, 0x00, 0x02, 0x00, 0x00, 0x00, 0x02,
    0x00, 0x00, 0x00, 0x00, 0x00, 0x00, 0x00, 0x00, 0x00, 0x00, 0x00, 0x00, 0x00, 0x00, 0x00, 0x00,
    0x00, 0x00, 0x00, 0x00, 0x00, 0x00, 0x00, 0x01, 0x00, 0x00, 0x00, 0x00, 0x00, 0x00, 0x00, 0x00,
    0x00, 0x00, 0x00, 0x00, 0x00, 0x00, 0x00, 0x01, 0x00, 0x00, 0x00, 0x00, 0x00, 0x00, 0x00, 0x00,
    0x00, 0x00, 0x00, 0x00, 0x00, 0x00, 0x00, 0x00, 0x00, 0x00, 0x00, 0x02, 0x00, 0x00, 0x00, 0x00,
    0x00, 0x00, 0x00, 0x00, 0x00, 0x00, 0x00, 0x01, 0x00, 0x00, 0x00, 0x00, 0x00, 0x00, 0x00, 0x01,
    0x00, 0x00, 0x00, 0x02, 0x00, 0x00, 0x00, 0x00, 0x00, 0x00, 0x00, 0x00, 0x00, 0x00, 0x00, 0x00,
    0x00, 0x00, 0x00, 0x00, 0x00, 0x00, 0x00, 0x01, 0x00, 0x00, 0x00, 0x01, 0x00, 0x00, 0x00, 0x00,
    0x00, 0x00, 0x00, 0x00, 0x00, 0x00, 0x00, 0x00, 0x00, 0x00, 0x00, 0x00, 0x00, 0x00, 0x00, 0x00,
    0x00, 0x00, 0x00, 0x00, 0x00, 0x00, 0x00, 0x00, 0x00, 0x00, 0x00, 0x00, 0x00, 0x00, 0x00, 0x00,
    0x00, 0x00, 0x00, 0x01, 0x00, 0x00, 0x00, 0x00, 0x00, 0x00, 0x00, 0x00, 0x00, 0x00, 0x00, 0x00,
    0x00, 0x00, 0x00, 0x01, 0x00, 0x00, 0x00, 0x02, 0x00, 0x00, 0x00, 0x01, 0x00, 0x00, 0x00, 0x00,
    0x00, 0x00, 0x00, 0x00, 0x00, 0x00, 0x00, 0x00, 0x00, 0x00, 0x00, 0x00, 0x00, 0x00, 0x00, 0x01,
    0x00, 0x00, 0x00, 0x01, 0x00, 0x00, 0x00, 0x00, 0x00, 0x00, 0x00, 0x00, 0x00, 0x00, 0x00, 0x00,
    0x00, 0x00, 0x00, 0x00, 0x00, 0x00, 0x00, 0x00, 0x00, 0x00, 0x00, 0x00, 0x00, 0x00, 0x00, 0x00,
    0x00, 0x00, 0x00, 0x00, 0x00, 0x00, 0x00, 0x00, 0x00, 0x00, 0x00, 0x01, 0x00, 0x00, 0x00, 0x01,
    0x00, 0x00, 0x00, 0x00, 0x00, 0x00, 0x00, 0x00, 0x00, 0x00, 0x00, 0x00, 0x00, 0x00, 0x00, 0x00,
    0x00, 0x00, 0x00, 0x00, 0x00, 0x00, 0x00, 0x00, 0x00, 0x00, 0x00, 0x00, 0x00, 0x00, 0x00, 0x00,
    0x00, 0x00, 0x00, 0x00, 0x00, 0x00, 0x00, 0x00, 0x00, 0x00, 0x00, 0x00, 0x00, 0x00, 0x00, 0x01,
    0x00, 0x00, 0x00, 0x01, 0x00, 0x00, 0x00, 0x00, 0x00, 0x00, 0x00, 0x01, 0x00, 0x00, 0x00, 0x00,
    0x00, 0x00, 0x00, 0x00, 0x00, 0x00, 0x00, 0x00, 0x00, 0x00, 0x00, 0x00, 0x00, 0x00, 0x00, 0x01,
    0x00, 0x00, 0x00, 0x03, 0x00, 0x00, 0x00, 0x00, 0x00, 0x00, 0x00, 0x00, 0x00, 0x00, 0x00, 0x00,
    0x00, 0x00, 0x00, 0x00, 0x00, 0x00, 0x00, 0x00, 0x00, 0x00, 0x00, 0x00, 0x00, 0x00, 0x00, 0x00,
    0x00, 0x00, 0x00, 0x00, 0x00, 0x00, 0x00, 0x01, 0x00, 0x00, 0x00, 0x00, 0x00, 0x00, 0x00, 0x00,
    0x00, 0x00, 0x00, 0x00, 0x00, 0x00, 0x00, 0x00, 0x00, 0x00, 0x00, 0x02, 0x00, 0x00, 0x00, 0x01,
    0x00, 0x00, 0x00, 0x00, 0x00, 0x00, 0x00, 0x00, 0x00, 0x00, 0x00, 0x00, 0x00, 0x00, 0x00, 0x00,
    0x00, 0x00, 0x00, 0x00, 0x00, 0x00, 0x00, 0x00, 0x00, 0x00, 0x00, 0x00, 0x00, 0x00, 0x00, 0x00,
    0x00, 0x00, 0x00, 0x00, 0x00, 0x00, 0x00, 0x00, 0x00, 0x00, 0x00, 0x00, 0x00, 0x00, 0x00, 0x00,
    0x00, 0x00, 0x00, 0x00, 0x00, 0x00, 0x00, 0x00, 0x00, 0x00, 0x00, 0x00, 0x00, 0x00, 0x00, 0x00,
    0x00, 0x00, 0x00, 0x01, 0x00, 0x00, 0x00, 0x02, 0x00, 0x00, 0x00, 0x00, 0x00, 0x00, 0x00, 0x00,
    0x00, 0x00, 0x00, 0x00, 0x00, 0x00, 0x00, 0x00, 0x00, 0x00, 0x00, 0x00, 0x00, 0x00, 0x00, 0x00,
    0x00, 0x00, 0x00, 0x00, 0x00, 0x00, 0x00, 0x02, 0x00, 0x00, 0x00, 0x01, 0x00, 0x00, 0x00, 0x00,
    0x00, 0x00, 0x00, 0x00, 0x00, 0x00, 0x00, 0x00, 0x00, 0x00, 0x00, 0x00, 0x00, 0x00, 0x00, 0x00,
    0x00, 0x00, 0x00, 0x00, 0x00, 0x00, 0x00, 0x00, 0x00, 0x00, 0x00, 0x00, 0x00, 0x00, 0x00, 0x00,
    0x00, 0x00, 0x00, 0x00, 0x00, 0x00, 0x00, 0x00, 0x00, 0x00, 0x00, 0x00, 0x00, 0x00, 0x00, 0x00,
    0x00, 0x00, 0x00, 0x00, 0x00, 0x00, 0x00, 0x00, 0x00, 0x00, 0x00, 0x00, 0x00, 0x00, 0x00, 0x00,
    0x00, 0x00, 0x00, 0x01, 0x00, 0x00, 0x00, 0x00, 0x00, 0x00, 0x00, 0x01, 0x00, 0x00, 0x00, 0x00,
    0x00, 0x00, 0x00, 0x00, 0x00, 0x00, 0x00, 0x01, 0x00, 0x00, 0x00, 0x01, 0x00, 0x00, 0x00, 0x00,
    0x00, 0x00, 0x00, 0x00, 0x00, 0x00, 0x00, 0x00, 0x00, 0x00, 0x00, 0x01, 0x00, 0x00, 0x00, 0x01,
    0x00, 0x00, 0x00, 0x02, 0x00, 0x00, 0x00, 0x00, 0x00, 0x00, 0x00, 0x01, 0x00, 0x00, 0x00, 0x00,
    0x00, 0x00, 0x00, 0x00, 0x00, 0x00, 0x00, 0x00, 0x00, 0x00, 0x00, 0x01, 0x00, 0x00, 0x00, 0x00,
    0x00, 0x00, 0x00, 0x00, 0x00, 0x00, 0x00, 0x00, 0x00, 0x00, 0x00, 0x00, 0x00, 0x00, 0x00, 0x00,
    0x00, 0x00, 0x00, 0x00, 0x00, 0x00, 0x00, 0x00, 0x00, 0x00, 0x00, 0x00, 0x00, 0x00, 0x00, 0x00,
    0x00, 0x00, 0x00, 0x00, 0x00, 0x00, 0x00, 0x00, 0x00, 0x00, 0x00, 0x01, 0x00, 0x00, 0x00, 0x01,
    0x00, 0x00, 0x00, 0x01, 0x00, 0x00, 0x00, 0x01, 0x00, 0x00, 0x00, 0x00, 0x00, 0x00, 0x00, 0x00,
    0x00, 0x00, 0x00, 0x01, 0x00, 0x00, 0x00, 0x00, 0x00, 0x00, 0x00, 0x00, 0x00, 0x00, 0x00, 0x00,
    0x00, 0x00, 0x00, 0x00, 0x00, 0x00, 0x00, 0x00, 0x00, 0x00, 0x00, 0x01, 0x00, 0x00, 0x00, 0x00,
    0x00, 0x00, 0x00, 0x00, 0x00, 0x00, 0x00, 0x01, 0x00, 0x00, 0x00, 0x01, 0x00, 0x00, 0x00, 0x00,
    0x00, 0x00, 0x00, 0x00, 0x00, 0x00, 0x00, 0x01, 0x00, 0x00, 0x00, 0x00, 0x00, 0x00, 0x00, 0x00,
    0x00, 0x00, 0x00, 0x00, 0x00, 0x00, 0x00, 0x01, 0x00, 0x00, 0x00, 0x02, 0x00, 0x00, 0x00, 0x01,
    0x00, 0x00, 0x00, 0x00, 0x00, 0x00, 0x00, 0x00, 0x00, 0x00, 0x00, 0x00, 0x00, 0x00, 0x00, 0x00,
    0x00, 0x00, 0x00, 0x00, 0x00, 0x00, 0x00, 0x00, 0x00, 0x00, 0x00, 0x00, 0x00, 0x00, 0x00, 0x00,
    0x00, 0x00, 0x00, 0x00, 0x00, 0x00, 0x00, 0x00, 0x00, 0x00, 0x00, 0x00, 0x00, 0x00, 0x00, 0x00,
    0x00, 0x00, 0x00, 0x00, 0x00, 0x00, 0x00, 0x00, 0x00, 0x00, 0x00, 0x00, 0x00, 0x00, 0x00, 0x00,
    0x00, 0x00, 0x00, 0x00, 0x00, 0x00, 0x00, 0x01, 0x00, 0x00, 0x00, 0x00, 0x00, 0x00, 0x00, 0x00,
    0x00, 0x00, 0x00, 0x00, 0x00, 0x00, 0x00, 0x00, 0x00, 0x00, 0x00, 0x00, 0x00, 0x00, 0x00, 0x00,
    0x00, 0x00, 0x00, 0x00, 0x00, 0x00, 0x00, 0x00, 0x00, 0x00, 0x00, 0x00, 0x00, 0x00, 0x00, 0x00,
    0x00, 0x00, 0x00, 0x00, 0x00, 0x00, 0x00, 0x00, 0x00, 0x00, 0x00, 0x00, 0x00, 0x00, 0x00, 0x00,
    0x00, 0x00, 0x00, 0x01, 0x00, 0x00, 0x00, 0x00, 0x00, 0x00, 0x00, 0x00, 0x00, 0x00, 0x00, 0x00,
    0x00, 0x00, 0x00, 0x00, 0x00, 0x00, 0x00, 0x00, 0x00, 0x00, 0x00, 0x02, 0x00, 0x00, 0x00, 0x00,
    0x00, 0x00, 0x00, 0x00, 0x00, 0x00, 0x00, 0x00, 0x00, 0x00, 0x00, 0x00, 0x00, 0x00, 0x00, 0x00,
    0x00, 0x00, 0x00, 0x00, 0x00, 0x00, 0x00, 0x00, 0x00, 0x00, 0x00, 0x00, 0x00, 0x00, 0x00, 0x00,
    0x00, 0x00, 0x00, 0x00, 0x00, 0x00, 0x00, 0x00, 0x00, 0x00, 0x00, 0x00, 0x00, 0x00, 0x00, 0x00,
    0x00, 0x00, 0x00, 0x00, 0x00, 0x00, 0x00, 0x00, 0x00, 0x00, 0x00, 0x00, 0x00, 0x00, 0x00, 0x00,
    0x00, 0x00, 0x00, 0x00, 0x00, 0x00, 0x00, 0x00, 0x00, 0x00, 0x00, 0x01, 0x00, 0x00, 0x00, 0x00,
    0x00, 0x00, 0x00, 0x00, 0x00, 0x00, 0x00, 0x00, 0x00, 0x00, 0x00, 0x00, 0x00, 0x00, 0x00, 0x00,
    0x00, 0x00, 0x00, 0x01, 0x00, 0x00, 0x00, 0x02, 0x00, 0x00, 0x00, 0x01, 0x00, 0x00, 0x00, 0x01,
    0x00, 0x00, 0x00, 0x00, 0x00, 0x00, 0x00, 0x00, 0x00, 0x00, 0x00, 0x00, 0x00, 0x00, 0x00, 0x00,
    0x00, 0x00, 0x00, 0x00, 0x00, 0x00, 0x00, 0x00, 0x00, 0x00, 0x00, 0x01, 0x00, 0x00, 0x00, 0x00,
    0x00, 0x00, 0x00, 0x01, 0x00, 0x00, 0x00, 0x01, 0x00, 0x00, 0x00, 0x01, 0x00, 0x00, 0x00, 0x01,
    0x00, 0x00, 0x00, 0x01, 0x00, 0x00, 0x00, 0x00, 0x00, 0x00, 0x00, 0x02, 0x00, 0x00, 0x00, 0x02,
    0x00, 0x00, 0x00, 0x01, 0x00, 0x00, 0x00, 0x00, 0x00, 0x00, 0x00, 0x00, 0x00, 0x00, 0x00, 0x00,
    0x00, 0x00, 0x00, 0x01, 0x00, 0x00, 0x00, 0x00, 0x00, 0x00, 0x00, 0x01, 0x00, 0x00, 0x00, 0x01,
    0x00, 0x00, 0x00, 0x00, 0x00, 0x00, 0x00, 0x01, 0x00, 0x00, 0x00, 0x01, 0x00, 0x00, 0x00, 0x00,
    0x00, 0x00, 0x00, 0x00, 0x00, 0x00, 0x00, 0x00, 0x00, 0x00, 0x00, 0x01, 0x00, 0x00, 0x00, 0x01,
    0x00, 0x00, 0x00, 0x00, 0x00, 0x00, 0x00, 0x00, 0x00, 0x00, 0x00, 0x00, 0x00, 0x00, 0x00, 0x00,
    0x00, 0x00, 0x00, 0x01, 0x00, 0x00, 0x00, 0x00, 0x00, 0x00, 0x00, 0x00, 0x00, 0x00, 0x00, 0x00,
    0x00, 0x00, 0x00, 0x00, 0x00, 0x00, 0x00, 0x01, 0x00, 0x00, 0x00, 0x00, 0x00, 0x00, 0x00, 0x00,
    0x00, 0x00, 0x00, 0x00, 0x00, 0x00, 0x00, 0x01, 0x00, 0x00, 0x00, 0x01, 0x00, 0x00, 0x00, 0x00,
    0x00, 0x00, 0x00, 0x00, 0x00, 0x00, 0x00, 0x00, 0x00, 0x00, 0x00, 0x00, 0x00, 0x00, 0x00, 0x00,
    0x00, 0x00, 0x00, 0x00, 0x00, 0x00, 0x00, 0x00, 0x00, 0x00, 0x00, 0x01, 0x00, 0x00, 0x00, 0x01,
    0x00, 0x00, 0x00, 0x00, 0x00, 0x00, 0x00, 0x00, 0x00, 0x00, 0x00, 0x00, 0x00, 0x00, 0x00, 0x00,
    0x00, 0x00, 0x00, 0x00, 0x00, 0x00, 0x00, 0x01, 0x00, 0x00, 0x00, 0x01, 0x00, 0x00, 0x00, 0x00,
    0x00, 0x00, 0x00, 0x00, 0x00, 0x00, 0x00, 0x00, 0x00, 0x00, 0x00, 0x01, 0x00, 0x00, 0x00, 0x00,
    0x00, 0x00, 0x00, 0x00, 0x00, 0x00, 0x00, 0x00, 0x00, 0x00, 0x00, 0x00, 0x00, 0x00, 0x00, 0x00,
    0x00, 0x00, 0x00, 0x00, 0x00, 0x00, 0x00, 0x00, 0x00, 0x00, 0x00, 0x00, 0x00, 0x00, 0x00, 0x00,
    0x00, 0x00, 0x00, 0x00, 0x00, 0x00, 0x00, 0x00, 0x00, 0x00, 0x00, 0x01, 0x00, 0x00, 0x00, 0x00,
    0x00, 0x00, 0x00, 0x00, 0x00, 0x00, 0x00, 0x00, 0x00, 0x00, 0x00, 0x00, 0x00, 0x00, 0x00, 0x00,
    0x00, 0x00, 0x00, 0x00, 0x00, 0x00, 0x00, 0x01, 0x00, 0x00, 0x00, 0x00, 0x00, 0x00, 0x00, 0x00,
    0x00, 0x00, 0x00, 0x00, 0x00, 0x00, 0x00, 0x00, 0x00, 0x00, 0x00, 0x01, 0x00, 0x00, 0x00, 0x01,
    0x00, 0x00, 0x00, 0x00, 0x00, 0x00, 0x00, 0x00, 0x00, 0x00, 0x00, 0x01, 0x00, 0x00, 0x00, 0x00,
    0x00, 0x00, 0x00, 0x00, 0x00, 0x00, 0x00, 0x00, 0x00, 0x00, 0x00, 0x01, 0x00, 0x00, 0x00, 0x01,
    0x00, 0x00, 0x00, 0x00, 0x00, 0x00, 0x00, 0x00, 0x00, 0x00, 0x00, 0x00, 0x00, 0x00, 0x00, 0x00,
    0x00, 0x00, 0x00, 0x00, 0x00, 0x00, 0x00, 0x00, 0x00, 0x00, 0x00, 0x00, 0x00, 0x00, 0x00, 0x00,
    0x00, 0x00, 0x00, 0x00, 0x00, 0x00, 0x00, 0x00, 0x00, 0x00, 0x00, 0x01, 0x00, 0x00, 0x00, 0x00,
    0x00, 0x00, 0x00, 0x01, 0x00, 0x00, 0x00, 0x00, 0x00, 0x00, 0x00, 0x00, 0x00, 0x00, 0x00, 0x00,
    0x00, 0x00, 0x00, 0x00, 0x00, 0x00, 0x00, 0x00, 0x00, 0x00, 0x00, 0x00, 0x00, 0x00, 0x00, 0x00,
    0x00, 0x00, 0x00, 0x00, 0x00, 0x00, 0x00, 0x00, 0x00, 0x00, 0x00, 0x00, 0x00, 0x00, 0x00, 0x00,
    0x00, 0x00, 0x00, 0x00, 0x00, 0x00, 0x00, 0x00, 0x00, 0x00, 0x00, 0x00, 0x00, 0x00, 0x00, 0x00,
    0x00, 0x00, 0x00, 0x00, 0x00, 0x00, 0x00, 0x00, 0x00, 0x00, 0x00, 0x00, 0x00, 0x00, 0x00, 0x02,
    0x00, 0x00, 0x00, 0x00, 0x00, 0x00, 0x00, 0x00, 0x00, 0x00, 0x00, 0x01, 0x00, 0x00, 0x00, 0x00,
    0x00, 0x00, 0x00, 0x01, 0x00, 0x00, 0x00, 0x00, 0x00, 0x00, 0x00, 0x00, 0x00, 0x00, 0x00, 0x00,
    0x00, 0x00, 0x00, 0x00, 0x00, 0x00, 0x00, 0x00, 0x00, 0x00, 0x00, 0x00, 0x00, 0x00, 0x00, 0x00,
    0x00, 0x00, 0x00, 0x01, 0x00, 0x00, 0x00, 0x01, 0x00, 0x00, 0x00, 0x01, 0x00, 0x00, 0x00, 0x00,
    0x00, 0x00, 0x00, 0x00, 0x00, 0x00, 0x00, 0x00, 0x00, 0x00, 0x00, 0x01, 0x00, 0x00, 0x00, 0x01,
    0x00, 0x00, 0x00, 0x01, 0x00, 0x00, 0x00, 0x00, 0x00, 0x00, 0x00, 0x00, 0x00, 0x00, 0x00, 0x01,
    0x00, 0x00, 0x00, 0x00, 0x00, 0x00, 0x00, 0x00, 0x00, 0x00, 0x00, 0x00, 0x00, 0x00, 0x00, 0x00,
    0x00, 0x00, 0x00, 0x00, 0x00, 0x00, 0x00, 0x00, 0x00, 0x00, 0x00, 0x00, 0x00, 0x00, 0x00, 0x00,
    0x00, 0x00, 0x00, 0x00, 0x00, 0x00, 0x00, 0x00, 0x00, 0x00, 0x00, 0x00, 0x00, 0x00, 0x00, 0x00,
    0x00, 0x00, 0x00, 0x00, 0x00, 0x00, 0x00, 0x00, 0x00, 0x00, 0x00, 0x00, 0x00, 0x00, 0x00, 0x00,
    0x00, 0x00, 0x00, 0x02, 0x00, 0x00, 0x00, 0x00, 0x00, 0x00, 0x00, 0x00, 0x00, 0x00, 0x00, 0x00,
    0x00, 0x00, 0x00, 0x01, 0x00, 0x00, 0x00, 0x02, 0x55, 0x55, 0x55, 0x03, 0x7f, 0x7f, 0x7f, 0x02,
    0xff, 0xff, 0xff, 0x01, 0x7f, 0x7f, 0x7f, 0x02, 0x7f, 0x7f, 0x7f, 0x02, 0x7f, 0x7f, 0x7f, 0x02,
    0x00, 0x00, 0x00, 0x01, 0x00, 0x00, 0x00, 0x01, 0x00, 0x00, 0x00, 0x02, 0x00, 0x00, 0x00, 0x01,
    0x00, 0x00, 0x00, 0x01, 0x00, 0x00, 0x00, 0x00, 0x00, 0x00, 0x00, 0x00, 0x00, 0x00, 0x00, 0x00,
    0x00, 0x00, 0x00, 0x01, 0x00, 0x00, 0x00, 0x00, 0x00, 0x00, 0x00, 0x00, 0x00, 0x00, 0x00, 0x00,
    0x00, 0x00, 0x00, 0x00, 0x00, 0x00, 0x00, 0x00, 0x00, 0x00, 0x00, 0x01, 0x00, 0x00, 0x00, 0x00,
    0x00, 0x00, 0x00, 0x00, 0x00, 0x00, 0x00, 0x00, 0x00, 0x00, 0x00, 0x00, 0x00, 0x00, 0x00, 0x00,
    0x00, 0x00, 0x00, 0x01, 0x00, 0x00, 0x00, 0x01, 0x00, 0x00, 0x00, 0x00, 0x00, 0x00, 0x00, 0x00,
    0x00, 0x00, 0x00, 0x00, 0x00, 0x00, 0x00, 0x01, 0x00, 0x00, 0x00, 0x01, 0x00, 0x00, 0x00, 0x00,
    0x00, 0x00, 0x00, 0x00, 0x00, 0x00, 0x00, 0x00, 0x00, 0x00, 0x00, 0x00, 0x00, 0x00, 0x00, 0x00,
    0x00, 0x00, 0x00, 0x00, 0x00, 0x00, 0x00, 0x00, 0x00, 0x00, 0x00, 0x00, 0x00, 0x00, 0x00, 0x00,
    0x00, 0x00, 0x00, 0x00, 0x00, 0x00, 0x00, 0x00, 0x00, 0x00, 0x00, 0x00, 0x00, 0x00, 0x00, 0x00,
    0x00, 0x00, 0x00, 0x01, 0x00, 0x00, 0x00, 0x01, 0x00, 0x00, 0x00, 0x00, 0x00, 0x00, 0x00, 0x01,
    0x00, 0x00, 0x00, 0x01, 0x00, 0x00, 0x00, 0x01, 0x00, 0x00, 0x00, 0x02, 0x00, 0x00, 0x00, 0x01,
    0x00, 0x00, 0x00, 0x00, 0x00, 0x00, 0x00, 0x00, 0x00, 0x00, 0x00, 0x00, 0x00, 0x00, 0x00, 0x01,
    0x00, 0x00, 0x00, 0x00, 0x00, 0x00, 0x00, 0x00, 0x00, 0x00, 0x00, 0x00, 0x00, 0x00, 0x00, 0x00,
    0x00, 0x00, 0x00, 0x00, 0x00, 0x00, 0x00, 0x00, 0x00, 0x00, 0x00, 0x00, 0x00, 0x00, 0x00, 0x00,
    0x00, 0x00, 0x00, 0x00, 0x00, 0x00, 0x00, 0x00, 0x00, 0x00, 0x00, 0x00, 0x00, 0x00, 0x00, 0x00,
    0x00, 0x00, 0x00, 0x00, 0x00, 0x00, 0x00, 0x01, 0x00, 0x00, 0x00, 0x01, 0x00, 0x00, 0x00, 0x00,
    0x00, 0x00, 0x00, 0x01, 0x00, 0x00, 0x00, 0x01, 0x00, 0x00, 0x00, 0x00, 0x00, 0x00, 0x00, 0x00,
    0x00, 0x00, 0x00, 0x01, 0x00, 0x00, 0x00, 0x01, 0x00, 0x00, 0x00, 0x01, 0x00, 0x00, 0x00, 0x00,
    0x00, 0x00, 0x00, 0x00, 0x00, 0x00, 0x00, 0x00, 0x00, 0x00, 0x00, 0x00, 0x00, 0x00, 0x00, 0x00,
    0x00, 0x00, 0x00, 0x00, 0x00, 0x00, 0x00, 0x00, 0x00, 0x00, 0x00, 0x01, 0x00, 0x00, 0x00, 0x00,
    0x00, 0x00, 0x00, 0x00, 0x00, 0x00, 0x00, 0x01, 0x00, 0x00, 0x00, 0x00, 0x00, 0x00, 0x00, 0x00,
    0x00, 0x00, 0x00, 0x00, 0x00, 0x00, 0x00, 0x00, 0x00, 0x00, 0x00, 0x01, 0x00, 0x00, 0x00, 0x02,
    0x00, 0x00, 0x00, 0x01, 0x00, 0x00, 0x00, 0x00, 0x00, 0x00, 0x00, 0x00, 0x00, 0x00, 0x00, 0x00,
    0x00, 0x00, 0x00, 0x00, 0x00, 0x00, 0x00, 0x00, 0x00, 0x00, 0x00, 0x00, 0x00, 0x00, 0x00, 0x01,
    0x00, 0x00, 0x00, 0x01, 0x00, 0x00, 0x00, 0x01, 0x00, 0x00, 0x00, 0x01, 0x00, 0x00, 0x00, 0x00,
    0x00, 0x00, 0x00, 0x01, 0x00, 0x00, 0x00, 0x01, 0x00, 0x00, 0x00, 0x00, 0x00, 0x00, 0x00, 0x00,
    0x00, 0x00, 0x00, 0x00, 0x00, 0x00, 0x00, 0x00, 0x00, 0x00, 0x00, 0x01, 0x00, 0x00, 0x00, 0x01,
    0x00, 0x00, 0x00, 0x00, 0x00, 0x00, 0x00, 0x00, 0x00, 0x00, 0x00, 0x00, 0x00, 0x00, 0x00, 0x01,
    0x00, 0x00, 0x00, 0x01, 0x00, 0x00, 0x00, 0x00, 0x00, 0x00, 0x00, 0x00, 0x00, 0x00, 0x00, 0x00,
    0x00, 0x00, 0x00, 0x00, 0x00, 0x00, 0x00, 0x00, 0x00, 0x00, 0x00, 0x00, 0x00, 0x00, 0x00, 0x02,
    0x00, 0x00, 0x00, 0x00, 0x00, 0x00, 0x00, 0x01, 0x00, 0x00, 0x00, 0x01, 0x00, 0x00, 0x00, 0x00,
    0x00, 0x00, 0x00, 0x00, 0x00, 0x00, 0x00, 0x00, 0x00, 0x00, 0x00, 0x00, 0x00, 0x00, 0x00, 0x00,
    0x00, 0x00, 0x00, 0x02, 0x00, 0x00, 0x00, 0x00, 0x00, 0x00, 0x00, 0x00, 0x00, 0x00, 0x00, 0x02,
    0x00, 0x00, 0x00, 0x01, 0x00, 0x00, 0x00, 0x00, 0x00, 0x00, 0x00, 0x00, 0x00, 0x00, 0x00, 0x00,
    0x00, 0x00, 0x00, 0x00, 0x00, 0x00, 0x00, 0x00, 0x00, 0x00, 0x00, 0x00, 0x00, 0x00, 0x00, 0x00,
    0x00, 0x00, 0x00, 0x00, 0x00, 0x00, 0x00, 0x00, 0x00, 0x00, 0x00, 0x00, 0x00, 0x00, 0x00, 0x00,
    0x00, 0x00, 0x00, 0x00, 0x00, 0x00, 0x00, 0x00, 0x00, 0x00, 0x00, 0x00, 0x00, 0x00, 0x00, 0x01,
    0x00, 0x00, 0x00, 0x01, 0x00, 0x00, 0x00, 0x02, 0x00, 0x00, 0x00, 0x00, 0x00, 0x00, 0x00, 0x00,
    0x00, 0x00, 0x00, 0x00, 0x00, 0x00, 0x00, 0x00, 0x00, 0x00, 0x00, 0x00, 0x00, 0x00, 0x00, 0x00,
    0x00, 0x00, 0x00, 0x00, 0x00, 0x00, 0x00, 0x00, 0x00, 0x00, 0x00, 0x00, 0x00, 0x00, 0x00, 0x01,
    0x00, 0x00, 0x00, 0x01, 0x00, 0x00, 0x00, 0x00, 0x00, 0x00, 0x00, 0x00, 0x00, 0x00, 0x00, 0x00,
    0x00, 0x00, 0x00, 0x00, 0x00, 0x00, 0x00, 0x00, 0x00, 0x00, 0x00, 0x00, 0x00, 0x00, 0x00, 0x00,
    0x00, 0x00, 0x00, 0x00, 0x00, 0x00, 0x00, 0x00, 0x00, 0x00, 0x00, 0x00, 0x00, 0x00, 0x00, 0x00,
    0x00, 0x00, 0x00, 0x00, 0x00, 0x00, 0x00, 0x00, 0x00, 0x00, 0x00, 0x00, 0x00, 0x00, 0x00, 0x00,
    0x00, 0x00, 0x00, 0x00, 0x00, 0x00, 0x00, 0x00, 0x00, 0x00, 0x00, 0x01, 0x00, 0x00, 0x00, 0x01,
    0x00, 0x00, 0x00, 0x00, 0x00, 0x00, 0x00, 0x01, 0x00, 0x00, 0x00, 0x00, 0x00, 0x00, 0x00, 0x00,
    0x00, 0x00, 0x00, 0x00, 0x00, 0x00, 0x00, 0x00, 0x00, 0x00, 0x00, 0x00, 0x00, 0x00, 0x00, 0x00,
    0x00, 0x00, 0x00, 0x00, 0x00, 0x00, 0x00, 0x00, 0x00, 0x00, 0x00, 0x00, 0x00, 0x00, 0x00, 0x00,
    0x00, 0x00, 0x00, 0x00, 0x00, 0x00, 0x00, 0x00, 0x00, 0x00, 0x00, 0x00, 0x00, 0x00, 0x00, 0x00,
    0x00, 0x00, 0x00, 0x00, 0x00, 0x00, 0x00, 0x00, 0x00, 0x00, 0x00, 0x01, 0x00, 0x00, 0x00, 0x00,
    0x00, 0x00, 0x00, 0x00, 0x00, 0x00, 0x00, 0x00, 0x00, 0x00, 0x00, 0x00, 0x00, 0x00, 0x00, 0x02,
    0x00, 0x00, 0x00, 0x00, 0x00, 0x00, 0x00, 0x01, 0x00, 0x00, 0x00, 0x01, 0x00, 0x00, 0x00, 0x00,
    0x00, 0x00, 0x00, 0x01, 0x00, 0x00, 0x00, 0x00, 0x00, 0x00, 0x00, 0x00, 0x00, 0x00, 0x00, 0x01,
    0x00, 0x00, 0x00, 0x00, 0x00, 0x00, 0x00, 0x00, 0x00, 0x00, 0x00, 0x00, 0x00, 0x00, 0x00, 0x00,
    0x00, 0x00, 0x00, 0x00, 0x00, 0x00, 0x00, 0x00, 0x00, 0x00, 0x00, 0x00, 0x00, 0x00, 0x00, 0x00,
    0x00, 0x00, 0x00, 0x01, 0x00, 0x00, 0x00, 0x01, 0x00, 0x00, 0x00, 0x00, 0x00, 0x00, 0x00, 0x01,
    0x00, 0x00, 0x00, 0x00, 0x00, 0x00, 0x00, 0x00, 0x00, 0x00, 0x00, 0x00, 0x00, 0x00, 0x00, 0x00,
    0x00, 0x00, 0x00, 0x00, 0x00, 0x00, 0x00, 0x00, 0x00, 0x00, 0x00, 0x01, 0x00, 0x00, 0x00, 0x01,
    0x00, 0x00, 0x00, 0x00, 0x00, 0x00, 0x00, 0x00, 0x00, 0x00, 0x00, 0x00, 0x00, 0x00, 0x00, 0x00,
    0x00, 0x00, 0x00, 0x01, 0xff, 0xff, 0xff, 0x01, 0x7f, 0x7f, 0x7f, 0x02, 0x55, 0x55, 0x55, 0x03,
    0x3f, 0x3f, 0x3f, 0x04, 0xaa, 0xaa, 0xaa, 0x03, 0x66, 0x66, 0x66, 0x05, 0x66, 0x66, 0x66, 0x05,
    0xaa, 0xaa, 0xaa, 0x03, 0xaa, 0xaa, 0xaa, 0x03, 0xaa, 0xaa, 0xaa, 0x03, 0xff, 0xff, 0xff, 0x02,
    0x01, 0x01, 0x01, 0x00, 0x01, 0x01, 0x01, 0x00, 0x00, 0x00, 0x00, 0x00, 0x00, 0x00, 0x00, 0x00,
    0x00, 0x00, 0x00, 0x00, 0x00, 0x00, 0x00, 0x00, 0x00, 0x00, 0x00, 0x00, 0x00, 0x00, 0x00, 0x00,
    0x00, 0x00, 0x00, 0x00, 0x01, 0x01, 0x01, 0x00, 0xaa, 0xaa, 0xaa, 0x03, 0xff, 0xff, 0xff, 0x02,
    0xff, 0xff, 0xff, 0x02, 0xaa, 0xaa, 0xaa, 0x03, 0xaa, 0xaa, 0xaa, 0x03, 0x7f, 0x7f, 0x7f, 0x04,
    0x7f, 0x7f, 0x7f, 0x04, 0xaa, 0xaa, 0xaa, 0x03, 0x7f, 0x7f, 0x7f, 0x02, 0x7f, 0x7f, 0x7f, 0x02,
    0xff, 0x00, 0x00, 0x01, 0x00, 0x00, 0x00, 0x00, 0x00, 0x00, 0x00, 0x00, 0x00, 0x00, 0x00, 0x00,
    0x00, 0x00, 0x00, 0x00, 0x00, 0x00, 0x00, 0x00, 0x00, 0x00, 0x00, 0x01, 0x00, 0x00, 0x00, 0x00,
    0x00, 0x00, 0x00, 0x01, 0x00, 0x00, 0x00, 0x00, 0x00, 0x00, 0x00, 0x00, 0x00, 0x00, 0x00, 0x00,
    0x00, 0x00, 0x00, 0x00, 0x00, 0x00, 0x00, 0x00, 0x00, 0x00, 0x00, 0x00, 0x00, 0x00, 0x00, 0x00,
    0x00, 0x00, 0x00, 0x00, 0x00, 0x00, 0x00, 0x01, 0x00, 0x00, 0x00, 0x00, 0x00, 0x00, 0x00, 0x00,
    0x00, 0x00, 0x00, 0x00, 0x00, 0x00, 0x00, 0x00, 0x00, 0x00, 0x00, 0x00, 0x00, 0x00, 0x00, 0x00,
    0x00, 0x00, 0x00, 0x00, 0x00, 0x00, 0x00, 0x00, 0x00, 0x00, 0x00, 0x01, 0x00, 0x00, 0x00, 0x00,
    0x00, 0x00, 0x00, 0x00, 0x00, 0x00, 0x00, 0x00, 0x00, 0x00, 0x00, 0x00, 0x00, 0x00, 0x00, 0x00,
    0x00, 0x00, 0x00, 0x00, 0x00, 0x00, 0x00, 0x00, 0x00, 0x00, 0x00, 0x00, 0x00, 0x00, 0x00, 0x00,
    0x00, 0x00, 0x00, 0x01, 0x00, 0x00, 0x00, 0x00, 0x00, 0x00, 0x00, 0x00, 0x00, 0x00, 0x00, 0x00,
    0x00, 0x00, 0x00, 0x00, 0x00, 0x00, 0x00, 0x00, 0x00, 0x00, 0x00, 0x00, 0x00, 0x00, 0x00, 0x00,
    0x00, 0x00, 0x00, 0x00, 0x00, 0x00, 0x00, 0x01, 0x00, 0x00, 0x00, 0x01, 0x00, 0x00, 0x00, 0x00,
    0x00, 0x00, 0x00, 0x00, 0x00, 0x00, 0x00, 0x00, 0x00, 0x00, 0x00, 0x00, 0x00, 0x00, 0x00, 0x00,
    0x00, 0x00, 0x00, 0x00, 0x00, 0x00, 0x00, 0x00, 0x00, 0x00, 0x00, 0x00, 0x00, 0x00, 0x00, 0x00,
    0x00, 0x00, 0x00, 0x00, 0x00, 0x00, 0x00, 0x00, 0x00, 0x00, 0x00, 0x00, 0x00, 0x00, 0x00, 0x00,
    0x00, 0x00, 0x00, 0x00, 0x00, 0x00, 0x00, 0x00, 0x00, 0x00, 0x00, 0x01, 0x00, 0x00, 0x00, 0x01,
    0x00, 0x00, 0x00, 0x00, 0x00, 0x00, 0x00, 0x00, 0x00, 0x00, 0x00, 0x00, 0x00, 0x00, 0x00, 0x00,
    0x00, 0x00, 0x00, 0x00, 0x00, 0x00, 0x00, 0x00, 0x00, 0x00, 0x00, 0x00, 0x00, 0x00, 0x00, 0x00,
    0x00, 0x00, 0x00, 0x00, 0x00, 0x00, 0x00, 0x00, 0x00, 0x00, 0x00, 0x01, 0x00, 0x00, 0x00, 0x00,
    0x00, 0x00, 0x00, 0x00, 0x00, 0x00, 0x00, 0x00, 0x00, 0x00, 0x00, 0x00, 0x00, 0x00, 0x00, 0x00,
    0x00, 0x00, 0x00, 0x00, 0x00, 0x00, 0x00, 0x00, 0x00, 0x00, 0x00, 0x00, 0x00, 0x00, 0x00, 0x00,
    0x00, 0x00, 0x00, 0x01, 0x00, 0x00, 0x00, 0x00, 0x00, 0x00, 0x00, 0x01, 0x00, 0x00, 0x00, 0x00,
    0x00, 0x00, 0x00, 0x01, 0x00, 0x00, 0x00, 0x00, 0x00, 0x00, 0x00, 0x00, 0x00, 0x00, 0x00, 0x00,
    0x00, 0x00, 0x00, 0x01, 0x00, 0x00, 0x00, 0x01, 0x00, 0x00, 0x00, 0x00, 0x00, 0x00, 0x00, 0x00,
    0x00, 0x00, 0x00, 0x00, 0x00, 0x00, 0x00, 0x00, 0x00, 0x00, 0x00, 0x01, 0x00, 0x00, 0x00, 0x01,
    0x00, 0x00, 0x00, 0x00, 0x00, 0x00, 0x00, 0x00, 0x00, 0x00, 0x00, 0x00, 0x00, 0x00, 0x00, 0x00,
    0x00, 0x00, 0x00, 0x00, 0x00, 0x00, 0x00, 0x01, 0x00, 0x00, 0x00, 0x00, 0x00, 0x00, 0x00, 0x00,
    0x00, 0x00, 0x00, 0x00, 0x00, 0x00, 0x00, 0x00, 0x00, 0x00, 0x00, 0x00, 0x00, 0x00, 0x00, 0x01,
    0x00, 0x00, 0x00, 0x00, 0x00, 0x00, 0x00, 0x00, 0x00, 0x00, 0x00, 0x00, 0x00, 0x00, 0x00, 0x00,
    0x00, 0x00, 0x00, 0x00, 0x00, 0x00, 0x00, 0x00, 0x00, 0x00, 0x00, 0x00, 0x00, 0x00, 0x00, 0x00,
    0x00, 0x00, 0x00, 0x02, 0x00, 0x00, 0x00, 0x01, 0x00, 0x00, 0x00, 0x00, 0x00, 0x00, 0x00, 0x00,
    0x00, 0x00, 0x00, 0x00, 0x00, 0x00, 0x00, 0x00, 0x00, 0x00, 0x00, 0x00, 0x00, 0x00, 0x00, 0x00,
    0x00, 0x00, 0x00, 0x00, 0x00, 0x00, 0x00, 0x00, 0x00, 0x00, 0x00, 0x00, 0x00, 0x00, 0x00, 0x00,
    0x00, 0x00, 0x00, 0x00, 0x00, 0x00, 0x00, 0x00, 0x00, 0x00, 0x00, 0x00, 0x00, 0x00, 0x00, 0x00,
    0x00, 0x00, 0x00, 0x00, 0x00, 0x00, 0x00, 0x00, 0x00, 0x00, 0x00, 0x00, 0x00, 0x00, 0x00, 0x01,
    0x00, 0x00, 0x00, 0x01, 0x00, 0x00, 0x00, 0x01, 0x00, 0x00, 0x00, 0x00, 0x00, 0x00, 0x00, 0x01,
    0x00, 0x00, 0x00, 0x00, 0x00, 0x00, 0x00, 0x01, 0x00, 0x00, 0x00, 0x00, 0x00, 0x00, 0x00, 0x00,
    0x00, 0x00, 0x00, 0x00, 0x00, 0x00, 0x00, 0x00, 0x00, 0x00, 0x00, 0x00, 0x00, 0x00, 0x00, 0x00,
    0x00, 0x00, 0x00, 0x00, 0x00, 0x00, 0x00, 0x00, 0x00, 0x00, 0x00, 0x00, 0x00, 0x00, 0x00, 0x00,
    0x00, 0x00, 0x00, 0x00, 0x00, 0x00, 0x00, 0x00, 0x00, 0x00, 0x00, 0x00, 0x00, 0x00, 0x00, 0x00,
    0x00, 0x00, 0x00, 0x00, 0x00, 0x00, 0x00, 0x01, 0x00, 0x00, 0x00, 0x00, 0x00, 0x00, 0x00, 0x00,
    0x00, 0x00, 0x00, 0x00, 0x00, 0x00, 0x00, 0x00, 0x00, 0x00, 0x00, 0x00, 0x00, 0x00, 0x00, 0x00,
    0x00, 0x00, 0x00, 0x00, 0x00, 0x00, 0x00, 0x00, 0x00, 0x00, 0x00, 0x00, 0x00, 0x00, 0x00, 0x01,
    0x00, 0x00, 0x00, 0x00, 0x00, 0x00, 0x00, 0x00, 0x00, 0x00, 0x00, 0x00, 0x00, 0x00, 0x00, 0x00,
    0x00, 0x00, 0x00, 0x00, 0x00, 0x00, 0x00, 0x00, 0x00, 0x00, 0x00, 0x00, 0x00, 0x00, 0x00, 0x00,
    0x00, 0x00, 0x00, 0x00, 0x00, 0x00, 0x00, 0x00, 0x00, 0x00, 0x00, 0x00, 0x00, 0x00, 0x00, 0x00,
    0x00, 0x00, 0x00, 0x00, 0x00, 0x00, 0x00, 0x02, 0x00, 0x00, 0x00, 0x00, 0x00, 0x00, 0x00, 0x00,
    0x00, 0x00, 0x00, 0x00, 0x00, 0x00, 0x00, 0x00, 0x00, 0x00, 0x00, 0x00, 0x00, 0x00, 0x00, 0x00,
    0x00, 0x00, 0x00, 0x00, 0x00, 0x00, 0x00, 0x00, 0x00, 0x00, 0x00, 0x00, 0x00, 0x00, 0x00, 0x00,
    0x00, 0x00, 0x00, 0x00, 0x00, 0x00, 0x00, 0x01, 0x00, 0x00, 0x00, 0x00, 0x00, 0x00, 0x00, 0x00,
    0x00, 0x00, 0x00, 0x00, 0x00, 0x00, 0x00, 0x00, 0x00, 0x00, 0x00, 0x00, 0x00, 0x00, 0x00, 0x01,
    0x00, 0x00, 0x00, 0x02, 0x00, 0x00, 0x00, 0x02, 0x00, 0x00, 0x00, 0x00, 0x00, 0x00, 0x00, 0x00,
    0x00, 0x00, 0x00, 0x00, 0x00, 0x00, 0x00, 0x00, 0x00, 0x00, 0x00, 0x00, 0x00, 0x00, 0x00, 0x00,
    0x00, 0x00, 0x00, 0x00, 0x00, 0x00, 0x00, 0x00, 0x00, 0x00, 0x00, 0x00, 0x00, 0x00, 0x00, 0x02,
    0x00, 0x00, 0x00, 0x01, 0x00, 0x00, 0x00, 0x01, 0x00, 0x00, 0x00, 0x00, 0x00, 0x00, 0x00, 0x00,
    0x00, 0x00, 0x00, 0x00, 0x00, 0x00, 0x00, 0x01, 0x00, 0x00, 0x00, 0x01, 0x55, 0x55, 0x55, 0x03,
    0x7f, 0x7f, 0x7f, 0x04, 0xaa, 0xaa, 0xaa, 0x03, 0xaa, 0xaa, 0xaa, 0x03, 0xff, 0xff, 0xff, 0x01,
    0x00, 0x00, 0x00, 0x00, 0x00, 0x00, 0x00, 0x00, 0x00, 0x00, 0x00, 0x00, 0x00, 0x00, 0x00, 0x00,
    0x00, 0x00, 0x00, 0x00, 0x00, 0x00, 0x00, 0x00, 0x00, 0x00, 0x00, 0x00, 0x00, 0x00, 0x00, 0x00,
    0x00, 0x00, 0x00, 0x00, 0x00, 0x00, 0x00, 0x00, 0x00, 0x00, 0x00, 0x00, 0x00, 0x00, 0x00, 0x00,
    0x00, 0x00, 0x00, 0x11, 0x0c, 0x0c, 0x0c, 0x15, 0x2c, 0x2c, 0x2c, 0x17, 0x3d, 0x3d, 0x3d, 0x19,
    0x48, 0x48, 0x48, 0x15, 0x4a, 0x4a, 0x4a, 0x18, 0x47, 0x47, 0x47, 0x19, 0x37, 0x37, 0x37, 0x17,
    0x17, 0x17, 0x17, 0x16, 0x00, 0x00, 0x00, 0x16, 0x00, 0x00, 0x00, 0x05, 0x00, 0x00, 0x00, 0x00,
    0x00, 0x00, 0x00, 0x00, 0x00, 0x00, 0x00, 0x00, 0x00, 0x00, 0x00, 0x00, 0x00, 0x00, 0x00, 0x00,
    0x00, 0x00, 0x00, 0x00, 0x00, 0x00, 0x00, 0x00, 0x00, 0x00, 0x00, 0x00, 0x00, 0x00, 0x00, 0x00,
    0x00, 0x00, 0x00, 0x00, 0x00, 0x00, 0x00, 0x00, 0xaa, 0xaa, 0xaa, 0x03, 0xff, 0xff, 0xff, 0x03,
    0x7f, 0x7f, 0x7f, 0x04, 0x7f, 0x7f, 0x7f, 0x02, 0x00, 0x00, 0x00, 0x01, 0x00, 0x00, 0x00, 0x00,
    0x00, 0x00, 0x00, 0x00, 0x00, 0x00, 0x00, 0x00, 0x00, 0x00, 0x00, 0x00, 0x00, 0x00, 0x00, 0x00,
    0x00, 0x00, 0x00, 0x00, 0x00, 0x00, 0x00, 0x00, 0x00, 0x00, 0x00, 0x00, 0x00, 0x00, 0x00, 0x00,
    0x00, 0x00, 0x00, 0x00, 0x00, 0x00, 0x00, 0x01, 0x00, 0x00, 0x00, 0x00, 0x00, 0x00, 0x00, 0x00,
    0x00, 0x00, 0x00, 0x00, 0x00, 0x00, 0x00, 0x00, 0x00, 0x00, 0x00, 0x00, 0x00, 0x00, 0x00, 0x00,
    0x00, 0x00, 0x00, 0x00, 0x00, 0x00, 0x00, 0x00, 0x00, 0x00, 0x00, 0x00, 0x00, 0x00, 0x00, 0x00,
    0x00, 0x00, 0x00, 0x01, 0x00, 0x00, 0x00, 0x00, 0x00, 0x00, 0x00, 0x01, 0x00, 0x00, 0x00, 0x01,
    0x00, 0x00, 0x00, 0x00, 0x00, 0x00, 0x00, 0x00, 0x00, 0x00, 0x00, 0x01, 0x00, 0x00, 0x00, 0x00,
    0x00, 0x00, 0x00, 0x00, 0x00, 0x00, 0x00, 0x02, 0x00, 0x00, 0x00, 0x00, 0x00, 0x00, 0x00, 0x00,
    0x00, 0x00, 0x00, 0x00, 0x00, 0x00, 0x00, 0x00, 0x00, 0x00, 0x00, 0x00, 0x00, 0x00, 0x00, 0x00,
    0x00, 0x00, 0x00, 0x00, 0x00, 0x00, 0x00, 0x00, 0x00, 0x00, 0x00, 0x00, 0x00, 0x00, 0x00, 0x00,
    0x00, 0x00, 0x00, 0x00, 0x00, 0x00, 0x00, 0x00, 0x00, 0x00, 0x00, 0x00, 0x00, 0x00, 0x00, 0x00,
    0x00, 0x00, 0x00, 0x00, 0x00, 0x00, 0x00, 0x00, 0x00, 0x00, 0x00, 0x00, 0x00, 0x00, 0x00, 0x00,
    0x00, 0x00, 0x00, 0x00, 0x00, 0x00, 0x00, 0x00, 0x00, 0x00, 0x00, 0x00, 0x00, 0x00, 0x00, 0x00,
    0x00, 0x00, 0x00, 0x01, 0x00, 0x00, 0x00, 0x01, 0x00, 0x00, 0x00, 0x00, 0x00, 0x00, 0x00, 0x00,
    0x00, 0x00, 0x00, 0x00, 0x00, 0x00, 0x00, 0x00, 0x00, 0x00, 0x00, 0x00, 0x00, 0x00, 0x00, 0x01,
    0x00, 0x00, 0x00, 0x01, 0x00, 0x00, 0x00, 0x02, 0x00, 0x00, 0x00, 0x01, 0x00, 0x00, 0x00, 0x00,
    0x00, 0x00, 0x00, 0x00, 0x00, 0x00, 0x00, 0x00, 0x00, 0x00, 0x00, 0x00, 0x00, 0x00, 0x00, 0x00,
    0x00, 0x00, 0x00, 0x00, 0x00, 0x00, 0x00, 0x00, 0x00, 0x00, 0x00, 0x00, 0x00, 0x00, 0x00, 0x01,
    0x00, 0x00, 0x00, 0x01, 0x00, 0x00, 0x00, 0x00, 0x00, 0x00, 0x00, 0x01, 0x00, 0x00, 0x00, 0x01,
    0x00, 0x00, 0x00, 0x01, 0x00, 0x00, 0x00, 0x00, 0x00, 0x00, 0x00, 0x00, 0x00, 0x00, 0x00, 0x00,
    0x00, 0x00, 0x00, 0x00, 0x00, 0x00, 0x00, 0x00, 0x00, 0x00, 0x00, 0x00, 0x00, 0x00, 0x00, 0x00,
    0x00, 0x00, 0x00, 0x00, 0x00, 0x00, 0x00, 0x00, 0x00, 0x00, 0x00, 0x00, 0x00, 0x00, 0x00, 0x02,
    0x00, 0x00, 0x00, 0x01, 0x00, 0x00, 0x00, 0x00, 0x00, 0x00, 0x00, 0x00, 0x00, 0x00, 0x00, 0x00,
    0x00, 0x00, 0x00, 0x00, 0x00, 0x00, 0x00, 0x00, 0x00, 0x00, 0x00, 0x00, 0x00, 0x00, 0x00, 0x00,
    0x00, 0x00, 0x00, 0x00, 0x00, 0x00, 0x00, 0x01, 0x00, 0x00, 0x00, 0x01, 0x00, 0x00, 0x00, 0x00,
    0x00, 0x00, 0x00, 0x00, 0x00, 0x00, 0x00, 0x00, 0x00, 0x00, 0x00, 0x00, 0x00, 0x00, 0x00, 0x00,
    0x00, 0x00, 0x00, 0x00, 0x00, 0x00, 0x00, 0x00, 0x00, 0x00, 0x00, 0x00, 0x00, 0x00, 0x00, 0x01,
    0x00, 0x00, 0x00, 0x00, 0x00, 0x00, 0x00, 0x00, 0x00, 0x00, 0x00, 0x00, 0x00, 0x00, 0x00, 0x00,
    0x00, 0x00, 0x00, 0x00, 0x00, 0x00, 0x00, 0x01, 0x00, 0x00, 0x00, 0x01, 0x00, 0x00, 0x00, 0x00,
    0x00, 0x00, 0x00, 0x00, 0x00, 0x00, 0x00, 0x00, 0x00, 0x00, 0x00, 0x00, 0x00, 0x00, 0x00, 0x00,
    0x00, 0x00, 0x00, 0x00, 0x00, 0x00, 0x00, 0x00, 0x00, 0x00, 0x00, 0x00, 0x00, 0x00, 0x00, 0x00,
    0x00, 0x00, 0x00, 0x00, 0x00, 0x00, 0x00, 0x00, 0x00, 0x00, 0x00, 0x00, 0x00, 0x00, 0x00, 0x00,
    0x00, 0x00, 0x00, 0x00, 0x00, 0x00, 0x00, 0x00, 0x00, 0x00, 0x00, 0x00, 0x00, 0x00, 0x00, 0x00,
    0x00, 0x00, 0x00, 0x00, 0x00, 0x00, 0x00, 0x00, 0x00, 0x00, 0x00, 0x00, 0x00, 0x00, 0x00, 0x00,
    0x00, 0x00, 0x00, 0x00, 0x00, 0x00, 0x00, 0x01, 0x00, 0x00, 0x00, 0x00, 0x00, 0x00, 0x00, 0x00,
    0x00, 0x00, 0x00, 0x00, 0x00, 0x00, 0x00, 0x00, 0x00, 0x00, 0x00, 0x00, 0x00, 0x00, 0x00, 0x00,
    0x00, 0x00, 0x00, 0x00, 0x00, 0x00, 0x00, 0x00, 0x00, 0x00, 0x00, 0x00, 0x00, 0x00, 0x00, 0x00,
    0x00, 0x00, 0x00, 0x00, 0x00, 0x00, 0x00, 0x00, 0x00, 0x00, 0x00, 0x00, 0x00, 0x00, 0x00, 0x01,
    0x00, 0x00, 0x00, 0x01, 0x00, 0x00, 0x00, 0x00, 0x00, 0x00, 0x00, 0x00, 0x00, 0x00, 0x00, 0x00,
    0x00, 0x00, 0x00, 0x00, 0x00, 0x00, 0x00, 0x00, 0x00, 0x00, 0x00, 0x00, 0x00, 0x00, 0x00, 0x00,
    0x00, 0x00, 0x00, 0x00, 0x00, 0x00, 0x00, 0x00, 0x00, 0x00, 0x00, 0x00, 0x00, 0x00, 0x00, 0x00,
    0x00, 0x00, 0x00, 0x00, 0x00, 0x00, 0x00, 0x00, 0x00, 0x00, 0x00, 0x00, 0x00, 0x00, 0x00, 0x00,
    0x00, 0x00, 0x00, 0x00, 0x00, 0x00, 0x00, 0x00, 0x00, 0x00, 0x00, 0x00, 0x00, 0x00, 0x00, 0x00,
    0x00, 0x00, 0x00, 0x01, 0x00, 0x00, 0x00, 0x01, 0x00, 0x00, 0x00, 0x00, 0x00, 0x00, 0x00, 0x00,
    0x00, 0x00, 0x00, 0x00, 0x00, 0x00, 0x00, 0x01, 0x00, 0x00, 0x00, 0x01, 0x00, 0x00, 0x00, 0x00,
    0x00, 0x00, 0x00, 0x00, 0x00, 0x00, 0x00, 0x01, 0x00, 0x00, 0x00, 0x01, 0x00, 0x00, 0x00, 0x00,
    0x00, 0x00, 0x00, 0x00, 0x00, 0x00, 0x00, 0x00, 0x00, 0x00, 0x00, 0x00, 0x00, 0x00, 0x00, 0x00,
    0x00, 0x00, 0x00, 0x00, 0x00, 0x00, 0x00, 0x00, 0x00, 0x00, 0x00, 0x00, 0x00, 0x00, 0x00, 0x00,
    0x00, 0x00, 0x00, 0x00, 0x00, 0x00, 0x00, 0x00, 0x00, 0x00, 0x00, 0x00, 0x00, 0x00, 0x00, 0x00,
    0x00, 0x00, 0x00, 0x00, 0x00, 0x00, 0x00, 0x01, 0x00, 0x00, 0x00, 0x00, 0x00, 0x00, 0x00, 0x00,
    0x00, 0x00, 0x00, 0x00, 0x00, 0x00, 0x00, 0x00, 0x00, 0x00, 0x00, 0x00, 0x00, 0x00, 0x00, 0x00,
    0x00, 0x00, 0x00, 0x00, 0x00, 0x00, 0x00, 0x00, 0x00, 0x00, 0x00, 0x00, 0x00, 0x00, 0x00, 0x01,
    0x00, 0x00, 0x00, 0x00, 0x00, 0x00, 0x00, 0x01, 0x00, 0x00, 0x00, 0x01, 0x55, 0x55, 0x55, 0x03,
    0x7f, 0x7f, 0x7f, 0x04, 0x66, 0x66, 0x66, 0x05, 0x01, 0x01, 0x01, 0x00, 0x00, 0x00, 0x00, 0x00,
    0x00, 0x00, 0x00, 0x00, 0x00, 0x00, 0x00, 0x00, 0x00, 0x00, 0x00, 0x00, 0x00, 0x00, 0x00, 0x05,
    0x7f, 0x7f, 0x7f, 0x0a, 0x8d, 0x8d, 0x8d, 0x12, 0x6b, 0x66, 0x66, 0x2d, 0x92, 0x8a, 0x8a, 0x3b,
    0x72, 0x6f, 0x6c, 0x59, 0x94, 0x94, 0x8f, 0x67, 0x92, 0x90, 0x8d, 0x8b, 0x9f, 0x9e, 0x99, 0x96,
    0x9d, 0x9a, 0x96, 0xa8, 0x93, 0x92, 0x8a, 0xc0, 0x9f, 0x9d, 0x99, 0xbd, 0xa5, 0xa2, 0x9e, 0xc1,
    0x9a, 0x95, 0x92, 0xd8, 0x9c, 0x97, 0x93, 0xdb, 0x9d, 0x9a, 0x95, 0xdc, 0x9e, 0x9a, 0x97, 0xdd,
    0xa0, 0x9c, 0x98, 0xdb, 0xa1, 0x9d, 0x9a, 0xdc, 0xa1, 0x9e, 0x99, 0xdd, 0x9e, 0x9b, 0x99, 0xdc,
    0x9d, 0x9a, 0x96, 0xdb, 0x96, 0x95, 0x90, 0xdb, 0x98, 0x97, 0x92, 0xcf, 0xa0, 0x9d, 0x99, 0xbf,
    0x95, 0x94, 0x90, 0xc2, 0x94, 0x91, 0x8b, 0xb8, 0xa1, 0xa0, 0x9b, 0x99, 0x94, 0x92, 0x8c, 0x8f,
    0x96, 0x96, 0x92, 0x6e, 0x89, 0x89, 0x83, 0x57, 0x84, 0x84, 0x7f, 0x38, 0x5b, 0x5b, 0x55, 0x27,
    0x6d, 0x6d, 0x6d, 0x0e, 0x55, 0x55, 0x55, 0x06, 0x00, 0x00, 0x00, 0x00, 0x00, 0x00, 0x00, 0x00,
    0x00, 0x00, 0x00, 0x00, 0x01, 0x01, 0x01, 0x00, 0x7f, 0x7f, 0x7f, 0x04, 0x7f, 0x7f, 0x7f, 0x02,
    0x00, 0x00, 0x00, 0x00, 0x00, 0x00, 0x00, 0x00, 0x00, 0x00, 0x00, 0x00, 0x00, 0x00, 0x00, 0x00,
    0x00, 0x00, 0x00, 0x00, 0x00, 0x00, 0x00, 0x00, 0x00, 0x00, 0x00, 0x01, 0x00, 0x00, 0x00, 0x01,
    0x00, 0x00, 0x00, 0x02, 0x00, 0x00, 0x00, 0x00, 0x00, 0x00, 0x00, 0x00, 0x00, 0x00, 0x00, 0x00,
    0x00, 0x00, 0x00, 0x00, 0x00, 0x00, 0x00, 0x00, 0x00, 0x00, 0x00, 0x00, 0x00, 0x00, 0x00, 0x00,
    0x00, 0x00, 0x00, 0x00, 0x00, 0x00, 0x00, 0x00, 0x00, 0x00, 0x00, 0x00, 0x00, 0x00, 0x00, 0x00,
    0x00, 0x00, 0x00, 0x00, 0x00, 0x00, 0x00, 0x01, 0x00, 0x00, 0x00, 0x01, 0x00, 0x00, 0x00, 0x01,
    0x00, 0x00, 0x00, 0x00, 0x00, 0x00, 0x00, 0x00, 0x00, 0x00, 0x00, 0x00, 0x00, 0x00, 0x00, 0x00,
    0x00, 0x00, 0x00, 0x00, 0x00, 0x00, 0x00, 0x00, 0x00, 0x00, 0x00, 0x00, 0x00, 0x00, 0x00, 0x00,
    0x00, 0x00, 0x00, 0x00, 0x00, 0x00, 0x00, 0x00, 0x00, 0x00, 0x00, 0x00, 0x00, 0x00, 0x00, 0x00,
    0x00, 0x00, 0x00, 0x00, 0x00, 0x00, 0x00, 0x00, 0x00, 0x00, 0x00, 0x01, 0x00, 0x00, 0x00, 0x00,
    0x00, 0x00, 0x00, 0x00, 0x00, 0x00, 0x00, 0x00, 0x00, 0x00, 0x00, 0x01, 0x00, 0x00, 0x00, 0x02,
    0x00, 0x00, 0x00, 0x01, 0x00, 0x00, 0x00, 0x00, 0x00, 0x00, 0x00, 0x00, 0x00, 0x00, 0x00, 0x00,
    0x00, 0x00, 0x00, 0x00, 0x00, 0x00, 0x00, 0x00, 0x00, 0x00, 0x00, 0x00, 0x00, 0x00, 0x00, 0x00,
    0x00, 0x00, 0x00, 0x00, 0x00, 0x00, 0x00, 0x01, 0x00, 0x00, 0x00, 0x00, 0x00, 0x00, 0x00, 0x00,
    0x00, 0x00, 0x00, 0x00, 0x00, 0x00, 0x00, 0x00, 0x00, 0x00, 0x00, 0x00, 0x00, 0x00, 0x00, 0x00,
    0x00, 0x00, 0x00, 0x01, 0x00, 0x00, 0x00, 0x01, 0x00, 0x00, 0x00, 0x00, 0x00, 0x00, 0x00, 0x00,
    0x00, 0x00, 0x00, 0x00, 0x00, 0x00, 0x00, 0x00, 0x00, 0x00, 0x00, 0x00, 0x00, 0x00, 0x00, 0x00,
    0x00, 0x00, 0x00, 0x01, 0x00, 0x00, 0x00, 0x01, 0x00, 0x00, 0x00, 0x00, 0x00, 0x00, 0x00, 0x00,
    0x00, 0x00, 0x00, 0x00, 0x00, 0x00, 0x00, 0x00, 0x00, 0x00, 0x00, 0x01, 0x00, 0x00, 0x00, 0x01,
    0x00, 0x00, 0x00, 0x00, 0x00, 0x00, 0x00, 0x00, 0x00, 0x00, 0x00, 0x00, 0x00, 0x00, 0x00, 0x00,
    0x00, 0x00, 0x00, 0x00, 0x00, 0x00, 0x00, 0x00, 0x00, 0x00, 0x00, 0x00, 0x00, 0x00, 0x00, 0x00,
    0x00, 0x00, 0x00, 0x00, 0x00, 0x00, 0x00, 0x00, 0x00, 0x00, 0x00, 0x00, 0x00, 0x00, 0x00, 0x01,
    0x00, 0x00, 0x00, 0x00, 0x00, 0x00, 0x00, 0x01, 0x00, 0x00, 0x00, 0x00, 0x00, 0x00, 0x00, 0x00,
    0x00, 0x00, 0x00, 0x00, 0x00, 0x00, 0x00, 0x00, 0x00, 0x00, 0x00, 0x00, 0x00, 0x00, 0x00, 0x00,
    0x00, 0x00, 0x00, 0x00, 0x00, 0x00, 0x00, 0x00, 0x00, 0x00, 0x00, 0x00, 0x00, 0x00, 0x00, 0x00,
    0x00, 0x00, 0x00, 0x00, 0x00, 0x00, 0x00, 0x00, 0x00, 0x00, 0x00, 0x00, 0x00, 0x00, 0x00, 0x00,
    0x00, 0x00, 0x00, 0x00, 0x00, 0x00, 0x00, 0x00, 0x00, 0x00, 0x00, 0x00, 0x00, 0x00, 0x00, 0x01,
    0x00, 0x00, 0x00, 0x00, 0x00, 0x00, 0x00, 0x00, 0x00, 0x00, 0x00, 0x00, 0x00, 0x00, 0x00, 0x00,
    0x00, 0x00, 0x00, 0x00, 0x00, 0x00, 0x00, 0x00, 0x00, 0x00, 0x00, 0x00, 0x00, 0x00, 0x00, 0x00,
    0x00, 0x00, 0x00, 0x00, 0x00, 0x00, 0x00, 0x00, 0x00, 0x00, 0x00, 0x02, 0x00, 0x00, 0x00, 0x00,
    0x00, 0x00, 0x00, 0x00, 0x00, 0x00, 0x00, 0x00, 0x00, 0x00, 0x00, 0x00, 0x00, 0x00, 0x00, 0x00,
    0x00, 0x00, 0x00, 0x00, 0x00, 0x00, 0x00, 0x00, 0x00, 0x00, 0x00, 0x00, 0x00, 0x00, 0x00, 0x00,
    0x00, 0x00, 0x00, 0x00, 0x00, 0x00, 0x00, 0x00, 0x00, 0x00, 0x00, 0x00, 0x00, 0x00, 0x00, 0x00,
    0x00, 0x00, 0x00, 0x01, 0x00, 0x00, 0x00, 0x00, 0x00, 0x00, 0x00, 0x00, 0x00, 0x00, 0x00, 0x00,
    0x00, 0x00, 0x00, 0x00, 0x00, 0x00, 0x00, 0x00, 0x00, 0x00, 0x00, 0x00, 0x00, 0x00, 0x00, 0x00,
    0x00, 0x00, 0x00, 0x00, 0x00, 0x00, 0x00, 0x00, 0x00, 0x00, 0x00, 0x00, 0x00, 0x00, 0x00, 0x00,
    0x00, 0x00, 0x00, 0x00, 0x00, 0x00, 0x00, 0x00, 0x00, 0x00, 0x00, 0x00, 0x00, 0x00, 0x00, 0x00,
    0x00, 0x00, 0x00, 0x00, 0x00, 0x00, 0x00, 0x00, 0x00, 0x00, 0x00, 0x00, 0x00, 0x00, 0x00, 0x00,
    0x00, 0x00, 0x00, 0x00, 0x00, 0x00, 0x00, 0x00, 0x00, 0x00, 0x00, 0x00, 0x00, 0x00, 0x00, 0x00,
    0x00, 0x00, 0x00, 0x00, 0x00, 0x00, 0x00, 0x00, 0x00, 0x00, 0x00, 0x00, 0x00, 0x00, 0x00, 0x00,
    0x00, 0x00, 0x00, 0x00, 0x00, 0x00, 0x00, 0x00, 0x00, 0x00, 0x00, 0x00, 0x00, 0x00, 0x00, 0x00,
    0x00, 0x00, 0x00, 0x00, 0x00, 0x00, 0x00, 0x00, 0x00, 0x00, 0x00, 0x00, 0x00, 0x00, 0x00, 0x00,
    0x00, 0x00, 0x00, 0x00, 0x00, 0x00, 0x00, 0x00, 0x00, 0x00, 0x00, 0x00, 0x00, 0x00, 0x00, 0x00,
    0x00, 0x00, 0x00, 0x01, 0x00, 0x00, 0x00, 0x01, 0x00, 0x00, 0x00, 0x00, 0x00, 0x00, 0x00, 0x00,
    0x00, 0x00, 0x00, 0x00, 0x00, 0x00, 0x00, 0x00, 0x00, 0x00, 0x00, 0x00, 0x00, 0x00, 0x00, 0x00,
    0x00, 0x00, 0x00, 0x00, 0x00, 0x00, 0x00, 0x02, 0x00, 0x00, 0x00, 0x01, 0x00, 0x00, 0x00, 0x00,
    0x00, 0x00, 0x00, 0x00, 0x00, 0x00, 0x00, 0x00, 0x00, 0x00, 0x00, 0x00, 0x00, 0x00, 0x00, 0x00,
    0x00, 0x00, 0x00, 0x00, 0x00, 0x00, 0x00, 0x00, 0x00, 0x00, 0x00, 0x00, 0x00, 0x00, 0x00, 0x00,
    0x00, 0x00, 0x00, 0x00, 0x00, 0x00, 0x00, 0x00, 0x00, 0x00, 0x00, 0x00, 0x00, 0x00, 0x00, 0x00,
    0x00, 0x00, 0x00, 0x00, 0x00, 0x00, 0x00, 0x00, 0x00, 0x00, 0x00, 0x00, 0x00, 0x00, 0x00, 0x00,
    0x00, 0x00, 0x00, 0x00, 0x00, 0x00, 0x00, 0x00, 0x00, 0x00, 0x00, 0x00, 0x00, 0x00, 0x00, 0x00,
    0x00, 0x00, 0x00, 0x00, 0x00, 0x00, 0x00, 0x00, 0x00, 0x00, 0x00, 0x00, 0x55, 0x55, 0x55, 0x03,
    0xaa, 0xaa, 0xaa, 0x03, 0xff, 0x00, 0x00, 0x01, 0x00, 0x00, 0x00, 0x00, 0x00, 0x00, 0x00, 0x00,
    0x00, 0x00, 0x00, 0x00, 0x00, 0x00, 0x00, 0x00, 0x12, 0x12, 0x12, 0x0e, 0x7f, 0x84, 0x84, 0x34,
    0x71, 0x71, 0x71, 0x5c, 0x7f, 0x7b, 0x79, 0x8a, 0x98, 0x97, 0x93, 0x9d, 0x96, 0x92, 0x8e, 0xbc,
    0x93, 0x90, 0x8b, 0xd0, 0x8b, 0x88, 0x84, 0xea, 0x8c, 0x87, 0x84, 0xfb, 0x8b, 0x87, 0x83, 0xff,
    0x7d, 0x7a, 0x76, 0xff, 0x83, 0x80, 0x7c, 0xff, 0x7d, 0x7a, 0x75, 0xff, 0x76, 0x72, 0x6d, 0xff,
    0x6f, 0x6b, 0x67, 0xff, 0x6a, 0x66, 0x60, 0xff, 0x66, 0x62, 0x5d, 0xff, 0x62, 0x5d, 0x59, 0xff,
    0x5d, 0x5a, 0x55, 0xff, 0x5a, 0x57, 0x52, 0xff, 0x57, 0x54, 0x4f, 0xff, 0x57, 0x54, 0x4e, 0xff,
    0x57, 0x53, 0x4e, 0xff, 0x58, 0x54, 0x50, 0xff, 0x59, 0x55, 0x51, 0xff, 0x5b, 0x56, 0x53, 0xff,
    0x5e, 0x5b, 0x56, 0xff, 0x62, 0x5e, 0x5c, 0xff, 0x67, 0x63, 0x5f, 0xff, 0x6c, 0x68, 0x64, 0xff,
    0x71, 0x6d, 0x69, 0xff, 0x77, 0x72, 0x6e, 0xff, 0x7d, 0x79, 0x73, 0xff, 0x85, 0x81, 0x7c, 0xff,
    0x8c, 0x89, 0x84, 0xff, 0x91, 0x8e, 0x88, 0xff, 0x92, 0x8e, 0x8a, 0xff, 0x93, 0x90, 0x8b, 0xf9,
    0x9e, 0x9b, 0x97, 0xe3, 0x85, 0x84, 0x82, 0xc1, 0x76, 0x74, 0x73, 0x9b, 0x7c, 0x7a, 0x76, 0x7f,
    0x5f, 0x5f, 0x5c, 0x53, 0x00, 0x00, 0x00, 0x24, 0x00, 0x00, 0x00, 0x00, 0x00, 0x00, 0x00, 0x00,
    0x00, 0x00, 0x00, 0x01, 0x00, 0x00, 0x00, 0x01, 0x00, 0x00, 0x00, 0x00, 0x00, 0x00, 0x00, 0x00,
    0x00, 0x00, 0x00, 0x00, 0x00, 0x00, 0x00, 0x00, 0x00, 0x00, 0x00, 0x00, 0x00, 0x00, 0x00, 0x00,
    0x00, 0x00, 0x00, 0x01, 0x00, 0x00, 0x00, 0x01, 0x00, 0x00, 0x00, 0x00, 0x00, 0x00, 0x00, 0x00,
    0x00, 0x00, 0x00, 0x00, 0x00, 0x00, 0x00, 0x00, 0x00, 0x00, 0x00, 0x00, 0x00, 0x00, 0x00, 0x00,
    0x00, 0x00, 0x00, 0x00, 0x00, 0x00, 0x00, 0x00, 0x00, 0x00, 0x00, 0x00, 0x00, 0x00, 0x00, 0x00,
    0x00, 0x00, 0x00, 0x00, 0x00, 0x00, 0x00, 0x00, 0x00, 0x00, 0x00, 0x00, 0x00, 0x00, 0x00, 0x00,
    0x00, 0x00, 0x00, 0x00, 0x00, 0x00, 0x00, 0x00, 0x00, 0x00, 0x00, 0x00, 0x00, 0x00, 0x00, 0x00,
    0x00, 0x00, 0x00, 0x00, 0x00, 0x00, 0x00, 0x00, 0x00, 0x00, 0x00, 0x01, 0x00, 0x00, 0x00, 0x01,
    0x00, 0x00, 0x00, 0x00, 0x00, 0x00, 0x00, 0x00, 0x00, 0x00, 0x00, 0x00, 0x00, 0x00, 0x00, 0x00,
    0x00, 0x00, 0x00, 0x00, 0x00, 0x00, 0x00, 0x00, 0x00, 0x00, 0x00, 0x01, 0x00, 0x00, 0x00, 0x00,
    0x00, 0x00, 0x00, 0x02, 0x00, 0x00, 0x00, 0x00, 0x00, 0x00, 0x00, 0x01, 0x00, 0x00, 0x00, 0x02,
    0x00, 0x00, 0x00, 0x01, 0x00, 0x00, 0x00, 0x00, 0x00, 0x00, 0x00, 0x00, 0x00, 0x00, 0x00, 0x00,
    0x00, 0x00, 0x00, 0x00, 0x00, 0x00, 0x00, 0x00, 0x00, 0x00, 0x00, 0x00, 0x00, 0x00, 0x00, 0x00,
    0x00, 0x00, 0x00, 0x00, 0x00, 0x00, 0x00, 0x00, 0x00, 0x00, 0x00, 0x00, 0x00, 0x00, 0x00, 0x00,
    0x00, 0x00, 0x00, 0x00, 0x00, 0x00, 0x00, 0x00, 0x00, 0x00, 0x00, 0x00, 0x00, 0x00, 0x00, 0x00,
    0x00, 0x00, 0x00, 0x00, 0x00, 0x00, 0x00, 0x00, 0x00, 0x00, 0x00, 0x00, 0x00, 0x00, 0x00, 0x00,
    0x00, 0x00, 0x00, 0x01, 0x00, 0x00, 0x00, 0x01, 0x00, 0x00, 0x00, 0x00, 0x00, 0x00, 0x00, 0x00,
    0x00, 0x00, 0x00, 0x00, 0x00, 0x00, 0x00, 0x00, 0x00, 0x00, 0x00, 0x00, 0x00, 0x00, 0x00, 0x00,
    0x00, 0x00, 0x00, 0x00, 0x00, 0x00, 0x00, 0x00, 0x00, 0x00, 0x00, 0x00, 0x00, 0x00, 0x00, 0x00,
    0x00, 0x00, 0x00, 0x00, 0x00, 0x00, 0x00, 0x00, 0x00, 0x00, 0x00, 0x00, 0x00, 0x00, 0x00, 0x00,
    0x00, 0x00, 0x00, 0x00, 0x00, 0x00, 0x00, 0x00, 0x00, 0x00, 0x00, 0x00, 0x00, 0x00, 0x00, 0x00,
    0x00, 0x00, 0x00, 0x00, 0x00, 0x00, 0x00, 0x00, 0x00, 0x00, 0x00, 0x00, 0x00, 0x00, 0x00, 0x00,
    0x00, 0x00, 0x00, 0x00, 0x00, 0x00, 0x00, 0x00, 0x00, 0x00, 0x00, 0x00, 0x00, 0x00, 0x00, 0x00,
    0x00, 0x00, 0x00, 0x00, 0x00, 0x00, 0x00, 0x00, 0x00, 0x00, 0x00, 0x00, 0x00, 0x00, 0x00, 0x00,
    0x00, 0x00, 0x00, 0x00, 0x00, 0x00, 0x00, 0x00, 0x00, 0x00, 0x00, 0x00, 0x00, 0x00, 0x00, 0x00,
    0x00, 0x00, 0x00, 0x00, 0x00, 0x00, 0x00, 0x00, 0x00, 0x00, 0x00, 0x00, 0x00, 0x00, 0x00, 0x00,
    0x00, 0x00, 0x00, 0x00, 0x00, 0x00, 0x00, 0x00, 0x00, 0x00, 0x00, 0x00, 0x00, 0x00, 0x00, 0x00,
    0x00, 0x00, 0x00, 0x00, 0x00, 0x00, 0x00, 0x00, 0x00, 0x00, 0x00, 0x00, 0x00, 0x00, 0x00, 0x00,
    0x00, 0x00, 0x00, 0x00, 0x00, 0x00, 0x00, 0x00, 0x00, 0x00, 0x00, 0x00, 0x00, 0x00, 0x00, 0x00,
    0x00, 0x00, 0x00, 0x02, 0x00, 0x00, 0x00, 0x01, 0x00, 0x00, 0x00, 0x01, 0x00, 0x00, 0x00, 0x00,
    0x00, 0x00, 0x00, 0x00, 0x00, 0x00, 0x00, 0x00, 0x00, 0x00, 0x00, 0x00, 0x00, 0x00, 0x00, 0x00,
    0x00, 0x00, 0x00, 0x00, 0x00, 0x00, 0x00, 0x00, 0x00, 0x00, 0x00, 0x01, 0x00, 0x00, 0x00, 0x00,
    0x00, 0x00, 0x00, 0x00, 0x00, 0x00, 0x00, 0x00, 0x00, 0x00, 0x00, 0x00, 0x00, 0x00, 0x00, 0x00,
    0x00, 0x00, 0x00, 0x01, 0x00, 0x00, 0x00, 0x00, 0x00, 0x00, 0x00, 0x00, 0x00, 0x00, 0x00, 0x00,
    0x00, 0x00, 0x00, 0x00, 0x00, 0x00, 0x00, 0x00, 0x00, 0x00, 0x00, 0x00, 0x00, 0x00, 0x00, 0x00,
    0x00, 0x00, 0x00, 0x00, 0x00, 0x00, 0x00, 0x01, 0x00, 0x00, 0x00, 0x01, 0x00, 0x00, 0x00, 0x00,
    0x00, 0x00, 0x00, 0x00, 0x00, 0x00, 0x00, 0x00, 0x00, 0x00, 0x00, 0x00, 0x00, 0x00, 0x00, 0x00,
    0x00, 0x00, 0x00, 0x00, 0x00, 0x00, 0x00, 0x00, 0x00, 0x00, 0x00, 0x00, 0x00, 0x00, 0x00, 0x00,
    0x00, 0x00, 0x00, 0x00, 0x00, 0x00, 0x00, 0x00, 0x00, 0x00, 0x00, 0x00, 0x00, 0x00, 0x00, 0x00,
    0x00, 0x00, 0x00, 0x01, 0x00, 0x00, 0x00, 0x00, 0x00, 0x00, 0x00, 0x02, 0x00, 0x00, 0x00, 0x02,
    0x00, 0x00, 0x00, 0x00, 0x00, 0x00, 0x00, 0x00, 0x00, 0x00, 0x00, 0x00, 0x00, 0x00, 0x00, 0x00,
    0x00, 0x00, 0x00, 0x01, 0x00, 0x00, 0x00, 0x02, 0x00, 0x00, 0x00, 0x00, 0x00, 0x00, 0x00, 0x01,
    0x00, 0x00, 0x00, 0x00, 0x00, 0x00, 0x00, 0x01, 0x00, 0x00, 0x00, 0x01, 0x00, 0x00, 0x00, 0x01,
    0x00, 0x00, 0x00, 0x00, 0x00, 0x00, 0x00, 0x00, 0x00, 0x00, 0x00, 0x00, 0x00, 0x00, 0x00, 0x00,
    0x00, 0x00, 0x00, 0x00, 0x00, 0x00, 0x00, 0x00, 0x00, 0x00, 0x00, 0x00, 0x00, 0x00, 0x00, 0x00,
    0x00, 0x00, 0x00, 0x00, 0x00, 0x00, 0x00, 0x01, 0x00, 0x00, 0x00, 0x00, 0x00, 0x00, 0x00, 0x00,
    0x00, 0x00, 0x00, 0x00, 0x00, 0x00, 0x00, 0x00, 0x00, 0x00, 0x00, 0x00, 0x00, 0x00, 0x00, 0x00,
    0x00, 0x00, 0x00, 0x00, 0x00, 0x00, 0x00, 0x00, 0x00, 0x00, 0x00, 0x00, 0x00, 0x00, 0x00, 0x00,
    0x00, 0x00, 0x00, 0x00, 0x00, 0x00, 0x00, 0x00, 0x00, 0x00, 0x00, 0x00, 0x00, 0x00, 0x00, 0x00,
    0x00, 0x00, 0x00, 0x00, 0x00, 0x00, 0x00, 0x00, 0x00, 0x00, 0x00, 0x01, 0x00, 0x00, 0x00, 0x00,
    0x00, 0x00, 0x00, 0x00, 0x00, 0x00, 0x00, 0x00, 0x00, 0x00, 0x00, 0x00, 0x00, 0x00, 0x00, 0x00,
    0x00, 0x00, 0x00, 0x00, 0x00, 0x00, 0x00, 0x02, 0xaa, 0xaa, 0xaa, 0x03, 0x00, 0x00, 0x00, 0x00,
    0x00, 0x00, 0x00, 0x00, 0x00, 0x00, 0x00, 0x02, 0x96, 0x96, 0x96, 0x11, 0x8e, 0x8a, 0x86, 0x46,
    0x98, 0x96, 0x90, 0x7f, 0x96, 0x93, 0x8f, 0xa9, 0x94, 0x92, 0x8d, 0xd1, 0x89, 0x85, 0x82, 0xf0,
    0x6d, 0x6b, 0x69, 0xff, 0x78, 0x75, 0x71, 0xff, 0x6b, 0x68, 0x63, 0xff, 0x5e, 0x5a, 0x56, 0xff,
    0x50, 0x4d, 0x48, 0xff, 0x46, 0x43, 0x3e, 0xff, 0x3e, 0x3c, 0x38, 0xff, 0x3d, 0x3a, 0x37, 0xfe,
    0x3c, 0x38, 0x35, 0xfd, 0x32, 0x2f, 0x2c, 0xfc, 0x30, 0x2c, 0x28, 0xfc, 0x2d, 0x2a, 0x26, 0xfc,
    0x2e, 0x2b, 0x27, 0xfc, 0x2e, 0x2b, 0x27, 0xfc, 0x2e, 0x2b, 0x27, 0xfc, 0x2d, 0x2a, 0x26, 0xfc,
    0x2e, 0x2b, 0x27, 0xfd, 0x2f, 0x2c, 0x29, 0xfd, 0x2f, 0x2d, 0x29, 0xfd, 0x30, 0x2d, 0x2a, 0xfd,
    0x30, 0x2d, 0x29, 0xfd, 0x30, 0x2d, 0x29, 0xfd, 0x30, 0x2e, 0x2a, 0xfd, 0x31, 0x2e, 0x2a, 0xfd,
    0x31, 0x2f, 0x2b, 0xfd, 0x33, 0x2f, 0x2c, 0xfd, 0x33, 0x2f, 0x2c, 0xfc, 0x32, 0x2e, 0x2b, 0xfc,
    0x30, 0x2d, 0x29, 0xfc, 0x30, 0x2d, 0x29, 0xfc, 0x31, 0x2e, 0x2a, 0xfc, 0x34, 0x30, 0x2c, 0xfc,
    0x38, 0x35, 0x31, 0xfc, 0x3e, 0x3a, 0x36, 0xfd, 0x47, 0x43, 0x3e, 0xff, 0x55, 0x51, 0x4c, 0xff,
    0x62, 0x5e, 0x5c, 0xff, 0x68, 0x65, 0x61, 0xff, 0x85, 0x83, 0x7e, 0xff, 0x9c, 0x98, 0x94, 0xff,
    0xa1, 0x9d, 0x9a, 0xff, 0x9d, 0x99, 0x97, 0xe3, 0x8e, 0x8d, 0x88, 0xa6, 0x96, 0x92, 0x8e, 0x42,
    0x00, 0x00, 0x00, 0x00, 0x01, 0x01, 0x01, 0x00, 0x7f, 0x7f, 0x7f, 0x04, 0x00, 0x00, 0x00, 0x01,
    0x00, 0x00, 0x00, 0x01, 0x00, 0x00, 0x00, 0x00, 0x00, 0x00, 0x00, 0x00, 0x00, 0x00, 0x00, 0x00,
    0x00, 0x00, 0x00, 0x00, 0x00, 0x00, 0x00, 0x00, 0x00, 0x00, 0x00, 0x01, 0x00, 0x00, 0x00, 0x01,
    0x00, 0x00, 0x00, 0x00, 0x00, 0x00, 0x00, 0x00, 0x00, 0x00, 0x00, 0x00, 0x00, 0x00, 0x00, 0x00,
    0x00, 0x00, 0x00, 0x00, 0x00, 0x00, 0x00, 0x01, 0x00, 0x00, 0x00, 0x00, 0x00, 0x00, 0x00, 0x01,
    0x00, 0x00, 0x00, 0x01, 0x00, 0x00, 0x00, 0x00, 0x00, 0x00, 0x00, 0x00, 0x00, 0x00, 0x00, 0x00,
    0x00, 0x00, 0x00, 0x00, 0x00, 0x00, 0x00, 0x00, 0x00, 0x00, 0x00, 0x00, 0x00, 0x00, 0x00, 0x00,
    0x00, 0x00, 0x00, 0x00, 0x00, 0x00, 0x00, 0x00, 0x00, 0x00, 0x00, 0x00, 0x00, 0x00, 0x00, 0x00,
    0x00, 0x00, 0x00, 0x01, 0x00, 0x00, 0x00, 0x00, 0x00, 0x00, 0x00, 0x00, 0x00, 0x00, 0x00, 0x00,
    0x00, 0x00, 0x00, 0x00, 0x00, 0x00, 0x00, 0x00, 0x00, 0x00, 0x00, 0x02, 0x00, 0x00, 0x00, 0x00,
    0x00, 0x00, 0x00, 0x00, 0x00, 0x00, 0x00, 0x01, 0x00, 0x00, 0x00, 0x00, 0x00, 0x00, 0x00, 0x00,
    0x00, 0x00, 0x00, 0x01, 0x00, 0x00, 0x00, 0x01, 0x00, 0x00, 0x00, 0x00, 0x00, 0x00, 0x00, 0x00,
    0x00, 0x00, 0x00, 0x00, 0x00, 0x00, 0x00, 0x00, 0x00, 0x00, 0x00, 0x00, 0x00, 0x00, 0x00, 0x00,
    0x00, 0x00, 0x00, 0x01, 0x00, 0x00, 0x00, 0x00, 0x00, 0x00, 0x00, 0x00, 0x00, 0x00, 0x00, 0x00,
    0x00, 0x00, 0x00, 0x00, 0x00, 0x00, 0x00, 0x00, 0x00, 0x00, 0x00, 0x00, 0x00, 0x00, 0x00, 0x00,
    0x00, 0x00, 0x00, 0x00, 0x00, 0x00, 0x00, 0x00, 0x00, 0x00, 0x00, 0x00, 0x00, 0x00, 0x00, 0x00,
    0x00, 0x00, 0x00, 0x00, 0x00, 0x00, 0x00, 0x00, 0x00, 0x00, 0x00, 0x00, 0x00, 0x00, 0x00, 0x01,
    0x00, 0x00, 0x00, 0x01, 0x00, 0x00, 0x00, 0x01, 0x00, 0x00, 0x00, 0x00, 0x00, 0x00, 0x00, 0x01,
    0x00, 0x00, 0x00, 0x00, 0x00, 0x00, 0x00, 0x00, 0x00, 0x00, 0x00, 0x01, 0x00, 0x00, 0x00, 0x01,
    0x00, 0x00, 0x00, 0x00, 0x00, 0x00, 0x00, 0x00, 0x00, 0x00, 0x00, 0x00, 0x00, 0x00, 0x00, 0x00,
    0x00, 0x00, 0x00, 0x00, 0x00, 0x00, 0x00, 0x00, 0x00, 0x00, 0x00, 0x00, 0x00, 0x00, 0x00, 0x00,
    0x00, 0x00, 0x00, 0x00, 0x00, 0x00, 0x00, 0x00, 0x00, 0x00, 0x00, 0x00, 0x00, 0x00, 0x00, 0x00,
    0x00, 0x00, 0x00, 0x00, 0x00, 0x00, 0x00, 0x00, 0x00, 0x00, 0x00, 0x00, 0x00, 0x00, 0x00, 0x00,
    0x00, 0x00, 0x00, 0x00, 0x00, 0x00, 0x00, 0x00, 0x00, 0x00, 0x00, 0x01, 0x00, 0x00, 0x00, 0x01,
    0x00, 0x00, 0x00, 0x00, 0x00, 0x00, 0x00, 0x00, 0x00, 0x00, 0x00, 0x00, 0x00, 0x00, 0x00, 0x00,
    0x00, 0x00, 0x00, 0x02, 0x00, 0x00, 0x00, 0x01, 0x00, 0x00, 0x00, 0x00, 0x00, 0x00, 0x00, 0x00,
    0x00, 0x00, 0x00, 0x00, 0x00, 0x00, 0x00, 0x00, 0x00, 0x00, 0x00, 0x00, 0x00, 0x00, 0x00, 0x00,
    0x00, 0x00, 0x00, 0x01, 0x00, 0x00, 0x00, 0x00, 0x00, 0x00, 0x00, 0x00, 0x00, 0x00, 0x00, 0x00,
    0x00, 0x00, 0x00, 0x00, 0x00, 0x00, 0x00, 0x00, 0x00, 0x00, 0x00, 0x00, 0x00, 0x00, 0x00, 0x00,
    0x00, 0x00, 0x00, 0x00, 0x00, 0x00, 0x00, 0x00, 0x00, 0x00, 0x00, 0x01, 0x00, 0x00, 0x00, 0x00,
    0x00, 0x00, 0x00, 0x00, 0x00, 0x00, 0x00, 0x00, 0x00, 0x00, 0x00, 0x00, 0x00, 0x00, 0x00, 0x00,
    0x00, 0x00, 0x00, 0x00, 0x00, 0x00, 0x00, 0x00, 0x00, 0x00, 0x00, 0x00, 0x00, 0x00, 0x00, 0x00,
    0x00, 0x00, 0x00, 0x00, 0x00, 0x00, 0x00, 0x00, 0x00, 0x00, 0x00, 0x00, 0x00, 0x00, 0x00, 0x00,
    0x00, 0x00, 0x00, 0x00, 0x00, 0x00, 0x00, 0x00, 0x00, 0x00, 0x00, 0x00, 0x00, 0x00, 0x00, 0x00,
    0x00, 0x00, 0x00, 0x00, 0x00, 0x00, 0x00, 0x01, 0x00, 0x00, 0x00, 0x01, 0x00, 0x00, 0x00, 0x00,
    0x00, 0x00, 0x00, 0x00, 0x00, 0x00, 0x00, 0x00, 0x00, 0x00, 0x00, 0x00, 0x00, 0x00, 0x00, 0x00,
    0x00, 0x00, 0x00, 0x00, 0x00, 0x00, 0x00, 0x00, 0x00, 0x00, 0x00, 0x00, 0x00, 0x00, 0x00, 0x00,
    0x00, 0x00, 0x00, 0x00, 0x00, 0x00, 0x00, 0x00, 0x00, 0x00, 0x00, 0x00, 0x00, 0x00, 0x00, 0x00,
    0x00, 0x00, 0x00, 0x00, 0x00, 0x00, 0x00, 0x00, 0x00, 0x00, 0x00, 0x00, 0x00, 0x00, 0x00, 0x00,
    0x00, 0x00, 0x00, 0x00, 0x00, 0x00, 0x00, 0x00, 0x00, 0x00, 0x00, 0x01, 0x00, 0x00, 0x00, 0x03,
    0x00, 0x00, 0x00, 0x01, 0x00, 0x00, 0x00, 0x01, 0x00, 0x00, 0x00, 0x00, 0x00, 0x00, 0x00, 0x00,
    0x00, 0x00, 0x00, 0x00, 0x00, 0x00, 0x00, 0x00, 0x00, 0x00, 0x00, 0x00, 0x00, 0x00, 0x00, 0x00,
    0x00, 0x00, 0x00, 0x00, 0x00, 0x00, 0x00, 0x00, 0x00, 0x00, 0x00, 0x00, 0x00, 0x00, 0x00, 0x00,
    0x00, 0x00, 0x00, 0x00, 0x00, 0x00, 0x00, 0x00, 0x00, 0x00, 0x00, 0x00, 0x00, 0x00, 0x00, 0x00,
    0x00, 0x00, 0x00, 0x00, 0x00, 0x00, 0x00, 0x00, 0x00, 0x00, 0x00, 0x00, 0x00, 0x00, 0x00, 0x00,
    0x00, 0x00, 0x00, 0x00, 0x00, 0x00, 0x00, 0x01, 0x00, 0x00, 0x00, 0x00, 0x00, 0x00, 0x00, 0x00,
    0x00, 0x00, 0x00, 0x00, 0x00, 0x00, 0x00, 0x00, 0x00, 0x00, 0x00, 0x00, 0x00, 0x00, 0x00, 0x00,
    0x00, 0x00, 0x00, 0x00, 0x00, 0x00, 0x00, 0x00, 0x00, 0x00, 0x00, 0x00, 0x00, 0x00, 0x00, 0x00,
    0x00, 0x00, 0x00, 0x00, 0x00, 0x00, 0x00, 0x00, 0x00, 0x00, 0x00, 0x00, 0x00, 0x00, 0x00, 0x00,
    0x00, 0x00, 0x00, 0x00, 0x00, 0x00, 0x00, 0x00, 0x00, 0x00, 0x00, 0x00, 0x00, 0x00, 0x00, 0x00,
    0x00, 0x00, 0x00, 0x00, 0x00, 0x00, 0x00, 0x00, 0x00, 0x00, 0x00, 0x00, 0x00, 0x00, 0x00, 0x01,
    0x00, 0x00, 0x00, 0x02, 0x00, 0x00, 0x00, 0x00, 0x00, 0x00, 0x00, 0x00, 0x6a, 0x6a, 0x6a, 0x3e,
    0x8f, 0x8d, 0x8b, 0x85, 0x96, 0x94, 0x8f, 0xba, 0x88, 0x84, 0x80, 0xe8, 0x7b, 0x78, 0x72, 0xff,
    0x6b, 0x69, 0x64, 0xff, 0x56, 0x53, 0x4e, 0xff, 0x43, 0x41, 0x3c, 0xff, 0x31, 0x2e, 0x2b, 0xff,
    0x33, 0x32, 0x2e, 0xfb, 0x30, 0x2e, 0x2a, 0xfb, 0x2b, 0x2a, 0x25, 0xfb, 0x2c, 0x29, 0x25, 0xfc,
    0x2e, 0x2a, 0x27, 0xfd, 0x2e, 0x2c, 0x29, 0xfe, 0x30, 0x2e, 0x2a, 0xff, 0x30, 0x2d, 0x2a, 0xff,
    0x34, 0x31, 0x2d, 0xff, 0x36, 0x32, 0x2f, 0xff, 0x37, 0x33, 0x2f, 0xfe, 0x38, 0x36, 0x31, 0xfd,
    0x3b, 0x37, 0x34, 0xfe, 0x3c, 0x39, 0x34, 0xfd, 0x3e, 0x3a, 0x36, 0xfe, 0x40, 0x3d, 0x39, 0xfe,
    0x42, 0x3f, 0x3b, 0xfd, 0x45, 0x41, 0x3c, 0xfd, 0x47, 0x43, 0x3e, 0xfd, 0x47, 0x44, 0x3f, 0xfd,
    0x48, 0x44, 0x40, 0xfd, 0x48, 0x45, 0x40, 0xfd, 0x47, 0x43, 0x40, 0xfd, 0x45, 0x42, 0x3f, 0xfd,
    0x42, 0x3f, 0x3a, 0xfd, 0x3e, 0x3a, 0x36, 0xfd, 0x3a, 0x36, 0x32, 0xfd, 0x37, 0x33, 0x30, 0xfc,
    0x35, 0x31, 0x2d, 0xfd, 0x32, 0x30, 0x2d, 0xfd, 0x31, 0x2e, 0x2b, 0xfe, 0x30, 0x2b, 0x28, 0xfe,
    0x2d, 0x2b, 0x27, 0xff, 0x2d, 0x2b, 0x27, 0xff, 0x2e, 0x2c, 0x27, 0xff, 0x31, 0x2f, 0x2c, 0xfe,
    0x3a, 0x3a, 0x36, 0xfe, 0x40, 0x3e, 0x38, 0xfc, 0x43, 0x41, 0x39, 0xfb, 0x4d, 0x49, 0x46, 0xfb,
    0x61, 0x5e, 0x5a, 0xfc, 0x7d, 0x79, 0x74, 0xff, 0x9a, 0x95, 0x90, 0xff, 0x91, 0x8d, 0x89, 0xff,
    0x63, 0x60, 0x5d, 0xa1, 0x00, 0x00, 0x00, 0x0b, 0x00, 0x00, 0x00, 0x00, 0x7f, 0x7f, 0x7f, 0x02,
    0xaa, 0xaa, 0xaa, 0x03, 0x00, 0x00, 0x00, 0x01, 0x00, 0x00, 0x00, 0x00, 0x00, 0x00, 0x00, 0x00,
    0x00, 0x00, 0x00, 0x01, 0x00, 0x00, 0x00, 0x01, 0x00, 0x00, 0x00, 0x00, 0x00, 0x00, 0x00, 0x03,
    0x00, 0x00, 0x00, 0x01, 0x00, 0x00, 0x00, 0x00, 0x00, 0x00, 0x00, 0x00, 0x00, 0x00, 0x00, 0x00,
    0x00, 0x00, 0x00, 0x00, 0x00, 0x00, 0x00, 0x00, 0x00, 0x00, 0x00, 0x00, 0x00, 0x00, 0x00, 0x00,
    0x00, 0x00, 0x00, 0x00, 0x00, 0x00, 0x00, 0x00, 0x00, 0x00, 0x00, 0x00, 0x00, 0x00, 0x00, 0x00,
    0x00, 0x00, 0x00, 0x00, 0x00, 0x00, 0x00, 0x00, 0x00, 0x00, 0x00, 0x00, 0x00, 0x00, 0x00, 0x00,
    0x00, 0x00, 0x00, 0x00, 0x00, 0x00, 0x00, 0x00, 0x00, 0x00, 0x00, 0x00, 0x00, 0x00, 0x00, 0x00,
    0x00, 0x00, 0x00, 0x00, 0x00, 0x00, 0x00, 0x00, 0x00, 0x00, 0x00, 0x00, 0x00, 0x00, 0x00, 0x00,
    0x00, 0x00, 0x00, 0x00, 0x00, 0x00, 0x00, 0x00, 0x00, 0x00, 0x00, 0x00, 0x00, 0x00, 0x00, 0x00,
    0x00, 0x00, 0x00, 0x00, 0x00, 0x00, 0x00, 0x00, 0x00, 0x00, 0x00, 0x00, 0x00, 0x00, 0x00, 0x00,
    0x00, 0x00, 0x00, 0x01, 0x00, 0x00, 0x00, 0x01, 0x00, 0x00, 0x00, 0x00, 0x00, 0x00, 0x00, 0x01,
    0x00, 0x00, 0x00, 0x01, 0x00, 0x00, 0x00, 0x00, 0x00, 0x00, 0x00, 0x00, 0x00, 0x00, 0x00, 0x01,
    0x00, 0x00, 0x00, 0x01, 0x00, 0x00, 0x00, 0x00, 0x00, 0x00, 0x00, 0x00, 0x00, 0x00, 0x00, 0x00,
    0x00, 0x00, 0x00, 0x00, 0x00, 0x00, 0x00, 0x00, 0x00, 0x00, 0x00, 0x00, 0x00, 0x00, 0x00, 0x00,
    0x00, 0x00, 0x00, 0x00, 0x00, 0x00, 0x00, 0x00, 0x00, 0x00, 0x00, 0x00, 0x00, 0x00, 0x00, 0x00,
    0x00, 0x00, 0x00, 0x00, 0x00, 0x00, 0x00, 0x00, 0x00, 0x00, 0x00, 0x00, 0x00, 0x00, 0x00, 0x00,
    0x00, 0x00, 0x00, 0x02, 0x00, 0x00, 0x00, 0x01, 0x00, 0x00, 0x00, 0x00, 0x00, 0x00, 0x00, 0x01,
    0x00, 0x00, 0x00, 0x01, 0x00, 0x00, 0x00, 0x00, 0x00, 0x00, 0x00, 0x00, 0x00, 0x00, 0x00, 0x00,
    0x00, 0x00, 0x00, 0x00, 0x00, 0x00, 0x00, 0x00, 0x00, 0x00, 0x00, 0x00, 0x00, 0x00, 0x00, 0x00,
    0x00, 0x00, 0x00, 0x00, 0x00, 0x00, 0x00, 0x00, 0x00, 0x00, 0x00, 0x00, 0x00, 0x00, 0x00, 0x00,
    0x00, 0x00, 0x00, 0x00, 0x00, 0x00, 0x00, 0x00, 0x00, 0x00, 0x00, 0x00, 0x00, 0x00, 0x00, 0x00,
    0x00, 0x00, 0x00, 0x00, 0x00, 0x00, 0x00, 0x00, 0x00, 0x00, 0x00, 0x00, 0x00, 0x00, 0x00, 0x02,
    0x00, 0x00, 0x00, 0x00, 0x00, 0x00, 0x00, 0x00, 0x00, 0x00, 0x00, 0x00, 0x00, 0x00, 0x00, 0x00,
    0x00, 0x00, 0x00, 0x01, 0x00, 0x00, 0x00, 0x01, 0x00, 0x00, 0x00, 0x00, 0x00, 0x00, 0x00, 0x00,
    0x00, 0x00, 0x00, 0x01, 0x00, 0x00, 0x00, 0x01, 0x00, 0x00, 0x00, 0x00, 0x00, 0x00, 0x00, 0x00,
    0x00, 0x00, 0x00, 0x01, 0x00, 0x00, 0x00, 0x01, 0x00, 0x00, 0x00, 0x00, 0x00, 0x00, 0x00, 0x00,
    0x00, 0x00, 0x00, 0x01, 0x00, 0x00, 0x00, 0x00, 0x00, 0x00, 0x00, 0x00, 0x00, 0x00, 0x00, 0x00,
    0x00, 0x00, 0x00, 0x00, 0x00, 0x00, 0x00, 0x00, 0x00, 0x00, 0x00, 0x00, 0x00, 0x00, 0x00, 0x00,
    0x00, 0x00, 0x00, 0x00, 0x00, 0x00, 0x00, 0x01, 0x00, 0x00, 0x00, 0x00, 0x00, 0x00, 0x00, 0x00,
    0x00, 0x00, 0x00, 0x00, 0x00, 0x00, 0x00, 0x00, 0x00, 0x00, 0x00, 0x00, 0x00, 0x00, 0x00, 0x00,
    0x00, 0x00, 0x00, 0x00, 0x00, 0x00, 0x00, 0x00, 0x00, 0x00, 0x00, 0x00, 0x00, 0x00, 0x00, 0x00,
    0x00, 0x00, 0x00, 0x00, 0x00, 0x00, 0x00, 0x00, 0x00, 0x00, 0x00, 0x00, 0x00, 0x00, 0x00, 0x00,
    0x00, 0x00, 0x00, 0x00, 0x00, 0x00, 0x00, 0x00, 0x00, 0x00, 0x00, 0x02, 0x00, 0x00, 0x00, 0x01,
    0x00, 0x00, 0x00, 0x00, 0x00, 0x00, 0x00, 0x01, 0x00, 0x00, 0x00, 0x00, 0x00, 0x00, 0x00, 0x00,
    0x00, 0x00, 0x00, 0x00, 0x00, 0x00, 0x00, 0x00, 0x00, 0x00, 0x00, 0x00, 0x00, 0x00, 0x00, 0x02,
    0x00, 0x00, 0x00, 0x00, 0x00, 0x00, 0x00, 0x00, 0x00, 0x00, 0x00, 0x00, 0x00, 0x00, 0x00, 0x00,
    0x00, 0x00, 0x00, 0x00, 0x00, 0x00, 0x00, 0x00, 0x00, 0x00, 0x00, 0x00, 0x00, 0x00, 0x00, 0x00,
    0x00, 0x00, 0x00, 0x00, 0x00, 0x00, 0x00, 0x00, 0x00, 0x00, 0x00, 0x00, 0x00, 0x00, 0x00, 0x00,
    0x00, 0x00, 0x00, 0x00, 0x00, 0x00, 0x00, 0x00, 0x00, 0x00, 0x00, 0x00, 0x00, 0x00, 0x00, 0x00,
    0x00, 0x00, 0x00, 0x00, 0x00, 0x00, 0x00, 0x00, 0x00, 0x00, 0x00, 0x00, 0x00, 0x00, 0x00, 0x00,
    0x00, 0x00, 0x00, 0x00, 0x00, 0x00, 0x00, 0x00, 0x00, 0x00, 0x00, 0x00, 0x00, 0x00, 0x00, 0x00,
    0x00, 0x00, 0x00, 0x00, 0x00, 0x00, 0x00, 0x00, 0x00, 0x00, 0x00, 0x00, 0x00, 0x00, 0x00, 0x00,
    0x00, 0x00, 0x00, 0x00, 0x00, 0x00, 0x00, 0x00, 0x00, 0x00, 0x00, 0x00, 0x00, 0x00, 0x00, 0x00,
    0x00, 0x00, 0x00, 0x00, 0x00, 0x00, 0x00, 0x00, 0x00, 0x00, 0x00, 0x00, 0x00, 0x00, 0x00, 0x01,
    0x00, 0x00, 0x00, 0x00, 0x00, 0x00, 0x00, 0x00, 0x00, 0x00, 0x00, 0x00, 0x00, 0x00, 0x00, 0x00,
    0x00, 0x00, 0x00, 0x00, 0x00, 0x00, 0x00, 0x00, 0x00, 0x00, 0x00, 0x00, 0x00, 0x00, 0x00, 0x00,
    0x00, 0x00, 0x00, 0x00, 0x00, 0x00, 0x00, 0x00, 0x00, 0x00, 0x00, 0x00, 0x00, 0x00, 0x00, 0x00,
    0x00, 0x00, 0x00, 0x00, 0x00, 0x00, 0x00, 0x00, 0x00, 0x00, 0x00, 0x00, 0x00, 0x00, 0x00, 0x00,
    0x00, 0x00, 0x00, 0x00, 0x00, 0x00, 0x00, 0x00, 0x00, 0x00, 0x00, 0x00, 0x00, 0x00, 0x00, 0x01,
    0x00, 0x00, 0x00, 0x00, 0x00, 0x00, 0x00, 0x00, 0x00, 0x00, 0x00, 0x01, 0x00, 0x00, 0x00, 0x03,
    0x00, 0x00, 0x00, 0x00, 0x1e, 0x1e, 0x1e, 0x11, 0x83, 0x82, 0x80, 0x95, 0x7b, 0x7a, 0x76, 0xf9,
    0x69, 0x68, 0x63, 0xff, 0x4e, 0x4c, 0x49, 0xff, 0x36, 0x33, 0x31, 0xff, 0x25, 0x24, 0x20, 0xfe,
    0x21, 0x20, 0x1c, 0xfc, 0x23, 0x22, 0x1e, 0xfc, 0x27, 0x25, 0x22, 0xfc, 0x28, 0x26, 0x24, 0xff,
    0x32, 0x30, 0x2d, 0xff, 0x37, 0x34, 0x31, 0xff, 0x3b, 0x39, 0x34, 0xff, 0x3f, 0x3c, 0x37, 0xfe,
    0x42, 0x3f, 0x3a, 0xfe, 0x46, 0x43, 0x3f, 0xfe, 0x51, 0x4e, 0x4a, 0xfe, 0x44, 0x41, 0x3c, 0xfe,
    0x63, 0x60, 0x5a, 0xfe, 0x74, 0x70, 0x6b, 0xff, 0x7f, 0x7a, 0x77, 0xff, 0x8c, 0x89, 0x84, 0xff,
    0x95, 0x90, 0x8d, 0xff, 0x9b, 0x96, 0x93, 0xff, 0xa1, 0x9c, 0x97, 0xff, 0xa6, 0xa0, 0x9d, 0xff,
    0xaa, 0xa5, 0xa0, 0xff, 0xac, 0xa8, 0xa3, 0xff, 0xad, 0xa9, 0xa4, 0xff, 0xac, 0xa9, 0xa2, 0xff,
    0xac, 0xa9, 0xa2, 0xff, 0xab, 0xa8, 0xa2, 0xff, 0xab, 0xa7, 0xa1, 0xff, 0xa7, 0xa4, 0x9e, 0xff,
    0xa4, 0x9f, 0x9b, 0xff, 0xa0, 0x9c, 0x96, 0xff, 0x9b, 0x97, 0x91, 0xff, 0x95, 0x90, 0x8c, 0xff,
    0x8f, 0x8a, 0x85, 0xff, 0x87, 0x82, 0x7e, 0xff, 0x7d, 0x78, 0x74, 0xff, 0x73, 0x6e, 0x6b, 0xff,
    0x6a, 0x66, 0x63, 0xff, 0x60, 0x5c, 0x58, 0xff, 0x54, 0x51, 0x4d, 0xff, 0x41, 0x40, 0x3d, 0xff,
    0x3c, 0x3a, 0x37, 0xff, 0x34, 0x32, 0x2d, 0xff, 0x37, 0x35, 0x30, 0xff, 0x3b, 0x38, 0x33, 0xff,
    0x3d, 0x39, 0x35, 0xff, 0x3d, 0x3b, 0x37, 0xfd, 0x41, 0x3d, 0x3b, 0xfb, 0x45, 0x43, 0x41, 0xfe,
    0x7e, 0x7b, 0x76, 0xff, 0x90, 0x8e, 0x87, 0xc9, 0x7f, 0x7c, 0x77, 0x60, 0x00, 0x00, 0x00, 0x09,
    0x00, 0x00, 0x00, 0x00, 0x01, 0x01, 0x01, 0x00, 0x7f, 0x7f, 0x7f, 0x04, 0x00, 0x00, 0x00, 0x01,
    0x00, 0x00, 0x00, 0x01, 0x00, 0x00, 0x00, 0x00, 0x00, 0x00, 0x00, 0x00, 0x00, 0x00, 0x00, 0x00,
    0x00, 0x00, 0x00, 0x00, 0x00, 0x00, 0x00, 0x01, 0x00, 0x00, 0x00, 0x00, 0x00, 0x00, 0x00, 0x00,
    0x00, 0x00, 0x00, 0x00, 0x00, 0x00, 0x00, 0x01, 0x00, 0x00, 0x00, 0x00, 0x00, 0x00, 0x00, 0x00,
    0x00, 0x00, 0x00, 0x00, 0x00, 0x00, 0x00, 0x00, 0x00, 0x00, 0x00, 0x00, 0x00, 0x00, 0x00, 0x00,
    0x00, 0x00, 0x00, 0x00, 0x00, 0x00, 0x00, 0x00, 0x00, 0x00, 0x00, 0x01, 0x00, 0x00, 0x00, 0x02,
    0x00, 0x00, 0x00, 0x00, 0x00, 0x00, 0x00, 0x00, 0x00, 0x00, 0x00, 0x00, 0x00, 0x00, 0x00, 0x00,
    0x00, 0x00, 0x00, 0x00, 0x00, 0x00, 0x00, 0x00, 0x00, 0x00, 0x00, 0x00, 0x00, 0x00, 0x00, 0x00,
    0x00, 0x00, 0x00, 0x00, 0x00, 0x00, 0x00, 0x00, 0x00, 0x00, 0x00, 0x00, 0x00, 0x00, 0x00, 0x00,
    0x00, 0x00, 0x00, 0x00, 0x00, 0x00, 0x00, 0x00, 0x00, 0x00, 0x00, 0x00, 0x00, 0x00, 0x00, 0x00,
    0x00, 0x00, 0x00, 0x00, 0x00, 0x00, 0x00, 0x00, 0x00, 0x00, 0x00, 0x00, 0x00, 0x00, 0x00, 0x00,
    0x00, 0x00, 0x00, 0x00, 0x00, 0x00, 0x00, 0x00, 0x00, 0x00, 0x00, 0x00, 0x00, 0x00, 0x00, 0x00,
    0x00, 0x00, 0x00, 0x00, 0x00, 0x00, 0x00, 0x00, 0x00, 0x00, 0x00, 0x00, 0x00, 0x00, 0x00, 0x00,
    0x00, 0x00, 0x00, 0x00, 0x00, 0x00, 0x00, 0x00, 0x00, 0x00, 0x00, 0x00, 0x00, 0x00, 0x00, 0x00,
    0x00, 0x00, 0x00, 0x00, 0x00, 0x00, 0x00, 0x00, 0x00, 0x00, 0x00, 0x00, 0x00, 0x00, 0x00, 0x00,
    0x00, 0x00, 0x00, 0x00, 0x00, 0x00, 0x00, 0x00, 0x00, 0x00, 0x00, 0x00, 0x00, 0x00, 0x00, 0x00,
    0x00, 0x00, 0x00, 0x00, 0x00, 0x00, 0x00, 0x00, 0x00, 0x00, 0x00, 0x00, 0x00, 0x00, 0x00, 0x00,
    0x00, 0x00, 0x00, 0x00, 0x00, 0x00, 0x00, 0x00, 0x00, 0x00, 0x00, 0x00, 0x00, 0x00, 0x00, 0x00,
    0x00, 0x00, 0x00, 0x00, 0x00, 0x00, 0x00, 0x00, 0x00, 0x00, 0x00, 0x00, 0x00, 0x00, 0x00, 0x00,
    0x00, 0x00, 0x00, 0x00, 0x00, 0x00, 0x00, 0x00, 0x00, 0x00, 0x00, 0x01, 0x00, 0x00, 0x00, 0x00,
    0x00, 0x00, 0x00, 0x01, 0x00, 0x00, 0x00, 0x00, 0x00, 0x00, 0x00, 0x00, 0x00, 0x00, 0x00, 0x00,
    0x00, 0x00, 0x00, 0x00, 0x00, 0x00, 0x00, 0x00, 0x00, 0x00, 0x00, 0x00, 0x00, 0x00, 0x00, 0x00,
    0x00, 0x00, 0x00, 0x00, 0x00, 0x00, 0x00, 0x00, 0x00, 0x00, 0x00, 0x00, 0x00, 0x00, 0x00, 0x01,
    0x00, 0x00, 0x00, 0x00, 0x00, 0x00, 0x00, 0x00, 0x00, 0x00, 0x00, 0x00, 0x00, 0x00, 0x00, 0x00,
    0x00, 0x00, 0x00, 0x00, 0x00, 0x00, 0x00, 0x00, 0x00, 0x00, 0x00, 0x00, 0x00, 0x00, 0x00, 0x00,
    0x00, 0x00, 0x00, 0x00, 0x00, 0x00, 0x00, 0x00, 0x00, 0x00, 0x00, 0x00, 0x00, 0x00, 0x00, 0x01,
    0x00, 0x00, 0x00, 0x00, 0x00, 0x00, 0x00, 0x00, 0x00, 0x00, 0x00, 0x00, 0x00, 0x00, 0x00, 0x00,
    0x00, 0x00, 0x00, 0x00, 0x00, 0x00, 0x00, 0x00, 0x00, 0x00, 0x00, 0x00, 0x00, 0x00, 0x00, 0x00,
    0x00, 0x00, 0x00, 0x00, 0x00, 0x00, 0x00, 0x00, 0x00, 0x00, 0x00, 0x00, 0x00, 0x00, 0x00, 0x00,
    0x00, 0x00, 0x00, 0x00, 0x00, 0x00, 0x00, 0x00, 0x00, 0x00, 0x00, 0x00, 0x00, 0x00, 0x00, 0x00,
    0x00, 0x00, 0x00, 0x00, 0x00, 0x00, 0x00, 0x00, 0x00, 0x00, 0x00, 0x00, 0x00, 0x00, 0x00, 0x00,
    0x00, 0x00, 0x00, 0x00, 0x00, 0x00, 0x00, 0x00, 0x00, 0x00, 0x00, 0x00, 0x00, 0x00, 0x00, 0x00,
    0x00, 0x00, 0x00, 0x00, 0x00, 0x00, 0x00, 0x00, 0x00, 0x00, 0x00, 0x00, 0x00, 0x00, 0x00, 0x00,
    0x00, 0x00, 0x00, 0x00, 0x00, 0x00, 0x00, 0x00, 0x00, 0x00, 0x00, 0x00, 0x00, 0x00, 0x00, 0x00,
    0x00, 0x00, 0x00, 0x00, 0x00, 0x00, 0x00, 0x00, 0x00, 0x00, 0x00, 0x00, 0x00, 0x00, 0x00, 0x02,
    0x00, 0x00, 0x00, 0x03, 0x00, 0x00, 0x00, 0x00, 0x00, 0x00, 0x00, 0x00, 0x00, 0x00, 0x00, 0x00,
    0x00, 0x00, 0x00, 0x00, 0x00, 0x00, 0x00, 0x00, 0x00, 0x00, 0x00, 0x00, 0x00, 0x00, 0x00, 0x00,
    0x00, 0x00, 0x00, 0x00, 0x00, 0x00, 0x00, 0x01, 0x00, 0x00, 0x00, 0x00, 0x00, 0x00, 0x00, 0x00,
    0x00, 0x00, 0x00, 0x00, 0x00, 0x00, 0x00, 0x00, 0x00, 0x00, 0x00, 0x02, 0x00, 0x00, 0x00, 0x01,
    0x00, 0x00, 0x00, 0x00, 0x00, 0x00, 0x00, 0x00, 0x00, 0x00, 0x00, 0x00, 0x00, 0x00, 0x00, 0x00,
    0x00, 0x00, 0x00, 0x00, 0x00, 0x00, 0x00, 0x02, 0x00, 0x00, 0x00, 0x01, 0x00, 0x00, 0x00, 0x01,
    0x00, 0x00, 0x00, 0x01, 0x00, 0x00, 0x00, 0x00, 0x00, 0x00, 0x00, 0x00, 0x00, 0x00, 0x00, 0x00,
    0x00, 0x00, 0x00, 0x00, 0x00, 0x00, 0x00, 0x00, 0x00, 0x00, 0x00, 0x00, 0x00, 0x00, 0x00, 0x00,
    0x00, 0x00, 0x00, 0x00, 0x00, 0x00, 0x00, 0x00, 0x00, 0x00, 0x00, 0x00, 0x00, 0x00, 0x00, 0x01,
    0x00, 0x00, 0x00, 0x00, 0x00, 0x00, 0x00, 0x00, 0x00, 0x00, 0x00, 0x00, 0x00, 0x00, 0x00, 0x00,
    0x00, 0x00, 0x00, 0x00, 0x00, 0x00, 0x00, 0x01, 0x00, 0x00, 0x00, 0x00, 0x00, 0x00, 0x00, 0x00,
    0x00, 0x00, 0x00, 0x00, 0x00, 0x00, 0x00, 0x01, 0x00, 0x00, 0x00, 0x00, 0x00, 0x00, 0x00, 0x00,
    0x00, 0x00, 0x00, 0x00, 0x00, 0x00, 0x00, 0x00, 0x00, 0x00, 0x00, 0x00, 0x00, 0x00, 0x00, 0x01,
    0x00, 0x00, 0x00, 0x00, 0x00, 0x00, 0x00, 0x00, 0x00, 0x00, 0x00, 0x01, 0x00, 0x00, 0x00, 0x00,
    0x00, 0x00, 0x00, 0x03, 0x00, 0x00, 0x00, 0x05, 0x55, 0x55, 0x55, 0x03, 0x00, 0x00, 0x00, 0x00,
    0xff, 0xff, 0xff, 0x06, 0x82, 0x81, 0x7e, 0xb9, 0x67, 0x64, 0x5f, 0xff, 0x2f, 0x2c, 0x29, 0xfd,
    0x26, 0x24, 0x21, 0xfb, 0x28, 0x28, 0x24, 0xfc, 0x2f, 0x2c, 0x29, 0xfe, 0x32, 0x32, 0x2d, 0xff,
    0x38, 0x34, 0x2f, 0xff, 0x39, 0x36, 0x32, 0xff, 0x42, 0x3f, 0x3a, 0xff, 0x39, 0x35, 0x33, 0xfb,
    0x4f, 0x4c, 0x48, 0xfc, 0x69, 0x67, 0x61, 0xff, 0x79, 0x74, 0x70, 0xff, 0x8c, 0x88, 0x83, 0xff,
    0x9b, 0x98, 0x93, 0xff, 0xa7, 0xa4, 0x9f, 0xff, 0xb6, 0xb3, 0xaf, 0xff, 0x80, 0x7d, 0x77, 0xff,
    0x9e, 0x9a, 0x93, 0xff, 0xad, 0xa8, 0xa3, 0xf6, 0xa4, 0xa0, 0x9b, 0xeb, 0xa1, 0x9e, 0x98, 0xde,
    0x8e, 0x89, 0x86, 0xeb, 0x84, 0x81, 0x7d, 0xe7, 0x78, 0x76, 0x72, 0xe7, 0x6f, 0x6c, 0x6a, 0xe1,
    0x69, 0x68, 0x64, 0xd5, 0x5e, 0x5c, 0x5a, 0xd8, 0x59, 0x57, 0x54, 0xd1, 0x50, 0x50, 0x4b, 0xd4,
    0x51, 0x4f, 0x4b, 0xc6, 0x54, 0x52, 0x4e, 0xb9, 0x53, 0x53, 0x4c, 0xbb, 0x4f, 0x4f, 0x4b, 0xc3,
    0x53, 0x52, 0x4f, 0xc6, 0x57, 0x56, 0x52, 0xc9, 0x65, 0x63, 0x5e, 0xb8, 0x76, 0x73, 0x70, 0xa8,
    0x7b, 0x79, 0x75, 0xae, 0x6f, 0x6d, 0x69, 0xd2, 0x6e, 0x6c, 0x68, 0xe6, 0x7e, 0x7c, 0x79, 0xd9,
    0x7e, 0x7c, 0x78, 0xee, 0x83, 0x7e, 0x7b, 0xf7, 0x93, 0x8e, 0x8b, 0xf8, 0x65, 0x62, 0x5f, 0xfd,
    0x80, 0x7d, 0x79, 0xff, 0x77, 0x73, 0x6f, 0xff, 0x4a, 0x47, 0x43, 0xff, 0x38, 0x36, 0x31, 0xff,
    0x34, 0x30, 0x2b, 0xff, 0x33, 0x30, 0x2c, 0xff, 0x30, 0x2e, 0x2a, 0xff, 0x40, 0x3d, 0x39, 0xff,
    0x58, 0x56, 0x4f, 0xfc, 0x80, 0x7e, 0x75, 0xff, 0xa1, 0x9f, 0x95, 0xff, 0x9c, 0x9b, 0x94, 0xd7,
    0x78, 0x78, 0x71, 0x6e, 0x00, 0x00, 0x00, 0x15, 0x00, 0x00, 0x00, 0x00, 0x02, 0x02, 0x01, 0x00,
    0xaa, 0xaa, 0xaa, 0x03, 0x00, 0x00, 0x00, 0x00, 0x00, 0x00, 0x00, 0x00, 0x00, 0x00, 0x00, 0x00,
    0x00, 0x00, 0x00, 0x00, 0x00, 0x00, 0x00, 0x00, 0x00, 0x00, 0x00, 0x00, 0x00, 0x00, 0x00, 0x00,
    0x00, 0x00, 0x00, 0x01, 0x00, 0x00, 0x00, 0x00, 0x00, 0x00, 0x00, 0x00, 0x00, 0x00, 0x00, 0x00,
    0x00, 0x00, 0x00, 0x00, 0x00, 0x00, 0x00, 0x01, 0x00, 0x00, 0x00, 0x00, 0x00, 0x00, 0x00, 0x00,
    0x00, 0x00, 0x00, 0x00, 0x00, 0x00, 0x00, 0x01, 0x00, 0x00, 0x00, 0x00, 0x00, 0x00, 0x00, 0x00,
    0x00, 0x00, 0x00, 0x00, 0x00, 0x00, 0x00, 0x01, 0x00, 0x00, 0x00, 0x00, 0x00, 0x00, 0x00, 0x00,
    0x00, 0x00, 0x00, 0x01, 0x00, 0x00, 0x00, 0x01, 0x00, 0x00, 0x00, 0x01, 0x00, 0x00, 0x00, 0x00,
    0x00, 0x00, 0x00, 0x00, 0x00, 0x00, 0x00, 0x00, 0x00, 0x00, 0x00, 0x00, 0x00, 0x00, 0x00, 0x00,
    0x00, 0x00, 0x00, 0x01, 0x00, 0x00, 0x00, 0x00, 0x00, 0x00, 0x00, 0x00, 0x00, 0x00, 0x00, 0x00,
    0x00, 0x00, 0x00, 0x00, 0x00, 0x00, 0x00, 0x00, 0x00, 0x00, 0x00, 0x00, 0x00, 0x00, 0x00, 0x00,
    0x00, 0x00, 0x00, 0x00, 0x00, 0x00, 0x00, 0x00, 0x00, 0x00, 0x00, 0x01, 0x00, 0x00, 0x00, 0x00,
    0x00, 0x00, 0x00, 0x01, 0x00, 0x00, 0x00, 0x02, 0x00, 0x00, 0x00, 0x01, 0x00, 0x00, 0x00, 0x02,
    0x00, 0x00, 0x00, 0x02, 0x00, 0x00, 0x00, 0x00, 0x00, 0x00, 0x00, 0x01, 0x00, 0x00, 0x00, 0x00,
    0x00, 0x00, 0x00, 0x00, 0x00, 0x00, 0x00, 0x00, 0x00, 0x00, 0x00, 0x00, 0x00, 0x00, 0x00, 0x00,
    0x00, 0x00, 0x00, 0x00, 0x00, 0x00, 0x00, 0x00, 0x00, 0x00, 0x00, 0x00, 0x00, 0x00, 0x00, 0x00,
    0x00, 0x00, 0x00, 0x00, 0x00, 0x00, 0x00, 0x01, 0x00, 0x00, 0x00, 0x01, 0x00, 0x00, 0x00, 0x01,
    0x00, 0x00, 0x00, 0x01, 0x00, 0x00, 0x00, 0x01, 0x00, 0x00, 0x00, 0x01, 0x00, 0x00, 0x00, 0x00,
    0x00, 0x00, 0x00, 0x00, 0x00, 0x00, 0x00, 0x00, 0x00, 0x00, 0x00, 0x00, 0x00, 0x00, 0x00, 0x00,
    0x00, 0x00, 0x00, 0x00, 0x00, 0x00, 0x00, 0x01, 0x00, 0x00, 0x00, 0x03, 0x00, 0x00, 0x00, 0x00,
    0x00, 0x00, 0x00, 0x00, 0x00, 0x00, 0x00, 0x00, 0x00, 0x00, 0x00, 0x00, 0x00, 0x00, 0x00, 0x00,
    0x00, 0x00, 0x00, 0x00, 0x00, 0x00, 0x00, 0x01, 0x00, 0x00, 0x00, 0x01, 0x00, 0x00, 0x00, 0x01,
    0x00, 0x00, 0x00, 0x01, 0x00, 0x00, 0x00, 0x01, 0x00, 0x00, 0x00, 0x00, 0x00, 0x00, 0x00, 0x00,
    0x00, 0x00, 0x00, 0x00, 0x00, 0x00, 0x00, 0x01, 0x00, 0x00, 0x00, 0x00, 0x00, 0x00, 0x00, 0x00,
    0x00, 0x00, 0x00, 0x00, 0x00, 0x00, 0x00, 0x00, 0x00, 0x00, 0x00, 0x00, 0x00, 0x00, 0x00, 0x00,
    0x00, 0x00, 0x00, 0x00, 0x00, 0x00, 0x00, 0x00, 0x00, 0x00, 0x00, 0x00, 0x00, 0x00, 0x00, 0x01,
    0x00, 0x00, 0x00, 0x00, 0x00, 0x00, 0x00, 0x01, 0x00, 0x00, 0x00, 0x01, 0x00, 0x00, 0x00, 0x01,
    0x00, 0x00, 0x00, 0x00, 0x00, 0x00, 0x00, 0x00, 0x00, 0x00, 0x00, 0x00, 0x00, 0x00, 0x00, 0x00,
    0x00, 0x00, 0x00, 0x00, 0x00, 0x00, 0x00, 0x00, 0x00, 0x00, 0x00, 0x00, 0x00, 0x00, 0x00, 0x00,
    0x00, 0x00, 0x00, 0x00, 0x00, 0x00, 0x00, 0x00, 0x00, 0x00, 0x00, 0x00, 0x00, 0x00, 0x00, 0x00,
    0x00, 0x00, 0x00, 0x00, 0x00, 0x00, 0x00, 0x00, 0x00, 0x00, 0x00, 0x00, 0x00, 0x00, 0x00, 0x00,
    0x00, 0x00, 0x00, 0x00, 0x00, 0x00, 0x00, 0x01, 0x00, 0x00, 0x00, 0x00, 0x00, 0x00, 0x00, 0x00,
    0x00, 0x00, 0x00, 0x00, 0x00, 0x00, 0x00, 0x00, 0x00, 0x00, 0x00, 0x00, 0x00, 0x00, 0x00, 0x00,
    0x00, 0x00, 0x00, 0x00, 0x00, 0x00, 0x00, 0x00, 0x00, 0x00, 0x00, 0x00, 0x00, 0x00, 0x00, 0x00,
    0x00, 0x00, 0x00, 0x00, 0x00, 0x00, 0x00, 0x00, 0x00, 0x00, 0x00, 0x00, 0x00, 0x00, 0x00, 0x00,
    0x00, 0x00, 0x00, 0x01, 0x00, 0x00, 0x00, 0x00, 0x00, 0x00, 0x00, 0x00, 0x00, 0x00, 0x00, 0x00,
    0x00, 0x00, 0x00, 0x00, 0x00, 0x00, 0x00, 0x00, 0x00, 0x00, 0x00, 0x00, 0x00, 0x00, 0x00, 0x00,
    0x00, 0x00, 0x00, 0x00, 0x00, 0x00, 0x00, 0x01, 0x00, 0x00, 0x00, 0x01, 0x00, 0x00, 0x00, 0x00,
    0x00, 0x00, 0x00, 0x00, 0x00, 0x00, 0x00, 0x00, 0x00, 0x00, 0x00, 0x01, 0x00, 0x00, 0x00, 0x00,
    0x00, 0x00, 0x00, 0x00, 0x00, 0x00, 0x00, 0x00, 0x00, 0x00, 0x00, 0x01, 0x00, 0x00, 0x00, 0x00,
    0x00, 0x00, 0x00, 0x00, 0x00, 0x00, 0x00, 0x00, 0x00, 0x00, 0x00, 0x00, 0x00, 0x00, 0x00, 0x00,
    0x00, 0x00, 0x00, 0x00, 0x00, 0x00, 0x00, 0x00, 0x00, 0x00, 0x00, 0x00, 0x00, 0x00, 0x00, 0x00,
    0x00, 0x00, 0x00, 0x00, 0x00, 0x00, 0x00, 0x00, 0x00, 0x00, 0x00, 0x00, 0x00, 0x00, 0x00, 0x00,
    0x00, 0x00, 0x00, 0x00, 0x00, 0x00, 0x00, 0x00, 0x00, 0x00, 0x00, 0x00, 0x00, 0x00, 0x00, 0x00,
    0x00, 0x00, 0x00, 0x00, 0x00, 0x00, 0x00, 0x00, 0x00, 0x00, 0x00, 0x00, 0x00, 0x00, 0x00, 0x00,
    0x00, 0x00, 0x00, 0x00, 0x00, 0x00, 0x00, 0x00, 0x00, 0x00, 0x00, 0x00, 0x00, 0x00, 0x00, 0x01,
    0x00, 0x00, 0x00, 0x02, 0x00, 0x00, 0x00, 0x01, 0x00, 0x00, 0x00, 0x01, 0x00, 0x00, 0x00, 0x01,
    0x00, 0x00, 0x00, 0x00, 0x00, 0x00, 0x00, 0x01, 0x00, 0x00, 0x00, 0x01, 0x00, 0x00, 0x00, 0x00,
    0x00, 0x00, 0x00, 0x01, 0x00, 0x00, 0x00, 0x01, 0x00, 0x00, 0x00, 0x05, 0x33, 0x33, 0x33, 0x05,
    0x00, 0x00, 0x00, 0x00, 0x00, 0x00, 0x00, 0x00, 0x00, 0x00, 0x00, 0x00, 0x2d, 0x34, 0x2d, 0x22,
    0x42, 0x42, 0x3f, 0x9d, 0x47, 0x43, 0x40, 0xff, 0x28, 0x25, 0x21, 0xfb, 0x30, 0x2d, 0x29, 0xfe,
    0x39, 0x36, 0x32, 0xff, 0x43, 0x3f, 0x3b, 0xff, 0x4e, 0x4b, 0x46, 0xff, 0x5b, 0x57, 0x52, 0xff,
    0x6d, 0x6a, 0x65, 0xff, 0x80, 0x7b, 0x76, 0xff, 0x9c, 0x96, 0x92, 0xff, 0x89, 0x85, 0x80, 0xfa,
    0x8f, 0x8c, 0x85, 0xfc, 0xb5, 0xb2, 0xab, 0xff, 0xa5, 0xa2, 0x9c, 0xfb, 0xa6, 0xa4, 0x9d, 0xe3,
    0x96, 0x95, 0x90, 0xd7, 0x73, 0x72, 0x6d, 0xdf, 0x55, 0x55, 0x50, 0xe7, 0x2e, 0x2c, 0x28, 0xed,
    0x28, 0x27, 0x24, 0xc3, 0x33, 0x33, 0x2e, 0x6d, 0x16, 0x16, 0x12, 0x45, 0x00, 0x00, 0x00, 0x3d,
    0x00, 0x00, 0x00, 0x75, 0x05, 0x03, 0x00, 0x81, 0x0f, 0x0f, 0x0d, 0xa6, 0x1b, 0x1a, 0x17, 0xa4,
    0x26, 0x24, 0x21, 0x99, 0x2d, 0x2b, 0x26, 0x9e, 0x2f, 0x2f, 0x2b, 0xa5, 0x33, 0x30, 0x2b, 0xaa,
    0x38, 0x38, 0x31, 0x9f, 0x3b, 0x3b, 0x36, 0x95, 0x39, 0x39, 0x34, 0xa0, 0x38, 0x35, 0x30, 0xa7,
    0x33, 0x33, 0x2c, 0xac, 0x31, 0x30, 0x29, 0xa4, 0x33, 0x33, 0x2d, 0x91, 0x3d, 0x3d, 0x34, 0x75,
    0x2f, 0x2d, 0x28, 0x8b, 0x22, 0x1f, 0x1c, 0xa2, 0x1f, 0x1f, 0x1b, 0xaa, 0x16, 0x16, 0x11, 0xb2,
    0x12, 0x11, 0x0d, 0xcc, 0x13, 0x13, 0x10, 0xde, 0x19, 0x17, 0x16, 0xee, 0x37, 0x35, 0x31, 0xff,
    0x78, 0x75, 0x72, 0xff, 0xc9, 0xc5, 0xc2, 0xff, 0xb9, 0xb5, 0xb0, 0xff, 0x88, 0x84, 0x81, 0xff,
    0x5b, 0x58, 0x53, 0xff, 0x3a, 0x39, 0x33, 0xff, 0x2c, 0x2b, 0x27, 0xff, 0x2f, 0x2c, 0x2b, 0xff,
    0x3b, 0x3c, 0x36, 0xff, 0x46, 0x46, 0x3e, 0xfc, 0x61, 0x60, 0x57, 0xfd, 0x8e, 0x8d, 0x83, 0xff,
    0xa9, 0xa9, 0x9e, 0xff, 0x98, 0x98, 0x91, 0xd3, 0x67, 0x67, 0x63, 0x6c, 0x00, 0x00, 0x00, 0x0a,
    0x00, 0x00, 0x00, 0x00, 0xff, 0xaa, 0xaa, 0x03, 0x55, 0x55, 0x55, 0x03, 0x00, 0x00, 0x00, 0x01,
    0x00, 0x00, 0x00, 0x00, 0x00, 0x00, 0x00, 0x00, 0x00, 0x00, 0x00, 0x00, 0x00, 0x00, 0x00, 0x00,
    0x00, 0x00, 0x00, 0x01, 0x00, 0x00, 0x00, 0x00, 0x00, 0x00, 0x00, 0x00, 0x00, 0x00, 0x00, 0x00,
    0x00, 0x00, 0x00, 0x02, 0x00, 0x00, 0x00, 0x01, 0x00, 0x00, 0x00, 0x00, 0x00, 0x00, 0x00, 0x00,
    0x00, 0x00, 0x00, 0x00, 0x00, 0x00, 0x00, 0x00, 0x00, 0x00, 0x00, 0x00, 0x00, 0x00, 0x00, 0x00,
    0x00, 0x00, 0x00, 0x00, 0x00, 0x00, 0x00, 0x00, 0x00, 0x00, 0x00, 0x00, 0x00, 0x00, 0x00, 0x00,
    0x00, 0x00, 0x00, 0x01, 0x00, 0x00, 0x00, 0x00, 0x00, 0x00, 0x00, 0x00, 0x00, 0x00, 0x00, 0x00,
    0x00, 0x00, 0x00, 0x00, 0x00, 0x00, 0x00, 0x00, 0x00, 0x00, 0x00, 0x00, 0x00, 0x00, 0x00, 0x00,
    0x00, 0x00, 0x00, 0x01, 0x00, 0x00, 0x00, 0x00, 0x00, 0x00, 0x00, 0x00, 0x00, 0x00, 0x00, 0x00,
    0x00, 0x00, 0x00, 0x00, 0x00, 0x00, 0x00, 0x01, 0x00, 0x00, 0x00, 0x01, 0x00, 0x00, 0x00, 0x00,
    0x00, 0x00, 0x00, 0x00, 0x00, 0x00, 0x00, 0x00, 0x00, 0x00, 0x00, 0x00, 0x00, 0x00, 0x00, 0x00,
    0x00, 0x00, 0x00, 0x00, 0x00, 0x00, 0x00, 0x00, 0x00, 0x00, 0x00, 0x00, 0x00, 0x00, 0x00, 0x00,
    0x00, 0x00, 0x00, 0x01, 0x00, 0x00, 0x00, 0x00, 0x00, 0x00, 0x00, 0x01, 0x00, 0x00, 0x00, 0x01,
    0x00, 0x00, 0x00, 0x00, 0x00, 0x00, 0x00, 0x00, 0x00, 0x00, 0x00, 0x00, 0x00, 0x00, 0x00, 0x00,
    0x00, 0x00, 0x00, 0x00, 0x00, 0x00, 0x00, 0x01, 0x00, 0x00, 0x00, 0x00, 0x00, 0x00, 0x00, 0x00,
    0x00, 0x00, 0x00, 0x00, 0x00, 0x00, 0x00, 0x01, 0x00, 0x00, 0x00, 0x02, 0x00, 0x00, 0x00, 0x01,
    0x00, 0x00, 0x00, 0x02, 0x00, 0x00, 0x00, 0x01, 0x00, 0x00, 0x00, 0x00, 0x00, 0x00, 0x00, 0x00,
    0x00, 0x00, 0x00, 0x01, 0x00, 0x00, 0x00, 0x00, 0x00, 0x00, 0x00, 0x00, 0x00, 0x00, 0x00, 0x00,
    0x00, 0x00, 0x00, 0x00, 0x00, 0x00, 0x00, 0x00, 0x00, 0x00, 0x00, 0x00, 0x00, 0x00, 0x00, 0x00,
    0x00, 0x00, 0x00, 0x00, 0x00, 0x00, 0x00, 0x00, 0x00, 0x00, 0x00, 0x00, 0x00, 0x00, 0x00, 0x00,
    0x00, 0x00, 0x00, 0x02, 0x00, 0x00, 0x00, 0x00, 0x00, 0x00, 0x00, 0x02, 0x00, 0x00, 0x00, 0x01,
    0x00, 0x00, 0x00, 0x00, 0x00, 0x00, 0x00, 0x00, 0x00, 0x00, 0x00, 0x00, 0x00, 0x00, 0x00, 0x00,
    0x00, 0x00, 0x00, 0x00, 0x00, 0x00, 0x00, 0x00, 0x00, 0x00, 0x00, 0x00, 0x00, 0x00, 0x00, 0x00,
    0x00, 0x00, 0x00, 0x00, 0x00, 0x00, 0x00, 0x00, 0x00, 0x00, 0x00, 0x00, 0x00, 0x00, 0x00, 0x00,
    0x00, 0x00, 0x00, 0x00, 0x00, 0x00, 0x00, 0x01, 0x00, 0x00, 0x00, 0x00, 0x00, 0x00, 0x00, 0x00,
    0x00, 0x00, 0x00, 0x00, 0x00, 0x00, 0x00, 0x00, 0x00, 0x00, 0x00, 0x01, 0x00, 0x00, 0x00, 0x03,
    0x00, 0x00, 0x00, 0x00, 0x00, 0x00, 0x00, 0x00, 0x00, 0x00, 0x00, 0x00, 0x00, 0x00, 0x00, 0x01,
    0x00, 0x00, 0x00, 0x00, 0x00, 0x00, 0x00, 0x00, 0x00, 0x00, 0x00, 0x00, 0x00, 0x00, 0x00, 0x00,
    0x00, 0x00, 0x00, 0x00, 0x00, 0x00, 0x00, 0x00, 0x00, 0x00, 0x00, 0x00, 0x00, 0x00, 0x00, 0x00,
    0x00, 0x00, 0x00, 0x00, 0x00, 0x00, 0x00, 0x00, 0x00, 0x00, 0x00, 0x00, 0x00, 0x00, 0x00, 0x00,
    0x00, 0x00, 0x00, 0x00, 0x00, 0x00, 0x00, 0x00, 0x00, 0x00, 0x00, 0x00, 0x00, 0x00, 0x00, 0x01,
    0x00, 0x00, 0x00, 0x00, 0x00, 0x00, 0x00, 0x01, 0x00, 0x00, 0x00, 0x00, 0x00, 0x00, 0x00, 0x00,
    0x00, 0x00, 0x00, 0x00, 0x00, 0x00, 0x00, 0x00, 0x00, 0x00, 0x00, 0x00, 0x00, 0x00, 0x00, 0x01,
    0x00, 0x00, 0x00, 0x00, 0x00, 0x00, 0x00, 0x00, 0x00, 0x00, 0x00, 0x00, 0x00, 0x00, 0x00, 0x00,
    0x00, 0x00, 0x00, 0x00, 0x00, 0x00, 0x00, 0x00, 0x00, 0x00, 0x00, 0x00, 0x00, 0x00, 0x00, 0x00,
    0x00, 0x00, 0x00, 0x00, 0x00, 0x00, 0x00, 0x00, 0x00, 0x00, 0x00, 0x00, 0x00, 0x00, 0x00, 0x00,
    0x00, 0x00, 0x00, 0x00, 0x00, 0x00, 0x00, 0x00, 0x00, 0x00, 0x00, 0x00, 0x00, 0x00, 0x00, 0x00,
    0x00, 0x00, 0x00, 0x00, 0x00, 0x00, 0x00, 0x00, 0x00, 0x00, 0x00, 0x00, 0x00, 0x00, 0x00, 0x00,
    0x00, 0x00, 0x00, 0x00, 0x00, 0x00, 0x00, 0x00, 0x00, 0x00, 0x00, 0x00, 0x00, 0x00, 0x00, 0x01,
    0x00, 0x00, 0x00, 0x00, 0x00, 0x00, 0x00, 0x00, 0x00, 0x00, 0x00, 0x00, 0x00, 0x00, 0x00, 0x00,
    0x00, 0x00, 0x00, 0x00, 0x00, 0x00, 0x00, 0x00, 0x00, 0x00, 0x00, 0x00, 0x00, 0x00, 0x00, 0x00,
    0x00, 0x00, 0x00, 0x00, 0x00, 0x00, 0x00, 0x00, 0x00, 0x00, 0x00, 0x01, 0x00, 0x00, 0x00, 0x01,
    0x00, 0x00, 0x00, 0x00, 0x00, 0x00, 0x00, 0x00, 0x00, 0x00, 0x00, 0x00, 0x00, 0x00, 0x00, 0x00,
    0x00, 0x00, 0x00, 0x01, 0x00, 0x00, 0x00, 0x01, 0x00, 0x00, 0x00, 0x00, 0x00, 0x00, 0x00, 0x00,
    0x00, 0x00, 0x00, 0x00, 0x00, 0x00, 0x00, 0x00, 0x00, 0x00, 0x00, 0x00, 0x00, 0x00, 0x00, 0x00,
    0x00, 0x00, 0x00, 0x01, 0x00, 0x00, 0x00, 0x00, 0x00, 0x00, 0x00, 0x00, 0x00, 0x00, 0x00, 0x00,
    0x00, 0x00, 0x00, 0x00, 0x00, 0x00, 0x00, 0x00, 0x00, 0x00, 0x00, 0x00, 0x00, 0x00, 0x00, 0x01,
    0x00, 0x00, 0x00, 0x03, 0x7f, 0x7f, 0x7f, 0x02, 0x00, 0x00, 0x00, 0x00, 0x00, 0x00, 0x00, 0x00,
    0x2a, 0x35, 0x35, 0x18, 0x31, 0x31, 0x31, 0x57, 0x33, 0x32, 0x30, 0xac, 0x33, 0x32, 0x2d, 0xef,
    0x31, 0x30, 0x2a, 0xff, 0x31, 0x2e, 0x29, 0xfe, 0x46, 0x43, 0x3d, 0xff, 0x57, 0x54, 0x4d, 0xff,
    0x6b, 0x67, 0x63, 0xff, 0x80, 0x7c, 0x77, 0xff, 0x97, 0x93, 0x8f, 0xff, 0xac, 0xa9, 0xa4, 0xff,
    0xb8, 0xb5, 0xb0, 0xff, 0xb6, 0xb2, 0xad, 0xfb, 0xa5, 0xa0, 0x9e, 0xf8, 0x71, 0x6f, 0x6b, 0xf1,
    0x43, 0x40, 0x3d, 0xe8, 0x6e, 0x6b, 0x69, 0x68, 0x43, 0x43, 0x3d, 0x4f, 0x3e, 0x3e, 0x37, 0x52,
    0x2f, 0x2f, 0x2a, 0x65, 0x27, 0x27, 0x20, 0x9c, 0x2e, 0x2d, 0x26, 0xd5, 0x45, 0x43, 0x3d, 0xf1,
    0x53, 0x50, 0x49, 0xe5, 0x5d, 0x5b, 0x54, 0xda, 0x68, 0x66, 0x5c, 0xdc, 0x6b, 0x6a, 0x60, 0xe6,
    0x72, 0x70, 0x65, 0xec, 0x78, 0x76, 0x6a, 0xef, 0x79, 0x76, 0x6c, 0xf8, 0x7d, 0x7a, 0x71, 0xfa,
    0x7e, 0x7c, 0x72, 0xfb, 0x7f, 0x7d, 0x73, 0xfe, 0x81, 0x7f, 0x75, 0xff, 0x83, 0x80, 0x75, 0xff,
    0x81, 0x80, 0x74, 0xff, 0x83, 0x81, 0x76, 0xff, 0x83, 0x82, 0x76, 0xff, 0x84, 0x82, 0x76, 0xff,
    0x84, 0x82, 0x76, 0xff, 0x83, 0x81, 0x75, 0xff, 0x82, 0x81, 0x75, 0xff, 0x83, 0x82, 0x76, 0xff,
    0x84, 0x82, 0x76, 0xff, 0x81, 0x80, 0x75, 0xfe, 0x85, 0x85, 0x79, 0xf9, 0x83, 0x81, 0x76, 0xfd,
    0x81, 0x7e, 0x75, 0xfb, 0x82, 0x80, 0x76, 0xfc, 0x63, 0x61, 0x5b, 0xfc, 0x27, 0x25, 0x23, 0xe9,
    0x2c, 0x2a, 0x2a, 0xff, 0x5a, 0x57, 0x54, 0xff, 0xb0, 0xab, 0xa6, 0xfd, 0xd4, 0xcf, 0xcb, 0xff,
    0xc1, 0xbc, 0xbb, 0xff, 0x91, 0x8d, 0x8a, 0xff, 0x58, 0x55, 0x52, 0xff, 0x33, 0x30, 0x2f, 0xff,
    0x2d, 0x2c, 0x28, 0xff, 0x35, 0x35, 0x2e, 0xff, 0x41, 0x42, 0x3b, 0xff, 0x51, 0x50, 0x47, 0xfd,
    0x66, 0x64, 0x5b, 0xfb, 0x90, 0x8f, 0x85, 0xff, 0xa6, 0xa5, 0x9c, 0xff, 0x93, 0x91, 0x88, 0xca,
    0x5e, 0x5e, 0x58, 0x4e, 0x00, 0x00, 0x00, 0x00, 0x00, 0x00, 0x00, 0x00, 0xaa, 0xaa, 0xaa, 0x03,
    0x7f, 0x7f, 0x7f, 0x02, 0x00, 0x00, 0x00, 0x00, 0x00, 0x00, 0x00, 0x01, 0x00, 0x00, 0x00, 0x01,
    0x00, 0x00, 0x00, 0x00, 0x00, 0x00, 0x00, 0x01, 0x00, 0x00, 0x00, 0x01, 0x00, 0x00, 0x00, 0x00,
    0x00, 0x00, 0x00, 0x01, 0x00, 0x00, 0x00, 0x00, 0x00, 0x00, 0x00, 0x00, 0x00, 0x00, 0x00, 0x00,
    0x00, 0x00, 0x00, 0x00, 0x00, 0x00, 0x00, 0x00, 0x00, 0x00, 0x00, 0x00, 0x00, 0x00, 0x00, 0x00,
    0x00, 0x00, 0x00, 0x00, 0x00, 0x00, 0x00, 0x00, 0x00, 0x00, 0x00, 0x00, 0x00, 0x00, 0x00, 0x00,
    0x00, 0x00, 0x00, 0x00, 0x00, 0x00, 0x00, 0x00, 0x00, 0x00, 0x00, 0x01, 0x00, 0x00, 0x00, 0x00,
    0x00, 0x00, 0x00, 0x01, 0x00, 0x00, 0x00, 0x01, 0x00, 0x00, 0x00, 0x00, 0x00, 0x00, 0x00, 0x00,
    0x00, 0x00, 0x00, 0x00, 0x00, 0x00, 0x00, 0x00, 0x00, 0x00, 0x00, 0x00, 0x00, 0x00, 0x00, 0x01,
    0x00, 0x00, 0x00, 0x01, 0x00, 0x00, 0x00, 0x01, 0x00, 0x00, 0x00, 0x00, 0x00, 0x00, 0x00, 0x00,
    0x00, 0x00, 0x00, 0x00, 0x00, 0x00, 0x00, 0x00, 0x00, 0x00, 0x00, 0x00, 0x00, 0x00, 0x00, 0x00,
    0x00, 0x00, 0x00, 0x00, 0x00, 0x00, 0x00, 0x00, 0x00, 0x00, 0x00, 0x01, 0x00, 0x00, 0x00, 0x01,
    0x00, 0x00, 0x00, 0x00, 0x00, 0x00, 0x00, 0x00, 0x00, 0x00, 0x00, 0x00, 0x00, 0x00, 0x00, 0x00,
    0x00, 0x00, 0x00, 0x00, 0x00, 0x00, 0x00, 0x00, 0x00, 0x00, 0x00, 0x00, 0x00, 0x00, 0x00, 0x00,
    0x00, 0x00, 0x00, 0x00, 0x00, 0x00, 0x00, 0x00, 0x00, 0x00, 0x00, 0x00, 0x00, 0x00, 0x00, 0x00,
    0x00, 0x00, 0x00, 0x00, 0x00, 0x00, 0x00, 0x00, 0x00, 0x00, 0x00, 0x00, 0x00, 0x00, 0x00, 0x00,
    0x00, 0x00, 0x00, 0x00, 0x00, 0x00, 0x00, 0x00, 0x00, 0x00, 0x00, 0x00, 0x00, 0x00, 0x00, 0x01,
    0x00, 0x00, 0x00, 0x01, 0x00, 0x00, 0x00, 0x01, 0x00, 0x00, 0x00, 0x00, 0x00, 0x00, 0x00, 0x00,
    0x00, 0x00, 0x00, 0x00, 0x00, 0x00, 0x00, 0x01, 0x00, 0x00, 0x00, 0x01, 0x00, 0x00, 0x00, 0x00,
    0x00, 0x00, 0x00, 0x00, 0x00, 0x00, 0x00, 0x00, 0x00, 0x00, 0x00, 0x00, 0x00, 0x00, 0x00, 0x00,
    0x00, 0x00, 0x00, 0x01, 0x00, 0x00, 0x00, 0x00, 0x00, 0x00, 0x00, 0x00, 0x00, 0x00, 0x00, 0x00,
    0x00, 0x00, 0x00, 0x00, 0x00, 0x00, 0x00, 0x00, 0x00, 0x00, 0x00, 0x01, 0x00, 0x00, 0x00, 0x00,
    0x00, 0x00, 0x00, 0x00, 0x00, 0x00, 0x00, 0x00, 0x00, 0x00, 0x00, 0x00, 0x00, 0x00, 0x00, 0x00,
    0x00, 0x00, 0x00, 0x00, 0x00, 0x00, 0x00, 0x00, 0x00, 0x00, 0x00, 0x01, 0x00, 0x00, 0x00, 0x00,
    0x00, 0x00, 0x00, 0x00, 0x00, 0x00, 0x00, 0x00, 0x00, 0x00, 0x00, 0x00, 0x00, 0x00, 0x00, 0x00,
    0x00, 0x00, 0x00, 0x00, 0x00, 0x00, 0x00, 0x00, 0x00, 0x00, 0x00, 0x00, 0x00, 0x00, 0x00, 0x01,
    0x00, 0x00, 0x00, 0x01, 0x00, 0x00, 0x00, 0x01, 0x00, 0x00, 0x00, 0x00, 0x00, 0x00, 0x00, 0x01,
    0x00, 0x00, 0x00, 0x00, 0x00, 0x00, 0x00, 0x00, 0x00, 0x00, 0x00, 0x00, 0x00, 0x00, 0x00, 0x00,
    0x00, 0x00, 0x00, 0x00, 0x00, 0x00, 0x00, 0x00, 0x00, 0x00, 0x00, 0x00, 0x00, 0x00, 0x00, 0x00,
    0x00, 0x00, 0x00, 0x00, 0x00, 0x00, 0x00, 0x00, 0x00, 0x00, 0x00, 0x00, 0x00, 0x00, 0x00, 0x00,
    0x00, 0x00, 0x00, 0x00, 0x00, 0x00, 0x00, 0x00, 0x00, 0x00, 0x00, 0x00, 0x00, 0x00, 0x00, 0x01,
    0x00, 0x00, 0x00, 0x00, 0x00, 0x00, 0x00, 0x01, 0x00, 0x00, 0x00, 0x01, 0x00, 0x00, 0x00, 0x01,
    0x00, 0x00, 0x00, 0x01, 0x00, 0x00, 0x00, 0x01, 0x00, 0x00, 0x00, 0x00, 0x00, 0x00, 0x00, 0x02,
    0x00, 0x00, 0x00, 0x01, 0x00, 0x00, 0x00, 0x00, 0x00, 0x00, 0x00, 0x00, 0x00, 0x00, 0x00, 0x01,
    0x00, 0x00, 0x00, 0x01, 0x00, 0x00, 0x00, 0x00, 0x00, 0x00, 0x00, 0x01, 0x00, 0x00, 0x00, 0x02,
    0x00, 0x00, 0x00, 0x00, 0x00, 0x00, 0x00, 0x00, 0x00, 0x00, 0x00, 0x01, 0x00, 0x00, 0x00, 0x00,
    0x00, 0x00, 0x00, 0x00, 0x00, 0x00, 0x00, 0x00, 0x00, 0x00, 0x00, 0x00, 0x00, 0x00, 0x00, 0x01,
    0x00, 0x00, 0x00, 0x00, 0x00, 0x00, 0x00, 0x00, 0x00, 0x00, 0x00, 0x00, 0x00, 0x00, 0x00, 0x00,
    0x00, 0x00, 0x00, 0x00, 0x00, 0x00, 0x00, 0x00, 0x00, 0x00, 0x00, 0x00, 0x00, 0x00, 0x00, 0x00,
    0x00, 0x00, 0x00, 0x00, 0x00, 0x00, 0x00, 0x00, 0x00, 0x00, 0x00, 0x00, 0x00, 0x00, 0x00, 0x00,
    0x00, 0x00, 0x00, 0x00, 0x00, 0x00, 0x00, 0x00, 0x00, 0x00, 0x00, 0x00, 0x00, 0x00, 0x00, 0x00,
    0x00, 0x00, 0x00, 0x01, 0x00, 0x00, 0x00, 0x00, 0x00, 0x00, 0x00, 0x01, 0x00, 0x00, 0x00, 0x00,
    0x00, 0x00, 0x00, 0x00, 0x00, 0x00, 0x00, 0x00, 0x00, 0x00, 0x00, 0x00, 0x00, 0x00, 0x00, 0x00,
    0x00, 0x00, 0x00, 0x01, 0x00, 0x00, 0x00, 0x01, 0x00, 0x00, 0x00, 0x00, 0x00, 0x00, 0x00, 0x00,
    0x00, 0x00, 0x00, 0x01, 0x00, 0x00, 0x00, 0x00, 0x00, 0x00, 0x00, 0x00, 0x00, 0x00, 0x00, 0x00,
    0x00, 0x00, 0x00, 0x00, 0x00, 0x00, 0x00, 0x00, 0x00, 0x00, 0x00, 0x00, 0x00, 0x00, 0x00, 0x00,
    0x00, 0x00, 0x00, 0x00, 0x00, 0x00, 0x00, 0x01, 0x3f, 0x3f, 0x3f, 0x04, 0x00, 0x00, 0x00, 0x00,
    0x00, 0x00, 0x00, 0x00, 0x00, 0x00, 0x00, 0x00, 0x2f, 0x2f, 0x2f, 0x30, 0x2f, 0x2f, 0x2f, 0x87,
    0x32, 0x31, 0x2e, 0xda, 0x36, 0x34, 0x31, 0xff, 0x3f, 0x3c, 0x37, 0xff, 0x4d, 0x49, 0x44, 0xff,
    0x5f, 0x5c, 0x56, 0xfd, 0x76, 0x72, 0x6d, 0xff, 0x88, 0x84, 0x7f, 0xff, 0x9a, 0x96, 0x90, 0xff,
    0xab, 0xa7, 0xa2, 0xff, 0xb4, 0xaf, 0xab, 0xff, 0xaf, 0xab, 0xa5, 0xfa, 0x94, 0x91, 0x8c, 0xf4,
    0x64, 0x61, 0x5f, 0xfa, 0x40, 0x3f, 0x3c, 0xf4, 0x2c, 0x2a, 0x27, 0xf5, 0x1a, 0x18, 0x17, 0xf3,
    0x3a, 0x38, 0x33, 0xf0, 0x60, 0x5e, 0x55, 0xbf, 0x63, 0x61, 0x57, 0xd8, 0x64, 0x62, 0x58, 0xf6,
    0x6d, 0x6a, 0x60, 0xff, 0x73, 0x72, 0x68, 0xff, 0x78, 0x76, 0x6b, 0xff, 0x77, 0x75, 0x6a, 0xff,
    0x79, 0x78, 0x6d, 0xff, 0x7c, 0x7a, 0x70, 0xff, 0x7b, 0x7a, 0x6e, 0xff, 0x7a, 0x79, 0x6e, 0xff,
    0x79, 0x78, 0x6c, 0xff, 0x79, 0x77, 0x6d, 0xff, 0x77, 0x77, 0x6b, 0xff, 0x78, 0x77, 0x6b, 0xff,
    0x78, 0x77, 0x6d, 0xff, 0x76, 0x76, 0x6b, 0xff, 0x77, 0x75, 0x6c, 0xfe, 0x77, 0x76, 0x6c, 0xfe,
    0x76, 0x76, 0x6b, 0xfd, 0x78, 0x76, 0x6b, 0xfd, 0x77, 0x76, 0x6b, 0xfd, 0x78, 0x77, 0x6c, 0xfe,
    0x79, 0x77, 0x6d, 0xfd, 0x78, 0x77, 0x6d, 0xfd, 0x78, 0x77, 0x6c, 0xfe, 0x7a, 0x79, 0x6e, 0xfd,
    0x79, 0x78, 0x6d, 0xfe, 0x7b, 0x7a, 0x6f, 0xff, 0x7b, 0x7b, 0x6f, 0xff, 0x7d, 0x7c, 0x70, 0xff,
    0x7d, 0x7c, 0x71, 0xff, 0x7a, 0x79, 0x6d, 0xff, 0x84, 0x81, 0x76, 0xff, 0x6d, 0x69, 0x61, 0xe5,
    0x29, 0x27, 0x26, 0xcf, 0x26, 0x24, 0x23, 0xfa, 0x41, 0x3e, 0x3b, 0xfd, 0x83, 0x7f, 0x7b, 0xfa,
    0xc4, 0xc1, 0xbb, 0xff, 0xda, 0xd6, 0xd3, 0xff, 0xc1, 0xbe, 0xbb, 0xff, 0x84, 0x81, 0x7d, 0xff,
    0x44, 0x41, 0x3d, 0xff, 0x2d, 0x2b, 0x27, 0xff, 0x35, 0x35, 0x2f, 0xff, 0x40, 0x3f, 0x37, 0xff,
    0x40, 0x40, 0x37, 0xff, 0x49, 0x49, 0x40, 0xfd, 0x69, 0x68, 0x5f, 0xfc, 0x98, 0x97, 0x8c, 0xff,
    0xa8, 0xa7, 0x9d, 0xff, 0x9e, 0x9b, 0x93, 0xa6, 0x59, 0x59, 0x55, 0x39, 0x00, 0x00, 0x00, 0x00,
    0x00, 0x00, 0x00, 0x00, 0xff, 0xff, 0xff, 0x03, 0x00, 0x00, 0x00, 0x01, 0x00, 0x00, 0x00, 0x01,
    0x00, 0x00, 0x00, 0x00, 0x00, 0x00, 0x00, 0x00, 0x00, 0x00, 0x00, 0x00, 0x00, 0x00, 0x00, 0x00,
    0x00, 0x00, 0x00, 0x00, 0x00, 0x00, 0x00, 0x00, 0x00, 0x00, 0x00, 0x00, 0x00, 0x00, 0x00, 0x01,
    0x00, 0x00, 0x00, 0x01, 0x00, 0x00, 0x00, 0x01, 0x00, 0x00, 0x00, 0x00, 0x00, 0x00, 0x00, 0x00,
    0x00, 0x00, 0x00, 0x00, 0x00, 0x00, 0x00, 0x00, 0x00, 0x00, 0x00, 0x00, 0x00, 0x00, 0x00, 0x00,
    0x00, 0x00, 0x00, 0x00, 0x00, 0x00, 0x00, 0x00, 0x00, 0x00, 0x00, 0x00, 0x00, 0x00, 0x00, 0x01,
    0x00, 0x00, 0x00, 0x02, 0x00, 0x00, 0x00, 0x01, 0x00, 0x00, 0x00, 0x00, 0x00, 0x00, 0x00, 0x00,
    0x00, 0x00, 0x00, 0x00, 0x00, 0x00, 0x00, 0x01, 0x00, 0x00, 0x00, 0x00, 0x00, 0x00, 0x00, 0x00,
    0x00, 0x00, 0x00, 0x00, 0x00, 0x00, 0x00, 0x00, 0x00, 0x00, 0x00, 0x00, 0x00, 0x00, 0x00, 0x02,
    0x00, 0x00, 0x00, 0x01, 0x00, 0x00, 0x00, 0x00, 0x00, 0x00, 0x00, 0x00, 0x00, 0x00, 0x00, 0x00,
    0x00, 0x00, 0x00, 0x00, 0x00, 0x00, 0x00, 0x01, 0x00, 0x00, 0x00, 0x00, 0x00, 0x00, 0x00, 0x00,
    0x00, 0x00, 0x00, 0x01, 0x00, 0x00, 0x00, 0x01, 0x00, 0x00, 0x00, 0x01, 0x00, 0x00, 0x00, 0x01,
    0x00, 0x00, 0x00, 0x00, 0x00, 0x00, 0x00, 0x00, 0x00, 0x00, 0x00, 0x00, 0x00, 0x00, 0x00, 0x00,
    0x00, 0x00, 0x00, 0x01, 0x00, 0x00, 0x00, 0x01, 0x00, 0x00, 0x00, 0x01, 0x00, 0x00, 0x00, 0x01,
    0x00, 0x00, 0x00, 0x00, 0x00, 0x00, 0x00, 0x01, 0x00, 0x00, 0x00, 0x00, 0x00, 0x00, 0x00, 0x00,
    0x00, 0x00, 0x00, 0x00, 0x00, 0x00, 0x00, 0x00, 0x00, 0x00, 0x00, 0x00, 0x00, 0x00, 0x00, 0x00,
    0x00, 0x00, 0x00, 0x00, 0x00, 0x00, 0x00, 0x02, 0x00, 0x00, 0x00, 0x01, 0x00, 0x00, 0x00, 0x01,
    0x00, 0x00, 0x00, 0x01, 0x00, 0x00, 0x00, 0x00, 0x00, 0x00, 0x00, 0x01, 0x00, 0x00, 0x00, 0x00,
    0x00, 0x00, 0x00, 0x00, 0x00, 0x00, 0x00, 0x00, 0x00, 0x00, 0x00, 0x00, 0x00, 0x00, 0x00, 0x00,
    0x00, 0x00, 0x00, 0x00, 0x00, 0x00, 0x00, 0x00, 0x00, 0x00, 0x00, 0x00, 0x00, 0x00, 0x00, 0x00,
    0x00, 0x00, 0x00, 0x00, 0x00, 0x00, 0x00, 0x01, 0x00, 0x00, 0x00, 0x01, 0x00, 0x00, 0x00, 0x00,
    0x00, 0x00, 0x00, 0x00, 0x00, 0x00, 0x00, 0x00, 0x00, 0x00, 0x00, 0x00, 0x00, 0x00, 0x00, 0x00,
    0x00, 0x00, 0x00, 0x00, 0x00, 0x00, 0x00, 0x01, 0x00, 0x00, 0x00, 0x00, 0x00, 0x00, 0x00, 0x00,
    0x00, 0x00, 0x00, 0x00, 0x00, 0x00, 0x00, 0x00, 0x00, 0x00, 0x00, 0x00, 0x00, 0x00, 0x00, 0x00,
    0x00, 0x00, 0x00, 0x00, 0x00, 0x00, 0x00, 0x00, 0x00, 0x00, 0x00, 0x01, 0x00, 0x00, 0x00, 0x01,
    0x00, 0x00, 0x00, 0x00, 0x00, 0x00, 0x00, 0x00, 0x00, 0x00, 0x00, 0x02, 0x00, 0x00, 0x00, 0x00,
    0x00, 0x00, 0x00, 0x01, 0x00, 0x00, 0x00, 0x01, 0x00, 0x00, 0x00, 0x01, 0x00, 0x00, 0x00, 0x00,
    0x00, 0x00, 0x00, 0x00, 0x00, 0x00, 0x00, 0x00, 0x00, 0x00, 0x00, 0x00, 0x00, 0x00, 0x00, 0x00,
    0x00, 0x00, 0x00, 0x00, 0x00, 0x00, 0x00, 0x00, 0x00, 0x00, 0x00, 0x00, 0x00, 0x00, 0x00, 0x00,
    0x00, 0x00, 0x00, 0x00, 0x00, 0x00, 0x00, 0x00, 0x00, 0x00, 0x00, 0x00, 0x00, 0x00, 0x00, 0x00,
    0x00, 0x00, 0x00, 0x00, 0x00, 0x00, 0x00, 0x00, 0x00, 0x00, 0x00, 0x01, 0x00, 0x00, 0x00, 0x00,
    0x00, 0x00, 0x00, 0x00, 0x00, 0x00, 0x00, 0x00, 0x00, 0x00, 0x00, 0x00, 0x00, 0x00, 0x00, 0x00,
    0x00, 0x00, 0x00, 0x00, 0x00, 0x00, 0x00, 0x00, 0x00, 0x00, 0x00, 0x00, 0x00, 0x00, 0x00, 0x00,
    0x00, 0x00, 0x00, 0x00, 0x00, 0x00, 0x00, 0x00, 0x00, 0x00, 0x00, 0x00, 0x00, 0x00, 0x00, 0x01,
    0x00, 0x00, 0x00, 0x00, 0x00, 0x00, 0x00, 0x00, 0x00, 0x00, 0x00, 0x01, 0x00, 0x00, 0x00, 0x00,
    0x00, 0x00, 0x00, 0x00, 0x00, 0x00, 0x00, 0x00, 0x00, 0x00, 0x00, 0x00, 0x00, 0x00, 0x00, 0x00,
    0x00, 0x00, 0x00, 0x00, 0x00, 0x00, 0x00, 0x00, 0x00, 0x00, 0x00, 0x00, 0x00, 0x00, 0x00, 0x00,
    0x00, 0x00, 0x00, 0x00, 0x00, 0x00, 0x00, 0x00, 0x00, 0x00, 0x00, 0x00, 0x00, 0x00, 0x00, 0x00,
    0x00, 0x00, 0x00, 0x00, 0x00, 0x00, 0x00, 0x00, 0x00, 0x00, 0x00, 0x00, 0x00, 0x00, 0x00, 0x00,
    0x00, 0x00, 0x00, 0x00, 0x00, 0x00, 0x00, 0x00, 0x00, 0x00, 0x00, 0x00, 0x00, 0x00, 0x00, 0x00,
    0x00, 0x00, 0x00, 0x00, 0x00, 0x00, 0x00, 0x00, 0x00, 0x00, 0x00, 0x00, 0x00, 0x00, 0x00, 0x00,
    0x00, 0x00, 0x00, 0x00, 0x00, 0x00, 0x00, 0x00, 0x00, 0x00, 0x00, 0x01, 0x00, 0x00, 0x00, 0x01,
    0x00, 0x00, 0x00, 0x00, 0x00, 0x00, 0x00, 0x00, 0x00, 0x00, 0x00, 0x00, 0x00, 0x00, 0x00, 0x00,
    0x00, 0x00, 0x00, 0x00, 0x00, 0x00, 0x00, 0x00, 0x00, 0x00, 0x00, 0x02, 0x00, 0x00, 0x00, 0x00,
    0x00, 0x00, 0x00, 0x00, 0x00, 0x00, 0x00, 0x00, 0x00, 0x00, 0x00, 0x00, 0x00, 0x00, 0x00, 0x01,
    0x3f, 0x3f, 0x3f, 0x04, 0x00, 0x00, 0x00, 0x00, 0x00, 0x00, 0x00, 0x00, 0x33, 0x33, 0x33, 0x0a,
    0x30, 0x30, 0x2c, 0x45, 0x30, 0x31, 0x30, 0xa9, 0x31, 0x31, 0x2f, 0xf0, 0x3a, 0x38, 0x34, 0xff,
    0x49, 0x46, 0x41, 0xff, 0x60, 0x5b, 0x58, 0xfb, 0x79, 0x74, 0x70, 0xfc, 0x90, 0x8b, 0x87, 0xfe,
    0x9e, 0x9a, 0x96, 0xff, 0xab, 0xa6, 0xa1, 0xff, 0xb6, 0xb1, 0xad, 0xff, 0xb1, 0xad, 0xa8, 0xfe,
    0x96, 0x93, 0x8e, 0xf5, 0x68, 0x65, 0x62, 0xec, 0x38, 0x36, 0x33, 0xee, 0x22, 0x21, 0x1e, 0xf5,
    0x27, 0x24, 0x22, 0xfd, 0x30, 0x2d, 0x29, 0xff, 0x39, 0x36, 0x32, 0xff, 0x34, 0x32, 0x30, 0xff,
    0x68, 0x65, 0x5c, 0xff, 0x79, 0x76, 0x6c, 0xff, 0x6a, 0x68, 0x5d, 0xff, 0x65, 0x62, 0x58, 0xff,
    0x63, 0x61, 0x57, 0xfd, 0x61, 0x5e, 0x55, 0xfd, 0x62, 0x5f, 0x56, 0xfe, 0x62, 0x5f, 0x56, 0xff,
    0x6b, 0x6a, 0x5f, 0xfe, 0x6f, 0x6f, 0x62, 0xfe, 0x6e, 0x6f, 0x63, 0xfe, 0x70, 0x6f, 0x64, 0xfe,
    0x71, 0x6f, 0x65, 0xff, 0x71, 0x6f, 0x65, 0xff, 0x70, 0x70, 0x64, 0xff, 0x70, 0x70, 0x65, 0xff,
    0x71, 0x70, 0x64, 0xff, 0x6f, 0x6f, 0x64, 0xff, 0x70, 0x70, 0x64, 0xff, 0x6f, 0x70, 0x64, 0xff,
    0x70, 0x6f, 0x64, 0xff, 0x71, 0x70, 0x65, 0xff, 0x71, 0x70, 0x65, 0xff, 0x71, 0x70, 0x66, 0xff,
    0x70, 0x71, 0x66, 0xff, 0x71, 0x6f, 0x65, 0xff, 0x71, 0x71, 0x65, 0xff, 0x71, 0x71, 0x65, 0xff,
    0x71, 0x71, 0x66, 0xff, 0x72, 0x72, 0x67, 0xff, 0x73, 0x72, 0x66, 0xff, 0x73, 0x73, 0x66, 0xff,
    0x73, 0x72, 0x67, 0xff, 0x72, 0x71, 0x66, 0xff, 0x6e, 0x6c, 0x61, 0xfe, 0x79, 0x78, 0x6c, 0xff,
    0x6a, 0x6a, 0x61, 0xe3, 0x2a, 0x27, 0x26, 0xb4, 0x27, 0x25, 0x22, 0xec, 0x3e, 0x3c, 0x38, 0xff,
    0x63, 0x5f, 0x5c, 0xfd, 0xa7, 0xa4, 0xa0, 0xff, 0xd8, 0xd4, 0xd0, 0xff, 0xdb, 0xd7, 0xd4, 0xff,
    0xa9, 0xa5, 0xa2, 0xff, 0x5d, 0x59, 0x56, 0xff, 0x32, 0x30, 0x2b, 0xff, 0x30, 0x2d, 0x28, 0xff,
    0x36, 0x36, 0x2f, 0xff, 0x36, 0x36, 0x2e, 0xff, 0x40, 0x3f, 0x39, 0xff, 0x4e, 0x4c, 0x43, 0xfd,
    0x71, 0x6f, 0x66, 0xfd, 0xa1, 0x9f, 0x95, 0xff, 0xa8, 0xa6, 0x9d, 0xf4, 0x8f, 0x8b, 0x86, 0x94,
    0x3d, 0x3d, 0x3d, 0x21, 0x00, 0x00, 0x00, 0x00, 0x02, 0x02, 0x02, 0x00, 0x55, 0x55, 0x55, 0x03,
    0x00, 0x00, 0x00, 0x00, 0x00, 0x00, 0x00, 0x01, 0x00, 0x00, 0x00, 0x00, 0x00, 0x00, 0x00, 0x00,
    0x00, 0x00, 0x00, 0x00, 0x00, 0x00, 0x00, 0x01, 0x00, 0x00, 0x00, 0x00, 0x00, 0x00, 0x00, 0x01,
    0x00, 0x00, 0x00, 0x00, 0x00, 0x00, 0x00, 0x00, 0x00, 0x00, 0x00, 0x00, 0x00, 0x00, 0x00, 0x01,
    0x00, 0x00, 0x00, 0x01, 0x00, 0x00, 0x00, 0x00, 0x00, 0x00, 0x00, 0x00, 0x00, 0x00, 0x00, 0x00,
    0x00, 0x00, 0x00, 0x00, 0x00, 0x00, 0x00, 0x00, 0x00, 0x00, 0x00, 0x00, 0x00, 0x00, 0x00, 0x00,
    0x00, 0x00, 0x00, 0x00, 0x00, 0x00, 0x00, 0x00, 0x00, 0x00, 0x00, 0x00, 0x00, 0x00, 0x00, 0x00,
    0x00, 0x00, 0x00, 0x00, 0x00, 0x00, 0x00, 0x00, 0x00, 0x00, 0x00, 0x00, 0x00, 0x00, 0x00, 0x00,
    0x00, 0x00, 0x00, 0x00, 0x00, 0x00, 0x00, 0x00, 0x00, 0x00, 0x00, 0x00, 0x00, 0x00, 0x00, 0x01,
    0x00, 0x00, 0x00, 0x01, 0x00, 0x00, 0x00, 0x00, 0x00, 0x00, 0x00, 0x00, 0x00, 0x00, 0x00, 0x00,
    0x00, 0x00, 0x00, 0x00, 0x00, 0x00, 0x00, 0x00, 0x00, 0x00, 0x00, 0x00, 0x00, 0x00, 0x00, 0x00,
    0x00, 0x00, 0x00, 0x00, 0x00, 0x00, 0x00, 0x00, 0x00, 0x00, 0x00, 0x00, 0x00, 0x00, 0x00, 0x01,
    0x00, 0x00, 0x00, 0x00, 0x00, 0x00, 0x00, 0x00, 0x00, 0x00, 0x00, 0x00, 0x00, 0x00, 0x00, 0x00,
    0x00, 0x00, 0x00, 0x01, 0x00, 0x00, 0x00, 0x01, 0x00, 0x00, 0x00, 0x01, 0x00, 0x00, 0x00, 0x00,
    0x00, 0x00, 0x00, 0x00, 0x00, 0x00, 0x00, 0x01, 0x00, 0x00, 0x00, 0x00, 0x00, 0x00, 0x00, 0x00,
    0x00, 0x00, 0x00, 0x00, 0x00, 0x00, 0x00, 0x00, 0x00, 0x00, 0x00, 0x00, 0x00, 0x00, 0x00, 0x00,
    0x00, 0x00, 0x00, 0x00, 0x00, 0x00, 0x00, 0x00, 0x00, 0x00, 0x00, 0x00, 0x00, 0x00, 0x00, 0x00,
    0x00, 0x00, 0x00, 0x00, 0x00, 0x00, 0x00, 0x00, 0x00, 0x00, 0x00, 0x00, 0x00, 0x00, 0x00, 0x00,
    0x00, 0x00, 0x00, 0x00, 0x00, 0x00, 0x00, 0x00, 0x00, 0x00, 0x00, 0x00, 0x00, 0x00, 0x00, 0x00,
    0x00, 0x00, 0x00, 0x00, 0x00, 0x00, 0x00, 0x00, 0x00, 0x00, 0x00, 0x00, 0x00, 0x00, 0x00, 0x00,
    0x00, 0x00, 0x00, 0x00, 0x00, 0x00, 0x00, 0x00, 0x00, 0x00, 0x00, 0x00, 0x00, 0x00, 0x00, 0x00,
    0x00, 0x00, 0x00, 0x00, 0x00, 0x00, 0x00, 0x00, 0x00, 0x00, 0x00, 0x00, 0x00, 0x00, 0x00, 0x00,
    0x00, 0x00, 0x00, 0x00, 0x00, 0x00, 0x00, 0x00, 0x00, 0x00, 0x00, 0x00, 0x00, 0x00, 0x00, 0x00,
    0x00, 0x00, 0x00, 0x00, 0x00, 0x00, 0x00, 0x00, 0x00, 0x00, 0x00, 0x00, 0x00, 0x00, 0x00, 0x00,
    0x00, 0x00, 0x00, 0x00, 0x00, 0x00, 0x00, 0x00, 0x00, 0x00, 0x00, 0x00, 0x00, 0x00, 0x00, 0x00,
    0x00, 0x00, 0x00, 0x00, 0x00, 0x00, 0x00, 0x00, 0x00, 0x00, 0x00, 0x02, 0x00, 0x00, 0x00, 0x00,
    0x00, 0x00, 0x00, 0x00, 0x00, 0x00, 0x00, 0x00, 0x00, 0x00, 0x00, 0x01, 0x00, 0x00, 0x00, 0x01,
    0x00, 0x00, 0x00, 0x00, 0x00, 0x00, 0x00, 0x00, 0x00, 0x00, 0x00, 0x00, 0x00, 0x00, 0x00, 0x00,
    0x00, 0x00, 0x00, 0x00, 0x00, 0x00, 0x00, 0x00, 0x00, 0x00, 0x00, 0x00, 0x00, 0x00, 0x00, 0x00,
    0x00, 0x00, 0x00, 0x00, 0x00, 0x00, 0x00, 0x00, 0x00, 0x00, 0x00, 0x00, 0x00, 0x00, 0x00, 0x00,
    0x00, 0x00, 0x00, 0x01, 0x00, 0x00, 0x00, 0x00, 0x00, 0x00, 0x00, 0x00, 0x00, 0x00, 0x00, 0x00,
    0x00, 0x00, 0x00, 0x00, 0x00, 0x00, 0x00, 0x00, 0x00, 0x00, 0x00, 0x00, 0x00, 0x00, 0x00, 0x00,
    0x00, 0x00, 0x00, 0x00, 0x00, 0x00, 0x00, 0x00, 0x00, 0x00, 0x00, 0x00, 0x00, 0x00, 0x00, 0x00,
    0x00, 0x00, 0x00, 0x00, 0x00, 0x00, 0x00, 0x00, 0x00, 0x00, 0x00, 0x00, 0x00, 0x00, 0x00, 0x00,
    0x00, 0x00, 0x00, 0x01, 0x00, 0x00, 0x00, 0x00, 0x00, 0x00, 0x00, 0x00, 0x00, 0x00, 0x00, 0x00,
    0x00, 0x00, 0x00, 0x00, 0x00, 0x00, 0x00, 0x00, 0x00, 0x00, 0x00, 0x00, 0x00, 0x00, 0x00, 0x00,
    0x00, 0x00, 0x00, 0x00, 0x00, 0x00, 0x00, 0x00, 0x00, 0x00, 0x00, 0x00, 0x00, 0x00, 0x00, 0x00,
    0x00, 0x00, 0x00, 0x00, 0x00, 0x00, 0x00, 0x00, 0x00, 0x00, 0x00, 0x00, 0x00, 0x00, 0x00, 0x00,
    0x00, 0x00, 0x00, 0x00, 0x00, 0x00, 0x00, 0x00, 0x00, 0x00, 0x00, 0x00, 0x00, 0x00, 0x00, 0x00,
    0x00, 0x00, 0x00, 0x00, 0x00, 0x00, 0x00, 0x00, 0x00, 0x00, 0x00, 0x00, 0x00, 0x00, 0x00, 0x00,
    0x00, 0x00, 0x00, 0x00, 0x00, 0x00, 0x00, 0x00, 0x00, 0x00, 0x00, 0x00, 0x00, 0x00, 0x00, 0x00,
    0x00, 0x00, 0x00, 0x00, 0x00, 0x00, 0x00, 0x00, 0x00, 0x00, 0x00, 0x01, 0x00, 0x00, 0x00, 0x01,
    0x00, 0x00, 0x00, 0x00, 0x00, 0x00, 0x00, 0x00, 0x00, 0x00, 0x00, 0x00, 0x00, 0x00, 0x00, 0x01,
    0x00, 0x00, 0x00, 0x00, 0x00, 0x00, 0x00, 0x00, 0x00, 0x00, 0x00, 0x01, 0x00, 0x00, 0x00, 0x00,
    0x00, 0x00, 0x00, 0x00, 0x55, 0x55, 0x55, 0x03, 0x55, 0x55, 0x00, 0x03, 0x00, 0x00, 0x00, 0x00,
    0x00, 0x00, 0x00, 0x00, 0x28, 0x28, 0x35, 0x13, 0x2d, 0x2d, 0x2d, 0x64, 0x2e, 0x2f, 0x2c, 0xc1,
    0x33, 0x32, 0x2f, 0xff, 0x41, 0x3e, 0x3b, 0xff, 0x54, 0x52, 0x4d, 0xff, 0x73, 0x6f, 0x6b, 0xfb,
    0x90, 0x8c, 0x87, 0xfd, 0xa3, 0x9f, 0x9b, 0xff, 0xad, 0xa9, 0xa6, 0xff, 0xb2, 0xad, 0xab, 0xff,
    0xbc, 0xb8, 0xb5, 0xff, 0xb3, 0xaf, 0xac, 0xff, 0x81, 0x7e, 0x7a, 0xff, 0x49, 0x46, 0x44, 0xfb,
    0x28, 0x26, 0x24, 0xf3, 0x23, 0x21, 0x1c, 0xf7, 0x2a, 0x27, 0x26, 0xff, 0x33, 0x30, 0x2d, 0xff,
    0x39, 0x36, 0x32, 0xff, 0x32, 0x2f, 0x2a, 0xff, 0x32, 0x2f, 0x2b, 0xff, 0x2d, 0x2c, 0x28, 0xfa,
    0x56, 0x54, 0x4d, 0xfd, 0x68, 0x67, 0x5d, 0xfc, 0x5c, 0x5a, 0x50, 0xfd, 0x5b, 0x58, 0x4f, 0xfe,
    0x5b, 0x59, 0x4f, 0xff, 0x5c, 0x59, 0x50, 0xff, 0x5a, 0x58, 0x4f, 0xff, 0x5b, 0x58, 0x4f, 0xff,
    0x65, 0x63, 0x58, 0xff, 0x66, 0x65, 0x59, 0xff, 0x66, 0x65, 0x5a, 0xff, 0x67, 0x66, 0x59, 0xff,
    0x66, 0x64, 0x5a, 0xff, 0x66, 0x66, 0x5a, 0xff, 0x67, 0x66, 0x5a, 0xff, 0x66, 0x67, 0x5a, 0xff,
    0x67, 0x66, 0x5a, 0xff, 0x67, 0x66, 0x5b, 0xff, 0x67, 0x67, 0x5b, 0xff, 0x67, 0x65, 0x5b, 0xff,
    0x67, 0x67, 0x5c, 0xff, 0x68, 0x67, 0x5c, 0xff, 0x66, 0x67, 0x5c, 0xff, 0x68, 0x67, 0x5b, 0xff,
    0x68, 0x66, 0x5c, 0xff, 0x68, 0x66, 0x5b, 0xff, 0x67, 0x67, 0x5c, 0xff, 0x68, 0x67, 0x5c, 0xff,
    0x68, 0x68, 0x5c, 0xff, 0x69, 0x69, 0x5c, 0xff, 0x69, 0x68, 0x5d, 0xff, 0x68, 0x69, 0x5c, 0xff,
    0x69, 0x69, 0x5d, 0xff, 0x6a, 0x69, 0x5e, 0xff, 0x6a, 0x69, 0x5e, 0xff, 0x65, 0x64, 0x59, 0xfe,
    0x6e, 0x6c, 0x61, 0xff, 0x71, 0x6e, 0x64, 0xea, 0x38, 0x34, 0x2f, 0xd0, 0x29, 0x25, 0x22, 0xeb,
    0x3e, 0x3c, 0x3b, 0xff, 0x4f, 0x4c, 0x49, 0xff, 0x85, 0x80, 0x7a, 0xfd, 0xc1, 0xbc, 0xb9, 0xff,
    0xdc, 0xd8, 0xd4, 0xff, 0xc1, 0xbd, 0xb9, 0xff, 0x79, 0x74, 0x71, 0xff, 0x39, 0x36, 0x32, 0xff,
    0x2d, 0x2b, 0x27, 0xff, 0x2b, 0x2a, 0x26, 0xff, 0x34, 0x33, 0x2e, 0xff, 0x43, 0x42, 0x3b, 0xff,
    0x48, 0x46, 0x3f, 0xff, 0x5c, 0x5b, 0x50, 0xfb, 0x85, 0x83, 0x79, 0xff, 0xb0, 0xaf, 0xa5, 0xff,
    0xa4, 0xa4, 0x9d, 0xe6, 0x71, 0x6f, 0x69, 0x87, 0x00, 0x00, 0x00, 0x14, 0x00, 0x00, 0x00, 0x00,
    0xff, 0xff, 0xff, 0x01, 0x55, 0x55, 0x55, 0x03, 0x00, 0x00, 0x00, 0x00, 0x00, 0x00, 0x00, 0x00,
    0x00, 0x00, 0x00, 0x00, 0x00, 0x00, 0x00, 0x01, 0x00, 0x00, 0x00, 0x00, 0x00, 0x00, 0x00, 0x00,
    0x00, 0x00, 0x00, 0x01, 0x00, 0x00, 0x00, 0x00, 0x00, 0x00, 0x00, 0x00, 0x00, 0x00, 0x00, 0x00,
    0x00, 0x00, 0x00, 0x00, 0x00, 0x00, 0x00, 0x00, 0x00, 0x00, 0x00, 0x00, 0x00, 0x00, 0x00, 0x00,
    0x00, 0x00, 0x00, 0x00, 0x00, 0x00, 0x00, 0x00, 0x00, 0x00, 0x00, 0x00, 0x00, 0x00, 0x00, 0x00,
    0x00, 0x00, 0x00, 0x00, 0x00, 0x00, 0x00, 0x01, 0x00, 0x00, 0x00, 0x00, 0x00, 0x00, 0x00, 0x00,
    0x00, 0x00, 0x00, 0x00, 0x00, 0x00, 0x00, 0x00, 0x00, 0x00, 0x00, 0x01, 0x00, 0x00, 0x00, 0x00,
    0x00, 0x00, 0x00, 0x00, 0x00, 0x00, 0x00, 0x00, 0x00, 0x00, 0x00, 0x00, 0x00, 0x00, 0x00, 0x00,
    0x00, 0x00, 0x00, 0x00, 0x00, 0x00, 0x00, 0x00, 0x00, 0x00, 0x00, 0x01, 0x00, 0x00, 0x00, 0x01,
    0x00, 0x00, 0x00, 0x00, 0x00, 0x00, 0x00, 0x00, 0x00, 0x00, 0x00, 0x00, 0x00, 0x00, 0x00, 0x00,
    0x00, 0x00, 0x00, 0x00, 0x00, 0x00, 0x00, 0x00, 0x00, 0x00, 0x00, 0x00, 0x00, 0x00, 0x00, 0x00,
    0x00, 0x00, 0x00, 0x00, 0x00, 0x00, 0x00, 0x01, 0x00, 0x00, 0x00, 0x00, 0x00, 0x00, 0x00, 0x00,
    0x00, 0x00, 0x00, 0x00, 0x00, 0x00, 0x00, 0x00, 0x00, 0x00, 0x00, 0x00, 0x00, 0x00, 0x00, 0x00,
    0x00, 0x00, 0x00, 0x00, 0x00, 0x00, 0x00, 0x00, 0x00, 0x00, 0x00, 0x00, 0x00, 0x00, 0x00, 0x00,
    0x00, 0x00, 0x00, 0x00, 0x00, 0x00, 0x00, 0x00, 0x00, 0x00, 0x00, 0x00, 0x00, 0x00, 0x00, 0x00,
    0x00, 0x00, 0x00, 0x00, 0x00, 0x00, 0x00, 0x00, 0x00, 0x00, 0x00, 0x01, 0x00, 0x00, 0x00, 0x01,
    0x00, 0x00, 0x00, 0x00, 0x00, 0x00, 0x00, 0x00, 0x00, 0x00, 0x00, 0x00, 0x00, 0x00, 0x00, 0x00,
    0x00, 0x00, 0x00, 0x00, 0x00, 0x00, 0x00, 0x00, 0x00, 0x00, 0x00, 0x00, 0x00, 0x00, 0x00, 0x00,
    0x00, 0x00, 0x00, 0x01, 0x00, 0x00, 0x00, 0x01, 0x00, 0x00, 0x00, 0x00, 0x00, 0x00, 0x00, 0x00,
    0x00, 0x00, 0x00, 0x00, 0x00, 0x00, 0x00, 0x00, 0x00, 0x00, 0x00, 0x00, 0x00, 0x00, 0x00, 0x00,
    0x00, 0x00, 0x00, 0x00, 0x00, 0x00, 0x00, 0x01, 0x00, 0x00, 0x00, 0x01, 0x00, 0x00, 0x00, 0x00,
    0x00, 0x00, 0x00, 0x00, 0x00, 0x00, 0x00, 0x00, 0x00, 0x00, 0x00, 0x00, 0x00, 0x00, 0x00, 0x00,
    0x00, 0x00, 0x00, 0x00, 0x00, 0x00, 0x00, 0x00, 0x00, 0x00, 0x00, 0x00, 0x00, 0x00, 0x00, 0x00,
    0x00, 0x00, 0x00, 0x00, 0x00, 0x00, 0x00, 0x00, 0x00, 0x00, 0x00, 0x00, 0x00, 0x00, 0x00, 0x00,
    0x00, 0x00, 0x00, 0x00, 0x00, 0x00, 0x00, 0x00, 0x00, 0x00, 0x00, 0x00, 0x00, 0x00, 0x00, 0x00,
    0x00, 0x00, 0x00, 0x00, 0x00, 0x00, 0x00, 0x00, 0x00, 0x00, 0x00, 0x00, 0x00, 0x00, 0x00, 0x01,
    0x00, 0x00, 0x00, 0x01, 0x00, 0x00, 0x00, 0x00, 0x00, 0x00, 0x00, 0x01, 0x00, 0x00, 0x00, 0x00,
    0x00, 0x00, 0x00, 0x00, 0x00, 0x00, 0x00, 0x00, 0x00, 0x00, 0x00, 0x00, 0x00, 0x00, 0x00, 0x00,
    0x00, 0x00, 0x00, 0x00, 0x00, 0x00, 0x00, 0x00, 0x00, 0x00, 0x00, 0x00, 0x00, 0x00, 0x00, 0x00,
    0x00, 0x00, 0x00, 0x01, 0x00, 0x00, 0x00, 0x00, 0x00, 0x00, 0x00, 0x00, 0x00, 0x00, 0x00, 0x00,
    0x00, 0x00, 0x00, 0x00, 0x00, 0x00, 0x00, 0x00, 0x00, 0x00, 0x00, 0x00, 0x00, 0x00, 0x00, 0x00,
    0x00, 0x00, 0x00, 0x00, 0x00, 0x00, 0x00, 0x00, 0x00, 0x00, 0x00, 0x00, 0x00, 0x00, 0x00, 0x00,
    0x00, 0x00, 0x00, 0x01, 0x00, 0x00, 0x00, 0x00, 0x00, 0x00, 0x00, 0x00, 0x00, 0x00, 0x00, 0x00,
    0x00, 0x00, 0x00, 0x00, 0x00, 0x00, 0x00, 0x00, 0x00, 0x00, 0x00, 0x00, 0x00, 0x00, 0x00, 0x00,
    0x00, 0x00, 0x00, 0x00, 0x00, 0x00, 0x00, 0x00, 0x00, 0x00, 0x00, 0x00, 0x00, 0x00, 0x00, 0x00,
    0x00, 0x00, 0x00, 0x00, 0x00, 0x00, 0x00, 0x00, 0x00, 0x00, 0x00, 0x00, 0x00, 0x00, 0x00, 0x00,
    0x00, 0x00, 0x00, 0x00, 0x00, 0x00, 0x00, 0x00, 0x00, 0x00, 0x00, 0x00, 0x00, 0x00, 0x00, 0x00,
    0x00, 0x00, 0x00, 0x00, 0x00, 0x00, 0x00, 0x00, 0x00, 0x00, 0x00, 0x00, 0x00, 0x00, 0x00, 0x00,
    0x00, 0x00, 0x00, 0x00, 0x00, 0x00, 0x00, 0x00, 0x00, 0x00, 0x00, 0x00, 0x00, 0x00, 0x00, 0x00,
    0x00, 0x00, 0x00, 0x00, 0x00, 0x00, 0x00, 0x00, 0x00, 0x00, 0x00, 0x00, 0x00, 0x00, 0x00, 0x00,
    0x00, 0x00, 0x00, 0x00, 0x00, 0x00, 0x00, 0x00, 0x00, 0x00, 0x00, 0x00, 0x00, 0x00, 0x00, 0x00,
    0x00, 0x00, 0x00, 0x00, 0x00, 0x00, 0x00, 0x01, 0x00, 0x00, 0x00, 0x00, 0x00, 0x00, 0x00, 0x01,
    0x00, 0x00, 0x00, 0x00, 0x00, 0x00, 0x00, 0x00, 0x00, 0x00, 0x00, 0x00, 0x7f, 0x7f, 0x7f, 0x02,
    0x00, 0x00, 0x00, 0x03, 0x00, 0x00, 0x00, 0x00, 0x00, 0x00, 0x00, 0x00, 0x38, 0x31, 0x31, 0x24,
    0x32, 0x32, 0x30, 0x84, 0x31, 0x2f, 0x2e, 0xdc, 0x37, 0x35, 0x32, 0xff, 0x46, 0x44, 0x3f, 0xff,
    0x61, 0x5e, 0x59, 0xfd, 0x82, 0x7e, 0x79, 0xfc, 0x9d, 0x99, 0x94, 0xfe, 0xaf, 0xaa, 0xa6, 0xff,
    0xb7, 0xb1, 0xaf, 0xff, 0xb7, 0xb2, 0xaf, 0xff, 0xba, 0xb4, 0xb2, 0xff, 0xb6, 0xb1, 0xaf, 0xff,
    0x83, 0x80, 0x7f, 0xff, 0x43, 0x40, 0x41, 0xff, 0x25, 0x23, 0x21, 0xff, 0x28, 0x25, 0x22, 0xff,
    0x33, 0x2f, 0x2b, 0xff, 0x35, 0x30, 0x2e, 0xff, 0x31, 0x2e, 0x29, 0xff, 0x32, 0x2e, 0x2b, 0xff,
    0x36, 0x33, 0x30, 0xff, 0x2b, 0x28, 0x25, 0xff, 0x2c, 0x28, 0x26, 0xff, 0x2a, 0x26, 0x24, 0xfd,
    0x4d, 0x4a, 0x42, 0xfe, 0x60, 0x5f, 0x54, 0xff, 0x54, 0x53, 0x49, 0xff, 0x52, 0x4f, 0x47, 0xff,
    0x53, 0x50, 0x48, 0xff, 0x54, 0x51, 0x49, 0xff, 0x53, 0x51, 0x48, 0xff, 0x50, 0x4e, 0x46, 0xff,
    0x5b, 0x59, 0x4e, 0xff, 0x5c, 0x5b, 0x50, 0xff, 0x5c, 0x5b, 0x4f, 0xff, 0x5c, 0x5b, 0x50, 0xff,
    0x5c, 0x5c, 0x50, 0xff, 0x5c, 0x5c, 0x51, 0xff, 0x5c, 0x5c, 0x50, 0xff, 0x5d, 0x5c, 0x50, 0xff,
    0x5c, 0x5c, 0x4f, 0xff, 0x5d, 0x5d, 0x51, 0xff, 0x5d, 0x5c, 0x52, 0xff, 0x5d, 0x5d, 0x51, 0xff,
    0x5d, 0x5d, 0x50, 0xff, 0x5e, 0x5d, 0x51, 0xff, 0x5d, 0x5d, 0x51, 0xff, 0x5e, 0x5d, 0x51, 0xff,
    0x5e, 0x5d, 0x52, 0xff, 0x5d, 0x5d, 0x52, 0xff, 0x5e, 0x5d, 0x52, 0xff, 0x5e, 0x5e, 0x52, 0xff,
    0x5e, 0x5e, 0x52, 0xff, 0x5f, 0x5d, 0x52, 0xff, 0x5e, 0x5e, 0x53, 0xff, 0x5f, 0x5e, 0x53, 0xff,
    0x5e, 0x5f, 0x52, 0xff, 0x5f, 0x5f, 0x53, 0xff, 0x61, 0x60, 0x55, 0xff, 0x63, 0x61, 0x56, 0xff,
    0x5e, 0x5e, 0x53, 0xfe, 0x61, 0x5f, 0x54, 0xff, 0x66, 0x65, 0x5a, 0xfd, 0x43, 0x40, 0x39, 0xdc,
    0x23, 0x1f, 0x1f, 0xcc, 0x36, 0x33, 0x31, 0xf6, 0x40, 0x3b, 0x39, 0xff, 0x61, 0x5c, 0x58, 0xee,
    0x9e, 0x98, 0x93, 0xfe, 0xd1, 0xcc, 0xc8, 0xff, 0xd6, 0xd1, 0xce, 0xff, 0x97, 0x91, 0x8f, 0xff,
    0x49, 0x45, 0x42, 0xff, 0x2c, 0x2a, 0x26, 0xff, 0x33, 0x33, 0x2c, 0xff, 0x47, 0x49, 0x3d, 0xff,
    0x4d, 0x4e, 0x41, 0xff, 0x4d, 0x4d, 0x41, 0xff, 0x56, 0x55, 0x4b, 0xfe, 0x6a, 0x69, 0x5e, 0xfc,
    0x94, 0x93, 0x89, 0xff, 0xb2, 0xb0, 0xa8, 0xff, 0x9a, 0x98, 0x92, 0xdb, 0x6f, 0x6c, 0x66, 0x55,
    0x00, 0x00, 0x00, 0x01, 0x00, 0x00, 0x00, 0x00, 0x66, 0x66, 0x66, 0x05, 0x00, 0x00, 0x00, 0x01,
    0x00, 0x00, 0x00, 0x00, 0x00, 0x00, 0x00, 0x00, 0x00, 0x00, 0x00, 0x01, 0x00, 0x00, 0x00, 0x00,
    0x00, 0x00, 0x00, 0x00, 0x00, 0x00, 0x00, 0x00, 0x00, 0x00, 0x00, 0x00, 0x00, 0x00, 0x00, 0x00,
    0x00, 0x00, 0x00, 0x00, 0x00, 0x00, 0x00, 0x00, 0x00, 0x00, 0x00, 0x01, 0x00, 0x00, 0x00, 0x01,
    0x00, 0x00, 0x00, 0x00, 0x00, 0x00, 0x00, 0x00, 0x00, 0x00, 0x00, 0x00, 0x00, 0x00, 0x00, 0x00,
    0x00, 0x00, 0x00, 0x00, 0x00, 0x00, 0x00, 0x00, 0x00, 0x00, 0x00, 0x00, 0x00, 0x00, 0x00, 0x00,
    0x00, 0x00, 0x00, 0x00, 0x00, 0x00, 0x00, 0x00, 0x00, 0x00, 0x00, 0x00, 0x00, 0x00, 0x00, 0x00,
    0x00, 0x00, 0x00, 0x00, 0x00, 0x00, 0x00, 0x00, 0x00, 0x00, 0x00, 0x00, 0x00, 0x00, 0x00, 0x00,
    0x00, 0x00, 0x00, 0x01, 0x00, 0x00, 0x00, 0x01, 0x00, 0x00, 0x00, 0x02, 0x00, 0x00, 0x00, 0x00,
    0x00, 0x00, 0x00, 0x00, 0x00, 0x00, 0x00, 0x00, 0x00, 0x00, 0x00, 0x00, 0x00, 0x00, 0x00, 0x00,
    0x00, 0x00, 0x00, 0x00, 0x00, 0x00, 0x00, 0x00, 0x00, 0x00, 0x00, 0x00, 0x00, 0x00, 0x00, 0x00,
    0x00, 0x00, 0x00, 0x00, 0x00, 0x00, 0x00, 0x01, 0x00, 0x00, 0x00, 0x00, 0x00, 0x00, 0x00, 0x01,
    0x00, 0x00, 0x00, 0x00, 0x00, 0x00, 0x00, 0x00, 0x00, 0x00, 0x00, 0x00, 0x00, 0x00, 0x00, 0x00,
    0x00, 0x00, 0x00, 0x00, 0x00, 0x00, 0x00, 0x00, 0x00, 0x00, 0x00, 0x00, 0x00, 0x00, 0x00, 0x00,
    0x00, 0x00, 0x00, 0x00, 0x00, 0x00, 0x00, 0x00, 0x00, 0x00, 0x00, 0x00, 0x00, 0x00, 0x00, 0x00,
    0x00, 0x00, 0x00, 0x00, 0x00, 0x00, 0x00, 0x00, 0x00, 0x00, 0x00, 0x01, 0x00, 0x00, 0x00, 0x00,
    0x00, 0x00, 0x00, 0x00, 0x00, 0x00, 0x00, 0x00, 0x00, 0x00, 0x00, 0x00, 0x00, 0x00, 0x00, 0x00,
    0x00, 0x00, 0x00, 0x00, 0x00, 0x00, 0x00, 0x00, 0x00, 0x00, 0x00, 0x00, 0x00, 0x00, 0x00, 0x00,
    0x00, 0x00, 0x00, 0x00, 0x00, 0x00, 0x00, 0x00, 0x00, 0x00, 0x00, 0x00, 0x00, 0x00, 0x00, 0x00,
    0x00, 0x00, 0x00, 0x02, 0x00, 0x00, 0x00, 0x01, 0x00, 0x00, 0x00, 0x00, 0x00, 0x00, 0x00, 0x00,
    0x00, 0x00, 0x00, 0x00, 0x00, 0x00, 0x00, 0x00, 0x00, 0x00, 0x00, 0x00, 0x00, 0x00, 0x00, 0x00,
    0x00, 0x00, 0x00, 0x00, 0x00, 0x00, 0x00, 0x00, 0x00, 0x00, 0x00, 0x00, 0x00, 0x00, 0x00, 0x00,
    0x00, 0x00, 0x00, 0x00, 0x00, 0x00, 0x00, 0x00, 0x00, 0x00, 0x00, 0x00, 0x00, 0x00, 0x00, 0x00,
    0x00, 0x00, 0x00, 0x00, 0x00, 0x00, 0x00, 0x00, 0x00, 0x00, 0x00, 0x00, 0x00, 0x00, 0x00, 0x00,
    0x00, 0x00, 0x00, 0x01, 0x00, 0x00, 0x00, 0x00, 0x00, 0x00, 0x00, 0x00, 0x00, 0x00, 0x00, 0x00,
    0x00, 0x00, 0x00, 0x01, 0x00, 0x00, 0x00, 0x00, 0x00, 0x00, 0x00, 0x00, 0x00, 0x00, 0x00, 0x01,
    0x00, 0x00, 0x00, 0x02, 0x00, 0x00, 0x00, 0x00, 0x00, 0x00, 0x00, 0x01, 0x00, 0x00, 0x00, 0x01,
    0x00, 0x00, 0x00, 0x00, 0x00, 0x00, 0x00, 0x00, 0x00, 0x00, 0x00, 0x01, 0x00, 0x00, 0x00, 0x00,
    0x00, 0x00, 0x00, 0x00, 0x00, 0x00, 0x00, 0x00, 0x00, 0x00, 0x00, 0x00, 0x00, 0x00, 0x00, 0x01,
    0x00, 0x00, 0x00, 0x03, 0x00, 0x00, 0x00, 0x01, 0x00, 0x00, 0x00, 0x00, 0x00, 0x00, 0x00, 0x00,
    0x00, 0x00, 0x00, 0x01, 0x00, 0x00, 0x00, 0x02, 0x00, 0x00, 0x00, 0x01, 0x00, 0x00, 0x00, 0x00,
    0x00, 0x00, 0x00, 0x00, 0x00, 0x00, 0x00, 0x00, 0x00, 0x00, 0x00, 0x00, 0x00, 0x00, 0x00, 0x00,
    0x00, 0x00, 0x00, 0x00, 0x00, 0x00, 0x00, 0x00, 0x00, 0x00, 0x00, 0x00, 0x00, 0x00, 0x00, 0x00,
    0x00, 0x00, 0x00, 0x00, 0x00, 0x00, 0x00, 0x00, 0x00, 0x00, 0x00, 0x00, 0x00, 0x00, 0x00, 0x00,
    0x00, 0x00, 0x00, 0x00, 0x00, 0x00, 0x00, 0x00, 0x00, 0x00, 0x00, 0x00, 0x00, 0x00, 0x00, 0x00,
    0x00, 0x00, 0x00, 0x00, 0x00, 0x00, 0x00, 0x00, 0x00, 0x00, 0x00, 0x00, 0x00, 0x00, 0x00, 0x00,
    0x00, 0x00, 0x00, 0x00, 0x00, 0x00, 0x00, 0x00, 0x00, 0x00, 0x00, 0x00, 0x00, 0x00, 0x00, 0x00,
    0x00, 0x00, 0x00, 0x00, 0x00, 0x00, 0x00, 0x00, 0x00, 0x00, 0x00, 0x00, 0x00, 0x00, 0x00, 0x00,
    0x00, 0x00, 0x00, 0x00, 0x00, 0x00, 0x00, 0x01, 0x00, 0x00, 0x00, 0x00, 0x00, 0x00, 0x00, 0x00,
    0x00, 0x00, 0x00, 0x00, 0x00, 0x00, 0x00, 0x00, 0x00, 0x00, 0x00, 0x01, 0x00, 0x00, 0x00, 0x01,
    0x00, 0x00, 0x00, 0x00, 0x00, 0x00, 0x00, 0x00, 0x00, 0x00, 0x00, 0x00, 0x00, 0x00, 0x00, 0x00,
    0x00, 0x00, 0x00, 0x00, 0x00, 0x00, 0x00, 0x00, 0x00, 0x00, 0x00, 0x00, 0x00, 0x00, 0x00, 0x00,
    0x00, 0x00, 0x00, 0x01, 0x3f, 0x3f, 0x3f, 0x04, 0x00, 0x00, 0x00, 0x00, 0x00, 0x00, 0x00, 0x00,
    0x00, 0x00, 0x00, 0x00, 0x31, 0x31, 0x31, 0x3e, 0x2f, 0x2f, 0x2d, 0x9c, 0x33, 0x30, 0x2f, 0xf0,
    0x3f, 0x3b, 0x39, 0xff, 0x52, 0x4f, 0x4a, 0xff, 0x71, 0x6d, 0x67, 0xfb, 0x91, 0x8d, 0x88, 0xfc,
    0xa9, 0xa4, 0xa0, 0xff, 0xb6, 0xb2, 0xad, 0xff, 0xba, 0xb6, 0xb2, 0xff, 0xbb, 0xb5, 0xb2, 0xff,
    0xb6, 0xb1, 0xae, 0xff, 0xb3, 0xaf, 0xab, 0xff, 0xa4, 0xa0, 0x9d, 0xff, 0x50, 0x4c, 0x4a, 0xff,
    0x24, 0x21, 0x20, 0xff, 0x29, 0x26, 0x24, 0xff, 0x31, 0x2e, 0x2a, 0xff, 0x32, 0x2d, 0x2a, 0xff,
    0x30, 0x2b, 0x27, 0xff, 0x2e, 0x29, 0x26, 0xff, 0x2e, 0x2a, 0x26, 0xff, 0x2e, 0x2c, 0x27, 0xff,
    0x33, 0x30, 0x2c, 0xff, 0x27, 0x22, 0x23, 0xff, 0x26, 0x22, 0x21, 0xff, 0x26, 0x22, 0x22, 0xff,
    0x40, 0x3d, 0x38, 0xff, 0x56, 0x55, 0x49, 0xff, 0x4b, 0x48, 0x3f, 0xff, 0x47, 0x44, 0x3c, 0xff,
    0x48, 0x47, 0x3e, 0xff, 0x49, 0x48, 0x3f, 0xff, 0x4c, 0x4a, 0x41, 0xff, 0x47, 0x44, 0x3c, 0xff,
    0x50, 0x4e, 0x44, 0xff, 0x53, 0x52, 0x47, 0xff, 0x52, 0x50, 0x45, 0xff, 0x52, 0x51, 0x46, 0xff,
    0x52, 0x52, 0x47, 0xff, 0x52, 0x51, 0x47, 0xff, 0x52, 0x51, 0x46, 0xff, 0x53, 0x52, 0x47, 0xff,
    0x52, 0x52, 0x48, 0xff, 0x53, 0x53, 0x47, 0xff, 0x53, 0x53, 0x48, 0xff, 0x53, 0x53, 0x47, 0xff,
    0x53, 0x53, 0x46, 0xff, 0x54, 0x53, 0x47, 0xff, 0x54, 0x53, 0x48, 0xff, 0x54, 0x53, 0x48, 0xff,
    0x54, 0x54, 0x48, 0xff, 0x53, 0x53, 0x48, 0xff, 0x54, 0x53, 0x48, 0xff, 0x54, 0x54, 0x47, 0xff,
    0x54, 0x54, 0x48, 0xff, 0x55, 0x54, 0x48, 0xff, 0x55, 0x54, 0x48, 0xff, 0x53, 0x54, 0x48, 0xff,
    0x54, 0x53, 0x47, 0xff, 0x55, 0x55, 0x49, 0xff, 0x55, 0x56, 0x49, 0xff, 0x57, 0x56, 0x4a, 0xff,
    0x58, 0x59, 0x4d, 0xff, 0x55, 0x54, 0x49, 0xfe, 0x50, 0x4e, 0x44, 0xfe, 0x59, 0x58, 0x4d, 0xff,
    0x4b, 0x48, 0x3f, 0xd4, 0x23, 0x21, 0x1e, 0x9e, 0x2a, 0x27, 0x27, 0xdc, 0x36, 0x32, 0x30, 0xed,
    0x4c, 0x48, 0x44, 0xe6, 0x80, 0x7b, 0x76, 0xfb, 0xbf, 0xba, 0xb7, 0xff, 0xdc, 0xd8, 0xd5, 0xff,
    0xb2, 0xac, 0xa9, 0xff, 0x61, 0x5b, 0x58, 0xff, 0x32, 0x2f, 0x2a, 0xff, 0x33, 0x34, 0x2c, 0xff,
    0x47, 0x48, 0x3d, 0xff, 0x50, 0x52, 0x44, 0xff, 0x4c, 0x4c, 0x40, 0xff, 0x4e, 0x4e, 0x42, 0xff,
    0x57, 0x57, 0x4c, 0xfe, 0x70, 0x6f, 0x66, 0xfb, 0x9f, 0x9d, 0x93, 0xff, 0xad, 0xab, 0xa2, 0xff,
    0x91, 0x90, 0x8a, 0xad, 0x55, 0x50, 0x50, 0x33, 0x00, 0x00, 0x00, 0x00, 0x00, 0x00, 0x00, 0x00,
    0xbf, 0xbf, 0xbf, 0x04, 0x00, 0x00, 0x00, 0x01, 0x00, 0x00, 0x00, 0x00, 0x00, 0x00, 0x00, 0x01,
    0x00, 0x00, 0x00, 0x00, 0x00, 0x00, 0x00, 0x00, 0x00, 0x00, 0x00, 0x00, 0x00, 0x00, 0x00, 0x00,
    0x00, 0x00, 0x00, 0x01, 0x00, 0x00, 0x00, 0x01, 0x00, 0x00, 0x00, 0x00, 0x00, 0x00, 0x00, 0x00,
    0x00, 0x00, 0x00, 0x00, 0x00, 0x00, 0x00, 0x00, 0x00, 0x00, 0x00, 0x00, 0x00, 0x00, 0x00, 0x00,
    0x00, 0x00, 0x00, 0x00, 0x00, 0x00, 0x00, 0x00, 0x00, 0x00, 0x00, 0x00, 0x00, 0x00, 0x00, 0x00,
    0x00, 0x00, 0x00, 0x00, 0x00, 0x00, 0x00, 0x00, 0x00, 0x00, 0x00, 0x00, 0x00, 0x00, 0x00, 0x01,
    0x00, 0x00, 0x00, 0x01, 0x00, 0x00, 0x00, 0x00, 0x00, 0x00, 0x00, 0x00, 0x00, 0x00, 0x00, 0x00,
    0x00, 0x00, 0x00, 0x00, 0x00, 0x00, 0x00, 0x00, 0x00, 0x00, 0x00, 0x00, 0x00, 0x00, 0x00, 0x00,
    0x00, 0x00, 0x00, 0x00, 0x00, 0x00, 0x00, 0x00, 0x00, 0x00, 0x00, 0x00, 0x00, 0x00, 0x00, 0x00,
    0x00, 0x00, 0x00, 0x00, 0x00, 0x00, 0x00, 0x00, 0x00, 0x00, 0x00, 0x00, 0x00, 0x00, 0x00, 0x00,
    0x00, 0x00, 0x00, 0x00, 0x00, 0x00, 0x00, 0x00, 0x00, 0x00, 0x00, 0x00, 0x00, 0x00, 0x00, 0x01,
    0x00, 0x00, 0x00, 0x01, 0x00, 0x00, 0x00, 0x00, 0x00, 0x00, 0x00, 0x00, 0x00, 0x00, 0x00, 0x00,
    0x00, 0x00, 0x00, 0x01, 0x00, 0x00, 0x00, 0x01, 0x00, 0x00, 0x00, 0x00, 0x00, 0x00, 0x00, 0x00,
    0x00, 0x00, 0x00, 0x00, 0x00, 0x00, 0x00, 0x00, 0x00, 0x00, 0x00, 0x00, 0x00, 0x00, 0x00, 0x00,
    0x00, 0x00, 0x00, 0x00, 0x00, 0x00, 0x00, 0x00, 0x00, 0x00, 0x00, 0x00, 0x00, 0x00, 0x00, 0x00,
    0x00, 0x00, 0x00, 0x00, 0x00, 0x00, 0x00, 0x00, 0x00, 0x00, 0x00, 0x00, 0x00, 0x00, 0x00, 0x00,
    0x00, 0x00, 0x00, 0x00, 0x00, 0x00, 0x00, 0x00, 0x00, 0x00, 0x00, 0x01, 0x00, 0x00, 0x00, 0x01,
    0x00, 0x00, 0x00, 0x00, 0x00, 0x00, 0x00, 0x00, 0x00, 0x00, 0x00, 0x00, 0x00, 0x00, 0x00, 0x00,
    0x00, 0x00, 0x00, 0x01, 0x00, 0x00, 0x00, 0x00, 0x00, 0x00, 0x00, 0x00, 0x00, 0x00, 0x00, 0x00,
    0x00, 0x00, 0x00, 0x00, 0x00, 0x00, 0x00, 0x00, 0x00, 0x00, 0x00, 0x00, 0x00, 0x00, 0x00, 0x00,
    0x00, 0x00, 0x00, 0x00, 0x00, 0x00, 0x00, 0x00, 0x00, 0x00, 0x00, 0x01, 0x00, 0x00, 0x00, 0x00,
    0x00, 0x00, 0x00, 0x00, 0x00, 0x00, 0x00, 0x01, 0x00, 0x00, 0x00, 0x02, 0x00, 0x00, 0x00, 0x00,
    0x00, 0x00, 0x00, 0x00, 0x00, 0x00, 0x00, 0x00, 0x00, 0x00, 0x00, 0x00, 0x00, 0x00, 0x00, 0x00,
    0x00, 0x00, 0x00, 0x00, 0x00, 0x00, 0x00, 0x00, 0x00, 0x00, 0x00, 0x00, 0x00, 0x00, 0x00, 0x00,
    0x00, 0x00, 0x00, 0x01, 0x00, 0x00, 0x00, 0x00, 0x00, 0x00, 0x00, 0x00, 0x00, 0x00, 0x00, 0x00,
    0x00, 0x00, 0x00, 0x00, 0x00, 0x00, 0x00, 0x00, 0x00, 0x00, 0x00, 0x00, 0x00, 0x00, 0x00, 0x00,
    0x00, 0x00, 0x00, 0x00, 0x00, 0x00, 0x00, 0x00, 0x00, 0x00, 0x00, 0x01, 0x00, 0x00, 0x00, 0x01,
    0x00, 0x00, 0x00, 0x00, 0x00, 0x00, 0x00, 0x00, 0x00, 0x00, 0x00, 0x00, 0x00, 0x00, 0x00, 0x00,
    0x00, 0x00, 0x00, 0x02, 0x00, 0x00, 0x00, 0x00, 0x00, 0x00, 0x00, 0x00, 0x00, 0x00, 0x00, 0x00,
    0x00, 0x00, 0x00, 0x01, 0x00, 0x00, 0x00, 0x01, 0x00, 0x00, 0x00, 0x00, 0x00, 0x00, 0x00, 0x00,
    0x00, 0x00, 0x00, 0x00, 0x00, 0x00, 0x00, 0x00, 0x00, 0x00, 0x00, 0x00, 0x00, 0x00, 0x00, 0x00,
    0x00, 0x00, 0x00, 0x00, 0x00, 0x00, 0x00, 0x00, 0x00, 0x00, 0x00, 0x00, 0x00, 0x00, 0x00, 0x00,
    0x00, 0x00, 0x00, 0x00, 0x00, 0x00, 0x00, 0x00, 0x00, 0x00, 0x00, 0x00, 0x00, 0x00, 0x00, 0x00,
    0x00, 0x00, 0x00, 0x00, 0x00, 0x00, 0x00, 0x00, 0x00, 0x00, 0x00, 0x00, 0x00, 0x00, 0x00, 0x00,
    0x00, 0x00, 0x00, 0x00, 0x00, 0x00, 0x00, 0x00, 0x00, 0x00, 0x00, 0x00, 0x00, 0x00, 0x00, 0x00,
    0x00, 0x00, 0x00, 0x00, 0x00, 0x00, 0x00, 0x00, 0x00, 0x00, 0x00, 0x00, 0x00, 0x00, 0x00, 0x00,
    0x00, 0x00, 0x00, 0x00, 0x00, 0x00, 0x00, 0x00, 0x00, 0x00, 0x00, 0x00, 0x00, 0x00, 0x00, 0x00,
    0x00, 0x00, 0x00, 0x01, 0x00, 0x00, 0x00, 0x00, 0x00, 0x00, 0x00, 0x00, 0x00, 0x00, 0x00, 0x00,
    0x00, 0x00, 0x00, 0x00, 0x00, 0x00, 0x00, 0x00, 0x00, 0x00, 0x00, 0x01, 0x00, 0x00, 0x00, 0x00,
    0x00, 0x00, 0x00, 0x01, 0x00, 0x00, 0x00, 0x00, 0x00, 0x00, 0x00, 0x00, 0x00, 0x00, 0x00, 0x00,
    0x00, 0x00, 0x00, 0x00, 0x00, 0x00, 0x00, 0x00, 0x00, 0x00, 0x00, 0x01, 0x55, 0x55, 0x55, 0x03,
    0x00, 0x00, 0x00, 0x00, 0x00, 0x00, 0x00, 0x00, 0x1f, 0x3f, 0x3f, 0x08, 0x2e, 0x32, 0x32, 0x47,
    0x32, 0x30, 0x30, 0xb2, 0x36, 0x33, 0x32, 0xf6, 0x45, 0x41, 0x40, 0xff, 0x5e, 0x5b, 0x57, 0xff,
    0x7f, 0x7b, 0x78, 0xfc, 0x9f, 0x9a, 0x98, 0xfd, 0xb5, 0xb0, 0xae, 0xff, 0xbf, 0xba, 0xb7, 0xff,
    0xc0, 0xbc, 0xb8, 0xff, 0xbc, 0xb8, 0xb4, 0xff, 0xb8, 0xb3, 0xb0, 0xff, 0xb5, 0xaf, 0xac, 0xff,
    0xac, 0xa8, 0xa3, 0xff, 0xac, 0xa7, 0xa3, 0xff, 0x64, 0x5f, 0x5c, 0xff, 0x22, 0x1f, 0x1e, 0xff,
    0x2e, 0x2b, 0x28, 0xff, 0x2d, 0x29, 0x25, 0xff, 0x2b, 0x27, 0x23, 0xff, 0x2a, 0x26, 0x25, 0xff,
    0x29, 0x25, 0x24, 0xff, 0x2a, 0x24, 0x23, 0xff, 0x29, 0x24, 0x23, 0xff, 0x29, 0x24, 0x23, 0xff,
    0x2e, 0x2b, 0x28, 0xff, 0x21, 0x1c, 0x1c, 0xff, 0x1e, 0x1b, 0x1a, 0xff, 0x1f, 0x1c, 0x1b, 0xfe,
    0x37, 0x36, 0x2f, 0xfc, 0x4e, 0x4d, 0x41, 0xff, 0x44, 0x42, 0x38, 0xff, 0x3d, 0x3c, 0x34, 0xff,
    0x3e, 0x3d, 0x35, 0xff, 0x3e, 0x3e, 0x37, 0xff, 0x41, 0x40, 0x38, 0xff, 0x3d, 0x3a, 0x33, 0xff,
    0x45, 0x43, 0x3a, 0xff, 0x4a, 0x48, 0x3e, 0xff, 0x49, 0x47, 0x3d, 0xff, 0x49, 0x48, 0x3d, 0xff,
    0x4a, 0x48, 0x3d, 0xff, 0x49, 0x48, 0x3d, 0xff, 0x49, 0x49, 0x3d, 0xff, 0x49, 0x49, 0x3e, 0xff,
    0x49, 0x49, 0x3f, 0xff, 0x4a, 0x49, 0x3e, 0xff, 0x4a, 0x4a, 0x3e, 0xff, 0x4a, 0x49, 0x3e, 0xff,
    0x49, 0x4a, 0x3f, 0xff, 0x4a, 0x49, 0x3e, 0xff, 0x4a, 0x49, 0x3f, 0xff, 0x4a, 0x49, 0x3e, 0xff,
    0x4a, 0x49, 0x3e, 0xff, 0x4a, 0x49, 0x3f, 0xff, 0x4a, 0x48, 0x3f, 0xff, 0x4b, 0x4a, 0x3f, 0xff,
    0x4b, 0x4a, 0x3f, 0xff, 0x4c, 0x4a, 0x3f, 0xff, 0x4b, 0x4a, 0x3f, 0xff, 0x4b, 0x4b, 0x40, 0xff,
    0x4c, 0x4b, 0x3f, 0xff, 0x4c, 0x4b, 0x40, 0xff, 0x4c, 0x4b, 0x41, 0xff, 0x4d, 0x4c, 0x41, 0xff,
    0x4c, 0x4b, 0x41, 0xff, 0x4d, 0x4c, 0x42, 0xff, 0x4d, 0x4c, 0x42, 0xff, 0x44, 0x44, 0x39, 0xfd,
    0x47, 0x45, 0x3a, 0xff, 0x47, 0x44, 0x3b, 0xe8, 0x2b, 0x28, 0x21, 0x9e, 0x21, 0x20, 0x1e, 0xbe,
    0x33, 0x30, 0x2f, 0xf6, 0x3d, 0x39, 0x36, 0xe7, 0x67, 0x62, 0x5f, 0xf1, 0xa9, 0xa4, 0x9f, 0xff,
    0xd9, 0xd5, 0xd1, 0xff, 0xc7, 0xc3, 0xc0, 0xff, 0x7a, 0x75, 0x73, 0xff, 0x3d, 0x3b, 0x37, 0xff,
    0x31, 0x30, 0x2a, 0xff, 0x43, 0x42, 0x38, 0xff, 0x52, 0x54, 0x45, 0xff, 0x4e, 0x4f, 0x40, 0xff,
    0x48, 0x4a, 0x3d, 0xff, 0x4e, 0x4e, 0x42, 0xff, 0x57, 0x57, 0x4c, 0xfd, 0x79, 0x78, 0x6d, 0xfc,
    0xa8, 0xa7, 0x9c, 0xff, 0xab, 0xa8, 0xa1, 0xef, 0x90, 0x8c, 0x87, 0x88, 0x1a, 0x1a, 0x1a, 0x13,
    0x00, 0x00, 0x00, 0x00, 0xff, 0xff, 0xff, 0x01, 0x55, 0x55, 0x55, 0x03, 0x00, 0x00, 0x00, 0x01,
    0x00, 0x00, 0x00, 0x01, 0x00, 0x00, 0x00, 0x00, 0x00, 0x00, 0x00, 0x00, 0x00, 0x00, 0x00, 0x00,
    0x00, 0x00, 0x00, 0x00, 0x00, 0x00, 0x00, 0x00, 0x00, 0x00, 0x00, 0x01, 0x00, 0x00, 0x00, 0x01,
    0x00, 0x00, 0x00, 0x00, 0x00, 0x00, 0x00, 0x00, 0x00, 0x00, 0x00, 0x00, 0x00, 0x00, 0x00, 0x00,
    0x00, 0x00, 0x00, 0x00, 0x00, 0x00, 0x00, 0x00, 0x00, 0x00, 0x00, 0x00, 0x00, 0x00, 0x00, 0x00,
    0x00, 0x00, 0x00, 0x00, 0x00, 0x00, 0x00, 0x00, 0x00, 0x00, 0x00, 0x00, 0x00, 0x00, 0x00, 0x00,
    0x00, 0x00, 0x00, 0x00, 0x00, 0x00, 0x00, 0x01, 0x00, 0x00, 0x00, 0x00, 0x00, 0x00, 0x00, 0x00,
    0x00, 0x00, 0x00, 0x00, 0x00, 0x00, 0x00, 0x00, 0x00, 0x00, 0x00, 0x00, 0x00, 0x00, 0x00, 0x01,
    0x00, 0x00, 0x00, 0x00, 0x00, 0x00, 0x00, 0x00, 0x00, 0x00, 0x00, 0x00, 0x00, 0x00, 0x00, 0x00,
    0x00, 0x00, 0x00, 0x00, 0x00, 0x00, 0x00, 0x00, 0x00, 0x00, 0x00, 0x00, 0x00, 0x00, 0x00, 0x00,
    0x00, 0x00, 0x00, 0x00, 0x00, 0x00, 0x00, 0x00, 0x00, 0x00, 0x00, 0x00, 0x00, 0x00, 0x00, 0x00,
    0x00, 0x00, 0x00, 0x00, 0x00, 0x00, 0x00, 0x00, 0x00, 0x00, 0x00, 0x00, 0x00, 0x00, 0x00, 0x00,
    0x00, 0x00, 0x00, 0x00, 0x00, 0x00, 0x00, 0x00, 0x00, 0x00, 0x00, 0x00, 0x00, 0x00, 0x00, 0x00,
    0x00, 0x00, 0x00, 0x00, 0x00, 0x00, 0x00, 0x00, 0x00, 0x00, 0x00, 0x00, 0x00, 0x00, 0x00, 0x00,
    0x00, 0x00, 0x00, 0x00, 0x00, 0x00, 0x00, 0x00, 0x00, 0x00, 0x00, 0x00, 0x00, 0x00, 0x00, 0x00,
    0x00, 0x00, 0x00, 0x00, 0x00, 0x00, 0x00, 0x00, 0x00, 0x00, 0x00, 0x00, 0x00, 0x00, 0x00, 0x00,
    0x00, 0x00, 0x00, 0x00, 0x00, 0x00, 0x00, 0x00, 0x00, 0x00, 0x00, 0x00, 0x00, 0x00, 0x00, 0x00,
    0x00, 0x00, 0x00, 0x01, 0x00, 0x00, 0x00, 0x00, 0x00, 0x00, 0x00, 0x00, 0x00, 0x00, 0x00, 0x00,
    0x00, 0x00, 0x00, 0x00, 0x00, 0x00, 0x00, 0x00, 0x00, 0x00, 0x00, 0x00, 0x00, 0x00, 0x00, 0x00,
    0x00, 0x00, 0x00, 0x00, 0x00, 0x00, 0x00, 0x00, 0x00, 0x00, 0x00, 0x00, 0x00, 0x00, 0x00, 0x00,
    0x00, 0x00, 0x00, 0x00, 0x00, 0x00, 0x00, 0x00, 0x00, 0x00, 0x00, 0x00, 0x00, 0x00, 0x00, 0x01,
    0x00, 0x00, 0x00, 0x01, 0x00, 0x00, 0x00, 0x01, 0x00, 0x00, 0x00, 0x01, 0x00, 0x00, 0x00, 0x01,
    0x00, 0x00, 0x00, 0x00, 0x00, 0x00, 0x00, 0x00, 0x00, 0x00, 0x00, 0x00, 0x00, 0x00, 0x00, 0x00,
    0x00, 0x00, 0x00, 0x00, 0x00, 0x00, 0x00, 0x01, 0x00, 0x00, 0x00, 0x01, 0x00, 0x00, 0x00, 0x00,
    0x00, 0x00, 0x00, 0x00, 0x00, 0x00, 0x00, 0x01, 0x00, 0x00, 0x00, 0x00, 0x00, 0x00, 0x00, 0x00,
    0x00, 0x00, 0x00, 0x00, 0x00, 0x00, 0x00, 0x00, 0x00, 0x00, 0x00, 0x00, 0x00, 0x00, 0x00, 0x00,
    0x00, 0x00, 0x00, 0x00, 0x00, 0x00, 0x00, 0x00, 0x00, 0x00, 0x00, 0x00, 0x00, 0x00, 0x00, 0x00,
    0x00, 0x00, 0x00, 0x00, 0x00, 0x00, 0x00, 0x00, 0x00, 0x00, 0x00, 0x00, 0x00, 0x00, 0x00, 0x00,
    0x00, 0x00, 0x00, 0x00, 0x00, 0x00, 0x00, 0x01, 0x00, 0x00, 0x00, 0x01, 0x00, 0x00, 0x00, 0x00,
    0x00, 0x00, 0x00, 0x00, 0x00, 0x00, 0x00, 0x01, 0x00, 0x00, 0x00, 0x01, 0x00, 0x00, 0x00, 0x00,
    0x00, 0x00, 0x00, 0x00, 0x00, 0x00, 0x00, 0x00, 0x00, 0x00, 0x00, 0x00, 0x00, 0x00, 0x00, 0x00,
    0x00, 0x00, 0x00, 0x00, 0x00, 0x00, 0x00, 0x00, 0x00, 0x00, 0x00, 0x00, 0x00, 0x00, 0x00, 0x00,
    0x00, 0x00, 0x00, 0x00, 0x00, 0x00, 0x00, 0x01, 0x00, 0x00, 0x00, 0x01, 0x00, 0x00, 0x00, 0x01,
    0x00, 0x00, 0x00, 0x01, 0x00, 0x00, 0x00, 0x00, 0x00, 0x00, 0x00, 0x00, 0x00, 0x00, 0x00, 0x00,
    0x00, 0x00, 0x00, 0x00, 0x00, 0x00, 0x00, 0x00, 0x00, 0x00, 0x00, 0x00, 0x00, 0x00, 0x00, 0x00,
    0x00, 0x00, 0x00, 0x00, 0x00, 0x00, 0x00, 0x00, 0x00, 0x00, 0x00, 0x01, 0x00, 0x00, 0x00, 0x00,
    0x00, 0x00, 0x00, 0x00, 0x00, 0x00, 0x00, 0x00, 0x00, 0x00, 0x00, 0x00, 0x00, 0x00, 0x00, 0x01,
    0x00, 0x00, 0x00, 0x01, 0x00, 0x00, 0x00, 0x00, 0x00, 0x00, 0x00, 0x00, 0x00, 0x00, 0x00, 0x00,
    0x00, 0x00, 0x00, 0x01, 0x00, 0x00, 0x00, 0x00, 0x00, 0x00, 0x00, 0x01, 0x00, 0x00, 0x00, 0x01,
    0x00, 0x00, 0x00, 0x00, 0x00, 0x00, 0x00, 0x00, 0x00, 0x00, 0x00, 0x00, 0x00, 0x00, 0x00, 0x01,
    0x00, 0x00, 0x00, 0x03, 0x3f, 0x3f, 0x3f, 0x04, 0x00, 0x00, 0x00, 0x00, 0x00, 0x00, 0x00, 0x00,
    0x2f, 0x2f, 0x2f, 0x10, 0x33, 0x30, 0x30, 0x5f, 0x30, 0x2f, 0x2f, 0xc6, 0x39, 0x37, 0x34, 0xff,
    0x4e, 0x4a, 0x47, 0xff, 0x67, 0x62, 0x5e, 0xff, 0x89, 0x85, 0x81, 0xfb, 0xa8, 0xa4, 0xa0, 0xfe,
    0xbc, 0xb8, 0xb6, 0xff, 0xc5, 0xc0, 0xbd, 0xff, 0xc4, 0xbf, 0xbd, 0xff, 0xc1, 0xbd, 0xba, 0xff,
    0xbc, 0xb7, 0xb4, 0xff, 0xb5, 0xb0, 0xad, 0xff, 0xaf, 0xab, 0xa6, 0xff, 0xa7, 0xa3, 0x9f, 0xff,
    0x9f, 0x9a, 0x96, 0xff, 0x9e, 0x99, 0x95, 0xff, 0x68, 0x64, 0x61, 0xff, 0x2a, 0x28, 0x24, 0xff,
    0x24, 0x20, 0x1c, 0xff, 0x25, 0x22, 0x1e, 0xff, 0x24, 0x21, 0x1c, 0xff, 0x24, 0x1f, 0x1e, 0xff,
    0x23, 0x1f, 0x1e, 0xff, 0x23, 0x1e, 0x1b, 0xff, 0x23, 0x1f, 0x1c, 0xff, 0x20, 0x1d, 0x1c, 0xff,
    0x26, 0x24, 0x23, 0xff, 0x1d, 0x19, 0x18, 0xff, 0x19, 0x14, 0x15, 0xff, 0x1a, 0x15, 0x15, 0xfe,
    0x2e, 0x2e, 0x29, 0xfe, 0x46, 0x46, 0x3b, 0xff, 0x3d, 0x3c, 0x32, 0xff, 0x35, 0x34, 0x2e, 0xff,
    0x34, 0x36, 0x2e, 0xff, 0x35, 0x35, 0x2f, 0xff, 0x38, 0x36, 0x31, 0xff, 0x32, 0x2f, 0x2b, 0xff,
    0x39, 0x38, 0x30, 0xff, 0x42, 0x42, 0x38, 0xff, 0x42, 0x41, 0x37, 0xff, 0x42, 0x40, 0x37, 0xff,
    0x42, 0x3f, 0x37, 0xff, 0x42, 0x41, 0x36, 0xff, 0x41, 0x41, 0x36, 0xff, 0x42, 0x41, 0x36, 0xff,
    0x42, 0x41, 0x37, 0xff, 0x42, 0x41, 0x37, 0xff, 0x42, 0x42, 0x37, 0xff, 0x42, 0x42, 0x36, 0xff,
    0x42, 0x42, 0x37, 0xff, 0x42, 0x42, 0x37, 0xff, 0x42, 0x41, 0x37, 0xff, 0x42, 0x40, 0x37, 0xff,
    0x42, 0x40, 0x37, 0xff, 0x43, 0x41, 0x37, 0xff, 0x42, 0x41, 0x38, 0xff, 0x42, 0x41, 0x36, 0xff,
    0x42, 0x41, 0x37, 0xff, 0x43, 0x42, 0x38, 0xff, 0x43, 0x41, 0x37, 0xff, 0x45, 0x42, 0x38, 0xff,
    0x44, 0x43, 0x38, 0xff, 0x44, 0x42, 0x38, 0xff, 0x44, 0x42, 0x39, 0xff, 0x44, 0x42, 0x38, 0xff,
    0x44, 0x42, 0x39, 0xff, 0x43, 0x43, 0x38, 0xff, 0x43, 0x43, 0x38, 0xff, 0x46, 0x44, 0x39, 0xff,
    0x3f, 0x3e, 0x33, 0xfe, 0x3a, 0x39, 0x2e, 0xff, 0x3d, 0x3b, 0x32, 0xff, 0x31, 0x2f, 0x29, 0xb3,
    0x1c, 0x1a, 0x19, 0xac, 0x2c, 0x2a, 0x29, 0xeb, 0x38, 0x34, 0x34, 0xe8, 0x53, 0x4e, 0x4b, 0xfa,
    0x94, 0x91, 0x8c, 0xff, 0xd1, 0xce, 0xcb, 0xff, 0xd5, 0xd1, 0xcf, 0xfe, 0x92, 0x8d, 0x8a, 0xff,
    0x4b, 0x47, 0x44, 0xff, 0x31, 0x30, 0x2a, 0xff, 0x39, 0x3a, 0x2f, 0xff, 0x4c, 0x4d, 0x3f, 0xff,
    0x4f, 0x50, 0x43, 0xff, 0x47, 0x46, 0x3b, 0xff, 0x46, 0x46, 0x3b, 0xff, 0x4d, 0x4c, 0x42, 0xff,
    0x5f, 0x5e, 0x53, 0xfc, 0x8a, 0x8a, 0x7e, 0xff, 0xb4, 0xb3, 0xa9, 0xff, 0xa4, 0xa3, 0x9b, 0xdc,
    0x73, 0x73, 0x6e, 0x63, 0x00, 0x00, 0x00, 0x07, 0x00, 0x00, 0x00, 0x00, 0xff, 0xff, 0xff, 0x02,
    0x55, 0x55, 0x55, 0x03, 0x00, 0x00, 0x00, 0x00, 0x00, 0x00, 0x00, 0x00, 0x00, 0x00, 0x00, 0x00,
    0x00, 0x00, 0x00, 0x00, 0x00, 0x00, 0x00, 0x00, 0x00, 0x00, 0x00, 0x01, 0x00, 0x00, 0x00, 0x00,
    0x00, 0x00, 0x00, 0x00, 0x00, 0x00, 0x00, 0x00, 0x00, 0x00, 0x00, 0x00, 0x00, 0x00, 0x00, 0x00,
    0x00, 0x00, 0x00, 0x00, 0x00, 0x00, 0x00, 0x00, 0x00, 0x00, 0x00, 0x00, 0x00, 0x00, 0x00, 0x00,
    0x00, 0x00, 0x00, 0x00, 0x00, 0x00, 0x00, 0x00, 0x00, 0x00, 0x00, 0x00, 0x00, 0x00, 0x00, 0x00,
    0x00, 0x00, 0x00, 0x01, 0x00, 0x00, 0x00, 0x00, 0x00, 0x00, 0x00, 0x00, 0x00, 0x00, 0x00, 0x00,
    0x00, 0x00, 0x00, 0x00, 0x00, 0x00, 0x00, 0x00, 0x00, 0x00, 0x00, 0x00, 0x00, 0x00, 0x00, 0x01,
    0x00, 0x00, 0x00, 0x00, 0x00, 0x00, 0x00, 0x01, 0x00, 0x00, 0x00, 0x00, 0x00, 0x00, 0x00, 0x00,
    0x00, 0x00, 0x00, 0x00, 0x00, 0x00, 0x00, 0x00, 0x00, 0x00, 0x00, 0x00, 0x00, 0x00, 0x00, 0x00,
    0x00, 0x00, 0x00, 0x00, 0x00, 0x00, 0x00, 0x00, 0x00, 0x00, 0x00, 0x00, 0x00, 0x00, 0x00, 0x00,
    0x00, 0x00, 0x00, 0x00, 0x00, 0x00, 0x00, 0x00, 0x00, 0x00, 0x00, 0x00, 0x00, 0x00, 0x00, 0x00,
    0x00, 0x00, 0x00, 0x00, 0x00, 0x00, 0x00, 0x00, 0x00, 0x00, 0x00, 0x00, 0x00, 0x00, 0x00, 0x00,
    0x00, 0x00, 0x00, 0x00, 0x00, 0x00, 0x00, 0x00, 0x00, 0x00, 0x00, 0x00, 0x00, 0x00, 0x00, 0x00,
    0x00, 0x00, 0x00, 0x00, 0x00, 0x00, 0x00, 0x00, 0x00, 0x00, 0x00, 0x00, 0x00, 0x00, 0x00, 0x00,
    0x00, 0x00, 0x00, 0x00, 0x00, 0x00, 0x00, 0x00, 0x00, 0x00, 0x00, 0x00, 0x00, 0x00, 0x00, 0x00,
    0x00, 0x00, 0x00, 0x00, 0x00, 0x00, 0x00, 0x00, 0x00, 0x00, 0x00, 0x00, 0x00, 0x00, 0x00, 0x00,
    0x00, 0x00, 0x00, 0x00, 0x00, 0x00, 0x00, 0x00, 0x00, 0x00, 0x00, 0x00, 0x00, 0x00, 0x00, 0x00,
    0x00, 0x00, 0x00, 0x00, 0x00, 0x00, 0x00, 0x00, 0x00, 0x00, 0x00, 0x00, 0x00, 0x00, 0x00, 0x00,
    0x00, 0x00, 0x00, 0x00, 0x00, 0x00, 0x00, 0x00, 0x00, 0x00, 0x00, 0x00, 0x00, 0x00, 0x00, 0x00,
    0x00, 0x00, 0x00, 0x00, 0x00, 0x00, 0x00, 0x01, 0x00, 0x00, 0x00, 0x01, 0x00, 0x00, 0x00, 0x00,
    0x00, 0x00, 0x00, 0x00, 0x00, 0x00, 0x00, 0x00, 0x00, 0x00, 0x00, 0x00, 0x00, 0x00, 0x00, 0x01,
    0x00, 0x00, 0x00, 0x00, 0x00, 0x00, 0x00, 0x00, 0x00, 0x00, 0x00, 0x00, 0x00, 0x00, 0x00, 0x00,
    0x00, 0x00, 0x00, 0x00, 0x00, 0x00, 0x00, 0x00, 0x00, 0x00, 0x00, 0x00, 0x00, 0x00, 0x00, 0x00,
    0x00, 0x00, 0x00, 0x00, 0x00, 0x00, 0x00, 0x01, 0x00, 0x00, 0x00, 0x00, 0x00, 0x00, 0x00, 0x00,
    0x00, 0x00, 0x00, 0x00, 0x00, 0x00, 0x00, 0x00, 0x00, 0x00, 0x00, 0x00, 0x00, 0x00, 0x00, 0x00,
    0x00, 0x00, 0x00, 0x00, 0x00, 0x00, 0x00, 0x00, 0x00, 0x00, 0x00, 0x00, 0x00, 0x00, 0x00, 0x00,
    0x00, 0x00, 0x00, 0x00, 0x00, 0x00, 0x00, 0x00, 0x00, 0x00, 0x00, 0x00, 0x00, 0x00, 0x00, 0x00,
    0x00, 0x00, 0x00, 0x01, 0x00, 0x00, 0x00, 0x00, 0x00, 0x00, 0x00, 0x01, 0x00, 0x00, 0x00, 0x00,
    0x00, 0x00, 0x00, 0x00, 0x00, 0x00, 0x00, 0x00, 0x00, 0x00, 0x00, 0x00, 0x00, 0x00, 0x00, 0x00,
    0x00, 0x00, 0x00, 0x00, 0x00, 0x00, 0x00, 0x00, 0x00, 0x00, 0x00, 0x00, 0x00, 0x00, 0x00, 0x00,
    0x00, 0x00, 0x00, 0x00, 0x00, 0x00, 0x00, 0x00, 0x00, 0x00, 0x00, 0x00, 0x00, 0x00, 0x00, 0x00,
    0x00, 0x00, 0x00, 0x00, 0x00, 0x00, 0x00, 0x00, 0x00, 0x00, 0x00, 0x00, 0x00, 0x00, 0x00, 0x02,
    0x00, 0x00, 0x00, 0x02, 0x00, 0x00, 0x00, 0x00, 0x00, 0x00, 0x00, 0x00, 0x00, 0x00, 0x00, 0x00,
    0x00, 0x00, 0x00, 0x00, 0x00, 0x00, 0x00, 0x00, 0x00, 0x00, 0x00, 0x00, 0x00, 0x00, 0x00, 0x00,
    0x00, 0x00, 0x00, 0x00, 0x00, 0x00, 0x00, 0x00, 0x00, 0x00, 0x00, 0x01, 0x00, 0x00, 0x00, 0x00,
    0x00, 0x00, 0x00, 0x00, 0x00, 0x00, 0x00, 0x00, 0x00, 0x00, 0x00, 0x00, 0x00, 0x00, 0x00, 0x01,
    0x00, 0x00, 0x00, 0x00, 0x00, 0x00, 0x00, 0x00, 0x00, 0x00, 0x00, 0x00, 0x00, 0x00, 0x00, 0x00,
    0x00, 0x00, 0x00, 0x00, 0x00, 0x00, 0x00, 0x00, 0x00, 0x00, 0x00, 0x00, 0x00, 0x00, 0x00, 0x01,
    0x00, 0x00, 0x00, 0x00, 0x00, 0x00, 0x00, 0x00, 0x00, 0x00, 0x00, 0x03, 0x33, 0x33, 0x33, 0x05,
    0x00, 0x00, 0x00, 0x00, 0x00, 0x00, 0x00, 0x00, 0x2a, 0x2a, 0x2a, 0x12, 0x2d, 0x2d, 0x2b, 0x70,
    0x31, 0x30, 0x2f, 0xd3, 0x3b, 0x39, 0x35, 0xff, 0x4d, 0x4a, 0x46, 0xff, 0x6b, 0x68, 0x62, 0xfd,
    0x90, 0x8b, 0x87, 0xfc, 0xad, 0xa8, 0xa4, 0xfe, 0xbf, 0xbb, 0xb7, 0xff, 0xc6, 0xc2, 0xbf, 0xff,
    0xc8, 0xc3, 0xc0, 0xff, 0xc4, 0xc0, 0xbd, 0xff, 0xbe, 0xb9, 0xb6, 0xff, 0xb6, 0xb3, 0xaf, 0xff,
    0xb0, 0xab, 0xa9, 0xff, 0xaa, 0xa6, 0xa1, 0xff, 0xa3, 0x9f, 0x9a, 0xff, 0x9d, 0x98, 0x94, 0xff,
    0x96, 0x93, 0x8d, 0xff, 0x95, 0x91, 0x8c, 0xff, 0x85, 0x82, 0x7d, 0xff, 0x3b, 0x39, 0x36, 0xff,
    0x1c, 0x19, 0x15, 0xff, 0x20, 0x1d, 0x19, 0xff, 0x1e, 0x1a, 0x16, 0xff, 0x1e, 0x1b, 0x17, 0xff,
    0x1e, 0x1b, 0x17, 0xff, 0x1d, 0x1a, 0x16, 0xff, 0x1d, 0x1b, 0x16, 0xff, 0x1b, 0x18, 0x16, 0xff,
    0x23, 0x1f, 0x1e, 0xff, 0x1b, 0x16, 0x16, 0xff, 0x16, 0x11, 0x12, 0xff, 0x14, 0x11, 0x11, 0xff,
    0x2a, 0x27, 0x25, 0xfe, 0x42, 0x41, 0x36, 0xff, 0x3a, 0x3a, 0x2f, 0xff, 0x30, 0x30, 0x28, 0xff,
    0x2e, 0x2e, 0x27, 0xff, 0x2e, 0x2d, 0x28, 0xff, 0x2f, 0x30, 0x28, 0xff, 0x2a, 0x2a, 0x24, 0xff,
    0x2f, 0x30, 0x28, 0xff, 0x3c, 0x3c, 0x32, 0xff, 0x3b, 0x3b, 0x31, 0xff, 0x3b, 0x3b, 0x31, 0xff,
    0x3c, 0x3b, 0x31, 0xff, 0x3b, 0x3a, 0x31, 0xff, 0x3a, 0x3b, 0x31, 0xff, 0x3b, 0x3b, 0x31, 0xff,
    0x3c, 0x3b, 0x31, 0xff, 0x3b, 0x3b, 0x32, 0xff, 0x3b, 0x3b, 0x31, 0xff, 0x3c, 0x3c, 0x31, 0xff,
    0x3c, 0x3c, 0x31, 0xff, 0x3c, 0x3c, 0x31, 0xff, 0x3a, 0x3d, 0x32, 0xff, 0x3c, 0x3b, 0x31, 0xff,
    0x3c, 0x3c, 0x31, 0xff, 0x3b, 0x3c, 0x31, 0xff, 0x3a, 0x3c, 0x31, 0xff, 0x3b, 0x3b, 0x31, 0xff,
    0x3b, 0x3c, 0x32, 0xff, 0x3d, 0x3c, 0x32, 0xff, 0x3c, 0x3c, 0x31, 0xff, 0x3c, 0x3c, 0x31, 0xff,
    0x3d, 0x3c, 0x31, 0xff, 0x3d, 0x3c, 0x31, 0xff, 0x3c, 0x3c, 0x32, 0xff, 0x3c, 0x3c, 0x32, 0xff,
    0x3d, 0x3c, 0x32, 0xff, 0x3b, 0x3d, 0x32, 0xff, 0x3c, 0x3c, 0x31, 0xff, 0x3c, 0x3d, 0x32, 0xff,
    0x3d, 0x3e, 0x34, 0xff, 0x3b, 0x3c, 0x31, 0xfe, 0x34, 0x32, 0x2a, 0xff, 0x36, 0x33, 0x2c, 0xff,
    0x33, 0x32, 0x28, 0xd5, 0x1a, 0x18, 0x17, 0xd1, 0x27, 0x25, 0x24, 0xfa, 0x35, 0x32, 0x32, 0xfe,
    0x47, 0x42, 0x40, 0xf9, 0x7e, 0x7a, 0x77, 0xff, 0xc3, 0xbf, 0xbc, 0xff, 0xda, 0xd6, 0xd2, 0xfe,
    0xa5, 0xa0, 0x9e, 0xff, 0x53, 0x4f, 0x4c, 0xff, 0x30, 0x2d, 0x28, 0xff, 0x32, 0x30, 0x28, 0xff,
    0x45, 0x45, 0x38, 0xff, 0x52, 0x52, 0x44, 0xff, 0x48, 0x4b, 0x3e, 0xff, 0x45, 0x46, 0x3a, 0xff,
    0x48, 0x47, 0x3d, 0xff, 0x50, 0x50, 0x45, 0xfe, 0x6b, 0x6c, 0x5f, 0xfb, 0x9d, 0x9c, 0x91, 0xff,
    0xb2, 0xb1, 0xa9, 0xff, 0x95, 0x92, 0x8c, 0xc1, 0x39, 0x37, 0x37, 0x58, 0x00, 0x00, 0x00, 0x02,
    0x01, 0x00, 0x01, 0x00, 0x7f, 0x7f, 0x7f, 0x04, 0x00, 0x00, 0x00, 0x00, 0x00, 0x00, 0x00, 0x00,
    0x00, 0x00, 0x00, 0x00, 0x00, 0x00, 0x00, 0x00, 0x00, 0x00, 0x00, 0x00, 0x00, 0x00, 0x00, 0x00,
    0x00, 0x00, 0x00, 0x00, 0x00, 0x00, 0x00, 0x01, 0x00, 0x00, 0x00, 0x01, 0x00, 0x00, 0x00, 0x00,
    0x00, 0x00, 0x00, 0x01, 0x00, 0x00, 0x00, 0x01, 0x00, 0x00, 0x00, 0x00, 0x00, 0x00, 0x00, 0x00,
    0x00, 0x00, 0x00, 0x00, 0x00, 0x00, 0x00, 0x00, 0x00, 0x00, 0x00, 0x00, 0x00, 0x00, 0x00, 0x00,
    0x00, 0x00, 0x00, 0x01, 0x00, 0x00, 0x00, 0x02, 0x00, 0x00, 0x00, 0x01, 0x00, 0x00, 0x00, 0x00,
    0x00, 0x00, 0x00, 0x00, 0x00, 0x00, 0x00, 0x00, 0x00, 0x00, 0x00, 0x00, 0x00, 0x00, 0x00, 0x00,
    0x00, 0x00, 0x00, 0x00, 0x00, 0x00, 0x00, 0x00, 0x00, 0x00, 0x00, 0x00, 0x00, 0x00, 0x00, 0x00,
    0x00, 0x00, 0x00, 0x01, 0x00, 0x00, 0x00, 0x01, 0x00, 0x00, 0x00, 0x00, 0x00, 0x00, 0x00, 0x00,
    0x00, 0x00, 0x00, 0x00, 0x00, 0x00, 0x00, 0x00, 0x00, 0x00, 0x00, 0x00, 0x00, 0x00, 0x00, 0x00,
    0x00, 0x00, 0x00, 0x00, 0x00, 0x00, 0x00, 0x00, 0x00, 0x00, 0x00, 0x00, 0x00, 0x00, 0x00, 0x00,
    0x00, 0x00, 0x00, 0x00, 0x00, 0x00, 0x00, 0x01, 0x00, 0x00, 0x00, 0x00, 0x00, 0x00, 0x00, 0x00,
    0x00, 0x00, 0x00, 0x00, 0x00, 0x00, 0x00, 0x00, 0x00, 0x00, 0x00, 0x00, 0x00, 0x00, 0x00, 0x00,
    0x00, 0x00, 0x00, 0x00, 0x00, 0x00, 0x00, 0x00, 0x00, 0x00, 0x00, 0x00, 0x00, 0x00, 0x00, 0x00,
    0x00, 0x00, 0x00, 0x00, 0x00, 0x00, 0x00, 0x00, 0x00, 0x00, 0x00, 0x01, 0x00, 0x00, 0x00, 0x00,
    0x00, 0x00, 0x00, 0x01, 0x00, 0x00, 0x00, 0x01, 0x00, 0x00, 0x00, 0x00, 0x00, 0x00, 0x00, 0x00,
    0x00, 0x00, 0x00, 0x00, 0x00, 0x00, 0x00, 0x01, 0x00, 0x00, 0x00, 0x01, 0x00, 0x00, 0x00, 0x00,
    0x00, 0x00, 0x00, 0x00, 0x00, 0x00, 0x00, 0x01, 0x00, 0x00, 0x00, 0x00, 0x00, 0x00, 0x00, 0x00,
    0x00, 0x00, 0x00, 0x00, 0x00, 0x00, 0x00, 0x00, 0x00, 0x00, 0x00, 0x00, 0x00, 0x00, 0x00, 0x00,
    0x00, 0x00, 0x00, 0x00, 0x00, 0x00, 0x00, 0x00, 0x00, 0x00, 0x00, 0x00, 0x00, 0x00, 0x00, 0x01,
    0x00, 0x00, 0x00, 0x00, 0x00, 0x00, 0x00, 0x00, 0x00, 0x00, 0x00, 0x01, 0x00, 0x00, 0x00, 0x00,
    0x00, 0x00, 0x00, 0x00, 0x00, 0x00, 0x00, 0x00, 0x00, 0x00, 0x00, 0x00, 0x00, 0x00, 0x00, 0x00,
    0x00, 0x00, 0x00, 0x00, 0x00, 0x00, 0x00, 0x00, 0x00, 0x00, 0x00, 0x00, 0x00, 0x00, 0x00, 0x00,
    0x00, 0x00, 0x00, 0x00, 0x00, 0x00, 0x00, 0x00, 0x00, 0x00, 0x00, 0x00, 0x00, 0x00, 0x00, 0x00,
    0x00, 0x00, 0x00, 0x00, 0x00, 0x00, 0x00, 0x00, 0x00, 0x00, 0x00, 0x00, 0x00, 0x00, 0x00, 0x00,
    0x00, 0x00, 0x00, 0x00, 0x00, 0x00, 0x00, 0x00, 0x00, 0x00, 0x00, 0x00, 0x00, 0x00, 0x00, 0x00,
    0x00, 0x00, 0x00, 0x00, 0x00, 0x00, 0x00, 0x00, 0x00, 0x00, 0x00, 0x00, 0x00, 0x00, 0x00, 0x00,
    0x00, 0x00, 0x00, 0x01, 0x00, 0x00, 0x00, 0x00, 0x00, 0x00, 0x00, 0x00, 0x00, 0x00, 0x00, 0x00,
    0x00, 0x00, 0x00, 0x01, 0x00, 0x00, 0x00, 0x01, 0x00, 0x00, 0x00, 0x00, 0x00, 0x00, 0x00, 0x00,
    0x00, 0x00, 0x00, 0x00, 0x00, 0x00, 0x00, 0x00, 0x00, 0x00, 0x00, 0x01, 0x00, 0x00, 0x00, 0x00,
    0x00, 0x00, 0x00, 0x00, 0x00, 0x00, 0x00, 0x00, 0x00, 0x00, 0x00, 0x00, 0x00, 0x00, 0x00, 0x00,
    0x00, 0x00, 0x00, 0x00, 0x00, 0x00, 0x00, 0x00, 0x00, 0x00, 0x00, 0x01, 0x00, 0x00, 0x00, 0x00,
    0x00, 0x00, 0x00, 0x01, 0x00, 0x00, 0x00, 0x00, 0x00, 0x00, 0x00, 0x00, 0x00, 0x00, 0x00, 0x00,
    0x00, 0x00, 0x00, 0x00, 0x00, 0x00, 0x00, 0x00, 0x00, 0x00, 0x00, 0x00, 0x00, 0x00, 0x00, 0x00,
    0x00, 0x00, 0x00, 0x00, 0x00, 0x00, 0x00, 0x01, 0x00, 0x00, 0x00, 0x00, 0x00, 0x00, 0x00, 0x02,
    0x00, 0x00, 0x00, 0x01, 0x00, 0x00, 0x00, 0x00, 0x00, 0x00, 0x00, 0x00, 0x00, 0x00, 0x00, 0x01,
    0x00, 0x00, 0x00, 0x01, 0x00, 0x00, 0x00, 0x00, 0x00, 0x00, 0x00, 0x00, 0x00, 0x00, 0x00, 0x00,
    0x00, 0x00, 0x00, 0x00, 0x00, 0x00, 0x00, 0x00, 0x00, 0x00, 0x00, 0x00, 0x00, 0x00, 0x00, 0x00,
    0x00, 0x00, 0x00, 0x03, 0x55, 0x55, 0x55, 0x03, 0x00, 0x00, 0x00, 0x00, 0x00, 0x00, 0x00, 0x00,
    0x22, 0x29, 0x29, 0x25, 0x2c, 0x2c, 0x2a, 0x7d, 0x33, 0x31, 0x30, 0xe1, 0x3f, 0x3d, 0x3a, 0xff,
    0x54, 0x51, 0x4c, 0xff, 0x74, 0x71, 0x6b, 0xfb, 0x97, 0x93, 0x8e, 0xfd, 0xb0, 0xad, 0xa9, 0xff,
    0xc2, 0xbe, 0xba, 0xff, 0xc8, 0xc5, 0xc1, 0xff, 0xc8, 0xc4, 0xc1, 0xff, 0xc5, 0xc0, 0xbd, 0xff,
    0xbf, 0xbb, 0xb7, 0xff, 0xb8, 0xb4, 0xb1, 0xff, 0xb1, 0xad, 0xa8, 0xff, 0xaa, 0xa6, 0xa2, 0xff,
    0xa3, 0x9f, 0x9b, 0xff, 0x9f, 0x9b, 0x97, 0xff, 0x9b, 0x97, 0x92, 0xff, 0x96, 0x92, 0x8e, 0xff,
    0x91, 0x8d, 0x89, 0xff, 0x8b, 0x87, 0x81, 0xff, 0x8c, 0x89, 0x83, 0xff, 0x67, 0x64, 0x60, 0xff,
    0x21, 0x20, 0x1c, 0xff, 0x19, 0x16, 0x12, 0xff, 0x1b, 0x18, 0x16, 0xff, 0x1a, 0x17, 0x16, 0xff,
    0x1b, 0x17, 0x13, 0xff, 0x1a, 0x17, 0x12, 0xff, 0x1a, 0x16, 0x13, 0xff, 0x18, 0x12, 0x13, 0xff,
    0x1d, 0x19, 0x19, 0xff, 0x17, 0x14, 0x14, 0xff, 0x12, 0x10, 0x0f, 0xff, 0x11, 0x0f, 0x0f, 0xff,
    0x24, 0x21, 0x1f, 0xff, 0x3d, 0x3c, 0x32, 0xff, 0x38, 0x38, 0x2d, 0xff, 0x2b, 0x2c, 0x25, 0xff,
    0x29, 0x28, 0x22, 0xff, 0x28, 0x28, 0x22, 0xff, 0x29, 0x29, 0x22, 0xff, 0x25, 0x26, 0x1e, 0xff,
    0x28, 0x29, 0x21, 0xff, 0x35, 0x36, 0x2c, 0xff, 0x35, 0x37, 0x2c, 0xff, 0x36, 0x36, 0x2d, 0xff,
    0x35, 0x38, 0x2d, 0xff, 0x36, 0x37, 0x2d, 0xff, 0x36, 0x36, 0x2c, 0xff, 0x36, 0x36, 0x2d, 0xff,
    0x37, 0x36, 0x2c, 0xff, 0x36, 0x37, 0x2d, 0xff, 0x35, 0x37, 0x2d, 0xff, 0x36, 0x37, 0x2d, 0xff,
    0x36, 0x37, 0x2c, 0xff, 0x36, 0x36, 0x2c, 0xff, 0x35, 0x37, 0x2c, 0xff, 0x36, 0x36, 0x2c, 0xff,
    0x36, 0x36, 0x2d, 0xff, 0x35, 0x37, 0x2d, 0xff, 0x34, 0x37, 0x2c, 0xff, 0x37, 0x37, 0x2c, 0xff,
    0x37, 0x38, 0x2d, 0xff, 0x36, 0x38, 0x2e, 0xff, 0x36, 0x37, 0x2c, 0xff, 0x36, 0x36, 0x2d, 0xff,
    0x36, 0x37, 0x2d, 0xff, 0x35, 0x36, 0x2c, 0xff, 0x36, 0x37, 0x2d, 0xff, 0x37, 0x37, 0x2d, 0xff,
    0x37, 0x37, 0x2d, 0xff, 0x36, 0x37, 0x2c, 0xff, 0x37, 0x37, 0x2d, 0xff, 0x37, 0x38, 0x2e, 0xff,
    0x35, 0x37, 0x2c, 0xff, 0x37, 0x38, 0x2d, 0xff, 0x38, 0x38, 0x2f, 0xff, 0x31, 0x30, 0x28, 0xfc,
    0x2f, 0x2e, 0x25, 0xff, 0x30, 0x2e, 0x28, 0xfe, 0x2f, 0x2d, 0x2b, 0xed, 0x26, 0x25, 0x25, 0xe8,
    0x32, 0x2f, 0x2e, 0xff, 0x3b, 0x39, 0x37, 0xf9, 0x6a, 0x66, 0x62, 0xf4, 0xac, 0xa7, 0xa3, 0xff,
    0xd5, 0xd1, 0xce, 0xff, 0xb5, 0xb0, 0xad, 0xff, 0x66, 0x61, 0x5d, 0xff, 0x36, 0x33, 0x2d, 0xff,
    0x2f, 0x2e, 0x27, 0xff, 0x3c, 0x3c, 0x33, 0xff, 0x4f, 0x53, 0x44, 0xff, 0x4f, 0x51, 0x41, 0xff,
    0x46, 0x47, 0x3c, 0xff, 0x45, 0x46, 0x3a, 0xff, 0x4c, 0x4c, 0x3f, 0xff, 0x58, 0x58, 0x4b, 0xfd,
    0x79, 0x78, 0x6c, 0xfc, 0xaa, 0xa9, 0x9e, 0xff, 0xa7, 0xa6, 0x9e, 0xff, 0x80, 0x80, 0x79, 0xa1,
    0x1f, 0x1f, 0x17, 0x20, 0x00, 0x00, 0x00, 0x00, 0xff, 0xff, 0xff, 0x01, 0x55, 0x55, 0x55, 0x03,
    0x00, 0x00, 0x00, 0x00, 0x00, 0x00, 0x00, 0x00, 0x00, 0x00, 0x00, 0x00, 0x00, 0x00, 0x00, 0x00,
    0x00, 0x00, 0x00, 0x00, 0x00, 0x00, 0x00, 0x01, 0x00, 0x00, 0x00, 0x00, 0x00, 0x00, 0x00, 0x00,
    0x00, 0x00, 0x00, 0x01, 0x00, 0x00, 0x00, 0x00, 0x00, 0x00, 0x00, 0x00, 0x00, 0x00, 0x00, 0x00,
    0x00, 0x00, 0x00, 0x00, 0x00, 0x00, 0x00, 0x00, 0x00, 0x00, 0x00, 0x00, 0x00, 0x00, 0x00, 0x00,
    0x00, 0x00, 0x00, 0x00, 0x00, 0x00, 0x00, 0x00, 0x00, 0x00, 0x00, 0x00, 0x00, 0x00, 0x00, 0x00,
    0x00, 0x00, 0x00, 0x00, 0x00, 0x00, 0x00, 0x00, 0x00, 0x00, 0x00, 0x00, 0x00, 0x00, 0x00, 0x00,
    0x00, 0x00, 0x00, 0x00, 0x00, 0x00, 0x00, 0x01, 0x00, 0x00, 0x00, 0x01, 0x00, 0x00, 0x00, 0x01,
    0x00, 0x00, 0x00, 0x00, 0x00, 0x00, 0x00, 0x01, 0x00, 0x00, 0x00, 0x00, 0x00, 0x00, 0x00, 0x00,
    0x00, 0x00, 0x00, 0x00, 0x00, 0x00, 0x00, 0x00, 0x00, 0x00, 0x00, 0x00, 0x00, 0x00, 0x00, 0x00,
    0x00, 0x00, 0x00, 0x00, 0x00, 0x00, 0x00, 0x00, 0x00, 0x00, 0x00, 0x00, 0x00, 0x00, 0x00, 0x00,
    0x00, 0x00, 0x00, 0x01, 0x00, 0x00, 0x00, 0x01, 0x00, 0x00, 0x00, 0x00, 0x00, 0x00, 0x00, 0x00,
    0x00, 0x00, 0x00, 0x00, 0x00, 0x00, 0x00, 0x00, 0x00, 0x00, 0x00, 0x00, 0x00, 0x00, 0x00, 0x00,
    0x00, 0x00, 0x00, 0x01, 0x00, 0x00, 0x00, 0x00, 0x00, 0x00, 0x00, 0x00, 0x00, 0x00, 0x00, 0x00,
    0x00, 0x00, 0x00, 0x01, 0x00, 0x00, 0x00, 0x01, 0x00, 0x00, 0x00, 0x00, 0x00, 0x00, 0x00, 0x00,
    0x00, 0x00, 0x00, 0x00, 0x00, 0x00, 0x00, 0x01, 0x00, 0x00, 0x00, 0x00, 0x00, 0x00, 0x00, 0x00,
    0x00, 0x00, 0x00, 0x00, 0x00, 0x00, 0x00, 0x00, 0x00, 0x00, 0x00, 0x00, 0x00, 0x00, 0x00, 0x00,
    0x00, 0x00, 0x00, 0x00, 0x00, 0x00, 0x00, 0x00, 0x00, 0x00, 0x00, 0x00, 0x00, 0x00, 0x00, 0x00,
    0x00, 0x00, 0x00, 0x00, 0x00, 0x00, 0x00, 0x00, 0x00, 0x00, 0x00, 0x00, 0x00, 0x00, 0x00, 0x01,
    0x00, 0x00, 0x00, 0x00, 0x00, 0x00, 0x00, 0x00, 0x00, 0x00, 0x00, 0x01, 0x00, 0x00, 0x00, 0x02,
    0x00, 0x00, 0x00, 0x01, 0x00, 0x00, 0x00, 0x01, 0x00, 0x00, 0x00, 0x01, 0x00, 0x00, 0x00, 0x01,
    0x00, 0x00, 0x00, 0x00, 0x00, 0x00, 0x00, 0x00, 0x00, 0x00, 0x00, 0x00, 0x00, 0x00, 0x00, 0x01,
    0x00, 0x00, 0x00, 0x00, 0x00, 0x00, 0x00, 0x00, 0x00, 0x00, 0x00, 0x00, 0x00, 0x00, 0x00, 0x00,
    0x00, 0x00, 0x00, 0x00, 0x00, 0x00, 0x00, 0x00, 0x00, 0x00, 0x00, 0x00, 0x00, 0x00, 0x00, 0x00,
    0x00, 0x00, 0x00, 0x00, 0x00, 0x00, 0x00, 0x00, 0x00, 0x00, 0x00, 0x00, 0x00, 0x00, 0x00, 0x00,
    0x00, 0x00, 0x00, 0x00, 0x00, 0x00, 0x00, 0x00, 0x00, 0x00, 0x00, 0x00, 0x00, 0x00, 0x00, 0x00,
    0x00, 0x00, 0x00, 0x00, 0x00, 0x00, 0x00, 0x00, 0x00, 0x00, 0x00, 0x00, 0x00, 0x00, 0x00, 0x01,
    0x00, 0x00, 0x00, 0x00, 0x00, 0x00, 0x00, 0x00, 0x00, 0x00, 0x00, 0x00, 0x00, 0x00, 0x00, 0x00,
    0x00, 0x00, 0x00, 0x00, 0x00, 0x00, 0x00, 0x00, 0x00, 0x00, 0x00, 0x00, 0x00, 0x00, 0x00, 0x00,
    0x00, 0x00, 0x00, 0x00, 0x00, 0x00, 0x00, 0x00, 0x00, 0x00, 0x00, 0x01, 0x00, 0x00, 0x00, 0x00,
    0x00, 0x00, 0x00, 0x00, 0x00, 0x00, 0x00, 0x00, 0x00, 0x00, 0x00, 0x00, 0x00, 0x00, 0x00, 0x00,
    0x00, 0x00, 0x00, 0x00, 0x00, 0x00, 0x00, 0x01, 0x00, 0x00, 0x00, 0x02, 0x00, 0x00, 0x00, 0x00,
    0x00, 0x00, 0x00, 0x00, 0x00, 0x00, 0x00, 0x00, 0x00, 0x00, 0x00, 0x00, 0x00, 0x00, 0x00, 0x00,
    0x00, 0x00, 0x00, 0x00, 0x00, 0x00, 0x00, 0x00, 0x00, 0x00, 0x00, 0x00, 0x00, 0x00, 0x00, 0x00,
    0x00, 0x00, 0x00, 0x00, 0x00, 0x00, 0x00, 0x00, 0x00, 0x00, 0x00, 0x00, 0x00, 0x00, 0x00, 0x01,
    0x00, 0x00, 0x00, 0x00, 0x00, 0x00, 0x00, 0x00, 0x00, 0x00, 0x00, 0x00, 0x00, 0x00, 0x00, 0x00,
    0x00, 0x00, 0x00, 0x00, 0x00, 0x00, 0x00, 0x00, 0x00, 0x00, 0x00, 0x00, 0x00, 0x00, 0x00, 0x01,
    0x00, 0x00, 0x00, 0x01, 0x00, 0x00, 0x00, 0x02, 0x55, 0x55, 0x55, 0x03, 0x3f, 0x3f, 0x3f, 0x04,
    0x00, 0x00, 0x00, 0x00, 0x00, 0x00, 0x00, 0x00, 0x2d, 0x2d, 0x2d, 0x22, 0x2e, 0x2c, 0x2c, 0x8a,
    0x35, 0x33, 0x31, 0xe4, 0x45, 0x42, 0x3f, 0xff, 0x60, 0x5c, 0x58, 0xff, 0x7c, 0x78, 0x74, 0xfd,
    0x9f, 0x9b, 0x96, 0xfd, 0xb9, 0xb6, 0xb1, 0xff, 0xc6, 0xc2, 0xbe, 0xff, 0xc9, 0xc7, 0xc2, 0xff,
    0xc9, 0xc6, 0xc2, 0xff, 0xc6, 0xc3, 0xbe, 0xff, 0xc1, 0xbc, 0xb9, 0xff, 0xba, 0xb5, 0xb2, 0xff,
    0xb2, 0xae, 0xab, 0xff, 0xab, 0xa7, 0xa3, 0xff, 0xa6, 0xa2, 0x9e, 0xff, 0xa0, 0x9b, 0x99, 0xff,
    0x9d, 0x98, 0x94, 0xff, 0x99, 0x95, 0x90, 0xff, 0x93, 0x8e, 0x8a, 0xff, 0x8e, 0x89, 0x86, 0xff,
    0x8a, 0x86, 0x81, 0xff, 0x85, 0x82, 0x7c, 0xff, 0x81, 0x7c, 0x78, 0xff, 0x80, 0x7c, 0x77, 0xff,
    0x4b, 0x49, 0x45, 0xff, 0x16, 0x13, 0x13, 0xff, 0x18, 0x15, 0x15, 0xff, 0x17, 0x14, 0x15, 0xff,
    0x16, 0x13, 0x12, 0xff, 0x16, 0x13, 0x10, 0xff, 0x15, 0x12, 0x11, 0xff, 0x14, 0x10, 0x11, 0xff,
    0x17, 0x13, 0x14, 0xff, 0x13, 0x11, 0x11, 0xff, 0x10, 0x0f, 0x0e, 0xff, 0x0f, 0x0d, 0x0d, 0xfe,
    0x1b, 0x19, 0x18, 0xfe, 0x37, 0x36, 0x2d, 0xff, 0x34, 0x34, 0x29, 0xff, 0x28, 0x28, 0x20, 0xff,
    0x24, 0x23, 0x1d, 0xff, 0x26, 0x24, 0x1f, 0xff, 0x24, 0x24, 0x1e, 0xff, 0x21, 0x21, 0x1a, 0xff,
    0x22, 0x22, 0x1c, 0xff, 0x30, 0x32, 0x29, 0xff, 0x34, 0x36, 0x2b, 0xff, 0x34, 0x34, 0x2a, 0xff,
    0x33, 0x35, 0x2a, 0xff, 0x34, 0x34, 0x29, 0xff, 0x34, 0x34, 0x2a, 0xff, 0x34, 0x34, 0x2a, 0xff,
    0x35, 0x34, 0x2a, 0xff, 0x34, 0x34, 0x2a, 0xff, 0x32, 0x34, 0x2a, 0xff, 0x33, 0x33, 0x2a, 0xff,
    0x33, 0x33, 0x29, 0xff, 0x33, 0x34, 0x2a, 0xff, 0x33, 0x33, 0x2a, 0xff, 0x33, 0x34, 0x29, 0xff,
    0x33, 0x35, 0x2a, 0xff, 0x33, 0x34, 0x2a, 0xff, 0x33, 0x34, 0x29, 0xff, 0x33, 0x34, 0x2a, 0xff,
    0x33, 0x33, 0x2a, 0xff, 0x33, 0x34, 0x2a, 0xff, 0x34, 0x34, 0x2a, 0xff, 0x34, 0x34, 0x2a, 0xff,
    0x33, 0x33, 0x2a, 0xff, 0x33, 0x34, 0x2a, 0xff, 0x34, 0x34, 0x2a, 0xff, 0x33, 0x33, 0x29, 0xff,
    0x33, 0x34, 0x2a, 0xff, 0x34, 0x34, 0x2a, 0xff, 0x33, 0x34, 0x29, 0xff, 0x34, 0x34, 0x2a, 0xff,
    0x34, 0x33, 0x29, 0xff, 0x33, 0x34, 0x2a, 0xff, 0x33, 0x34, 0x2a, 0xff, 0x36, 0x37, 0x2d, 0xff,
    0x33, 0x33, 0x29, 0xfd, 0x29, 0x28, 0x21, 0xff, 0x3c, 0x39, 0x34, 0xff, 0x3a, 0x38, 0x34, 0xde,
    0x1c, 0x1b, 0x1b, 0xbc, 0x2a, 0x28, 0x27, 0xe8, 0x36, 0x35, 0x31, 0xd2, 0x5c, 0x58, 0x53, 0xe4,
    0x98, 0x94, 0x90, 0xff, 0xd0, 0xcc, 0xc9, 0xfe, 0xc5, 0xc0, 0xbc, 0xff, 0x7c, 0x78, 0x74, 0xff,
    0x40, 0x3d, 0x39, 0xff, 0x31, 0x30, 0x29, 0xff, 0x36, 0x37, 0x2d, 0xff, 0x4b, 0x4d, 0x3f, 0xff,
    0x54, 0x56, 0x47, 0xff, 0x4a, 0x4e, 0x3f, 0xff, 0x47, 0x48, 0x3c, 0xff, 0x47, 0x48, 0x3c, 0xff,
    0x4d, 0x4d, 0x42, 0xff, 0x5d, 0x5e, 0x52, 0xfc, 0x88, 0x89, 0x7c, 0xfd, 0xb6, 0xb6, 0xa9, 0xff,
    0xa5, 0xa3, 0x9b, 0xe0, 0x77, 0x77, 0x72, 0x64, 0x00, 0x00, 0x00, 0x00, 0x00, 0x00, 0x00, 0x00,
    0xff, 0xff, 0xff, 0x02, 0x00, 0x00, 0x00, 0x03, 0x00, 0x00, 0x00, 0x01, 0x00, 0x00, 0x00, 0x00,
    0x00, 0x00, 0x00, 0x00, 0x00, 0x00, 0x00, 0x00, 0x00, 0x00, 0x00, 0x01, 0x00, 0x00, 0x00, 0x01,
    0x00, 0x00, 0x00, 0x00, 0x00, 0x00, 0x00, 0x00, 0x00, 0x00, 0x00, 0x00, 0x00, 0x00, 0x00, 0x01,
    0x00, 0x00, 0x00, 0x01, 0x00, 0x00, 0x00, 0x01, 0x00, 0x00, 0x00, 0x00, 0x00, 0x00, 0x00, 0x00,
    0x00, 0x00, 0x00, 0x00, 0x00, 0x00, 0x00, 0x00, 0x00, 0x00, 0x00, 0x00, 0x00, 0x00, 0x00, 0x00,
    0x00, 0x00, 0x00, 0x00, 0x00, 0x00, 0x00, 0x00, 0x00, 0x00, 0x00, 0x00, 0x00, 0x00, 0x00, 0x01,
    0x00, 0x00, 0x00, 0x01, 0x00, 0x00, 0x00, 0x02, 0x00, 0x00, 0x00, 0x00, 0x00, 0x00, 0x00, 0x02,
    0x00, 0x00, 0x00, 0x01, 0x00, 0x00, 0x00, 0x00, 0x00, 0x00, 0x00, 0x00, 0x00, 0x00, 0x00, 0x00,
    0x00, 0x00, 0x00, 0x00, 0x00, 0x00, 0x00, 0x00, 0x00, 0x00, 0x00, 0x01, 0x00, 0x00, 0x00, 0x00,
    0x00, 0x00, 0x00, 0x00, 0x00, 0x00, 0x00, 0x01, 0x00, 0x00, 0x00, 0x01, 0x00, 0x00, 0x00, 0x00,
    0x00, 0x00, 0x00, 0x00, 0x00, 0x00, 0x00, 0x00, 0x00, 0x00, 0x00, 0x00, 0x00, 0x00, 0x00, 0x00,
    0x00, 0x00, 0x00, 0x00, 0x00, 0x00, 0x00, 0x00, 0x00, 0x00, 0x00, 0x00, 0x00, 0x00, 0x00, 0x00,
    0x00, 0x00, 0x00, 0x00, 0x00, 0x00, 0x00, 0x00, 0x00, 0x00, 0x00, 0x01, 0x00, 0x00, 0x00, 0x00,
    0x00, 0x00, 0x00, 0x00, 0x00, 0x00, 0x00, 0x00, 0x00, 0x00, 0x00, 0x00, 0x00, 0x00, 0x00, 0x00,
    0x00, 0x00, 0x00, 0x00, 0x00, 0x00, 0x00, 0x00, 0x00, 0x00, 0x00, 0x00, 0x00, 0x00, 0x00, 0x00,
    0x00, 0x00, 0x00, 0x00, 0x00, 0x00, 0x00, 0x00, 0x00, 0x00, 0x00, 0x00, 0x00, 0x00, 0x00, 0x00,
    0x00, 0x00, 0x00, 0x00, 0x00, 0x00, 0x00, 0x00, 0x00, 0x00, 0x00, 0x00, 0x00, 0x00, 0x00, 0x00,
    0x00, 0x00, 0x00, 0x00, 0x00, 0x00, 0x00, 0x00, 0x00, 0x00, 0x00, 0x00, 0x00, 0x00, 0x00, 0x00,
    0x00, 0x00, 0x00, 0x00, 0x00, 0x00, 0x00, 0x00, 0x00, 0x00, 0x00, 0x00, 0x00, 0x00, 0x00, 0x00,
    0x00, 0x00, 0x00, 0x01, 0x00, 0x00, 0x00, 0x01, 0x00, 0x00, 0x00, 0x00, 0x00, 0x00, 0x00, 0x03,
    0x00, 0x00, 0x00, 0x01, 0x00, 0x00, 0x00, 0x00, 0x00, 0x00, 0x00, 0x00, 0x00, 0x00, 0x00, 0x01,
    0x00, 0x00, 0x00, 0x00, 0x00, 0x00, 0x00, 0x00, 0x00, 0x00, 0x00, 0x00, 0x00, 0x00, 0x00, 0x00,
    0x00, 0x00, 0x00, 0x00, 0x00, 0x00, 0x00, 0x01, 0x00, 0x00, 0x00, 0x01, 0x00, 0x00, 0x00, 0x00,
    0x00, 0x00, 0x00, 0x00, 0x00, 0x00, 0x00, 0x00, 0x00, 0x00, 0x00, 0x01, 0x00, 0x00, 0x00, 0x01,
    0x00, 0x00, 0x00, 0x00, 0x00, 0x00, 0x00, 0x00, 0x00, 0x00, 0x00, 0x00, 0x00, 0x00, 0x00, 0x00,
    0x00, 0x00, 0x00, 0x00, 0x00, 0x00, 0x00, 0x00, 0x00, 0x00, 0x00, 0x00, 0x00, 0x00, 0x00, 0x00,
    0x00, 0x00, 0x00, 0x01, 0x00, 0x00, 0x00, 0x01, 0x00, 0x00, 0x00, 0x00, 0x00, 0x00, 0x00, 0x01,
    0x00, 0x00, 0x00, 0x00, 0x00, 0x00, 0x00, 0x00, 0x00, 0x00, 0x00, 0x00, 0x00, 0x00, 0x00, 0x01,
    0x00, 0x00, 0x00, 0x00, 0x00, 0x00, 0x00, 0x00, 0x00, 0x00, 0x00, 0x00, 0x00, 0x00, 0x00, 0x00,
    0x00, 0x00, 0x00, 0x00, 0x00, 0x00, 0x00, 0x00, 0x00, 0x00, 0x00, 0x00, 0x00, 0x00, 0x00, 0x02,
    0x00, 0x00, 0x00, 0x02, 0x00, 0x00, 0x00, 0x01, 0x00, 0x00, 0x00, 0x00, 0x00, 0x00, 0x00, 0x00,
    0x00, 0x00, 0x00, 0x00, 0x00, 0x00, 0x00, 0x00, 0x00, 0x00, 0x00, 0x00, 0x00, 0x00, 0x00, 0x00,
    0x00, 0x00, 0x00, 0x00, 0x00, 0x00, 0x00, 0x00, 0x00, 0x00, 0x00, 0x00, 0x00, 0x00, 0x00, 0x00,
    0x00, 0x00, 0x00, 0x00, 0x00, 0x00, 0x00, 0x00, 0x00, 0x00, 0x00, 0x00, 0x00, 0x00, 0x00, 0x00,
    0x00, 0x00, 0x00, 0x01, 0x00, 0x00, 0x00, 0x02, 0x55, 0x55, 0x55, 0x03, 0xaa, 0xaa, 0xaa, 0x03,
    0x7f, 0x7f, 0x7f, 0x04, 0xff, 0xaa, 0xaa, 0x03, 0xff, 0xff, 0xff, 0x01, 0x01, 0x01, 0x01, 0x00,
    0x00, 0x00, 0x00, 0x00, 0x00, 0x00, 0x00, 0x00, 0x00, 0x00, 0x00, 0x00, 0x00, 0x00, 0x00, 0x00,
    0x22, 0x22, 0x22, 0x2d, 0x27, 0x27, 0x27, 0x95, 0x33, 0x31, 0x30, 0xef, 0x46, 0x44, 0x40, 0xff,
    0x61, 0x5d, 0x59, 0xff, 0x84, 0x81, 0x7c, 0xfb, 0xa4, 0xa0, 0x9d, 0xfe, 0xbb, 0xb8, 0xb3, 0xff,
    0xc9, 0xc6, 0xc1, 0xff, 0xca, 0xc9, 0xc4, 0xff, 0xca, 0xc7, 0xc3, 0xff, 0xc6, 0xc3, 0xbf, 0xff,
    0xc1, 0xbd, 0xb9, 0xff, 0xbc, 0xb7, 0xb2, 0xff, 0xb4, 0xb0, 0xac, 0xff, 0xad, 0xa9, 0xa5, 0xff,
    0xa6, 0xa2, 0x9d, 0xff, 0xa1, 0x9d, 0x99, 0xff, 0x9d, 0x98, 0x95, 0xff, 0x98, 0x93, 0x90, 0xff,
    0x93, 0x8e, 0x8a, 0xff, 0x8c, 0x87, 0x84, 0xff, 0x87, 0x83, 0x80, 0xff, 0x84, 0x7f, 0x7b, 0xff,
    0x7f, 0x7b, 0x77, 0xff, 0x7d, 0x79, 0x74, 0xff, 0x78, 0x74, 0x70, 0xff, 0x79, 0x75, 0x70, 0xff,
    0x75, 0x71, 0x6c, 0xff, 0x38, 0x35, 0x34, 0xff, 0x0f, 0x0d, 0x0d, 0xff, 0x15, 0x13, 0x12, 0xff,
    0x12, 0x11, 0x11, 0xff, 0x12, 0x10, 0x10, 0xff, 0x11, 0x10, 0x10, 0xff, 0x11, 0x10, 0x0f, 0xff,
    0x13, 0x11, 0x11, 0xff, 0x12, 0x10, 0x10, 0xff, 0x0f, 0x0e, 0x0e, 0xff, 0x0e, 0x0c, 0x0b, 0xff,
    0x15, 0x13, 0x11, 0xf1, 0x33, 0x31, 0x2a, 0xf7, 0x32, 0x31, 0x28, 0xff, 0x27, 0x28, 0x20, 0xff,
    0x22, 0x21, 0x1b, 0xff, 0x24, 0x22, 0x1d, 0xff, 0x21, 0x20, 0x1a, 0xff, 0x1f, 0x1e, 0x19, 0xff,
    0x1f, 0x1f, 0x19, 0xff, 0x2c, 0x2d, 0x25, 0xff, 0x35, 0x35, 0x2b, 0xff, 0x32, 0x33, 0x29, 0xff,
    0x32, 0x33, 0x29, 0xff, 0x32, 0x32, 0x28, 0xff, 0x32, 0x32, 0x28, 0xff, 0x33, 0x33, 0x28, 0xff,
    0x32, 0x32, 0x29, 0xff, 0x32, 0x33, 0x29, 0xff, 0x32, 0x32, 0x29, 0xff, 0x32, 0x31, 0x28, 0xff,
    0x32, 0x32, 0x29, 0xff, 0x32, 0x33, 0x29, 0xff, 0x32, 0x32, 0x29, 0xff, 0x33, 0x34, 0x29, 0xff,
    0x32, 0x33, 0x28, 0xff, 0x31, 0x33, 0x28, 0xff, 0x32, 0x33, 0x28, 0xff, 0x32, 0x32, 0x29, 0xff,
    0x32, 0x33, 0x28, 0xff, 0x32, 0x32, 0x28, 0xff, 0x31, 0x33, 0x28, 0xff, 0x31, 0x32, 0x28, 0xff,
    0x32, 0x32, 0x28, 0xff, 0x31, 0x32, 0x28, 0xff, 0x32, 0x32, 0x28, 0xff, 0x31, 0x32, 0x28, 0xff,
    0x31, 0x32, 0x28, 0xff, 0x32, 0x32, 0x28, 0xff, 0x32, 0x32, 0x28, 0xff, 0x32, 0x32, 0x28, 0xff,
    0x33, 0x32, 0x28, 0xff, 0x32, 0x33, 0x29, 0xff, 0x31, 0x32, 0x28, 0xff, 0x32, 0x34, 0x2a, 0xff,
    0x35, 0x36, 0x2c, 0xff, 0x35, 0x38, 0x2d, 0xff, 0x24, 0x24, 0x1d, 0xfe, 0x33, 0x2f, 0x2b, 0xff,
    0x27, 0x25, 0x20, 0xda, 0x15, 0x14, 0x11, 0xa4, 0x28, 0x27, 0x24, 0xd7, 0x38, 0x35, 0x34, 0xd1,
    0x4f, 0x49, 0x47, 0xf2, 0x8c, 0x87, 0x84, 0xff, 0xca, 0xc7, 0xc4, 0xfe, 0xcf, 0xcc, 0xc8, 0xff,
    0x8f, 0x8b, 0x87, 0xff, 0x4b, 0x47, 0x42, 0xff, 0x34, 0x31, 0x2c, 0xff, 0x32, 0x32, 0x2a, 0xff,
    0x46, 0x47, 0x3a, 0xff, 0x55, 0x57, 0x47, 0xff, 0x4f, 0x50, 0x42, 0xff, 0x49, 0x4b, 0x3c, 0xff,
    0x45, 0x46, 0x3a, 0xff, 0x47, 0x48, 0x3b, 0xff, 0x50, 0x50, 0x44, 0xff, 0x67, 0x67, 0x5b, 0xfb,
    0x9a, 0x9a, 0x8e, 0xff, 0xb5, 0xb4, 0xaa, 0xff, 0x97, 0x97, 0x8f, 0xb7, 0x4d, 0x4d, 0x4d, 0x38,
    0x00, 0x00, 0x00, 0x00, 0x01, 0x01, 0x01, 0x00, 0x66, 0x66, 0x66, 0x05, 0x00, 0x00, 0x00, 0x01,
    0x00, 0x00, 0x00, 0x00, 0x00, 0x00, 0x00, 0x00, 0x00, 0x00, 0x00, 0x00, 0x00, 0x00, 0x00, 0x00,
    0x00, 0x00, 0x00, 0x00, 0x00, 0x00, 0x00, 0x00, 0x00, 0x00, 0x00, 0x01, 0x00, 0x00, 0x00, 0x01,
    0x00, 0x00, 0x00, 0x00, 0x00, 0x00, 0x00, 0x01, 0x00, 0x00, 0x00, 0x00, 0x00, 0x00, 0x00, 0x01,
    0x00, 0x00, 0x00, 0x00, 0x00, 0x00, 0x00, 0x00, 0x00, 0x00, 0x00, 0x00, 0x00, 0x00, 0x00, 0x01,
    0x00, 0x00, 0x00, 0x00, 0x00, 0x00, 0x00, 0x00, 0x00, 0x00, 0x00, 0x00, 0x00, 0x00, 0x00, 0x01,
    0x00, 0x00, 0x00, 0x00, 0x00, 0x00, 0x00, 0x00, 0x00, 0x00, 0x00, 0x00, 0x00, 0x00, 0x00, 0x01,
    0x00, 0x00, 0x00, 0x00, 0x00, 0x00, 0x00, 0x00, 0x00, 0x00, 0x00, 0x00, 0x00, 0x00, 0x00, 0x00,
    0x00, 0x00, 0x00, 0x01, 0x00, 0x00, 0x00, 0x00, 0x00, 0x00, 0x00, 0x00, 0x00, 0x00, 0x00, 0x00,
    0x00, 0x00, 0x00, 0x00, 0x00, 0x00, 0x00, 0x01, 0x00, 0x00, 0x00, 0x01, 0x00, 0x00, 0x00, 0x00,
    0x00, 0x00, 0x00, 0x00, 0x00, 0x00, 0x00, 0x01, 0x00, 0x00, 0x00, 0x02, 0x00, 0x00, 0x00, 0x00,
    0x00, 0x00, 0x00, 0x01, 0x00, 0x00, 0x00, 0x01, 0x00, 0x00, 0x00, 0x00, 0x00, 0x00, 0x00, 0x01,
    0x00, 0x00, 0x00, 0x00, 0x00, 0x00, 0x00, 0x00, 0x00, 0x00, 0x00, 0x00, 0x00, 0x00, 0x00, 0x01,
    0x00, 0x00, 0x00, 0x01, 0x00, 0x00, 0x00, 0x00, 0x00, 0x00, 0x00, 0x00, 0x00, 0x00, 0x00, 0x00,
    0x00, 0x00, 0x00, 0x00, 0x00, 0x00, 0x00, 0x00, 0x00, 0x00, 0x00, 0x00, 0x00, 0x00, 0x00, 0x00,
    0x00, 0x00, 0x00, 0x00, 0x00, 0x00, 0x00, 0x00, 0x00, 0x00, 0x00, 0x01, 0x00, 0x00, 0x00, 0x02,
    0x00, 0x00, 0x00, 0x00, 0x00, 0x00, 0x00, 0x00, 0x00, 0x00, 0x00, 0x00, 0x00, 0x00, 0x00, 0x01,
    0x00, 0x00, 0x00, 0x02, 0x00, 0x00, 0x00, 0x01, 0x00, 0x00, 0x00, 0x00, 0x00, 0x00, 0x00, 0x00,
    0x00, 0x00, 0x00, 0x01, 0x00, 0x00, 0x00, 0x00, 0x00, 0x00, 0x00, 0x00, 0x00, 0x00, 0x00, 0x00,
    0x00, 0x00, 0x00, 0x00, 0x00, 0x00, 0x00, 0x00, 0x00, 0x00, 0x00, 0x00, 0x00, 0x00, 0x00, 0x00,
    0x00, 0x00, 0x00, 0x00, 0x00, 0x00, 0x00, 0x00, 0x00, 0x00, 0x00, 0x00, 0x00, 0x00, 0x00, 0x00,
    0x00, 0x00, 0x00, 0x00, 0x00, 0x00, 0x00, 0x01, 0x00, 0x00, 0x00, 0x01, 0x00, 0x00, 0x00, 0x00,
    0x00, 0x00, 0x00, 0x00, 0x00, 0x00, 0x00, 0x00, 0x00, 0x00, 0x00, 0x00, 0x00, 0x00, 0x00, 0x00,
    0x00, 0x00, 0x00, 0x00, 0x00, 0x00, 0x00, 0x00, 0x00, 0x00, 0x00, 0x00, 0x00, 0x00, 0x00, 0x00,
    0x00, 0x00, 0x00, 0x00, 0x00, 0x00, 0x00, 0x00, 0x00, 0x00, 0x00, 0x00, 0x00, 0x00, 0x00, 0x00,
    0x00, 0x00, 0x00, 0x01, 0x00, 0x00, 0x00, 0x01, 0x00, 0x00, 0x00, 0x00, 0x00, 0x00, 0x00, 0x00,
    0x00, 0x00, 0x00, 0x00, 0x00, 0x00, 0x00, 0x00, 0x00, 0x00, 0x00, 0x00, 0x00, 0x00, 0x00, 0x01,
    0x00, 0x00, 0x00, 0x01, 0x00, 0x00, 0x00, 0x01, 0x00, 0x00, 0x00, 0x00, 0x00, 0x00, 0x00, 0x00,
    0x00, 0x00, 0x00, 0x00, 0x00, 0x00, 0x00, 0x00, 0x00, 0x00, 0x00, 0x00, 0x00, 0x00, 0x00, 0x00,
    0x00, 0x00, 0x00, 0x00, 0x00, 0x00, 0x00, 0x00, 0x00, 0x00, 0x00, 0x01, 0x00, 0x00, 0x00, 0x00,
    0x00, 0x00, 0x00, 0x00, 0x00, 0x00, 0x00, 0x00, 0x00, 0x00, 0x00, 0x00, 0x00, 0x00, 0x00, 0x00,
    0x00, 0x00, 0x00, 0x00, 0x00, 0x00, 0x00, 0x00, 0x00, 0x00, 0x00, 0x01, 0x00, 0x00, 0x00, 0x00,
    0x00, 0x00, 0x00, 0x00, 0x00, 0x00, 0x00, 0x00, 0x00, 0x00, 0x00, 0x01, 0x00, 0x00, 0x00, 0x02,
    0x55, 0x55, 0x55, 0x03, 0x7f, 0x7f, 0x7f, 0x04, 0x99, 0x99, 0x99, 0x05, 0xcc, 0xcc, 0xcc, 0x05,
    0xff, 0xff, 0xff, 0x02, 0x01, 0x01, 0x01, 0x00, 0x00, 0x00, 0x00, 0x00, 0x00, 0x00, 0x00, 0x00,
    0x00, 0x00, 0x00, 0x00, 0x00, 0x00, 0x00, 0x00, 0x00, 0x00, 0x00, 0x00, 0x00, 0x00, 0x00, 0x08,
    0x00, 0x00, 0x00, 0x19, 0x46, 0x46, 0x46, 0x33, 0x34, 0x34, 0x34, 0x3f, 0x29, 0x27, 0x27, 0x94,
    0x35, 0x33, 0x31, 0xef, 0x46, 0x44, 0x40, 0xff, 0x62, 0x5d, 0x5a, 0xff, 0x87, 0x82, 0x7d, 0xfc,
    0xa7, 0xa2, 0x9e, 0xfd, 0xbd, 0xb9, 0xb6, 0xff, 0xc9, 0xc5, 0xc1, 0xff, 0xca, 0xc7, 0xc3, 0xff,
    0xc9, 0xc6, 0xc2, 0xff, 0xc5, 0xc1, 0xbf, 0xff, 0xc0, 0xbd, 0xb9, 0xff, 0xbb, 0xb8, 0xb4, 0xff,
    0xb5, 0xb1, 0xad, 0xff, 0xad, 0xaa, 0xa6, 0xff, 0xa7, 0xa3, 0x9f, 0xff, 0xa0, 0x9d, 0x98, 0xff,
    0x9b, 0x97, 0x93, 0xff, 0x97, 0x93, 0x8f, 0xff, 0x93, 0x8e, 0x8a, 0xff, 0x8e, 0x89, 0x85, 0xff,
    0x88, 0x83, 0x80, 0xff, 0x84, 0x7f, 0x7c, 0xff, 0x7f, 0x7b, 0x78, 0xff, 0x7b, 0x76, 0x73, 0xff,
    0x77, 0x72, 0x6f, 0xff, 0x74, 0x70, 0x6c, 0xff, 0x72, 0x6e, 0x6b, 0xff, 0x6f, 0x6b, 0x68, 0xff,
    0x75, 0x70, 0x6d, 0xff, 0x69, 0x65, 0x62, 0xff, 0x22, 0x20, 0x1e, 0xfc, 0x0d, 0x0b, 0x0a, 0xfe,
    0x13, 0x12, 0x10, 0xff, 0x12, 0x0f, 0x0f, 0xff, 0x12, 0x0f, 0x0f, 0xff, 0x12, 0x0e, 0x0e, 0xff,
    0x12, 0x11, 0x10, 0xff, 0x13, 0x10, 0x10, 0xff, 0x0f, 0x0d, 0x0d, 0xff, 0x0e, 0x0c, 0x0c, 0xff,
    0x12, 0x10, 0x10, 0xec, 0x2f, 0x2d, 0x28, 0xf0, 0x30, 0x31, 0x26, 0xff, 0x27, 0x27, 0x1f, 0xfe,
    0x1f, 0x1f, 0x19, 0xff, 0x22, 0x20, 0x1b, 0xff, 0x1e, 0x1d, 0x19, 0xff, 0x1f, 0x1c, 0x17, 0xff,
    0x1d, 0x1c, 0x17, 0xff, 0x27, 0x27, 0x20, 0xff, 0x32, 0x33, 0x29, 0xff, 0x31, 0x32, 0x27, 0xff,
    0x32, 0x32, 0x29, 0xff, 0x31, 0x32, 0x28, 0xff, 0x31, 0x32, 0x28, 0xff, 0x31, 0x32, 0x28, 0xff,
    0x32, 0x31, 0x29, 0xff, 0x31, 0x32, 0x27, 0xff, 0x31, 0x32, 0x28, 0xff, 0x31, 0x32, 0x28, 0xff,
    0x31, 0x31, 0x28, 0xff, 0x31, 0x32, 0x27, 0xff, 0x31, 0x31, 0x27, 0xff, 0x31, 0x32, 0x27, 0xff,
    0x32, 0x31, 0x27, 0xff, 0x31, 0x32, 0x28, 0xff, 0x31, 0x32, 0x27, 0xff, 0x31, 0x32, 0x27, 0xff,
    0x30, 0x31, 0x27, 0xff, 0x30, 0x31, 0x27, 0xff, 0x30, 0x32, 0x27, 0xff, 0x30, 0x31, 0x27, 0xff,
    0x31, 0x31, 0x27, 0xff, 0x30, 0x31, 0x27, 0xff, 0x31, 0x31, 0x27, 0xff, 0x30, 0x30, 0x26, 0xff,
    0x31, 0x31, 0x27, 0xff, 0x32, 0x31, 0x27, 0xff, 0x30, 0x30, 0x26, 0xff, 0x30, 0x31, 0x27, 0xff,
    0x31, 0x31, 0x27, 0xff, 0x31, 0x31, 0x27, 0xff, 0x31, 0x31, 0x27, 0xff, 0x31, 0x32, 0x29, 0xff,
    0x34, 0x34, 0x2a, 0xff, 0x2e, 0x2f, 0x26, 0xff, 0x22, 0x23, 0x1c, 0xff, 0x31, 0x30, 0x2a, 0xfe,
    0x39, 0x37, 0x33, 0xff, 0x2c, 0x2b, 0x24, 0xec, 0x16, 0x14, 0x11, 0xd0, 0x23, 0x20, 0x20, 0xfc,
    0x34, 0x31, 0x2f, 0xff, 0x48, 0x44, 0x41, 0xf5, 0x7e, 0x78, 0x75, 0xfd, 0xbe, 0xb9, 0xb5, 0xff,
    0xd1, 0xcd, 0xc9, 0xff, 0xa0, 0x9a, 0x97, 0xff, 0x58, 0x54, 0x50, 0xff, 0x37, 0x35, 0x30, 0xff,
    0x33, 0x33, 0x2d, 0xff, 0x3f, 0x41, 0x35, 0xff, 0x52, 0x53, 0x44, 0xff, 0x51, 0x51, 0x41, 0xff,
    0x4d, 0x4e, 0x3e, 0xff, 0x49, 0x4a, 0x3b, 0xff, 0x48, 0x48, 0x3b, 0xff, 0x48, 0x48, 0x3d, 0xff,
    0x54, 0x53, 0x48, 0xfd, 0x7a, 0x78, 0x6e, 0xfc, 0xab, 0xac, 0xa2, 0xff, 0xa9, 0xa8, 0xa1, 0xf7,
    0x71, 0x6e, 0x6b, 0xa2, 0x00, 0x00, 0x00, 0x1e, 0x00, 0x00, 0x00, 0x00, 0xcc, 0xcc, 0x99, 0x05,
    0x55, 0x55, 0x55, 0x03, 0x3f, 0x3f, 0x3f, 0x04, 0x3f, 0x3f, 0x3f, 0x04, 0x00, 0x00, 0x00, 0x02,
    0x00, 0x00, 0x00, 0x00, 0x00, 0x00, 0x00, 0x00, 0x00, 0x00, 0x00, 0x00, 0x00, 0x00, 0x00, 0x00,
    0x00, 0x00, 0x00, 0x00, 0x00, 0x00, 0x00, 0x00, 0x00, 0x00, 0x00, 0x00, 0x00, 0x00, 0x00, 0x00,
    0x00, 0x00, 0x00, 0x00, 0x00, 0x00, 0x00, 0x00, 0x00, 0x00, 0x00, 0x00, 0x00, 0x00, 0x00, 0x00,
    0x00, 0x00, 0x00, 0x00, 0x00, 0x00, 0x00, 0x00, 0x00, 0x00, 0x00, 0x00, 0x00, 0x00, 0x00, 0x01,
    0x00, 0x00, 0x00, 0x01, 0x00, 0x00, 0x00, 0x00, 0x00, 0x00, 0x00, 0x00, 0x00, 0x00, 0x00, 0x00,
    0x00, 0x00, 0x00, 0x00, 0x00, 0x00, 0x00, 0x01, 0x00, 0x00, 0x00, 0x01, 0x00, 0x00, 0x00, 0x00,
    0x00, 0x00, 0x00, 0x02, 0x00, 0x00, 0x00, 0x00, 0x00, 0x00, 0x00, 0x00, 0x00, 0x00, 0x00, 0x00,
    0x00, 0x00, 0x00, 0x00, 0x00, 0x00, 0x00, 0x00, 0x00, 0x00, 0x00, 0x00, 0x00, 0x00, 0x00, 0x00,
    0x00, 0x00, 0x00, 0x00, 0x00, 0x00, 0x00, 0x00, 0x00, 0x00, 0x00, 0x01, 0x00, 0x00, 0x00, 0x00,
    0x00, 0x00, 0x00, 0x00, 0x00, 0x00, 0x00, 0x00, 0x00, 0x00, 0x00, 0x00, 0x00, 0x00, 0x00, 0x00,
    0x00, 0x00, 0x00, 0x00, 0x00, 0x00, 0x00, 0x00, 0x00, 0x00, 0x00, 0x00, 0x00, 0x00, 0x00, 0x01,
    0x00, 0x00, 0x00, 0x00, 0x00, 0x00, 0x00, 0x00, 0x00, 0x00, 0x00, 0x00, 0x00, 0x00, 0x00, 0x00,
    0x00, 0x00, 0x00, 0x00, 0x00, 0x00, 0x00, 0x00, 0x00, 0x00, 0x00, 0x00, 0x00, 0x00, 0x00, 0x00,
    0x00, 0x00, 0x00, 0x00, 0x00, 0x00, 0x00, 0x00, 0x00, 0x00, 0x00, 0x00, 0x00, 0x00, 0x00, 0x00,
    0x00, 0x00, 0x00, 0x01, 0x00, 0x00, 0x00, 0x00, 0x00, 0x00, 0x00, 0x00, 0x00, 0x00, 0x00, 0x00,
    0x00, 0x00, 0x00, 0x00, 0x00, 0x00, 0x00, 0x01, 0x00, 0x00, 0x00, 0x00, 0x00, 0x00, 0x00, 0x00,
    0x00, 0x00, 0x00, 0x00, 0x00, 0x00, 0x00, 0x00, 0x00, 0x00, 0x00, 0x00, 0x00, 0x00, 0x00, 0x00,
    0x00, 0x00, 0x00, 0x00, 0x00, 0x00, 0x00, 0x00, 0x00, 0x00, 0x00, 0x00, 0x00, 0x00, 0x00, 0x00,
    0x00, 0x00, 0x00, 0x00, 0x00, 0x00, 0x00, 0x00, 0x00, 0x00, 0x00, 0x00, 0x00, 0x00, 0x00, 0x00,
    0x00, 0x00, 0x00, 0x00, 0x00, 0x00, 0x00, 0x00, 0x00, 0x00, 0x00, 0x00, 0x00, 0x00, 0x00, 0x00,
    0x00, 0x00, 0x00, 0x00, 0x00, 0x00, 0x00, 0x00, 0x00, 0x00, 0x00, 0x01, 0x00, 0x00, 0x00, 0x00,
    0x00, 0x00, 0x00, 0x00, 0x00, 0x00, 0x00, 0x00, 0x00, 0x00, 0x00, 0x00, 0x00, 0x00, 0x00, 0x00,
    0x00, 0x00, 0x00, 0x00, 0x00, 0x00, 0x00, 0x00, 0x00, 0x00, 0x00, 0x00, 0x00, 0x00, 0x00, 0x01,
    0x00, 0x00, 0x00, 0x01, 0x00, 0x00, 0x00, 0x01, 0x00, 0x00, 0x00, 0x00, 0x00, 0x00, 0x00, 0x00,
    0x00, 0x00, 0x00, 0x01, 0x00, 0x00, 0x00, 0x00, 0x00, 0x00, 0x00, 0x00, 0x00, 0x00, 0x00, 0x00,
    0x00, 0x00, 0x00, 0x02, 0x00, 0x00, 0x00, 0x00, 0x00, 0x00, 0x00, 0x00, 0x00, 0x00, 0x00, 0x00,
    0x00, 0x00, 0x00, 0x00, 0x00, 0x00, 0x00, 0x00, 0x00, 0x00, 0x00, 0x00, 0x00, 0x00, 0x00, 0x00,
    0x00, 0x00, 0x00, 0x00, 0x00, 0x00, 0x00, 0x00, 0x00, 0x00, 0x00, 0x01, 0x00, 0x00, 0x00, 0x02,
    0x00, 0x00, 0x00, 0x00, 0x00, 0x00, 0x00, 0x00, 0x00, 0x00, 0x00, 0x00, 0x00, 0x00, 0x00, 0x00,
    0x00, 0x00, 0x00, 0x01, 0x7f, 0x7f, 0x7f, 0x02, 0x55, 0x55, 0x55, 0x03, 0x7f, 0x7f, 0x7f, 0x04,
    0xaa, 0xaa, 0xaa, 0x03, 0xff, 0xff, 0x7f, 0x02, 0x01, 0x01, 0x01, 0x00, 0x00, 0x00, 0x00, 0x00,
    0x00, 0x00, 0x00, 0x00, 0x00, 0x00, 0x00, 0x00, 0x00, 0x00, 0x00, 0x00, 0x00, 0x00, 0x00, 0x00,
    0x00, 0x00, 0x00, 0x03, 0x19, 0x19, 0x19, 0x14, 0x6a, 0x63, 0x5c, 0x24, 0x6f, 0x6f, 0x6a, 0x3e,
    0x70, 0x70, 0x6b, 0x64, 0x7a, 0x7a, 0x76, 0x8c, 0x8a, 0x8a, 0x86, 0xb2, 0x9c, 0x9a, 0x95, 0xd2,
    0x92, 0x90, 0x8d, 0xea, 0x60, 0x60, 0x5d, 0xf5, 0x3c, 0x3b, 0x38, 0xf8, 0x4e, 0x4b, 0x48, 0xff,
    0x6e, 0x6a, 0x65, 0xff, 0x8d, 0x89, 0x84, 0xfc, 0xaa, 0xa4, 0xa0, 0xfe, 0xbf, 0xba, 0xb7, 0xff,
    0xc9, 0xc5, 0xc0, 0xff, 0xcb, 0xc7, 0xc4, 0xff, 0xcc, 0xc7, 0xc3, 0xff, 0xc8, 0xc4, 0xc1, 0xff,
    0xc5, 0xc1, 0xbe, 0xff, 0xc1, 0xbb, 0xb8, 0xff, 0xbb, 0xb6, 0xb3, 0xff, 0xb5, 0xb1, 0xad, 0xff,
    0xb0, 0xab, 0xa8, 0xff, 0xaa, 0xa6, 0xa2, 0xff, 0xa4, 0x9f, 0x9c, 0xff, 0x9e, 0x9a, 0x96, 0xff,
    0x98, 0x94, 0x90, 0xff, 0x92, 0x8e, 0x8a, 0xff, 0x8a, 0x85, 0x81, 0xff, 0x84, 0x7f, 0x7b, 0xff,
    0x7f, 0x7a, 0x76, 0xff, 0x7b, 0x75, 0x72, 0xff, 0x76, 0x71, 0x6d, 0xff, 0x72, 0x6e, 0x6a, 0xff,
    0x70, 0x6b, 0x69, 0xff, 0x6f, 0x6a, 0x67, 0xff, 0x6d, 0x69, 0x65, 0xff, 0x6d, 0x68, 0x64, 0xff,
    0x69, 0x64, 0x61, 0xff, 0x72, 0x6e, 0x69, 0xff, 0x56, 0x52, 0x51, 0xfd, 0x18, 0x16, 0x16, 0xfd,
    0x0f, 0x0e, 0x0e, 0xff, 0x14, 0x11, 0x11, 0xff, 0x12, 0x0f, 0x0f, 0xff, 0x11, 0x0f, 0x0e, 0xff,
    0x10, 0x0f, 0x0e, 0xff, 0x10, 0x0f, 0x0f, 0xff, 0x0e, 0x0c, 0x0c, 0xff, 0x0f, 0x0c, 0x0d, 0xff,
    0x0e, 0x0d, 0x0d, 0xf2, 0x29, 0x28, 0x24, 0xee, 0x30, 0x2f, 0x25, 0xff, 0x27, 0x27, 0x20, 0xfe,
    0x1f, 0x1e, 0x1a, 0xff, 0x21, 0x1f, 0x1c, 0xff, 0x1e, 0x1d, 0x19, 0xff, 0x1d, 0x1b, 0x16, 0xff,
    0x1b, 0x19, 0x15, 0xff, 0x20, 0x20, 0x1b, 0xff, 0x32, 0x32, 0x28, 0xff, 0x30, 0x30, 0x27, 0xff,
    0x30, 0x31, 0x28, 0xff, 0x30, 0x31, 0x27, 0xff, 0x31, 0x31, 0x27, 0xff, 0x30, 0x31, 0x28, 0xff,
    0x31, 0x32, 0x28, 0xff, 0x31, 0x32, 0x27, 0xff, 0x31, 0x32, 0x28, 0xff, 0x30, 0x31, 0x27, 0xff,
    0x31, 0x31, 0x27, 0xff, 0x32, 0x30, 0x27, 0xff, 0x31, 0x31, 0x27, 0xff, 0x31, 0x31, 0x27, 0xff,
    0x31, 0x31, 0x27, 0xff, 0x31, 0x31, 0x27, 0xff, 0x31, 0x31, 0x27, 0xff, 0x31, 0x30, 0x26, 0xff,
    0x30, 0x31, 0x27, 0xff, 0x31, 0x31, 0x27, 0xff, 0x30, 0x31, 0x27, 0xff, 0x30, 0x31, 0x27, 0xff,
    0x30, 0x31, 0x27, 0xff, 0x30, 0x31, 0x27, 0xff, 0x30, 0x30, 0x26, 0xff, 0x30, 0x31, 0x27, 0xff,
    0x2f, 0x30, 0x26, 0xff, 0x30, 0x30, 0x27, 0xff, 0x30, 0x30, 0x27, 0xff, 0x30, 0x31, 0x27, 0xff,
    0x2f, 0x30, 0x27, 0xff, 0x30, 0x30, 0x26, 0xff, 0x30, 0x30, 0x27, 0xff, 0x32, 0x32, 0x29, 0xff,
    0x32, 0x32, 0x28, 0xff, 0x24, 0x24, 0x20, 0xff, 0x2f, 0x2d, 0x2c, 0xff, 0x3c, 0x3a, 0x37, 0xff,
    0x3d, 0x3d, 0x3b, 0xfe, 0x3f, 0x40, 0x3e, 0xff, 0x3f, 0x3e, 0x3b, 0xff, 0x23, 0x22, 0x20, 0xf3,
    0x1c, 0x1b, 0x19, 0xd6, 0x2b, 0x2a, 0x27, 0xe9, 0x44, 0x40, 0x3c, 0xe0, 0x73, 0x6e, 0x6a, 0xfa,
    0xb3, 0xaf, 0xac, 0xfe, 0xd3, 0xcf, 0xcc, 0xff, 0xb4, 0xaf, 0xad, 0xff, 0x67, 0x62, 0x60, 0xff,
    0x3c, 0x3a, 0x35, 0xff, 0x38, 0x38, 0x30, 0xff, 0x3a, 0x3b, 0x30, 0xff, 0x39, 0x3a, 0x2f, 0xff,
    0x3b, 0x3b, 0x30, 0xff, 0x3f, 0x40, 0x35, 0xff, 0x42, 0x44, 0x37, 0xff, 0x43, 0x44, 0x37, 0xff,
    0x46, 0x47, 0x3b, 0xff, 0x51, 0x4f, 0x45, 0xff, 0x63, 0x63, 0x58, 0xfd, 0x92, 0x90, 0x87, 0xfe,
    0xb8, 0xb6, 0xaf, 0xff, 0x9b, 0x9a, 0x94, 0xe1, 0x58, 0x58, 0x53, 0x59, 0x00, 0x00, 0x00, 0x00,
    0x00, 0x00, 0x00, 0x00, 0x00, 0x00, 0x00, 0x00, 0x00, 0x00, 0x00, 0x00, 0x00, 0x00, 0x00, 0x00,
    0x55, 0x55, 0x55, 0x03, 0x7f, 0x7f, 0x7f, 0x02, 0x7f, 0x7f, 0x7f, 0x02, 0x00, 0x00, 0x00, 0x02,
    0x00, 0x00, 0x00, 0x01, 0x00, 0x00, 0x00, 0x01, 0x00, 0x00, 0x00, 0x02, 0x7f, 0x7f, 0x7f, 0x02,
    0x7f, 0x7f, 0x7f, 0x02, 0x00, 0x00, 0x00, 0x02, 0x00, 0x00, 0x00, 0x02, 0x00, 0x00, 0x00, 0x01,
    0x00, 0x00, 0x00, 0x01, 0x00, 0x00, 0x00, 0x00, 0x00, 0x00, 0x00, 0x00, 0x00, 0x00, 0x00, 0x00,
    0x00, 0x00, 0x00, 0x00, 0x00, 0x00, 0x00, 0x00, 0x00, 0x00, 0x00, 0x00, 0x00, 0x00, 0x00, 0x00,
    0x00, 0x00, 0x00, 0x01, 0x00, 0x00, 0x00, 0x01, 0x00, 0x00, 0x00, 0x01, 0x00, 0x00, 0x00, 0x00,
    0x00, 0x00, 0x00, 0x00, 0x00, 0x00, 0x00, 0x00, 0x00, 0x00, 0x00, 0x01, 0x00, 0x00, 0x00, 0x00,
    0x00, 0x00, 0x00, 0x00, 0x00, 0x00, 0x00, 0x00, 0x00, 0x00, 0x00, 0x00, 0x00, 0x00, 0x00, 0x00,
    0x00, 0x00, 0x00, 0x00, 0x00, 0x00, 0x00, 0x01, 0x00, 0x00, 0x00, 0x01, 0x00, 0x00, 0x00, 0x00,
    0x00, 0x00, 0x00, 0x00, 0x00, 0x00, 0x00, 0x00, 0x00, 0x00, 0x00, 0x00, 0x00, 0x00, 0x00, 0x00,
    0x00, 0x00, 0x00, 0x00, 0x00, 0x00, 0x00, 0x00, 0x00, 0x00, 0x00, 0x00, 0x00, 0x00, 0x00, 0x00,
    0x00, 0x00, 0x00, 0x00, 0x00, 0x00, 0x00, 0x01, 0x00, 0x00, 0x00, 0x00, 0x00, 0x00, 0x00, 0x00,
    0x00, 0x00, 0x00, 0x00, 0x00, 0x00, 0x00, 0x00, 0x00, 0x00, 0x00, 0x00, 0x00, 0x00, 0x00, 0x00,
    0x00, 0x00, 0x00, 0x00, 0x00, 0x00, 0x00, 0x00, 0x00, 0x00, 0x00, 0x00, 0x00, 0x00, 0x00, 0x00,
    0x00, 0x00, 0x00, 0x01, 0x00, 0x00, 0x00, 0x00, 0x00, 0x00, 0x00, 0x00, 0x00, 0x00, 0x00, 0x00,
    0x00, 0x00, 0x00, 0x01, 0x00, 0x00, 0x00, 0x01, 0x00, 0x00, 0x00, 0x00, 0x00, 0x00, 0x00, 0x00,
    0x00, 0x00, 0x00, 0x00, 0x00, 0x00, 0x00, 0x00, 0x00, 0x00, 0x00, 0x00, 0x00, 0x00, 0x00, 0x01,
    0x00, 0x00, 0x00, 0x01, 0x00, 0x00, 0x00, 0x00, 0x00, 0x00, 0x00, 0x00, 0x00, 0x00, 0x00, 0x00,
    0x00, 0x00, 0x00, 0x00, 0x00, 0x00, 0x00, 0x00, 0x00, 0x00, 0x00, 0x01, 0x00, 0x00, 0x00, 0x01,
    0x00, 0x00, 0x00, 0x00, 0x00, 0x00, 0x00, 0x00, 0x00, 0x00, 0x00, 0x00, 0x00, 0x00, 0x00, 0x00,
    0x00, 0x00, 0x00, 0x00, 0x00, 0x00, 0x00, 0x00, 0x00, 0x00, 0x00, 0x00, 0x00, 0x00, 0x00, 0x00,
    0x00, 0x00, 0x00, 0x00, 0x00, 0x00, 0x00, 0x00, 0x00, 0x00, 0x00, 0x00, 0x00, 0x00, 0x00, 0x00,
    0x00, 0x00, 0x00, 0x00, 0x00, 0x00, 0x00, 0x00, 0x00, 0x00, 0x00, 0x00, 0x00, 0x00, 0x00, 0x01,
    0x00, 0x00, 0x00, 0x01, 0x00, 0x00, 0x00, 0x00, 0x00, 0x00, 0x00, 0x00, 0x00, 0x00, 0x00, 0x00,
    0x00, 0x00, 0x00, 0x00, 0x00, 0x00, 0x00, 0x00, 0x00, 0x00, 0x00, 0x00, 0x00, 0x00, 0x00, 0x00,
    0x00, 0x00, 0x00, 0x00, 0x00, 0x00, 0x00, 0x00, 0x00, 0x00, 0x00, 0x00, 0x00, 0x00, 0x00, 0x00,
    0x00, 0x00, 0x00, 0x00, 0x00, 0x00, 0x00, 0x00, 0x00, 0x00, 0x00, 0x00, 0x00, 0x00, 0x00, 0x00,
    0x00, 0x00, 0x00, 0x00, 0x00, 0x00, 0x00, 0x01, 0x00, 0x00, 0x00, 0x01, 0x00, 0x00, 0x00, 0x01,
    0x55, 0x55, 0x55, 0x03, 0x7f, 0x7f, 0x7f, 0x04, 0xff, 0xbf, 0xbf, 0x04, 0xff, 0xff, 0xff, 0x02,
    0x01, 0x01, 0x01, 0x00, 0x00, 0x00, 0x00, 0x00, 0x00, 0x00, 0x00, 0x00, 0x00, 0x00, 0x00, 0x00,
    0x00, 0x00, 0x00, 0x00, 0x00, 0x00, 0x00, 0x00, 0x00, 0x00, 0x00, 0x06, 0x2a, 0x2a, 0x2a, 0x1e,
    0x6b, 0x6f, 0x66, 0x39, 0x85, 0x85, 0x82, 0x5c, 0x97, 0x92, 0x90, 0x76, 0x95, 0x93, 0x90, 0x98,
    0x9e, 0x9d, 0x97, 0xb7, 0xa7, 0xa3, 0xa0, 0xd2, 0xaa, 0xa5, 0xa0, 0xed, 0xaa, 0xa6, 0xa2, 0xff,
    0xb3, 0xb0, 0xab, 0xff, 0xbd, 0xb9, 0xb5, 0xff, 0xb4, 0xb1, 0xad, 0xff, 0x89, 0x86, 0x81, 0xff,
    0x5b, 0x59, 0x55, 0xff, 0x56, 0x54, 0x50, 0xff, 0x76, 0x73, 0x6e, 0xff, 0x99, 0x96, 0x92, 0xfc,
    0xb5, 0xb3, 0xae, 0xfe, 0xc7, 0xc5, 0xbf, 0xff, 0xce, 0xca, 0xc6, 0xff, 0xcf, 0xcb, 0xc8, 0xff,
    0xcd, 0xc9, 0xc5, 0xff, 0xc8, 0xc4, 0xc0, 0xff, 0xc5, 0xbf, 0xbd, 0xff, 0xc2, 0xbd, 0xba, 0xff,
    0xbf, 0xbb, 0xb8, 0xff, 0xbd, 0xb8, 0xb4, 0xff, 0xb8, 0xb4, 0xb1, 0xff, 0xb5, 0xb1, 0xae, 0xff,
    0xb5, 0xaf, 0xad, 0xff, 0xb3, 0xad, 0xaa, 0xff, 0xaf, 0xac, 0xa7, 0xff, 0xae, 0xaa, 0xa6, 0xff,
    0xad, 0xa8, 0xa5, 0xff, 0xad, 0xa9, 0xa5, 0xff, 0xad, 0xa9, 0xa5, 0xff, 0xaa, 0xa5, 0xa1, 0xff,
    0xa2, 0x9e, 0x99, 0xff, 0x99, 0x95, 0x90, 0xff, 0x90, 0x8b, 0x88, 0xff, 0x86, 0x82, 0x7d, 0xff,
    0x7b, 0x76, 0x74, 0xff, 0x72, 0x6d, 0x6a, 0xff, 0x6b, 0x67, 0x63, 0xff, 0x67, 0x62, 0x5f, 0xff,
    0x65, 0x60, 0x5c, 0xff, 0x62, 0x5e, 0x5a, 0xff, 0x6e, 0x6a, 0x67, 0xff, 0x50, 0x4c, 0x4c, 0xff,
    0x1a, 0x18, 0x19, 0xff, 0x10, 0x0f, 0x0f, 0xff, 0x13, 0x10, 0x10, 0xff, 0x10, 0x0e, 0x0e, 0xff,
    0x11, 0x0f, 0x0e, 0xff, 0x12, 0x10, 0x10, 0xfe, 0x0e, 0x0c, 0x0c, 0xfe, 0x0f, 0x0c, 0x0d, 0xff,
    0x0c, 0x0a, 0x0b, 0xef, 0x28, 0x25, 0x21, 0xe5, 0x31, 0x2f, 0x27, 0xff, 0x29, 0x29, 0x20, 0xfe,
    0x1e, 0x1d, 0x19, 0xff, 0x1f, 0x1e, 0x19, 0xff, 0x1b, 0x19, 0x15, 0xff, 0x1c, 0x19, 0x15, 0xff,
    0x1a, 0x18, 0x15, 0xff, 0x1e, 0x1e, 0x18, 0xff, 0x2f, 0x2f, 0x26, 0xff, 0x31, 0x31, 0x27, 0xff,
    0x30, 0x30, 0x26, 0xff, 0x31, 0x30, 0x27, 0xff, 0x30, 0x31, 0x27, 0xff, 0x30, 0x31, 0x27, 0xff,
    0x31, 0x31, 0x27, 0xff, 0x30, 0x31, 0x26, 0xff, 0x30, 0x31, 0x27, 0xff, 0x2f, 0x31, 0x26, 0xff,
    0x2f, 0x31, 0x28, 0xff, 0x30, 0x2f, 0x26, 0xff, 0x30, 0x30, 0x26, 0xff, 0x30, 0x31, 0x27, 0xff,
    0x2f, 0x30, 0x26, 0xff, 0x2f, 0x30, 0x26, 0xff, 0x30, 0x31, 0x26, 0xff, 0x31, 0x30, 0x27, 0xff,
    0x2f, 0x30, 0x26, 0xff, 0x2f, 0x30, 0x26, 0xff, 0x30, 0x31, 0x27, 0xff, 0x2f, 0x30, 0x26, 0xff,
    0x30, 0x31, 0x27, 0xff, 0x30, 0x30, 0x26, 0xff, 0x2f, 0x30, 0x26, 0xff, 0x30, 0x30, 0x26, 0xff,
    0x2f, 0x30, 0x27, 0xff, 0x30, 0x30, 0x26, 0xff, 0x2f, 0x30, 0x26, 0xff, 0x30, 0x30, 0x26, 0xff,
    0x31, 0x30, 0x27, 0xff, 0x30, 0x2f, 0x26, 0xff, 0x2f, 0x2f, 0x26, 0xff, 0x30, 0x31, 0x27, 0xff,
    0x2a, 0x29, 0x20, 0xff, 0x61, 0x5c, 0x5a, 0xff, 0x7a, 0x76, 0x73, 0xff, 0x65, 0x61, 0x5d, 0xff,
    0x51, 0x4d, 0x4b, 0xff, 0x3f, 0x3c, 0x3a, 0xfe, 0x39, 0x39, 0x38, 0xfe, 0x3c, 0x3c, 0x3b, 0xff,
    0x35, 0x33, 0x31, 0xc8, 0x21, 0x1e, 0x1e, 0xa9, 0x29, 0x27, 0x26, 0xe9, 0x3c, 0x3a, 0x37, 0xf6,
    0x6e, 0x6a, 0x67, 0xfe, 0xae, 0xa9, 0xa6, 0xff, 0xd4, 0xd1, 0xce, 0xfe, 0xbc, 0xb7, 0xb4, 0xff,
    0x71, 0x6d, 0x6a, 0xff, 0x3d, 0x38, 0x34, 0xff, 0x37, 0x35, 0x2e, 0xff, 0x38, 0x39, 0x2f, 0xff,
    0x36, 0x36, 0x2e, 0xff, 0x36, 0x36, 0x2d, 0xff, 0x38, 0x38, 0x2e, 0xff, 0x3b, 0x3b, 0x30, 0xff,
    0x3f, 0x3f, 0x33, 0xff, 0x44, 0x44, 0x37, 0xff, 0x4a, 0x4a, 0x3c, 0xff, 0x58, 0x57, 0x4c, 0xfd,
    0x75, 0x75, 0x6a, 0xf8, 0xa3, 0xa2, 0x99, 0xff, 0xb2, 0xb2, 0xa9, 0xff, 0x99, 0x99, 0x93, 0xa1,
    0x48, 0x48, 0x43, 0x35, 0x41, 0x3e, 0x3e, 0x66, 0x4e, 0x4c, 0x4c, 0x9c, 0x1b, 0x17, 0x17, 0x37,
    0x00, 0x00, 0x00, 0x00, 0x00, 0x00, 0x00, 0x00, 0x00, 0x00, 0x00, 0x00, 0x00, 0x00, 0x00, 0x00,
    0x00, 0x00, 0x00, 0x00, 0x01, 0x01, 0x01, 0x00, 0x01, 0x01, 0x01, 0x00, 0x00, 0x00, 0x00, 0x00,
    0x00, 0x00, 0x00, 0x00, 0x01, 0x01, 0x01, 0x00, 0x01, 0x01, 0x01, 0x00, 0x02, 0x02, 0x02, 0x00,
    0xff, 0xff, 0xff, 0x01, 0xff, 0xff, 0xff, 0x03, 0xff, 0xff, 0xff, 0x03, 0xff, 0xff, 0xff, 0x03,
    0xff, 0xff, 0xff, 0x04, 0xbf, 0xbf, 0xbf, 0x04, 0xbf, 0xbf, 0xbf, 0x04, 0xbf, 0xbf, 0xbf, 0x04,
    0x7f, 0x7f, 0x7f, 0x04, 0x7f, 0x7f, 0x7f, 0x04, 0x55, 0x55, 0x55, 0x06, 0x7f, 0x7f, 0x7f, 0x04,
    0x3f, 0x3f, 0x3f, 0x04, 0x33, 0x33, 0x33, 0x05, 0x2a, 0x2a, 0x2a, 0x06, 0x3f, 0x3f, 0x3f, 0x04,
    0x2a, 0x2a, 0x00, 0x06, 0x00, 0x00, 0x00, 0x03, 0x00, 0x00, 0x00, 0x03, 0x00, 0x00, 0x00, 0x02,
    0x00, 0x00, 0x00, 0x02, 0x00, 0x00, 0x00, 0x00, 0x00, 0x00, 0x00, 0x00, 0x00, 0x00, 0x00, 0x00,
    0x00, 0x00, 0x00, 0x00, 0x00, 0x00, 0x00, 0x00, 0x00, 0x00, 0x00, 0x00, 0x00, 0x00, 0x00, 0x00,
    0x00, 0x00, 0x00, 0x00, 0x00, 0x00, 0x00, 0x00, 0x00, 0x00, 0x00, 0x00, 0x00, 0x00, 0x00, 0x00,
    0x00, 0x00, 0x00, 0x01, 0x00, 0x00, 0x00, 0x02, 0x00, 0x00, 0x00, 0x00, 0x00, 0x00, 0x00, 0x00,
    0x00, 0x00, 0x00, 0x01, 0x00, 0x00, 0x00, 0x01, 0x00, 0x00, 0x00, 0x00, 0x00, 0x00, 0x00, 0x00,
    0x00, 0x00, 0x00, 0x00, 0x00, 0x00, 0x00, 0x00, 0x00, 0x00, 0x00, 0x00, 0x00, 0x00, 0x00, 0x01,
    0x00, 0x00, 0x00, 0x00, 0x00, 0x00, 0x00, 0x00, 0x00, 0x00, 0x00, 0x00, 0x00, 0x00, 0x00, 0x00,
    0x00, 0x00, 0x00, 0x00, 0x00, 0x00, 0x00, 0x01, 0x00, 0x00, 0x00, 0x00, 0x00, 0x00, 0x00, 0x00,
    0x00, 0x00, 0x00, 0x00, 0x00, 0x00, 0x00, 0x00, 0x00, 0x00, 0x00, 0x01, 0x00, 0x00, 0x00, 0x01,
    0x00, 0x00, 0x00, 0x00, 0x00, 0x00, 0x00, 0x00, 0x00, 0x00, 0x00, 0x00, 0x00, 0x00, 0x00, 0x00,
    0x00, 0x00, 0x00, 0x00, 0x00, 0x00, 0x00, 0x00, 0x00, 0x00, 0x00, 0x00, 0x00, 0x00, 0x00, 0x00,
    0x00, 0x00, 0x00, 0x00, 0x00, 0x00, 0x00, 0x00, 0x00, 0x00, 0x00, 0x00, 0x00, 0x00, 0x00, 0x00,
    0x00, 0x00, 0x00, 0x00, 0x00, 0x00, 0x00, 0x01, 0x00, 0x00, 0x00, 0x01, 0x00, 0x00, 0x00, 0x00,
    0x00, 0x00, 0x00, 0x00, 0x00, 0x00, 0x00, 0x00, 0x00, 0x00, 0x00, 0x00, 0x00, 0x00, 0x00, 0x00,
    0x00, 0x00, 0x00, 0x00, 0x00, 0x00, 0x00, 0x00, 0x00, 0x00, 0x00, 0x00, 0x00, 0x00, 0x00, 0x01,
    0x00, 0x00, 0x00, 0x00, 0x00, 0x00, 0x00, 0x00, 0x00, 0x00, 0x00, 0x00, 0x00, 0x00, 0x00, 0x00,
    0x00, 0x00, 0x00, 0x01, 0x00, 0x00, 0x00, 0x00, 0x00, 0x00, 0x00, 0x00, 0x00, 0x00, 0x00, 0x00,
    0x00, 0x00, 0x00, 0x00, 0x00, 0x00, 0x00, 0x00, 0x00, 0x00, 0x00, 0x00, 0x00, 0x00, 0x00, 0x00,
    0x00, 0x00, 0x00, 0x01, 0x00, 0x00, 0x00, 0x00, 0x00, 0x00, 0x00, 0x00, 0x00, 0x00, 0x00, 0x00,
    0x00, 0x00, 0x00, 0x00, 0x00, 0x00, 0x00, 0x01, 0x00, 0x00, 0x00, 0x02, 0x7f, 0x7f, 0x7f, 0x02,
    0x00, 0x00, 0x00, 0x00, 0x00, 0x00, 0x00, 0x00, 0x00, 0x00, 0x00, 0x00, 0x00, 0x00, 0x00, 0x02,
    0x0f, 0x0f, 0x0f, 0x10, 0x66, 0x66, 0x66, 0x1e, 0x6c, 0x67, 0x63, 0x3b, 0x80, 0x7e, 0x78, 0x5f,
    0x8d, 0x8b, 0x85, 0x8d, 0x96, 0x92, 0x8c, 0xb7, 0x9b, 0x98, 0x94, 0xd8, 0xa3, 0xa0, 0x9c, 0xea,
    0xaa, 0xa8, 0xa3, 0xf4, 0xaa, 0xa7, 0xa2, 0xff, 0xab, 0xa7, 0xa3, 0xff, 0xaa, 0xa5, 0xa2, 0xff,
    0xa5, 0xa0, 0x9d, 0xff, 0x9e, 0x99, 0x94, 0xff, 0x94, 0x90, 0x8b, 0xff, 0x91, 0x8c, 0x87, 0xfc,
    0x7c, 0x78, 0x74, 0xfc, 0x59, 0x55, 0x51, 0xfc, 0x3c, 0x39, 0x36, 0xfc, 0x3b, 0x38, 0x34, 0xfd,
    0x56, 0x52, 0x4e, 0xfe, 0x6f, 0x6b, 0x67, 0xfe, 0x76, 0x72, 0x6f, 0xff, 0x79, 0x77, 0x73, 0xff,
    0x7c, 0x79, 0x74, 0xff, 0x78, 0x76, 0x6f, 0xff, 0x71, 0x6f, 0x6a, 0xff, 0x6b, 0x67, 0x63, 0xff,
    0x65, 0x61, 0x5c, 0xff, 0x5f, 0x5b, 0x57, 0xff, 0x5b, 0x58, 0x53, 0xff, 0x58, 0x52, 0x50, 0xff,
    0x55, 0x50, 0x4d, 0xff, 0x53, 0x4f, 0x4d, 0xff, 0x52, 0x4e, 0x4c, 0xff, 0x51, 0x4d, 0x4a, 0xff,
    0x52, 0x4e, 0x4b, 0xff, 0x53, 0x4e, 0x4c, 0xff, 0x53, 0x4e, 0x4b, 0xff, 0x55, 0x51, 0x4d, 0xff,
    0x59, 0x54, 0x51, 0xff, 0x5d, 0x59, 0x55, 0xff, 0x66, 0x62, 0x5e, 0xff, 0x70, 0x6c, 0x69, 0xff,
    0x7c, 0x79, 0x75, 0xff, 0x8d, 0x88, 0x84, 0xff, 0x9a, 0x95, 0x91, 0xff, 0xa4, 0xa0, 0x9d, 0xff,
    0xab, 0xa7, 0xa3, 0xff, 0xac, 0xa7, 0xa4, 0xff, 0xa8, 0xa3, 0x9f, 0xff, 0x9f, 0x9a, 0x96, 0xff,
    0x97, 0x92, 0x8e, 0xff, 0x8e, 0x88, 0x86, 0xff, 0x85, 0x7f, 0x7d, 0xff, 0x82, 0x7d, 0x7b, 0xff,
    0x4f, 0x4b, 0x4a, 0xff, 0x1a, 0x18, 0x17, 0xf9, 0x0c, 0x0b, 0x0a, 0xf5, 0x0c, 0x0b, 0x0b, 0xfc,
    0x0e, 0x0c, 0x0c, 0xff, 0x12, 0x11, 0x10, 0xfc, 0x0f, 0x0d, 0x0d, 0xfe, 0x10, 0x0f, 0x0e, 0xff,
    0x0e, 0x0b, 0x0c, 0xf6, 0x22, 0x1f, 0x1c, 0xf0, 0x33, 0x33, 0x29, 0xff, 0x2a, 0x2b, 0x23, 0xff,
    0x20, 0x20, 0x1d, 0xff, 0x1e, 0x1d, 0x1a, 0xff, 0x1d, 0x1c, 0x17, 0xff, 0x1f, 0x1e, 0x19, 0xff,
    0x1b, 0x1a, 0x16, 0xff, 0x1a, 0x19, 0x16, 0xff, 0x2c, 0x2b, 0x22, 0xff, 0x32, 0x32, 0x28, 0xff,
    0x31, 0x31, 0x27, 0xff, 0x32, 0x32, 0x28, 0xff, 0x32, 0x33, 0x29, 0xff, 0x32, 0x32, 0x28, 0xff,
    0x30, 0x31, 0x27, 0xff, 0x31, 0x32, 0x28, 0xff, 0x31, 0x32, 0x28, 0xff, 0x30, 0x32, 0x28, 0xff,
    0x30, 0x31, 0x28, 0xff, 0x30, 0x31, 0x27, 0xff, 0x30, 0x31, 0x27, 0xff, 0x31, 0x31, 0x28, 0xff,
    0x30, 0x32, 0x27, 0xff, 0x31, 0x31, 0x27, 0xff, 0x31, 0x31, 0x27, 0xff, 0x31, 0x31, 0x27, 0xff,
    0x31, 0x30, 0x27, 0xff, 0x30, 0x31, 0x26, 0xff, 0x31, 0x31, 0x26, 0xff, 0x30, 0x30, 0x26, 0xff,
    0x2f, 0x30, 0x25, 0xff, 0x2f, 0x30, 0x25, 0xff, 0x2f, 0x30, 0x26, 0xff, 0x30, 0x31, 0x27, 0xff,
    0x30, 0x30, 0x26, 0xff, 0x30, 0x30, 0x26, 0xff, 0x2f, 0x30, 0x26, 0xff, 0x2f, 0x30, 0x26, 0xff,
    0x2f, 0x2f, 0x26, 0xff, 0x2e, 0x2f, 0x25, 0xff, 0x30, 0x30, 0x27, 0xff, 0x2a, 0x28, 0x1f, 0xff,
    0x51, 0x4f, 0x49, 0xff, 0xc5, 0xbf, 0xbd, 0xff, 0xdd, 0xd8, 0xd5, 0xff, 0xd8, 0xd5, 0xd2, 0xff,
    0xb8, 0xb4, 0xaf, 0xff, 0x88, 0x82, 0x7e, 0xff, 0x58, 0x55, 0x50, 0xff, 0x3e, 0x3d, 0x38, 0xfe,
    0x3b, 0x39, 0x36, 0xff, 0x41, 0x3e, 0x3c, 0xd7, 0x22, 0x1f, 0x1d, 0xd0, 0x27, 0x25, 0x24, 0xfc,
    0x3a, 0x37, 0x34, 0xff, 0x6c, 0x68, 0x64, 0xf8, 0xa0, 0x9b, 0x98, 0xff, 0xc9, 0xc4, 0xc1, 0xff,
    0xbb, 0xb6, 0xb3, 0xff, 0x7d, 0x77, 0x73, 0xff, 0x3f, 0x39, 0x36, 0xff, 0x34, 0x33, 0x2b, 0xff,
    0x3a, 0x3a, 0x30, 0xff, 0x3e, 0x3d, 0x33, 0xff, 0x3d, 0x3c, 0x32, 0xff, 0x3b, 0x3b, 0x31, 0xfe,
    0x3b, 0x3b, 0x2f, 0xfd, 0x38, 0x37, 0x2d, 0xfe, 0x3d, 0x3c, 0x31, 0xfe, 0x43, 0x42, 0x38, 0xff,
    0x4a, 0x48, 0x40, 0xff, 0x51, 0x4f, 0x47, 0xff, 0x69, 0x69, 0x63, 0xf6, 0x77, 0x76, 0x71, 0xff,
    0x64, 0x62, 0x5f, 0xfa, 0x52, 0x50, 0x4d, 0xff, 0x63, 0x62, 0x60, 0xff, 0x2a, 0x29, 0x28, 0xca,
    0x4e, 0x4c, 0x4a, 0x93, 0x56, 0x56, 0x56, 0x3b, 0x4c, 0x4c, 0x4c, 0x28, 0x31, 0x31, 0x31, 0x1f,
    0x26, 0x26, 0x26, 0x28, 0x0b, 0x0f, 0x0f, 0x40, 0x00, 0x00, 0x00, 0x26, 0x41, 0x41, 0x3a, 0x23,
    0x2f, 0x2f, 0x2f, 0x20, 0x19, 0x19, 0x19, 0x14, 0x00, 0x00, 0x00, 0x13, 0x00, 0x00, 0x00, 0x13,
    0x00, 0x00, 0x00, 0x06, 0x00, 0x00, 0x00, 0x00, 0x00, 0x00, 0x00, 0x01, 0x00, 0x00, 0x00, 0x00,
    0x00, 0x00, 0x00, 0x00, 0x00, 0x00, 0x00, 0x00, 0x00, 0x00, 0x00, 0x00, 0x00, 0x00, 0x00, 0x00,
    0x00, 0x00, 0x00, 0x00, 0x00, 0x00, 0x00, 0x00, 0x00, 0x00, 0x00, 0x00, 0x00, 0x00, 0x00, 0x00,
    0x00, 0x00, 0x00, 0x00, 0x00, 0x00, 0x00, 0x00, 0x00, 0x00, 0x00, 0x00, 0x00, 0x00, 0x00, 0x00,
    0x00, 0x00, 0x00, 0x00, 0x00, 0x01, 0x01, 0x00, 0x01, 0x01, 0x01, 0x00, 0x01, 0x02, 0x02, 0x00,
    0x01, 0x01, 0x01, 0x00, 0x7f, 0x7f, 0x7f, 0x02, 0xaa, 0xaa, 0xaa, 0x03, 0x55, 0x55, 0x55, 0x03,
    0x55, 0x55, 0x55, 0x03, 0x7f, 0x7f, 0x7f, 0x02, 0x00, 0x00, 0x00, 0x02, 0x00, 0x00, 0x00, 0x01,
    0x00, 0x00, 0x00, 0x01, 0x00, 0x00, 0x00, 0x01, 0x00, 0x00, 0x00, 0x00, 0x00, 0x00, 0x00, 0x00,
    0x00, 0x00, 0x00, 0x00, 0x00, 0x00, 0x00, 0x00, 0x00, 0x00, 0x00, 0x00, 0x00, 0x00, 0x00, 0x00,
    0x00, 0x00, 0x00, 0x00, 0x00, 0x00, 0x00, 0x00, 0x00, 0x00, 0x00, 0x00, 0x00, 0x00, 0x00, 0x00,
    0x00, 0x00, 0x00, 0x01, 0x00, 0x00, 0x00, 0x00, 0x00, 0x00, 0x00, 0x00, 0x00, 0x00, 0x00, 0x00,
    0x00, 0x00, 0x00, 0x00, 0x00, 0x00, 0x00, 0x00, 0x00, 0x00, 0x00, 0x00, 0x00, 0x00, 0x00, 0x00,
    0x00, 0x00, 0x00, 0x00, 0x00, 0x00, 0x00, 0x00, 0x00, 0x00, 0x00, 0x00, 0x00, 0x00, 0x00, 0x00,
    0x00, 0x00, 0x00, 0x00, 0x00, 0x00, 0x00, 0x00, 0x00, 0x00, 0x00, 0x00, 0x00, 0x00, 0x00, 0x00,
    0x00, 0x00, 0x00, 0x00, 0x00, 0x00, 0x00, 0x00, 0x00, 0x00, 0x00, 0x00, 0x00, 0x00, 0x00, 0x00,
    0x00, 0x00, 0x00, 0x00, 0x00, 0x00, 0x00, 0x00, 0x00, 0x00, 0x00, 0x00, 0x00, 0x00, 0x00, 0x00,
    0x00, 0x00, 0x00, 0x00, 0x00, 0x00, 0x00, 0x00, 0x00, 0x00, 0x00, 0x00, 0x00, 0x00, 0x00, 0x00,
    0x00, 0x00, 0x00, 0x00, 0x00, 0x00, 0x00, 0x00, 0x00, 0x00, 0x00, 0x00, 0x00, 0x00, 0x00, 0x00,
    0x00, 0x00, 0x00, 0x01, 0x00, 0x00, 0x00, 0x00, 0x00, 0x00, 0x00, 0x00, 0x00, 0x00, 0x00, 0x00,
    0x00, 0x00, 0x00, 0x00, 0x00, 0x00, 0x00, 0x00, 0x00, 0x00, 0x00, 0x00, 0x00, 0x00, 0x00, 0x01,
    0x00, 0x00, 0x00, 0x00, 0x00, 0x00, 0x00, 0x01, 0x00, 0x00, 0x00, 0x01, 0x00, 0x00, 0x00, 0x01,
    0x00, 0x00, 0x00, 0x00, 0x00, 0x00, 0x00, 0x00, 0x00, 0x00, 0x00, 0x01, 0x00, 0x00, 0x00, 0x00,
    0x00, 0x00, 0x00, 0x00, 0x00, 0x00, 0x00, 0x01, 0x00, 0x00, 0x00, 0x01, 0x00, 0x00, 0x00, 0x00,
    0x00, 0x00, 0x00, 0x02, 0x00, 0x00, 0x00, 0x01, 0x00, 0x00, 0x00, 0x01, 0x00, 0x00, 0x00, 0x01,
    0x00, 0x00, 0x00, 0x00, 0x00, 0x00, 0x00, 0x00, 0x00, 0x00, 0x00, 0x00, 0x00, 0x00, 0x00, 0x00,
    0x65, 0x60, 0x60, 0x35, 0x82, 0x7f, 0x7d, 0x66, 0x86, 0x84, 0x81, 0x90, 0x94, 0x92, 0x8e, 0xb1,
    0xa0, 0x9c, 0x98, 0xcc, 0xa0, 0x9c, 0x99, 0xec, 0xa2, 0x9f, 0x9a, 0xff, 0xa9, 0xa4, 0x9f, 0xff,
    0xa8, 0xa4, 0x9e, 0xff, 0xa0, 0x9e, 0x98, 0xff, 0x9a, 0x96, 0x91, 0xff, 0x93, 0x8f, 0x8b, 0xff,
    0x8c, 0x88, 0x83, 0xff, 0x88, 0x84, 0x7e, 0xfd, 0x84, 0x82, 0x7d, 0xfb, 0x7e, 0x7b, 0x78, 0xfa,
    0x78, 0x75, 0x72, 0xfc, 0x6d, 0x6a, 0x67, 0xfd, 0x6c, 0x68, 0x64, 0xfe, 0x65, 0x62, 0x5e, 0xff,
    0x4e, 0x4b, 0x47, 0xff, 0x3c, 0x39, 0x37, 0xff, 0x3f, 0x3b, 0x39, 0xff, 0x42, 0x3e, 0x3b, 0xff,
    0x3f, 0x3c, 0x3a, 0xff, 0x3c, 0x38, 0x36, 0xff, 0x3b, 0x38, 0x35, 0xff, 0x39, 0x36, 0x33, 0xff,
    0x38, 0x35, 0x32, 0xff, 0x39, 0x35, 0x30, 0xff, 0x38, 0x35, 0x30, 0xff, 0x38, 0x35, 0x30, 0xff,
    0x3a, 0x37, 0x32, 0xff, 0x3d, 0x39, 0x36, 0xff, 0x40, 0x3d, 0x38, 0xff, 0x44, 0x40, 0x3c, 0xff,
    0x46, 0x43, 0x3f, 0xff, 0x4a, 0x46, 0x41, 0xff, 0x4d, 0x49, 0x45, 0xff, 0x50, 0x4d, 0x4a, 0xff,
    0x55, 0x51, 0x4e, 0xff, 0x58, 0x54, 0x50, 0xff, 0x5a, 0x56, 0x53, 0xff, 0x5d, 0x5a, 0x56, 0xff,
    0x5c, 0x58, 0x55, 0xff, 0x59, 0x54, 0x51, 0xff, 0x4f, 0x4c, 0x48, 0xff, 0x45, 0x41, 0x3d, 0xff,
    0x3e, 0x3b, 0x37, 0xff, 0x3e, 0x3b, 0x37, 0xff, 0x43, 0x3f, 0x3d, 0xff, 0x48, 0x45, 0x42, 0xff,
    0x53, 0x4e, 0x4c, 0xff, 0x61, 0x5c, 0x5a, 0xff, 0x71, 0x6d, 0x6a, 0xff, 0x83, 0x7f, 0x7d, 0xff,
    0x96, 0x92, 0x8f, 0xff, 0xa5, 0xa1, 0xa0, 0xff, 0xaa, 0xa6, 0xa4, 0xff, 0xaf, 0xaa, 0xa6, 0xff,
    0xa8, 0xa3, 0x9f, 0xff, 0x67, 0x62, 0x61, 0xfc, 0x37, 0x32, 0x30, 0xf1, 0x1d, 0x1b, 0x1a, 0xe8,
    0x0f, 0x0f, 0x0e, 0xec, 0x12, 0x10, 0x10, 0xfc, 0x0e, 0x0c, 0x0c, 0xff, 0x0d, 0x0b, 0x0b, 0xff,
    0x0c, 0x0a, 0x0a, 0xfd, 0x1c, 0x1a, 0x18, 0xe9, 0x2f, 0x30, 0x26, 0xfa, 0x28, 0x29, 0x20, 0xff,
    0x22, 0x21, 0x1c, 0xff, 0x1f, 0x1e, 0x1a, 0xff, 0x1e, 0x1d, 0x18, 0xff, 0x1e, 0x1c, 0x17, 0xff,
    0x1d, 0x1b, 0x17, 0xff, 0x1a, 0x19, 0x16, 0xff, 0x1f, 0x20, 0x1a, 0xff, 0x28, 0x27, 0x21, 0xff,
    0x2a, 0x2a, 0x23, 0xff, 0x2b, 0x2c, 0x23, 0xff, 0x2c, 0x2c, 0x23, 0xff, 0x2c, 0x2d, 0x24, 0xff,
    0x2c, 0x2d, 0x22, 0xff, 0x2d, 0x2e, 0x24, 0xff, 0x2d, 0x2e, 0x25, 0xff, 0x2e, 0x2e, 0x24, 0xff,
    0x2f, 0x2e, 0x25, 0xff, 0x2e, 0x2f, 0x25, 0xff, 0x2e, 0x2e, 0x25, 0xff, 0x2e, 0x2f, 0x26, 0xff,
    0x2f, 0x2f, 0x27, 0xff, 0x2f, 0x2f, 0x27, 0xff, 0x30, 0x2f, 0x26, 0xff, 0x30, 0x2f, 0x26, 0xff,
    0x2e, 0x2f, 0x27, 0xff, 0x30, 0x2f, 0x28, 0xff, 0x30, 0x2f, 0x26, 0xff, 0x30, 0x2f, 0x26, 0xff,
    0x2f, 0x30, 0x26, 0xff, 0x2f, 0x30, 0x26, 0xff, 0x2f, 0x31, 0x26, 0xff, 0x30, 0x30, 0x27, 0xff,
    0x2f, 0x30, 0x27, 0xff, 0x2f, 0x30, 0x26, 0xff, 0x2f, 0x2f, 0x26, 0xff, 0x2f, 0x2f, 0x26, 0xff,
    0x2f, 0x30, 0x25, 0xff, 0x2e, 0x2f, 0x25, 0xff, 0x2f, 0x30, 0x27, 0xff, 0x2e, 0x2e, 0x25, 0xff,
    0x3f, 0x3d, 0x3a, 0xff, 0x66, 0x63, 0x61, 0xff, 0x69, 0x64, 0x61, 0xff, 0x72, 0x6d, 0x6b, 0xff,
    0x76, 0x72, 0x6e, 0xff, 0x7f, 0x7a, 0x75, 0xff, 0x81, 0x7c, 0x77, 0xff, 0x83, 0x7e, 0x7a, 0xff,
    0x70, 0x6d, 0x69, 0xfe, 0x51, 0x4f, 0x4a, 0xff, 0x46, 0x43, 0x40, 0xf1, 0x1c, 0x1b, 0x19, 0xd4,
    0x22, 0x1f, 0x1f, 0xe8, 0x35, 0x31, 0x30, 0xdc, 0x61, 0x5d, 0x59, 0xe5, 0x90, 0x8a, 0x86, 0xff,
    0xc2, 0xbc, 0xb9, 0xfe, 0xc5, 0xc0, 0xbd, 0xff, 0x8b, 0x86, 0x82, 0xff, 0x4a, 0x46, 0x41, 0xff,
    0x33, 0x33, 0x2c, 0xff, 0x34, 0x35, 0x2c, 0xff, 0x39, 0x3a, 0x30, 0xff, 0x3d, 0x3c, 0x34, 0xff,
    0x41, 0x40, 0x38, 0xff, 0x3a, 0x38, 0x33, 0xff, 0x33, 0x31, 0x2b, 0xff, 0x25, 0x24, 0x21, 0xeb,
    0x27, 0x26, 0x24, 0xc6, 0x28, 0x26, 0x24, 0x9f, 0x00, 0x00, 0x00, 0x73, 0x01, 0x01, 0x01, 0xb1,
    0x22, 0x20, 0x1f, 0xe1, 0x2b, 0x2b, 0x29, 0xe3, 0x2d, 0x2e, 0x2d, 0xec, 0x34, 0x33, 0x33, 0xde,
    0x34, 0x34, 0x32, 0xdf, 0x36, 0x36, 0x35, 0xea, 0x34, 0x33, 0x33, 0xf3, 0x2b, 0x29, 0x29, 0xc9,
    0x00, 0x04, 0x04, 0x3e, 0x30, 0x30, 0x30, 0x5a, 0x66, 0x63, 0x62, 0xc7, 0x9d, 0x99, 0x96, 0xf8,
    0xa0, 0x9c, 0x98, 0xec, 0xa6, 0xa4, 0x9f, 0xd5, 0x9c, 0x9b, 0x96, 0xd4, 0x92, 0x8f, 0x8d, 0xd3,
    0x97, 0x94, 0x90, 0xb9, 0x96, 0x93, 0x8e, 0xaa, 0x86, 0x83, 0x80, 0xad, 0x81, 0x7f, 0x7c, 0xa4,
    0x83, 0x82, 0x7e, 0x93, 0x7e, 0x7c, 0x79, 0x8f, 0x74, 0x72, 0x71, 0x8e, 0x6e, 0x6c, 0x6a, 0x88,
    0x66, 0x62, 0x60, 0x87, 0x58, 0x56, 0x55, 0x87, 0x4d, 0x4b, 0x49, 0x87, 0x41, 0x3d, 0x3d, 0x88,
    0x33, 0x33, 0x31, 0x85, 0x2f, 0x2c, 0x2a, 0x6c, 0x26, 0x24, 0x24, 0x5c, 0x15, 0x15, 0x12, 0x5f,
    0x09, 0x09, 0x06, 0x52, 0x04, 0x00, 0x00, 0x37, 0x00, 0x00, 0x00, 0x39, 0x00, 0x00, 0x00, 0x1e,
    0x00, 0x00, 0x00, 0x12, 0x00, 0x00, 0x00, 0x00, 0x00, 0x00, 0x00, 0x00, 0x00, 0x00, 0x00, 0x00,
    0x00, 0x00, 0x00, 0x00, 0x00, 0x00, 0x00, 0x00, 0x00, 0x00, 0x00, 0x00, 0x03, 0x03, 0x03, 0x00,
    0xff, 0xff, 0xff, 0x03, 0x7f, 0x7f, 0x7f, 0x04, 0x55, 0x55, 0x55, 0x03, 0x00, 0x00, 0x00, 0x02,
    0x00, 0x00, 0x00, 0x01, 0x00, 0x00, 0x00, 0x00, 0x00, 0x00, 0x00, 0x00, 0x00, 0x00, 0x00, 0x00,
    0x00, 0x00, 0x00, 0x00, 0x00, 0x00, 0x00, 0x00, 0x00, 0x00, 0x00, 0x00, 0x00, 0x00, 0x00, 0x00,
    0x00, 0x00, 0x00, 0x00, 0x00, 0x00, 0x00, 0x01, 0x00, 0x00, 0x00, 0x00, 0x00, 0x00, 0x00, 0x00,
    0x00, 0x00, 0x00, 0x00, 0x00, 0x00, 0x00, 0x00, 0x00, 0x00, 0x00, 0x00, 0x00, 0x00, 0x00, 0x00,
    0x00, 0x00, 0x00, 0x00, 0x00, 0x00, 0x00, 0x00, 0x00, 0x00, 0x00, 0x00, 0x00, 0x00, 0x00, 0x01,
    0x00, 0x00, 0x00, 0x01, 0x00, 0x00, 0x00, 0x00, 0x00, 0x00, 0x00, 0x01, 0x00, 0x00, 0x00, 0x01,
    0x00, 0x00, 0x00, 0x01, 0x00, 0x00, 0x00, 0x01, 0x00, 0x00, 0x00, 0x00, 0x00, 0x00, 0x00, 0x00,
    0x00, 0x00, 0x00, 0x00, 0x00, 0x00, 0x00, 0x00, 0x00, 0x00, 0x00, 0x00, 0x00, 0x00, 0x00, 0x00,
    0x00, 0x00, 0x00, 0x00, 0x00, 0x00, 0x00, 0x00, 0x00, 0x00, 0x00, 0x00, 0x00, 0x00, 0x00, 0x00,
    0x00, 0x00, 0x00, 0x00, 0x00, 0x00, 0x00, 0x00, 0x00, 0x00, 0x00, 0x00, 0x00, 0x00, 0x00, 0x00,
    0x00, 0x00, 0x00, 0x00, 0x00, 0x00, 0x00, 0x00, 0x00, 0x00, 0x00, 0x00, 0x00, 0x00, 0x00, 0x00,
    0x00, 0x00, 0x00, 0x00, 0x00, 0x00, 0x00, 0x00, 0x00, 0x00, 0x00, 0x00, 0x00, 0x00, 0x00, 0x00,
    0x00, 0x00, 0x00, 0x00, 0x00, 0x00, 0x00, 0x01, 0x00, 0x00, 0x00, 0x01, 0x00, 0x00, 0x00, 0x01,
    0x00, 0x00, 0x00, 0x01, 0x00, 0x00, 0x00, 0x00, 0x00, 0x00, 0x00, 0x01, 0x00, 0x00, 0x00, 0x00,
    0x00, 0x00, 0x00, 0x00, 0x00, 0x00, 0x00, 0x00, 0x00, 0x00, 0x00, 0x01, 0x00, 0x00, 0x00, 0x00,
    0x00, 0x00, 0x00, 0x00, 0x00, 0x00, 0x00, 0x01, 0x00, 0x00, 0x00, 0x00, 0x00, 0x00, 0x00, 0x00,
    0x00, 0x00, 0x00, 0x01, 0x01, 0x01, 0x01, 0x00, 0x33, 0x33, 0x33, 0x0f, 0x82, 0x7d, 0x7a, 0xa4,
    0x9a, 0x96, 0x92, 0xf0, 0x9b, 0x98, 0x93, 0xff, 0xa0, 0x9a, 0x96, 0xff, 0x99, 0x96, 0x91, 0xff,
    0x91, 0x8c, 0x88, 0xff, 0x86, 0x82, 0x7e, 0xff, 0x7b, 0x77, 0x73, 0xfd, 0x71, 0x6e, 0x6a, 0xfc,
    0x69, 0x67, 0x62, 0xfc, 0x63, 0x5f, 0x5a, 0xfd, 0x5e, 0x5b, 0x56, 0xfd, 0x58, 0x55, 0x50, 0xfe,
    0x50, 0x4d, 0x49, 0xfe, 0x49, 0x47, 0x42, 0xff, 0x44, 0x40, 0x3c, 0xff, 0x40, 0x3d, 0x39, 0xff,
    0x3e, 0x3b, 0x38, 0xff, 0x3c, 0x3a, 0x37, 0xff, 0x3f, 0x3c, 0x38, 0xff, 0x3d, 0x39, 0x36, 0xff,
    0x3c, 0x38, 0x36, 0xff, 0x3c, 0x39, 0x35, 0xff, 0x42, 0x3e, 0x3a, 0xff, 0x42, 0x3e, 0x3b, 0xff,
    0x45, 0x40, 0x3c, 0xff, 0x47, 0x44, 0x40, 0xff, 0x4c, 0x48, 0x46, 0xff, 0x52, 0x4e, 0x4a, 0xff,
    0x56, 0x53, 0x4f, 0xff, 0x5b, 0x57, 0x53, 0xff, 0x61, 0x5d, 0x59, 0xff, 0x66, 0x63, 0x5e, 0xff,
    0x6b, 0x67, 0x62, 0xff, 0x71, 0x6c, 0x69, 0xff, 0x76, 0x72, 0x6d, 0xff, 0x7a, 0x76, 0x72, 0xff,
    0x7e, 0x7a, 0x75, 0xff, 0x81, 0x7e, 0x79, 0xff, 0x85, 0x80, 0x7d, 0xff, 0x88, 0x84, 0x80, 0xff,
    0x8b, 0x86, 0x83, 0xff, 0x8f, 0x8a, 0x87, 0xff, 0x92, 0x8e, 0x8a, 0xff, 0x96, 0x92, 0x8d, 0xff,
    0x99, 0x94, 0x91, 0xff, 0x9d, 0x97, 0x94, 0xff, 0xa0, 0x9a, 0x96, 0xff, 0x9e, 0x99, 0x96, 0xff,
    0x94, 0x8f, 0x8c, 0xff, 0x82, 0x7e, 0x7a, 0xff, 0x72, 0x6f, 0x6c, 0xff, 0x68, 0x65, 0x61, 0xff,
    0x61, 0x5e, 0x5a, 0xff, 0x5b, 0x57, 0x53, 0xff, 0x54, 0x51, 0x4e, 0xff, 0x4f, 0x4c, 0x49, 0xff,
    0x4e, 0x4b, 0x47, 0xff, 0x4e, 0x4b, 0x47, 0xff, 0x52, 0x4f, 0x4b, 0xff, 0x5b, 0x57, 0x54, 0xff,
    0x6d, 0x68, 0x65, 0xff, 0x74, 0x6f, 0x6b, 0xff, 0x67, 0x63, 0x60, 0xff, 0x5c, 0x59, 0x56, 0xfa,
    0x4f, 0x4d, 0x4c, 0xf6, 0x42, 0x40, 0x3f, 0xfd, 0x33, 0x31, 0x2f, 0xff, 0x2d, 0x2a, 0x29, 0xff,
    0x22, 0x20, 0x1f, 0xfd, 0x18, 0x16, 0x16, 0xe1, 0x2f, 0x2e, 0x27, 0xf5, 0x27, 0x28, 0x1f, 0xff,
    0x24, 0x23, 0x1d, 0xff, 0x1e, 0x1e, 0x18, 0xff, 0x1b, 0x19, 0x15, 0xff, 0x1a, 0x17, 0x13, 0xff,
    0x1a, 0x18, 0x14, 0xff, 0x1a, 0x18, 0x13, 0xff, 0x16, 0x14, 0x10, 0xff, 0x18, 0x16, 0x12, 0xff,
    0x1b, 0x19, 0x15, 0xff, 0x1a, 0x19, 0x15, 0xff, 0x1b, 0x1a, 0x15, 0xff, 0x1a, 0x1a, 0x15, 0xff,
    0x1b, 0x1b, 0x14, 0xff, 0x1c, 0x1b, 0x14, 0xff, 0x1d, 0x1d, 0x16, 0xff, 0x1d, 0x1d, 0x17, 0xff,
    0x1f, 0x1d, 0x17, 0xff, 0x1f, 0x1f, 0x18, 0xff, 0x20, 0x20, 0x19, 0xff, 0x20, 0x21, 0x19, 0xff,
    0x21, 0x22, 0x1b, 0xff, 0x22, 0x22, 0x1c, 0xff, 0x22, 0x22, 0x1c, 0xff, 0x23, 0x22, 0x1c, 0xff,
    0x22, 0x23, 0x1c, 0xff, 0x23, 0x23, 0x1c, 0xff, 0x23, 0x24, 0x1c, 0xff, 0x25, 0x24, 0x1c, 0xff,
    0x25, 0x23, 0x1e, 0xff, 0x24, 0x23, 0x1e, 0xff, 0x24, 0x24, 0x1b, 0xff, 0x23, 0x24, 0x1b, 0xff,
    0x23, 0x24, 0x1c, 0xff, 0x24, 0x25, 0x1c, 0xff, 0x23, 0x23, 0x1b, 0xff, 0x23, 0x24, 0x1b, 0xff,
    0x22, 0x23, 0x1a, 0xff, 0x23, 0x22, 0x1a, 0xff, 0x25, 0x24, 0x1e, 0xff, 0x27, 0x28, 0x1f, 0xff,
    0x11, 0x11, 0x0c, 0xf9, 0x1d, 0x1b, 0x1c, 0xfe, 0x1b, 0x1a, 0x1a, 0xfe, 0x17, 0x14, 0x15, 0xff,
    0x16, 0x14, 0x13, 0xff, 0x1a, 0x18, 0x17, 0xff, 0x24, 0x23, 0x22, 0xfe, 0x33, 0x31, 0x30, 0xfe,
    0x33, 0x30, 0x31, 0xfe, 0x33, 0x30, 0x2e, 0xfd, 0x3a, 0x39, 0x34, 0xff, 0x1f, 0x1d, 0x17, 0xf2,
    0x11, 0x0f, 0x0b, 0x95, 0x1c, 0x1b, 0x1b, 0xc6, 0x2d, 0x2a, 0x2a, 0xde, 0x58, 0x54, 0x50, 0xf8,
    0x8d, 0x88, 0x84, 0xff, 0xc5, 0xc1, 0xbe, 0xff, 0xc9, 0xc7, 0xc2, 0xff, 0x94, 0x90, 0x8d, 0xff,
    0x52, 0x4e, 0x4a, 0xff, 0x2e, 0x2c, 0x28, 0xfe, 0x28, 0x27, 0x21, 0xff, 0x2f, 0x2b, 0x27, 0xde,
    0x36, 0x33, 0x33, 0xb6, 0x20, 0x1f, 0x1e, 0xd2, 0x0f, 0x0e, 0x0e, 0xb4, 0x0b, 0x0d, 0x09, 0x6e,
    0x11, 0x11, 0x11, 0x48, 0x00, 0x00, 0x00, 0x26, 0x04, 0x08, 0x08, 0x3c, 0x13, 0x15, 0x13, 0x85,
    0x0e, 0x0e, 0x0e, 0x7e, 0x13, 0x13, 0x15, 0x5d, 0x3c, 0x3c, 0x3a, 0xb6, 0x50, 0x4e, 0x4b, 0xfa,
    0x37, 0x36, 0x35, 0xdb, 0x2e, 0x2d, 0x2b, 0xe8, 0x4c, 0x4c, 0x49, 0xcc, 0x76, 0x73, 0x72, 0xda,
    0x98, 0x94, 0x91, 0xdd, 0xbb, 0xb6, 0xb2, 0xde, 0xbf, 0xba, 0xb5, 0xfd, 0xc1, 0xbd, 0xb7, 0xff,
    0xc3, 0xc0, 0xbb, 0xff, 0xc5, 0xc2, 0xbd, 0xff, 0xc6, 0xc3, 0xbe, 0xff, 0xc7, 0xc3, 0xbf, 0xff,
    0xc7, 0xc3, 0xbe, 0xff, 0xc7, 0xc3, 0xbf, 0xff, 0xc8, 0xc4, 0xbf, 0xff, 0xc9, 0xc6, 0xc1, 0xff,
    0xc9, 0xc6, 0xc1, 0xff, 0xc9, 0xc6, 0xc2, 0xff, 0xc7, 0xc5, 0xbf, 0xff, 0xc5, 0xc2, 0xbe, 0xff,
    0xc4, 0xc0, 0xbc, 0xff, 0xc0, 0xbd, 0xb9, 0xff, 0xbc, 0xb9, 0xb5, 0xff, 0xb7, 0xb3, 0xaf, 0xff,
    0xb1, 0xad, 0xa9, 0xff, 0xa9, 0xa5, 0xa2, 0xff, 0xa0, 0x9d, 0x9b, 0xff, 0x96, 0x93, 0x90, 0xff,
    0x89, 0x86, 0x82, 0xff, 0x82, 0x80, 0x7b, 0xf2, 0x74, 0x71, 0x6e, 0xf2, 0x6c, 0x69, 0x67, 0xe5,
    0x60, 0x5d, 0x5b, 0xdf, 0x56, 0x54, 0x51, 0xcb, 0x4a, 0x48, 0x48, 0xaf, 0x3d, 0x3b, 0x3a, 0x91,
    0x29, 0x29, 0x27, 0x6e, 0x14, 0x14, 0x14, 0x3e, 0x00, 0x00, 0x00, 0x1f, 0x00, 0x00, 0x00, 0x0d,
    0x00, 0x00, 0x00, 0x00, 0x00, 0x00, 0x00, 0x00, 0x00, 0x00, 0x00, 0x00, 0x01, 0x01, 0x01, 0x00,
    0xff, 0xff, 0xff, 0x01, 0xaa, 0xaa, 0xaa, 0x03, 0xaa, 0xaa, 0xaa, 0x03, 0x7f, 0x7f, 0x7f, 0x02,
    0x7f, 0x7f, 0x7f, 0x02, 0x00, 0x00, 0x00, 0x01, 0x00, 0x00, 0x00, 0x00, 0x00, 0x00, 0x00, 0x00,
    0x00, 0x00, 0x00, 0x01, 0x00, 0x00, 0x00, 0x01, 0x00, 0x00, 0x00, 0x00, 0x00, 0x00, 0x00, 0x00,
    0x00, 0x00, 0x00, 0x01, 0x00, 0x00, 0x00, 0x00, 0x00, 0x00, 0x00, 0x00, 0x00, 0x00, 0x00, 0x00,
    0x00, 0x00, 0x00, 0x00, 0x00, 0x00, 0x00, 0x00, 0x00, 0x00, 0x00, 0x00, 0x00, 0x00, 0x00, 0x00,
    0x00, 0x00, 0x00, 0x00, 0x00, 0x00, 0x00, 0x00, 0x00, 0x00, 0x00, 0x00, 0x00, 0x00, 0x00, 0x01,
    0x00, 0x00, 0x00, 0x00, 0x00, 0x00, 0x00, 0x00, 0x00, 0x00, 0x00, 0x00, 0x00, 0x00, 0x00, 0x01,
    0x00, 0x00, 0x00, 0x00, 0x00, 0x00, 0x00, 0x00, 0x00, 0x00, 0x00, 0x00, 0x00, 0x00, 0x00, 0x01,
    0x00, 0x00, 0x00, 0x00, 0x00, 0x00, 0x00, 0x00, 0x00, 0x00, 0x00, 0x00, 0x00, 0x00, 0x00, 0x00,
    0x00, 0x00, 0x00, 0x00, 0x00, 0x00, 0x00, 0x00, 0x00, 0x00, 0x00, 0x00, 0x00, 0x00, 0x00, 0x00,
    0x00, 0x00, 0x00, 0x00, 0x00, 0x00, 0x00, 0x00, 0x00, 0x00, 0x00, 0x00, 0x00, 0x00, 0x00, 0x00,
    0x00, 0x00, 0x00, 0x00, 0x00, 0x00, 0x00, 0x00, 0x00, 0x00, 0x00, 0x00, 0x00, 0x00, 0x00, 0x00,
    0x00, 0x00, 0x00, 0x00, 0x00, 0x00, 0x00, 0x00, 0x00, 0x00, 0x00, 0x00, 0x00, 0x00, 0x00, 0x00,
    0x00, 0x00, 0x00, 0x02, 0x00, 0x00, 0x00, 0x01, 0x00, 0x00, 0x00, 0x00, 0x00, 0x00, 0x00, 0x00,
    0x00, 0x00, 0x00, 0x00, 0x00, 0x00, 0x00, 0x00, 0x00, 0x00, 0x00, 0x00, 0x00, 0x00, 0x00, 0x00,
    0x00, 0x00, 0x00, 0x00, 0x00, 0x00, 0x00, 0x00, 0x00, 0x00, 0x00, 0x00, 0x00, 0x00, 0x00, 0x00,
    0x3f, 0x3f, 0x3f, 0x04, 0x00, 0x00, 0x00, 0x00, 0x5c, 0x5f, 0x5f, 0x60, 0x7e, 0x7c, 0x79, 0xff,
    0x5d, 0x59, 0x55, 0xff, 0x57, 0x53, 0x4f, 0xfb, 0x51, 0x4d, 0x49, 0xfb, 0x4c, 0x49, 0x45, 0xfb,
    0x4a, 0x46, 0x43, 0xfd, 0x47, 0x45, 0x41, 0xfe, 0x46, 0x42, 0x3e, 0xff, 0x41, 0x3e, 0x3b, 0xff,
    0x3b, 0x39, 0x35, 0xff, 0x37, 0x35, 0x30, 0xff, 0x36, 0x33, 0x2d, 0xff, 0x35, 0x32, 0x2e, 0xff,
    0x37, 0x34, 0x30, 0xff, 0x3e, 0x3a, 0x36, 0xff, 0x42, 0x40, 0x3a, 0xff, 0x49, 0x47, 0x42, 0xff,
    0x51, 0x4e, 0x4a, 0xff, 0x57, 0x54, 0x51, 0xff, 0x5d, 0x59, 0x55, 0xff, 0x63, 0x5f, 0x5c, 0xff,
    0x66, 0x63, 0x60, 0xff, 0x62, 0x5f, 0x5b, 0xff, 0x59, 0x56, 0x53, 0xf4, 0x68, 0x63, 0x5f, 0xfa,
    0x6c, 0x68, 0x63, 0xff, 0x70, 0x6c, 0x67, 0xff, 0x75, 0x71, 0x6c, 0xff, 0x7b, 0x77, 0x72, 0xff,
    0x7f, 0x7c, 0x77, 0xff, 0x85, 0x81, 0x7d, 0xff, 0x89, 0x85, 0x82, 0xff, 0x8e, 0x89, 0x85, 0xff,
    0x90, 0x8c, 0x87, 0xff, 0x92, 0x8e, 0x8a, 0xff, 0x92, 0x8e, 0x8a, 0xff, 0x94, 0x8f, 0x8c, 0xff,
    0x96, 0x92, 0x8e, 0xff, 0x98, 0x94, 0x91, 0xff, 0x9c, 0x97, 0x94, 0xff, 0x9f, 0x9a, 0x97, 0xff,
    0xa1, 0x9d, 0x99, 0xff, 0xa4, 0xa0, 0x9d, 0xff, 0xa8, 0xa2, 0xa0, 0xff, 0xab, 0xa6, 0xa3, 0xff,
    0xae, 0xa9, 0xa7, 0xff, 0xb2, 0xad, 0xaa, 0xff, 0xb5, 0xb0, 0xae, 0xff, 0xb8, 0xb5, 0xb1, 0xff,
    0xbc, 0xb7, 0xb4, 0xff, 0xbc, 0xb8, 0xb5, 0xff, 0xb7, 0xb3, 0xaf, 0xff, 0xaf, 0xab, 0xa6, 0xff,
    0xa9, 0xa5, 0xa1, 0xff, 0xa5, 0xa2, 0x9e, 0xff, 0x9d, 0x9a, 0x96, 0xff, 0x97, 0x93, 0x8f, 0xff,
    0x92, 0x8e, 0x89, 0xff, 0x89, 0x85, 0x81, 0xff, 0x7f, 0x7b, 0x78, 0xff, 0x77, 0x72, 0x6f, 0xff,
    0x6c, 0x67, 0x63, 0xff, 0x66, 0x62, 0x5e, 0xff, 0x69, 0x65, 0x62, 0xfe, 0x6b, 0x68, 0x65, 0xff,
    0x6a, 0x67, 0x64, 0xff, 0x66, 0x62, 0x5e, 0xff, 0x68, 0x64, 0x60, 0xff, 0x62, 0x60, 0x5b, 0xfc,
    0x4b, 0x4b, 0x48, 0xec, 0x3e, 0x3b, 0x38, 0xe8, 0x47, 0x44, 0x3e, 0xff, 0x43, 0x41, 0x3b, 0xff,
    0x42, 0x40, 0x3c, 0xff, 0x40, 0x3f, 0x3a, 0xff, 0x3f, 0x3e, 0x3a, 0xff, 0x3d, 0x3c, 0x37, 0xff,
    0x3b, 0x3b, 0x37, 0xff, 0x3b, 0x39, 0x34, 0xff, 0x37, 0x35, 0x31, 0xff, 0x33, 0x30, 0x2d, 0xff,
    0x30, 0x2d, 0x29, 0xff, 0x2d, 0x2b, 0x27, 0xff, 0x2b, 0x29, 0x25, 0xff, 0x28, 0x27, 0x22, 0xff,
    0x26, 0x25, 0x21, 0xff, 0x24, 0x23, 0x1f, 0xff, 0x24, 0x23, 0x1e, 0xff, 0x24, 0x23, 0x1d, 0xff,
    0x23, 0x22, 0x1d, 0xff, 0x22, 0x22, 0x1b, 0xff, 0x22, 0x21, 0x1c, 0xff, 0x22, 0x21, 0x1c, 0xff,
    0x23, 0x21, 0x1b, 0xff, 0x22, 0x21, 0x1b, 0xff, 0x22, 0x21, 0x1a, 0xff, 0x21, 0x21, 0x1a, 0xff,
    0x22, 0x21, 0x1b, 0xff, 0x23, 0x22, 0x1b, 0xff, 0x24, 0x22, 0x1c, 0xff, 0x24, 0x24, 0x1d, 0xff,
    0x25, 0x24, 0x1d, 0xff, 0x25, 0x24, 0x1d, 0xff, 0x25, 0x25, 0x1e, 0xff, 0x26, 0x26, 0x1e, 0xff,
    0x27, 0x27, 0x1f, 0xff, 0x27, 0x29, 0x20, 0xff, 0x28, 0x29, 0x22, 0xff, 0x2b, 0x2c, 0x23, 0xff,
    0x2b, 0x2d, 0x24, 0xff, 0x2c, 0x2d, 0x24, 0xff, 0x2c, 0x2d, 0x25, 0xfe, 0x2f, 0x30, 0x26, 0xff,
    0x1f, 0x1f, 0x1a, 0xac, 0x18, 0x17, 0x18, 0xd1, 0x1e, 0x1e, 0x1e, 0xff, 0x1f, 0x1e, 0x1d, 0xfe,
    0x20, 0x1e, 0x1f, 0xff, 0x1f, 0x1f, 0x1e, 0xfe, 0x1d, 0x1d, 0x1d, 0xff, 0x18, 0x16, 0x16, 0xff,
    0x0a, 0x0a, 0x09, 0xff, 0x15, 0x15, 0x14, 0xfd, 0x2e, 0x2b, 0x29, 0xfe, 0x2e, 0x2c, 0x26, 0xff,
    0x25, 0x24, 0x1e, 0xef, 0x17, 0x14, 0x12, 0xc4, 0x1f, 0x1d, 0x1c, 0xfc, 0x2c, 0x2a, 0x28, 0xfd,
    0x53, 0x50, 0x4c, 0xf8, 0x84, 0x7f, 0x7c, 0xff, 0xbe, 0xba, 0xb6, 0xff, 0xc8, 0xc6, 0xc2, 0xff,
    0xa1, 0x9d, 0x99, 0xff, 0x5d, 0x59, 0x55, 0xfd, 0x30, 0x2d, 0x29, 0xff, 0x18, 0x15, 0x12, 0xb3,
    0x14, 0x11, 0x11, 0x56, 0x16, 0x18, 0x16, 0xb2, 0x20, 0x1f, 0x1e, 0xda, 0x27, 0x28, 0x26, 0xf5,
    0x2e, 0x2d, 0x2b, 0xff, 0x35, 0x33, 0x31, 0xf6, 0x3a, 0x39, 0x38, 0xf4, 0x40, 0x3f, 0x3b, 0xf9,
    0x47, 0x45, 0x43, 0xfb, 0x4e, 0x4b, 0x4a, 0xe1, 0x5c, 0x5a, 0x56, 0xf5, 0x64, 0x61, 0x5d, 0xff,
    0x6d, 0x6b, 0x67, 0xff, 0x77, 0x75, 0x71, 0xff, 0x7c, 0x79, 0x76, 0xfe, 0x80, 0x7c, 0x79, 0xfe,
    0x81, 0x7d, 0x7a, 0xff, 0x7c, 0x77, 0x73, 0xff, 0x75, 0x72, 0x6d, 0xfe, 0x75, 0x71, 0x6c, 0xfe,
    0x74, 0x71, 0x6d, 0xfe, 0x75, 0x71, 0x6d, 0xfd, 0x76, 0x73, 0x6e, 0xfd, 0x77, 0x73, 0x70, 0xfd,
    0x78, 0x76, 0x72, 0xfc, 0x79, 0x75, 0x71, 0xfb, 0x77, 0x74, 0x71, 0xfb, 0x77, 0x74, 0x6f, 0xfb,
    0x78, 0x75, 0x70, 0xfa, 0x79, 0x75, 0x71, 0xfa, 0x7a, 0x77, 0x72, 0xfa, 0x7c, 0x79, 0x74, 0xfa,
    0x7e, 0x7b, 0x77, 0xfa, 0x80, 0x7c, 0x78, 0xfa, 0x83, 0x7f, 0x7b, 0xfa, 0x87, 0x83, 0x7e, 0xfa,
    0x8c, 0x88, 0x84, 0xfa, 0x90, 0x8c, 0x88, 0xfb, 0x96, 0x91, 0x8d, 0xfc, 0x9b, 0x97, 0x92, 0xfc,
    0xa0, 0x9c, 0x97, 0xfd, 0xa3, 0xa0, 0x9c, 0xff, 0xa9, 0xa5, 0xa1, 0xff, 0xaf, 0xab, 0xa6, 0xff,
    0xb4, 0xb0, 0xab, 0xff, 0xb4, 0xb1, 0xad, 0xff, 0xb5, 0xb2, 0xad, 0xff, 0xb2, 0xaf, 0xaa, 0xff,
    0xaa, 0xa6, 0xa1, 0xff, 0x9d, 0x99, 0x96, 0xff, 0x8e, 0x8d, 0x89, 0xf3, 0x8b, 0x88, 0x86, 0xcb,
    0x7b, 0x7a, 0x76, 0xa3, 0x7b, 0x7b, 0x76, 0x67, 0x61, 0x5d, 0x5d, 0x3f, 0x00, 0x00, 0x00, 0x1c,
    0x00, 0x00, 0x00, 0x05, 0x00, 0x00, 0x00, 0x00, 0x00, 0x00, 0x00, 0x00, 0x00, 0x00, 0x00, 0x00,
    0x00, 0x00, 0x00, 0x00, 0xff, 0xff, 0xff, 0x01, 0xbf, 0xbf, 0xbf, 0x04, 0x7f, 0x7f, 0x7f, 0x04,
    0x55, 0x55, 0x55, 0x03, 0x00, 0x00, 0x00, 0x01, 0x00, 0x00, 0x00, 0x00, 0x00, 0x00, 0x00, 0x00,
    0x00, 0x00, 0x00, 0x00, 0x00, 0x00, 0x00, 0x00, 0x00, 0x00, 0x00, 0x00, 0x00, 0x00, 0x00, 0x00,
    0x00, 0x00, 0x00, 0x00, 0x00, 0x00, 0x00, 0x00, 0x00, 0x00, 0x00, 0x00, 0x00, 0x00, 0x00, 0x00,
    0x00, 0x00, 0x00, 0x00, 0x00, 0x00, 0x00, 0x00, 0x00, 0x00, 0x00, 0x00, 0x00, 0x00, 0x00, 0x01,
    0x00, 0x00, 0x00, 0x00, 0x00, 0x00, 0x00, 0x00, 0x00, 0x00, 0x00, 0x00, 0x00, 0x00, 0x00, 0x00,
    0x00, 0x00, 0x00, 0x00, 0x00, 0x00, 0x00, 0x00, 0x00, 0x00, 0x00, 0x01, 0x00, 0x00, 0x00, 0x01,
    0x00, 0x00, 0x00, 0x00, 0x00, 0x00, 0x00, 0x00, 0x00, 0x00, 0x00, 0x00, 0x00, 0x00, 0x00, 0x00,
    0x00, 0x00, 0x00, 0x00, 0x00, 0x00, 0x00, 0x00, 0x00, 0x00, 0x00, 0x00, 0x00, 0x00, 0x00, 0x00,
    0x00, 0x00, 0x00, 0x00, 0x00, 0x00, 0x00, 0x00, 0x00, 0x00, 0x00, 0x00, 0x00, 0x00, 0x00, 0x01,
    0x00, 0x00, 0x00, 0x01, 0x00, 0x00, 0x00, 0x00, 0x00, 0x00, 0x00, 0x00, 0x00, 0x00, 0x00, 0x00,
    0x00, 0x00, 0x00, 0x00, 0x00, 0x00, 0x00, 0x00, 0x00, 0x00, 0x00, 0x00, 0x00, 0x00, 0x00, 0x00,
    0x00, 0x00, 0x00, 0x00, 0x00, 0x00, 0x00, 0x00, 0x00, 0x00, 0x00, 0x00, 0x00, 0x00, 0x00, 0x00,
    0x00, 0x00, 0x00, 0x00, 0x00, 0x00, 0x00, 0x00, 0x00, 0x00, 0x00, 0x00, 0x00, 0x00, 0x00, 0x00,
    0x00, 0x00, 0x00, 0x01, 0x00, 0x00, 0x00, 0x00, 0x00, 0x00, 0x00, 0x00, 0x00, 0x00, 0x00, 0x01,
    0x55, 0x55, 0x55, 0x06, 0x00, 0x00, 0x00, 0x00, 0x59, 0x5b, 0x5b, 0x7a, 0x58, 0x58, 0x56, 0xfd,
    0x3b, 0x38, 0x36, 0xfb, 0x41, 0x3e, 0x3a, 0xff, 0x35, 0x32, 0x2e, 0xff, 0x34, 0x31, 0x2d, 0xff,
    0x39, 0x36, 0x32, 0xff, 0x3b, 0x38, 0x33, 0xff, 0x3f, 0x3b, 0x37, 0xff, 0x42, 0x3e, 0x3b, 0xff,
    0x47, 0x44, 0x40, 0xff, 0x4d, 0x49, 0x45, 0xff, 0x53, 0x4e, 0x4a, 0xff, 0x59, 0x56, 0x51, 0xff,
    0x61, 0x5d, 0x59, 0xff, 0x61, 0x5e, 0x5b, 0xff, 0x6a, 0x67, 0x62, 0xff, 0x74, 0x71, 0x6b, 0xff,
    0x7c, 0x77, 0x73, 0xff, 0x83, 0x80, 0x7b, 0xff, 0x89, 0x86, 0x81, 0xff, 0x8f, 0x8b, 0x87, 0xff,
    0x93, 0x90, 0x8a, 0xff, 0x9a, 0x97, 0x92, 0xff, 0x8a, 0x87, 0x83, 0xf5, 0x76, 0x73, 0x6f, 0xf8,
    0x91, 0x8e, 0x8a, 0xff, 0x91, 0x8d, 0x8a, 0xff, 0x97, 0x92, 0x8e, 0xff, 0x99, 0x95, 0x91, 0xff,
    0x9b, 0x97, 0x93, 0xff, 0x9d, 0x99, 0x96, 0xff, 0x9e, 0x9a, 0x97, 0xff, 0x9e, 0x9a, 0x96, 0xff,
    0x9e, 0x9a, 0x96, 0xff, 0x9d, 0x99, 0x96, 0xff, 0x9d, 0x99, 0x94, 0xff, 0x9e, 0x99, 0x96, 0xff,
    0x9f, 0x9b, 0x97, 0xff, 0xa1, 0x9d, 0x99, 0xff, 0xa4, 0xa0, 0x9c, 0xff, 0xa8, 0xa4, 0x9f, 0xff,
    0xaa, 0xa6, 0xa2, 0xff, 0xae, 0xaa, 0xa7, 0xff, 0xb2, 0xad, 0xab, 0xff, 0xb5, 0xb0, 0xae, 0xff,
    0xb8, 0xb4, 0xb1, 0xff, 0xba, 0xb6, 0xb3, 0xff, 0xbc, 0xb7, 0xb4, 0xff, 0xbc, 0xb7, 0xb4, 0xff,
    0xbb, 0xb7, 0xb3, 0xff, 0xbb, 0xb6, 0xb4, 0xff, 0xbd, 0xb8, 0xb5, 0xff, 0xbe, 0xba, 0xb6, 0xff,
    0xbf, 0xbb, 0xb7, 0xff, 0xc2, 0xbe, 0xbb, 0xff, 0xc6, 0xc2, 0xbf, 0xff, 0xc5, 0xc1, 0xbd, 0xff,
    0xc1, 0xbd, 0xb8, 0xff, 0xbe, 0xba, 0xb6, 0xff, 0xbc, 0xb8, 0xb3, 0xff, 0xb9, 0xb5, 0xb1, 0xff,
    0xb5, 0xb1, 0xae, 0xff, 0xb0, 0xac, 0xa8, 0xff, 0xa9, 0xa6, 0xa2, 0xff, 0xa3, 0x9f, 0x9c, 0xff,
    0x9b, 0x96, 0x92, 0xfe, 0x9e, 0x9a, 0x96, 0xff, 0x85, 0x81, 0x7d, 0xf7, 0x78, 0x74, 0x6f, 0xeb,
    0x81, 0x7c, 0x77, 0xfb, 0x7c, 0x77, 0x73, 0xff, 0x71, 0x6e, 0x68, 0xff, 0x6a, 0x66, 0x61, 0xff,
    0x64, 0x60, 0x5b, 0xff, 0x61, 0x5d, 0x59, 0xff, 0x5f, 0x5c, 0x59, 0xff, 0x5b, 0x59, 0x55, 0xff,
    0x5a, 0x57, 0x53, 0xff, 0x57, 0x55, 0x50, 0xff, 0x56, 0x53, 0x50, 0xff, 0x54, 0x50, 0x4d, 0xff,
    0x52, 0x50, 0x4a, 0xff, 0x51, 0x4d, 0x49, 0xff, 0x4e, 0x4b, 0x46, 0xff, 0x4c, 0x49, 0x45, 0xff,
    0x4c, 0x48, 0x44, 0xff, 0x4a, 0x46, 0x42, 0xff, 0x4a, 0x46, 0x42, 0xff, 0x4a, 0x46, 0x41, 0xff,
    0x49, 0x46, 0x42, 0xff, 0x49, 0x46, 0x40, 0xff, 0x49, 0x46, 0x42, 0xff, 0x4a, 0x47, 0x43, 0xff,
    0x49, 0x47, 0x42, 0xff, 0x48, 0x46, 0x42, 0xff, 0x49, 0x46, 0x42, 0xff, 0x48, 0x46, 0x41, 0xff,
    0x47, 0x45, 0x41, 0xff, 0x47, 0x44, 0x41, 0xff, 0x48, 0x45, 0x42, 0xff, 0x47, 0x45, 0x42, 0xff,
    0x47, 0x45, 0x41, 0xff, 0x47, 0x45, 0x42, 0xff, 0x46, 0x44, 0x40, 0xff, 0x47, 0x43, 0x40, 0xff,
    0x48, 0x45, 0x41, 0xff, 0x49, 0x46, 0x42, 0xff, 0x49, 0x47, 0x43, 0xff, 0x4b, 0x48, 0x44, 0xff,
    0x4c, 0x49, 0x46, 0xff, 0x4d, 0x4a, 0x46, 0xff, 0x48, 0x46, 0x41, 0xfc, 0x49, 0x48, 0x44, 0xff,
    0x3a, 0x38, 0x35, 0xbd, 0x00, 0x00, 0x00, 0x86, 0x14, 0x13, 0x13, 0xdb, 0x15, 0x15, 0x14, 0xfa,
    0x16, 0x17, 0x17, 0xfe, 0x17, 0x18, 0x17, 0xff, 0x18, 0x16, 0x16, 0xfa, 0x10, 0x0f, 0x0e, 0xf2,
    0x09, 0x0a, 0x09, 0xf2, 0x0f, 0x0f, 0x0e, 0xff, 0x38, 0x34, 0x34, 0xff, 0x49, 0x48, 0x44, 0xfe,
    0x42, 0x40, 0x3d, 0xff, 0x46, 0x43, 0x40, 0xff, 0x43, 0x41, 0x3e, 0xfb, 0x3c, 0x3a, 0x37, 0xff,
    0x3c, 0x3a, 0x36, 0xed, 0x52, 0x4f, 0x4b, 0xfb, 0x6b, 0x66, 0x62, 0xff, 0x83, 0x7f, 0x7c, 0xff,
    0x7d, 0x7a, 0x76, 0xff, 0x61, 0x5e, 0x5a, 0xff, 0x46, 0x43, 0x3f, 0xff, 0x3a, 0x37, 0x33, 0xff,
    0x3c, 0x38, 0x36, 0xff, 0x4b, 0x48, 0x45, 0xff, 0x4d, 0x4b, 0x47, 0xff, 0x4d, 0x4b, 0x47, 0xff,
    0x56, 0x53, 0x4f, 0xfe, 0x51, 0x4e, 0x4a, 0xff, 0x52, 0x4f, 0x4b, 0xff, 0x51, 0x4e, 0x49, 0xff,
    0x4d, 0x4a, 0x45, 0xff, 0x4c, 0x49, 0x44, 0xff, 0x49, 0x46, 0x42, 0xff, 0x47, 0x44, 0x3f, 0xff,
    0x47, 0x45, 0x3f, 0xfe, 0x49, 0x47, 0x42, 0xfe, 0x4a, 0x49, 0x43, 0xfe, 0x4a, 0x47, 0x44, 0xfe,
    0x4b, 0x49, 0x44, 0xfd, 0x4e, 0x4a, 0x46, 0xfe, 0x4d, 0x4a, 0x47, 0xff, 0x4e, 0x49, 0x45, 0xff,
    0x4e, 0x4b, 0x46, 0xff, 0x4f, 0x4b, 0x47, 0xff, 0x51, 0x4d, 0x4a, 0xff, 0x55, 0x50, 0x4c, 0xff,
    0x57, 0x54, 0x4f, 0xff, 0x59, 0x55, 0x51, 0xff, 0x5a, 0x57, 0x53, 0xff, 0x5c, 0x59, 0x54, 0xff,
    0x5d, 0x5a, 0x56, 0xff, 0x5f, 0x5b, 0x57, 0xff, 0x60, 0x5d, 0x58, 0xff, 0x61, 0x5d, 0x58, 0xff,
    0x62, 0x5e, 0x5a, 0xff, 0x64, 0x60, 0x5d, 0xff, 0x64, 0x61, 0x5d, 0xff, 0x65, 0x61, 0x5c, 0xff,
    0x63, 0x60, 0x5d, 0xff, 0x60, 0x5d, 0x5a, 0xff, 0x5f, 0x5a, 0x57, 0xff, 0x5c, 0x5a, 0x56, 0xff,
    0x5b, 0x58, 0x56, 0xff, 0x5a, 0x56, 0x55, 0xfe, 0x59, 0x55, 0x52, 0xfe, 0x57, 0x54, 0x50, 0xfe,
    0x57, 0x54, 0x50, 0xfd, 0x56, 0x54, 0x4f, 0xfd, 0x59, 0x57, 0x51, 0xfc, 0x5f, 0x5d, 0x59, 0xfc,
    0x6b, 0x69, 0x64, 0xfc, 0x7a, 0x77, 0x71, 0xfd, 0x89, 0x85, 0x80, 0xff, 0x99, 0x95, 0x91, 0xff,
    0xa8, 0xa4, 0xa1, 0xff, 0xb0, 0xad, 0xa8, 0xff, 0xb3, 0xb1, 0xad, 0xf6, 0xb3, 0xb0, 0xad, 0xdf,
    0xa4, 0xa0, 0x9e, 0xce, 0x9e, 0x9e, 0x9a, 0xa3, 0x81, 0x7f, 0x7f, 0x7a, 0x5d, 0x5a, 0x5a, 0x44,
    0x2e, 0x2e, 0x2e, 0x16, 0x00, 0x00, 0x00, 0x07, 0x00, 0x00, 0x00, 0x00, 0x00, 0x00, 0x00, 0x00,
    0x00, 0x00, 0x00, 0x00, 0xbf, 0xbf, 0xbf, 0x04, 0x66, 0x66, 0x66, 0x05, 0x55, 0x55, 0x55, 0x03,
    0x00, 0x00, 0x00, 0x01, 0x00, 0x00, 0x00, 0x00, 0x00, 0x00, 0x00, 0x00, 0x00, 0x00, 0x00, 0x00,
    0x00, 0x00, 0x00, 0x00, 0x00, 0x00, 0x00, 0x00, 0x00, 0x00, 0x00, 0x02, 0x00, 0x00, 0x00, 0x00,
    0x00, 0x00, 0x00, 0x00, 0x00, 0x00, 0x00, 0x00, 0x00, 0x00, 0x00, 0x00, 0x00, 0x00, 0x00, 0x00,
    0x00, 0x00, 0x00, 0x00, 0x00, 0x00, 0x00, 0x00, 0x00, 0x00, 0x00, 0x00, 0x00, 0x00, 0x00, 0x01,
    0x00, 0x00, 0x00, 0x00, 0x00, 0x00, 0x00, 0x00, 0x00, 0x00, 0x00, 0x00, 0x00, 0x00, 0x00, 0x00,
    0x00, 0x00, 0x00, 0x00, 0x00, 0x00, 0x00, 0x00, 0x00, 0x00, 0x00, 0x00, 0x00, 0x00, 0x00, 0x00,
    0x00, 0x00, 0x00, 0x00, 0x00, 0x00, 0x00, 0x00, 0x00, 0x00, 0x00, 0x01, 0x00, 0x00, 0x00, 0x01,
    0x00, 0x00, 0x00, 0x00, 0x00, 0x00, 0x00, 0x00, 0x00, 0x00, 0x00, 0x00, 0x00, 0x00, 0x00, 0x00,
    0x00, 0x00, 0x00, 0x00, 0x00, 0x00, 0x00, 0x00, 0x00, 0x00, 0x00, 0x00, 0x00, 0x00, 0x00, 0x00,
    0x00, 0x00, 0x00, 0x01, 0x00, 0x00, 0x00, 0x01, 0x00, 0x00, 0x00, 0x00, 0x00, 0x00, 0x00, 0x00,
    0x00, 0x00, 0x00, 0x00, 0x00, 0x00, 0x00, 0x00, 0x00, 0x00, 0x00, 0x00, 0x00, 0x00, 0x00, 0x01,
    0x00, 0x00, 0x00, 0x01, 0x00, 0x00, 0x00, 0x00, 0x00, 0x00, 0x00, 0x00, 0x00, 0x00, 0x00, 0x00,
    0x00, 0x00, 0x00, 0x01, 0x00, 0x00, 0x00, 0x00, 0x00, 0x00, 0x00, 0x00, 0x00, 0x00, 0x00, 0x01,
    0x7f, 0x7f, 0x7f, 0x04, 0x00, 0x00, 0x00, 0x00, 0x69, 0x69, 0x69, 0x76, 0x48, 0x49, 0x48, 0xff,
    0x28, 0x28, 0x27, 0xfb, 0x4c, 0x49, 0x46, 0xff, 0x6c, 0x69, 0x65, 0xff, 0x5e, 0x5b, 0x57, 0xff,
    0x53, 0x50, 0x4b, 0xff, 0x5c, 0x58, 0x53, 0xff, 0x63, 0x5e, 0x59, 0xff, 0x69, 0x65, 0x60, 0xff,
    0x71, 0x6c, 0x67, 0xff, 0x78, 0x74, 0x70, 0xff, 0x80, 0x7b, 0x78, 0xff, 0x8b, 0x88, 0x85, 0xff,
    0x82, 0x7f, 0x7a, 0xff, 0x8c, 0x88, 0x84, 0xff, 0x9b, 0x97, 0x93, 0xff, 0x9f, 0x9c, 0x96, 0xff,
    0xa4, 0xa0, 0x9a, 0xff, 0xa8, 0xa4, 0x9f, 0xff, 0xa9, 0xa5, 0xa0, 0xff, 0xa9, 0xa6, 0xa2, 0xff,
    0xab, 0xa8, 0xa3, 0xff, 0xac, 0xa8, 0xa4, 0xff, 0xab, 0xa8, 0xa4, 0xff, 0x89, 0x86, 0x83, 0xff,
    0xa7, 0xa4, 0x9f, 0xff, 0xa6, 0xa2, 0x9f, 0xff, 0xa8, 0xa4, 0xa0, 0xff, 0xa8, 0xa3, 0xa0, 0xff,
    0xa7, 0xa3, 0x9f, 0xff, 0xa6, 0xa2, 0x9f, 0xff, 0xa5, 0xa1, 0x9d, 0xff, 0xa3, 0x9d, 0x9a, 0xff,
    0xa1, 0x9d, 0x99, 0xff, 0x9f, 0x9c, 0x98, 0xff, 0x9f, 0x9c, 0x97, 0xff, 0xa0, 0x9c, 0x97, 0xff,
    0xa1, 0x9d, 0x98, 0xff, 0xa3, 0x9f, 0x9b, 0xff, 0xa7, 0xa3, 0x9e, 0xff, 0xaa, 0xa6, 0xa2, 0xff,
    0xae, 0xa9, 0xa5, 0xff, 0xb4, 0xaf, 0xab, 0xff, 0xb7, 0xb3, 0xaf, 0xff, 0xb9, 0xb4, 0xb1, 0xff,
    0xbd, 0xb7, 0xb5, 0xff, 0xbd, 0xb8, 0xb6, 0xff, 0xbc, 0xb8, 0xb5, 0xff, 0xbc, 0xb7, 0xb4, 0xff,
    0xba, 0xb6, 0xb2, 0xff, 0xb7, 0xb3, 0xaf, 0xff, 0xb2, 0xad, 0xaa, 0xff, 0xae, 0xa8, 0xa5, 0xff,
    0xaa, 0xa5, 0xa2, 0xff, 0xab, 0xa5, 0xa0, 0xff, 0xb1, 0xac, 0xa8, 0xff, 0xbe, 0xba, 0xb6, 0xff,
    0xcd, 0xc9, 0xc5, 0xff, 0xd3, 0xce, 0xca, 0xff, 0xd1, 0xce, 0xca, 0xff, 0xd0, 0xcd, 0xc9, 0xff,
    0xcf, 0xcc, 0xc8, 0xff, 0xcf, 0xcc, 0xc8, 0xff, 0xce, 0xcb, 0xc7, 0xff, 0xcd, 0xc9, 0xc6, 0xfe,
    0xd7, 0xd2, 0xd0, 0xff, 0xbe, 0xbb, 0xb8, 0xeb, 0xa5, 0xa1, 0x9d, 0xe9, 0xc3, 0xbf, 0xb9, 0xfd,
    0xbd, 0xb9, 0xb4, 0xff, 0xb8, 0xb4, 0xae, 0xff, 0xb4, 0xb1, 0xac, 0xff, 0xb0, 0xaa, 0xa6, 0xff,
    0xa9, 0xa5, 0xa0, 0xff, 0xa2, 0x9f, 0x9a, 0xff, 0x9c, 0x98, 0x94, 0xff, 0x96, 0x92, 0x8e, 0xff,
    0x91, 0x8d, 0x89, 0xff, 0x8d, 0x8a, 0x86, 0xff, 0x8a, 0x86, 0x84, 0xff, 0x88, 0x84, 0x82, 0xff,
    0x85, 0x81, 0x7e, 0xff, 0x83, 0x7f, 0x7b, 0xff, 0x81, 0x7c, 0x79, 0xff, 0x7f, 0x7a, 0x76, 0xff,
    0x7d, 0x78, 0x74, 0xff, 0x7c, 0x78, 0x73, 0xff, 0x7c, 0x77, 0x73, 0xff, 0x7b, 0x77, 0x74, 0xff,
    0x7b, 0x77, 0x72, 0xff, 0x7b, 0x77, 0x72, 0xff, 0x7a, 0x76, 0x72, 0xff, 0x79, 0x75, 0x71, 0xff,
    0x77, 0x75, 0x71, 0xff, 0x78, 0x74, 0x70, 0xff, 0x78, 0x74, 0x70, 0xff, 0x7a, 0x75, 0x71, 0xff,
    0x79, 0x74, 0x71, 0xff, 0x78, 0x74, 0x71, 0xff, 0x78, 0x74, 0x70, 0xff, 0x78, 0x74, 0x71, 0xff,
    0x78, 0x74, 0x70, 0xff, 0x78, 0x75, 0x71, 0xff, 0x7a, 0x75, 0x72, 0xff, 0x7a, 0x76, 0x73, 0xff,
    0x7b, 0x77, 0x73, 0xff, 0x7c, 0x77, 0x73, 0xff, 0x7a, 0x78, 0x73, 0xff, 0x7b, 0x78, 0x73, 0xff,
    0x7b, 0x78, 0x73, 0xff, 0x7b, 0x78, 0x72, 0xff, 0x78, 0x77, 0x71, 0xff, 0x7b, 0x78, 0x72, 0xff,
    0x7e, 0x7d, 0x77, 0xff, 0x3f, 0x3e, 0x3d, 0xe1, 0x07, 0x07, 0x07, 0xd2, 0x02, 0x04, 0x04, 0xcd,
    0x01, 0x03, 0x03, 0x9d, 0x02, 0x05, 0x05, 0x62, 0x05, 0x05, 0x05, 0x59, 0x06, 0x06, 0x06, 0x6e,
    0x05, 0x05, 0x0b, 0x5a, 0x0b, 0x09, 0x08, 0x9a, 0x6d, 0x6a, 0x66, 0xfd, 0x9e, 0x9a, 0x96, 0xfe,
    0x94, 0x91, 0x8d, 0xfe, 0x96, 0x93, 0x8e, 0xfe, 0x97, 0x93, 0x8e, 0xff, 0x9a, 0x96, 0x91, 0xff,
    0x9b, 0x98, 0x92, 0xff, 0x9a, 0x96, 0x91, 0xff, 0x97, 0x94, 0x8f, 0xff, 0x95, 0x92, 0x8c, 0xff,
    0x96, 0x92, 0x8c, 0xff, 0x9b, 0x97, 0x92, 0xff, 0xa0, 0x9d, 0x97, 0xff, 0x9f, 0x9c, 0x98, 0xfe,
    0x9d, 0x99, 0x95, 0xfd, 0x9d, 0x98, 0x94, 0xfc, 0x9b, 0x98, 0x94, 0xfe, 0x8d, 0x8a, 0x86, 0xff,
    0x93, 0x8f, 0x8c, 0xff, 0xb2, 0xae, 0xac, 0xff, 0xac, 0xa9, 0xa5, 0xfe, 0xad, 0xaa, 0xa6, 0xff,
    0xaf, 0xac, 0xa8, 0xff, 0xb0, 0xad, 0xa8, 0xfe, 0xb4, 0xb1, 0xab, 0xff, 0xb7, 0xb4, 0xae, 0xff,
    0xba, 0xb7, 0xb1, 0xff, 0xbd, 0xbb, 0xb6, 0xff, 0xc2, 0xbf, 0xbb, 0xff, 0xc6, 0xc3, 0xbe, 0xff,
    0xc8, 0xc6, 0xc0, 0xff, 0xca, 0xc8, 0xc3, 0xff, 0xcc, 0xca, 0xc5, 0xff, 0xcf, 0xcb, 0xc7, 0xff,
    0xd1, 0xce, 0xca, 0xff, 0xd4, 0xd0, 0xcc, 0xff, 0xd5, 0xd2, 0xce, 0xff, 0xd8, 0xd3, 0xcf, 0xff,
    0xd8, 0xd5, 0xd1, 0xff, 0xda, 0xd7, 0xd3, 0xff, 0xdc, 0xd8, 0xd4, 0xff, 0xdc, 0xda, 0xd5, 0xff,
    0xdc, 0xd9, 0xd5, 0xff, 0xdc, 0xd9, 0xd5, 0xff, 0xdc, 0xda, 0xd5, 0xff, 0xdd, 0xda, 0xd5, 0xff,
    0xde, 0xda, 0xd5, 0xff, 0xde, 0xdb, 0xd7, 0xff, 0xdd, 0xda, 0xd6, 0xff, 0xdd, 0xda, 0xd6, 0xff,
    0xdc, 0xd9, 0xd5, 0xff, 0xdb, 0xd7, 0xd3, 0xff, 0xd9, 0xd6, 0xd2, 0xff, 0xd6, 0xd3, 0xcf, 0xff,
    0xd2, 0xcf, 0xcb, 0xff, 0xcd, 0xc9, 0xc5, 0xff, 0xc6, 0xc2, 0xbe, 0xff, 0xbc, 0xb8, 0xb4, 0xff,
    0xaf, 0xac, 0xa8, 0xff, 0xa1, 0x9e, 0x98, 0xff, 0x8f, 0x8c, 0x87, 0xff, 0x7e, 0x7b, 0x76, 0xff,
    0x6c, 0x6a, 0x64, 0xff, 0x5a, 0x57, 0x52, 0xff, 0x4c, 0x49, 0x45, 0xfe, 0x42, 0x40, 0x3b, 0xfd,
    0x43, 0x40, 0x3b, 0xfb, 0x4b, 0x48, 0x43, 0xfc, 0x5d, 0x5b, 0x57, 0xff, 0x77, 0x74, 0x70, 0xff,
    0x92, 0x8e, 0x8a, 0xff, 0xa9, 0xa6, 0xa1, 0xff, 0xb9, 0xb5, 0xb2, 0xff, 0xb8, 0xb5, 0xb1, 0xff,
    0xaf, 0xad, 0xaa, 0xeb, 0xa3, 0xa2, 0x9e, 0xc1, 0x8e, 0x90, 0x8c, 0x86, 0x74, 0x74, 0x71, 0x53,
    0x2b, 0x2b, 0x2b, 0x23, 0x00, 0x00, 0x00, 0x00, 0x00, 0x00, 0x00, 0x00, 0x00, 0x00, 0x00, 0x00,
    0x00, 0x00, 0x00, 0x00, 0xff, 0xff, 0xff, 0x02, 0x66, 0x66, 0x66, 0x05, 0x00, 0x00, 0x00, 0x03,
    0x00, 0x00, 0x00, 0x00, 0x00, 0x00, 0x00, 0x00, 0x00, 0x00, 0x00, 0x00, 0x00, 0x00, 0x00, 0x00,
    0x00, 0x00, 0x00, 0x00, 0x00, 0x00, 0x00, 0x00, 0x00, 0x00, 0x00, 0x01, 0x00, 0x00, 0x00, 0x00,
    0x00, 0x00, 0x00, 0x01, 0x00, 0x00, 0x00, 0x01, 0x00, 0x00, 0x00, 0x00, 0x00, 0x00, 0x00, 0x00,
    0x00, 0x00, 0x00, 0x00, 0x00, 0x00, 0x00, 0x00, 0x00, 0x00, 0x00, 0x00, 0x00, 0x00, 0x00, 0x01,
    0x00, 0x00, 0x00, 0x01, 0x00, 0x00, 0x00, 0x01, 0x00, 0x00, 0x00, 0x00, 0x00, 0x00, 0x00, 0x00,
    0x00, 0x00, 0x00, 0x00, 0x00, 0x00, 0x00, 0x00, 0x00, 0x00, 0x00, 0x01, 0x00, 0x00, 0x00, 0x00,
    0x00, 0x00, 0x00, 0x00, 0x00, 0x00, 0x00, 0x00, 0x00, 0x00, 0x00, 0x01, 0x00, 0x00, 0x00, 0x00,
    0x00, 0x00, 0x00, 0x00, 0x00, 0x00, 0x00, 0x00, 0x00, 0x00, 0x00, 0x00, 0x00, 0x00, 0x00, 0x00,
    0x00, 0x00, 0x00, 0x00, 0x00, 0x00, 0x00, 0x00, 0x00, 0x00, 0x00, 0x00, 0x00, 0x00, 0x00, 0x01,
    0x00, 0x00, 0x00, 0x01, 0x00, 0x00, 0x00, 0x00, 0x00, 0x00, 0x00, 0x00, 0x00, 0x00, 0x00, 0x00,
    0x00, 0x00, 0x00, 0x01, 0x00, 0x00, 0x00, 0x00, 0x00, 0x00, 0x00, 0x00, 0x00, 0x00, 0x00, 0x00,
    0x00, 0x00, 0x00, 0x00, 0x00, 0x00, 0x00, 0x00, 0x00, 0x00, 0x00, 0x00, 0x00, 0x00, 0x00, 0x01,
    0x3f, 0x3f, 0x3f, 0x04, 0x00, 0x00, 0x00, 0x00, 0x57, 0x57, 0x57, 0x8c, 0x3a, 0x3a, 0x37, 0xfa,
    0x28, 0x27, 0x26, 0xfc, 0x30, 0x2e, 0x2c, 0xfe, 0x5f, 0x5c, 0x58, 0xff, 0x9b, 0x97, 0x93, 0xff,
    0x9d, 0x9a, 0x95, 0xff, 0x8f, 0x8b, 0x86, 0xff, 0x8e, 0x8b, 0x86, 0xff, 0x95, 0x91, 0x8d, 0xff,
    0x9d, 0x99, 0x95, 0xff, 0xa3, 0x9e, 0x99, 0xff, 0xad, 0xa9, 0xa5, 0xff, 0xa5, 0xa1, 0x9f, 0xff,
    0x96, 0x93, 0x8f, 0xff, 0xba, 0xb7, 0xb3, 0xff, 0xb8, 0xb4, 0xb0, 0xff, 0xbb, 0xb6, 0xb2, 0xff,
    0xba, 0xb6, 0xb2, 0xff, 0xb9, 0xb6, 0xb1, 0xff, 0xb9, 0xb5, 0xb1, 0xff, 0xb9, 0xb4, 0xb1, 0xff,
    0xb5, 0xb2, 0xad, 0xff, 0xb8, 0xb5, 0xb1, 0xff, 0xac, 0xa8, 0xa5, 0xff, 0x9a, 0x98, 0x95, 0xff,
    0xb7, 0xb2, 0xaf, 0xff, 0xaf, 0xab, 0xa7, 0xff, 0xaf, 0xab, 0xa7, 0xff, 0xae, 0xa9, 0xa5, 0xff,
    0xac, 0xa8, 0xa5, 0xff, 0xa8, 0xa4, 0xa0, 0xff, 0xa5, 0xa1, 0x9d, 0xff, 0xa3, 0x9d, 0x9b, 0xff,
    0xa0, 0x9b, 0x97, 0xff, 0x9f, 0x9b, 0x98, 0xff, 0x9e, 0x9b, 0x96, 0xff, 0x9f, 0x99, 0x97, 0xff,
    0x9f, 0x9c, 0x97, 0xff, 0xa3, 0x9f, 0x9c, 0xff, 0xa7, 0xa3, 0xa0, 0xff, 0xac, 0xa8, 0xa4, 0xff,
    0xb1, 0xac, 0xa7, 0xff, 0xb6, 0xb3, 0xad, 0xff, 0xb9, 0xb5, 0xb1, 0xff, 0xbc, 0xb7, 0xb4, 0xff,
    0xbf, 0xb9, 0xb6, 0xff, 0xbf, 0xba, 0xb8, 0xff, 0xbc, 0xb8, 0xb5, 0xff, 0xb9, 0xb6, 0xb2, 0xff,
    0xb6, 0xb2, 0xaf, 0xff, 0xb1, 0xad, 0xa9, 0xff, 0xac, 0xa6, 0xa3, 0xff, 0xa4, 0x9f, 0x9c, 0xff,
    0x9c, 0x98, 0x94, 0xff, 0x94, 0x90, 0x8a, 0xff, 0x8c, 0x88, 0x83, 0xff, 0x8a, 0x86, 0x80, 0xff,
    0x96, 0x93, 0x8e, 0xff, 0xb2, 0xae, 0xa9, 0xff, 0xc8, 0xc5, 0xc1, 0xff, 0xce, 0xcb, 0xc7, 0xff,
    0xd0, 0xcc, 0xc9, 0xff, 0xd0, 0xcd, 0xc9, 0xff, 0xcf, 0xcb, 0xc8, 0xff, 0xd7, 0xd3, 0xd0, 0xff,
    0xc6, 0xc2, 0xbe, 0xf5, 0xa5, 0xa1, 0x9e, 0xe6, 0xdb, 0xd6, 0xd3, 0xfc, 0xd4, 0xd0, 0xcc, 0xff,
    0xd2, 0xcf, 0xcb, 0xfe, 0xd2, 0xcf, 0xcb, 0xff, 0xd2, 0xce, 0xca, 0xff, 0xd1, 0xce, 0xc9, 0xff,
    0xcf, 0xcc, 0xc7, 0xff, 0xcc, 0xc9, 0xc5, 0xff, 0xca, 0xc6, 0xc2, 0xff, 0xc9, 0xc7, 0xc2, 0xff,
    0xcf, 0xcc, 0xc7, 0xff, 0xd4, 0xd0, 0xcc, 0xff, 0xd1, 0xcf, 0xc9, 0xff, 0xce, 0xcb, 0xc6, 0xff,
    0xc8, 0xc4, 0xc1, 0xff, 0xc2, 0xbe, 0xba, 0xff, 0xbf, 0xbc, 0xb7, 0xff, 0xc1, 0xbd, 0xb9, 0xff,
    0xc2, 0xbc, 0xb9, 0xff, 0xc1, 0xbd, 0xba, 0xff, 0xc3, 0xbe, 0xba, 0xff, 0xc2, 0xbe, 0xbb, 0xff,
    0xc3, 0xbe, 0xbb, 0xff, 0xc2, 0xbf, 0xba, 0xff, 0xc3, 0xbe, 0xba, 0xff, 0xc3, 0xbe, 0xbb, 0xff,
    0xc3, 0xbf, 0xbb, 0xff, 0xc4, 0xc0, 0xbb, 0xff, 0xc4, 0xc0, 0xbc, 0xff, 0xc5, 0xc0, 0xbc, 0xff,
    0xc6, 0xc1, 0xbc, 0xff, 0xc5, 0xc0, 0xbc, 0xff, 0xc4, 0xc0, 0xbd, 0xff, 0xc6, 0xc1, 0xbc, 0xff,
    0xc5, 0xc1, 0xbd, 0xff, 0xc6, 0xc2, 0xbd, 0xff, 0xc7, 0xc2, 0xbe, 0xff, 0xc7, 0xc2, 0xbf, 0xff,
    0xc8, 0xc4, 0xc0, 0xff, 0xca, 0xc5, 0xc1, 0xff, 0xca, 0xc6, 0xc2, 0xff, 0xcb, 0xc8, 0xc3, 0xff,
    0xcb, 0xc7, 0xc3, 0xff, 0xcc, 0xc8, 0xc3, 0xff, 0xcd, 0xc9, 0xc4, 0xff, 0xcc, 0xc9, 0xc4, 0xff,
    0xcb, 0xc8, 0xc3, 0xff, 0xca, 0xc7, 0xc3, 0xff, 0x86, 0x85, 0x81, 0xff, 0x3b, 0x3a, 0x37, 0xf4,
    0x23, 0x23, 0x21, 0xbc, 0x00, 0x00, 0x00, 0x0d, 0x06, 0x09, 0x06, 0x55, 0x0b, 0x0b, 0x0b, 0x9f,
    0x0c, 0x0e, 0x10, 0x9f, 0x1c, 0x1b, 0x1b, 0xcc, 0x51, 0x4e, 0x4c, 0xfd, 0xb4, 0xb1, 0xac, 0xff,
    0xdb, 0xd6, 0xd3, 0xff, 0xd4, 0xd0, 0xcc, 0xff, 0xd8, 0xd4, 0xd0, 0xff, 0xda, 0xd6, 0xd3, 0xff,
    0xdc, 0xd9, 0xd4, 0xff, 0xde, 0xda, 0xd6, 0xff, 0xe0, 0xdd, 0xd7, 0xff, 0xe1, 0xdc, 0xd8, 0xff,
    0xe1, 0xdd, 0xda, 0xff, 0xe0, 0xde, 0xd9, 0xff, 0xe0, 0xdd, 0xda, 0xff, 0xe1, 0xdd, 0xd9, 0xff,
    0xe0, 0xdd, 0xd8, 0xff, 0xdf, 0xdb, 0xd8, 0xff, 0xde, 0xdb, 0xd5, 0xff, 0xe0, 0xdd, 0xd8, 0xff,
    0xbe, 0xb9, 0xb6, 0xff, 0xb9, 0xb5, 0xb3, 0xfd, 0xe5, 0xe2, 0xde, 0xff, 0xe0, 0xdc, 0xd8, 0xff,
    0xe3, 0xdf, 0xdb, 0xff, 0xe2, 0xde, 0xda, 0xff, 0xe2, 0xdf, 0xda, 0xff, 0xe1, 0xdd, 0xd9, 0xff,
    0xde, 0xdb, 0xd7, 0xff, 0xdc, 0xd8, 0xd4, 0xff, 0xdb, 0xd7, 0xd2, 0xff, 0xd8, 0xd4, 0xd0, 0xff,
    0xd7, 0xd2, 0xce, 0xff, 0xd5, 0xd1, 0xcc, 0xff, 0xd3, 0xd0, 0xca, 0xff, 0xcf, 0xcb, 0xc7, 0xff,
    0xcd, 0xc9, 0xc4, 0xff, 0xc9, 0xc5, 0xc1, 0xff, 0xc5, 0xc1, 0xbd, 0xff, 0xc2, 0xbe, 0xb9, 0xff,
    0xbe, 0xba, 0xb4, 0xff, 0xba, 0xb6, 0xb0, 0xff, 0xb6, 0xb2, 0xad, 0xff, 0xb1, 0xad, 0xa8, 0xff,
    0xaf, 0xaa, 0xa6, 0xff, 0xad, 0xa9, 0xa4, 0xff, 0xab, 0xa7, 0xa3, 0xff, 0xab, 0xa6, 0xa3, 0xff,
    0xab, 0xa8, 0xa3, 0xff, 0xae, 0xab, 0xa5, 0xff, 0xb3, 0xaf, 0xaa, 0xff, 0xb9, 0xb5, 0xb1, 0xff,
    0xc1, 0xbd, 0xb8, 0xff, 0xc9, 0xc5, 0xc1, 0xff, 0xd0, 0xcc, 0xc9, 0xff, 0xd6, 0xd3, 0xcf, 0xff,
    0xda, 0xd7, 0xd3, 0xff, 0xdd, 0xd8, 0xd4, 0xff, 0xdd, 0xd9, 0xd5, 0xff, 0xdc, 0xd7, 0xd4, 0xff,
    0xd9, 0xd5, 0xd1, 0xff, 0xd5, 0xd0, 0xcc, 0xff, 0xce, 0xca, 0xc4, 0xff, 0xc5, 0xc1, 0xbc, 0xff,
    0xb9, 0xb4, 0xb0, 0xff, 0xa9, 0xa5, 0xa0, 0xff, 0x96, 0x93, 0x8e, 0xff, 0x84, 0x80, 0x7c, 0xff,
    0x72, 0x6e, 0x6a, 0xff, 0x61, 0x5d, 0x5a, 0xff, 0x51, 0x4d, 0x49, 0xfe, 0x44, 0x41, 0x3d, 0xfd,
    0x3d, 0x3a, 0x36, 0xfc, 0x3d, 0x3b, 0x36, 0xfc, 0x4b, 0x48, 0x44, 0xfc, 0x63, 0x5f, 0x5c, 0xfe,
    0x83, 0x80, 0x7b, 0xff, 0xa5, 0xa1, 0x9d, 0xff, 0xb9, 0xb6, 0xb2, 0xff, 0xbb, 0xb8, 0xb3, 0xff,
    0xb7, 0xb5, 0xb1, 0xe3, 0xa1, 0x9f, 0x9d, 0xbe, 0x87, 0x85, 0x83, 0x86, 0x48, 0x45, 0x45, 0x46,
    0x00, 0x00, 0x00, 0x13, 0x00, 0x00, 0x00, 0x00, 0x00, 0x00, 0x00, 0x00, 0x01, 0x01, 0x01, 0x00,
    0x7f, 0x7f, 0x7f, 0x04, 0x33, 0x33, 0x33, 0x05, 0x00, 0x00, 0x00, 0x01, 0x00, 0x00, 0x00, 0x00,
    0x00, 0x00, 0x00, 0x01, 0x00, 0x00, 0x00, 0x00, 0x00, 0x00, 0x00, 0x00, 0x00, 0x00, 0x00, 0x00,
    0x00, 0x00, 0x00, 0x00, 0x00, 0x00, 0x00, 0x00, 0x00, 0x00, 0x00, 0x00, 0x00, 0x00, 0x00, 0x01,
    0x00, 0x00, 0x00, 0x00, 0x00, 0x00, 0x00, 0x00, 0x00, 0x00, 0x00, 0x00, 0x00, 0x00, 0x00, 0x01,
    0x00, 0x00, 0x00, 0x00, 0x00, 0x00, 0x00, 0x00, 0x00, 0x00, 0x00, 0x01, 0x00, 0x00, 0x00, 0x00,
    0x00, 0x00, 0x00, 0x00, 0x00, 0x00, 0x00, 0x00, 0x00, 0x00, 0x00, 0x00, 0x00, 0x00, 0x00, 0x00,
    0x00, 0x00, 0x00, 0x00, 0x00, 0x00, 0x00, 0x00, 0x00, 0x00, 0x00, 0x00, 0x00, 0x00, 0x00, 0x00,
    0x00, 0x00, 0x00, 0x00, 0x00, 0x00, 0x00, 0x00, 0x00, 0x00, 0x00, 0x00, 0x00, 0x00, 0x00, 0x00,
    0x00, 0x00, 0x00, 0x00, 0x00, 0x00, 0x00, 0x00, 0x00, 0x00, 0x00, 0x00, 0x00, 0x00, 0x00, 0x00,
    0x00, 0x00, 0x00, 0x00, 0x00, 0x00, 0x00, 0x01, 0x00, 0x00, 0x00, 0x01, 0x00, 0x00, 0x00, 0x01,
    0x00, 0x00, 0x00, 0x00, 0x00, 0x00, 0x00, 0x01, 0x00, 0x00, 0x00, 0x00, 0x00, 0x00, 0x00, 0x00,
    0x00, 0x00, 0x00, 0x01, 0x00, 0x00, 0x00, 0x01, 0x00, 0x00, 0x00, 0x00, 0x00, 0x00, 0x00, 0x00,
    0x00, 0x00, 0x00, 0x03, 0xff, 0xff, 0xff, 0x01, 0x3b, 0x3b, 0x41, 0x91, 0x25, 0x25, 0x3d, 0xf0,
    0x26, 0x24, 0x24, 0xfe, 0x2a, 0x28, 0x22, 0xfe, 0x2c, 0x29, 0x27, 0xff, 0x43, 0x41, 0x3e, 0xff,
    0x7c, 0x78, 0x75, 0xff, 0xaf, 0xac, 0xa9, 0xff, 0xc2, 0xbe, 0xbb, 0xff, 0xbf, 0xbb, 0xb8, 0xff,
    0xbc, 0xb8, 0xb5, 0xff, 0xbc, 0xb8, 0xb4, 0xff, 0xc7, 0xc2, 0xbd, 0xff, 0xaa, 0xa6, 0xa2, 0xff,
    0xa6, 0xa3, 0x9f, 0xff, 0xcf, 0xcb, 0xc7, 0xff, 0xc6, 0xc1, 0xbe, 0xff, 0xc9, 0xc3, 0xc1, 0xff,
    0xc7, 0xc2, 0xbf, 0xff, 0xc6, 0xc0, 0xbd, 0xff, 0xc3, 0xbe, 0xba, 0xff, 0xc0, 0xbb, 0xb9, 0xff,
    0xc0, 0xbc, 0xb7, 0xff, 0xbe, 0xbb, 0xb6, 0xff, 0x9c, 0x99, 0x94, 0xff, 0xb6, 0xb3, 0xaf, 0xff,
    0xbb, 0xb7, 0xb4, 0xff, 0xb7, 0xb2, 0xaf, 0xff, 0xb4, 0xaf, 0xac, 0xff, 0xb0, 0xac, 0xa9, 0xff,
    0xac, 0xa9, 0xa4, 0xff, 0xa9, 0xa4, 0xa1, 0xff, 0xa5, 0xa0, 0x9d, 0xff, 0xa1, 0x9c, 0x99, 0xff,
    0x9e, 0x9a, 0x97, 0xff, 0x9d, 0x98, 0x94, 0xff, 0x9b, 0x99, 0x93, 0xff, 0x9c, 0x97, 0x94, 0xff,
    0x9e, 0x9a, 0x97, 0xff, 0xa3, 0x9e, 0x9c, 0xff, 0xa8, 0xa3, 0xa0, 0xff, 0xad, 0xa9, 0xa5, 0xff,
    0xb3, 0xaf, 0xab, 0xff, 0xb9, 0xb4, 0xb1, 0xff, 0xbd, 0xb9, 0xb5, 0xff, 0xc1, 0xbc, 0xb8, 0xff,
    0xc3, 0xbe, 0xbb, 0xff, 0xc1, 0xbd, 0xb9, 0xff, 0xbe, 0xba, 0xb8, 0xff, 0xbc, 0xb7, 0xb4, 0xff,
    0xb7, 0xb1, 0xae, 0xff, 0xaf, 0xab, 0xa7, 0xff, 0xa6, 0xa2, 0x9e, 0xff, 0x9c, 0x98, 0x94, 0xff,
    0x92, 0x8d, 0x89, 0xff, 0x85, 0x82, 0x7d, 0xff, 0x7c, 0x77, 0x73, 0xff, 0x74, 0x70, 0x6c, 0xff,
    0x6e, 0x69, 0x66, 0xff, 0x6f, 0x6a, 0x68, 0xff, 0x82, 0x7e, 0x7a, 0xff, 0x9d, 0x98, 0x94, 0xff,
    0xb2, 0xad, 0xaa, 0xff, 0xbd, 0xb9, 0xb5, 0xff, 0xc1, 0xbd, 0xb9, 0xff, 0xc2, 0xbd, 0xb9, 0xfe,
    0x95, 0x8f, 0x8c, 0xe1, 0xc1, 0xbd, 0xb9, 0xf9, 0xcb, 0xc6, 0xc2, 0xff, 0xc8, 0xc3, 0xbf, 0xff,
    0xcc, 0xc6, 0xc4, 0xff, 0xcf, 0xcb, 0xc6, 0xff, 0xcf, 0xcb, 0xc8, 0xff, 0xd0, 0xcc, 0xc8, 0xff,
    0xd3, 0xcf, 0xca, 0xff, 0xd0, 0xce, 0xc9, 0xff, 0xd3, 0xcf, 0xca, 0xff, 0xcd, 0xca, 0xc6, 0xff,
    0xb0, 0xad, 0xa9, 0xff, 0x9f, 0x9b, 0x99, 0xff, 0xa5, 0xa1, 0x9f, 0xff, 0xb5, 0xb2, 0xae, 0xff,
    0xca, 0xc8, 0xc3, 0xff, 0xdb, 0xd9, 0xd4, 0xff, 0xe0, 0xdd, 0xd9, 0xff, 0xde, 0xdb, 0xd6, 0xff,
    0xda, 0xd6, 0xd2, 0xff, 0xd8, 0xd4, 0xd1, 0xff, 0xd8, 0xd4, 0xd1, 0xff, 0xd8, 0xd5, 0xd1, 0xff,
    0xd8, 0xd4, 0xd1, 0xff, 0xda, 0xd5, 0xd0, 0xff, 0xda, 0xd5, 0xd2, 0xff, 0xd9, 0xd5, 0xd1, 0xff,
    0xda, 0xd6, 0xd2, 0xff, 0xd9, 0xd6, 0xd2, 0xff, 0xd9, 0xd6, 0xd3, 0xff, 0xd9, 0xd6, 0xd3, 0xff,
    0xda, 0xd7, 0xd3, 0xff, 0xdb, 0xd7, 0xd3, 0xff, 0xdb, 0xd7, 0xd4, 0xff, 0xdb, 0xd8, 0xd4, 0xff,
    0xdb, 0xd8, 0xd4, 0xff, 0xdb, 0xd7, 0xd4, 0xff, 0xdb, 0xd6, 0xd4, 0xff, 0xdb, 0xd7, 0xd4, 0xff,
    0xdc, 0xd8, 0xd5, 0xff, 0xdd, 0xd8, 0xd5, 0xff, 0xdc, 0xd9, 0xd5, 0xff, 0xdc, 0xd9, 0xd5, 0xff,
    0xdb, 0xd7, 0xd4, 0xff, 0xdb, 0xd7, 0xd3, 0xff, 0xd9, 0xd5, 0xd0, 0xff, 0xd2, 0xd0, 0xcb, 0xff,
    0xcd, 0xc9, 0xc5, 0xff, 0xa9, 0xa5, 0xa2, 0xfe, 0x65, 0x62, 0x5e, 0xfd, 0x31, 0x2f, 0x2c, 0xff,
    0x25, 0x24, 0x23, 0xf6, 0x09, 0x09, 0x09, 0xa2, 0x07, 0x07, 0x07, 0xe6, 0x0c, 0x0d, 0x0d, 0xff,
    0x0e, 0x0e, 0x0e, 0xff, 0x0f, 0x0f, 0x0f, 0xff, 0x18, 0x18, 0x17, 0xff, 0x79, 0x75, 0x72, 0xff,
    0xcf, 0xca, 0xc6, 0xff, 0xc8, 0xc3, 0xc0, 0xff, 0xc9, 0xc6, 0xc3, 0xff, 0xc9, 0xc4, 0xc1, 0xff,
    0xc7, 0xc3, 0xbf, 0xff, 0xc7, 0xc2, 0xbe, 0xff, 0xc5, 0xc1, 0xbc, 0xff, 0xc3, 0xbf, 0xba, 0xff,
    0xc1, 0xbd, 0xb9, 0xff, 0xbf, 0xbc, 0xb7, 0xff, 0xbe, 0xba, 0xb4, 0xff, 0xbc, 0xb8, 0xb3, 0xff,
    0xba, 0xb6, 0xb1, 0xff, 0xb8, 0xb3, 0xaf, 0xff, 0xb5, 0xb1, 0xab, 0xff, 0xb0, 0xac, 0xa7, 0xfe,
    0xb6, 0xb2, 0xad, 0xff, 0x8f, 0x8a, 0x87, 0xed, 0x9b, 0x96, 0x92, 0xf2, 0xb0, 0xa9, 0xa5, 0xff,
    0xa6, 0xa2, 0x9d, 0xff, 0xa7, 0xa2, 0x9d, 0xff, 0xa4, 0x9e, 0x9b, 0xff, 0xa0, 0x9c, 0x98, 0xff,
    0x9c, 0x98, 0x93, 0xff, 0x98, 0x94, 0x8f, 0xff, 0x94, 0x90, 0x8a, 0xff, 0x90, 0x8b, 0x87, 0xff,
    0x8c, 0x88, 0x83, 0xff, 0x88, 0x84, 0x7f, 0xff, 0x86, 0x81, 0x7c, 0xff, 0x82, 0x7d, 0x79, 0xff,
    0x80, 0x7b, 0x77, 0xff, 0x7c, 0x77, 0x73, 0xff, 0x78, 0x74, 0x6f, 0xff, 0x75, 0x71, 0x6c, 0xff,
    0x72, 0x6e, 0x69, 0xff, 0x6e, 0x6a, 0x65, 0xff, 0x6c, 0x68, 0x64, 0xff, 0x6b, 0x65, 0x62, 0xff,
    0x6b, 0x66, 0x62, 0xff, 0x6c, 0x67, 0x63, 0xff, 0x6e, 0x69, 0x65, 0xff, 0x70, 0x6b, 0x68, 0xff,
    0x73, 0x70, 0x6b, 0xff, 0x7a, 0x76, 0x71, 0xff, 0x82, 0x7e, 0x79, 0xff, 0x8d, 0x88, 0x83, 0xff,
    0x97, 0x94, 0x8f, 0xff, 0xa5, 0xa0, 0x9d, 0xff, 0xb3, 0xaf, 0xab, 0xff, 0xc0, 0xbc, 0xb7, 0xff,
    0xcb, 0xc6, 0xc2, 0xff, 0xd2, 0xce, 0xcb, 0xff, 0xd7, 0xd3, 0xd0, 0xff, 0xda, 0xd6, 0xd2, 0xff,
    0xda, 0xd5, 0xd2, 0xff, 0xd7, 0xd2, 0xcf, 0xff, 0xd1, 0xcd, 0xca, 0xff, 0xca, 0xc5, 0xc2, 0xff,
    0xc2, 0xbd, 0xb9, 0xff, 0xb8, 0xb4, 0xaf, 0xff, 0xad, 0xa8, 0xa4, 0xff, 0xa0, 0x9b, 0x98, 0xff,
    0x91, 0x8c, 0x89, 0xff, 0x83, 0x7f, 0x7c, 0xff, 0x76, 0x72, 0x6e, 0xff, 0x6b, 0x66, 0x62, 0xff,
    0x5f, 0x5a, 0x58, 0xff, 0x52, 0x4f, 0x4b, 0xff, 0x47, 0x43, 0x40, 0xff, 0x3d, 0x3b, 0x37, 0xff,
    0x37, 0x36, 0x31, 0xfe, 0x3b, 0x38, 0x34, 0xfd, 0x4c, 0x48, 0x45, 0xfb, 0x6a, 0x65, 0x63, 0xfc,
    0x8f, 0x8c, 0x88, 0xff, 0xb3, 0xaf, 0xab, 0xff, 0xc6, 0xc2, 0xbe, 0xff, 0xb9, 0xb7, 0xb3, 0xff,
    0x9f, 0x9e, 0x9b, 0xe6, 0x86, 0x85, 0x80, 0x9d, 0x64, 0x64, 0x64, 0x51, 0x00, 0x00, 0x00, 0x19,
    0x00, 0x00, 0x00, 0x00, 0x00, 0x00, 0x00, 0x00, 0xff, 0xff, 0xff, 0x01, 0xaa, 0xaa, 0xaa, 0x03,
    0x55, 0x55, 0x55, 0x03, 0x00, 0x00, 0x00, 0x00, 0x00, 0x00, 0x00, 0x00, 0x00, 0x00, 0x00, 0x00,
    0x00, 0x00, 0x00, 0x00, 0x00, 0x00, 0x00, 0x00, 0x00, 0x00, 0x00, 0x00, 0x00, 0x00, 0x00, 0x00,
    0x00, 0x00, 0x00, 0x00, 0x00, 0x00, 0x00, 0x00, 0x00, 0x00, 0x00, 0x00, 0x00, 0x00, 0x00, 0x00,
    0x00, 0x00, 0x00, 0x00, 0x00, 0x00, 0x00, 0x00, 0x00, 0x00, 0x00, 0x00, 0x00, 0x00, 0x00, 0x00,
    0x00, 0x00, 0x00, 0x00, 0x00, 0x00, 0x00, 0x00, 0x00, 0x00, 0x00, 0x00, 0x00, 0x00, 0x00, 0x00,
    0x00, 0x00, 0x00, 0x00, 0x00, 0x00, 0x00, 0x00, 0x00, 0x00, 0x00, 0x00, 0x00, 0x00, 0x00, 0x00,
    0x00, 0x00, 0x00, 0x00, 0x00, 0x00, 0x00, 0x00, 0x00, 0x00, 0x00, 0x00, 0x00, 0x00, 0x00, 0x01,
    0x00, 0x00, 0x00, 0x00, 0x00, 0x00, 0x00, 0x00, 0x00, 0x00, 0x00, 0x01, 0x00, 0x00, 0x00, 0x00,
    0x00, 0x00, 0x00, 0x02, 0x00, 0x00, 0x00, 0x01, 0x00, 0x00, 0x00, 0x01, 0x00, 0x00, 0x00, 0x01,
    0x00, 0x00, 0x00, 0x00, 0x00, 0x00, 0x00, 0x01, 0x00, 0x00, 0x00, 0x00, 0x00, 0x00, 0x00, 0x00,
    0x00, 0x00, 0x00, 0x02, 0x00, 0x00, 0x00, 0x01, 0x00, 0x00, 0x00, 0x00, 0x00, 0x00, 0x00, 0x01,
    0x7f, 0x7f, 0x7f, 0x02, 0x00, 0x00, 0x00, 0x00, 0x49, 0x49, 0x55, 0xb9, 0x4b, 0x44, 0x88, 0xff,
    0x2a, 0x25, 0x4c, 0xfb, 0x1f, 0x1e, 0x27, 0xff, 0x24, 0x24, 0x27, 0xff, 0x2c, 0x2b, 0x27, 0xff,
    0x35, 0x32, 0x2d, 0xff, 0x55, 0x51, 0x4e, 0xff, 0x8d, 0x89, 0x88, 0xff, 0xbe, 0xba, 0xb7, 0xff,
    0xd1, 0xcd, 0xc9, 0xff, 0xd0, 0xca, 0xc7, 0xff, 0xce, 0xc8, 0xc6, 0xff, 0xc9, 0xc3, 0xc1, 0xfe,
    0x94, 0x91, 0x8f, 0xf5, 0xd3, 0xd0, 0xcd, 0xfb, 0xd6, 0xd2, 0xd0, 0xff, 0xd0, 0xca, 0xc7, 0xff,
    0xce, 0xc8, 0xc5, 0xff, 0xce, 0xc9, 0xc6, 0xff, 0xcd, 0xc8, 0xc5, 0xff, 0xca, 0xc7, 0xc3, 0xff,
    0xbe, 0xba, 0xb7, 0xff, 0xa0, 0x9c, 0x98, 0xff, 0xb5, 0xb1, 0xad, 0xff, 0xc3, 0xc0, 0xbd, 0xff,
    0xbb, 0xb9, 0xb6, 0xff, 0xba, 0xb6, 0xb3, 0xff, 0xb6, 0xb2, 0xae, 0xff, 0xb2, 0xad, 0xaa, 0xff,
    0xac, 0xa7, 0xa4, 0xff, 0xa7, 0xa3, 0xa1, 0xff, 0xa4, 0x9f, 0x9c, 0xff, 0x9f, 0x9a, 0x97, 0xff,
    0x9c, 0x97, 0x95, 0xff, 0x9c, 0x95, 0x93, 0xff, 0x9a, 0x95, 0x91, 0xff, 0x9a, 0x96, 0x91, 0xff,
    0x9d, 0x98, 0x95, 0xff, 0xa1, 0x9d, 0x99, 0xff, 0xa8, 0xa4, 0x9f, 0xff, 0xaf, 0xaa, 0xa6, 0xff,
    0xb6, 0xb1, 0xae, 0xff, 0xbb, 0xb6, 0xb3, 0xff, 0xc1, 0xbc, 0xb9, 0xff, 0xc3, 0xbf, 0xbc, 0xff,
    0xc5, 0xc0, 0xbd, 0xff, 0xc3, 0xbf, 0xbc, 0xff, 0xc3, 0xbe, 0xba, 0xff, 0xc0, 0xba, 0xb7, 0xff,
    0xb8, 0xb4, 0xb1, 0xff, 0xb0, 0xac, 0xa8, 0xff, 0xa6, 0xa1, 0x9e, 0xff, 0x99, 0x93, 0x90, 0xff,
    0x8a, 0x85, 0x82, 0xff, 0x7d, 0x77, 0x73, 0xff, 0x71, 0x6c, 0x68, 0xff, 0x68, 0x64, 0x61, 0xff,
    0x63, 0x5e, 0x5b, 0xff, 0x5e, 0x5a, 0x56, 0xff, 0x59, 0x55, 0x52, 0xff, 0x5c, 0x57, 0x54, 0xff,
    0x6a, 0x65, 0x62, 0xff, 0x81, 0x7c, 0x78, 0xfe, 0x9d, 0x98, 0x92, 0xff, 0x8d, 0x89, 0x84, 0xf1,
    0x8e, 0x8a, 0x86, 0xea, 0xb0, 0xad, 0xa8, 0xff, 0xa9, 0xa4, 0x9f, 0xfe, 0xad, 0xa9, 0xa4, 0xff,
    0xaf, 0xab, 0xa6, 0xff, 0xad, 0xa9, 0xa4, 0xff, 0xa9, 0xa5, 0xa1, 0xff, 0xad, 0xa9, 0xa5, 0xff,
    0xab, 0xa8, 0xa3, 0xff, 0xb6, 0xb2, 0xae, 0xff, 0xbf, 0xbb, 0xb6, 0xff, 0x7b, 0x78, 0x74, 0xff,
    0x39, 0x36, 0x34, 0xfe, 0x27, 0x25, 0x24, 0xfe, 0x1d, 0x1a, 0x1b, 0xfe, 0x1b, 0x19, 0x19, 0xff,
    0x28, 0x26, 0x24, 0xff, 0x47, 0x44, 0x42, 0xff, 0x7c, 0x77, 0x76, 0xff, 0xa5, 0xa1, 0x9e, 0xff,
    0xbf, 0xba, 0xb6, 0xff, 0xc5, 0xbf, 0xbc, 0xff, 0xc2, 0xbe, 0xbb, 0xff, 0xc3, 0xbf, 0xbb, 0xff,
    0xc2, 0xbe, 0xbb, 0xff, 0xc3, 0xbf, 0xb9, 0xff, 0xc3, 0xbe, 0xba, 0xff, 0xc2, 0xbd, 0xba, 0xff,
    0xc2, 0xbe, 0xb9, 0xff, 0xc1, 0xbe, 0xb9, 0xff, 0xc1, 0xbd, 0xb8, 0xff, 0xc0, 0xbc, 0xb7, 0xff,
    0xc0, 0xbc, 0xb7, 0xff, 0xbf, 0xbb, 0xb6, 0xff, 0xbe, 0xba, 0xb5, 0xff, 0xbd, 0xb9, 0xb5, 0xff,
    0xbc, 0xb8, 0xb3, 0xff, 0xbb, 0xb7, 0xb2, 0xff, 0xba, 0xb5, 0xb2, 0xff, 0xb9, 0xb4, 0xb1, 0xff,
    0xb7, 0xb3, 0xaf, 0xff, 0xb7, 0xb2, 0xae, 0xff, 0xb5, 0xb0, 0xad, 0xff, 0xb2, 0xae, 0xaa, 0xff,
    0xaf, 0xab, 0xa7, 0xff, 0xab, 0xa7, 0xa3, 0xff, 0xa4, 0x9f, 0x9b, 0xff, 0x9d, 0x99, 0x95, 0xff,
    0x84, 0x7f, 0x7b, 0xff, 0x53, 0x4e, 0x4a, 0xff, 0x3f, 0x3c, 0x38, 0xff, 0x20, 0x1e, 0x1b, 0xfe,
    0x14, 0x12, 0x11, 0xfe, 0x0e, 0x0d, 0x0d, 0xff, 0x0a, 0x0a, 0x09, 0xfc, 0x0b, 0x0b, 0x0a, 0xfc,
    0x09, 0x09, 0x0a, 0xfb, 0x07, 0x07, 0x08, 0xfc, 0x0c, 0x0b, 0x0b, 0xfe, 0x63, 0x5f, 0x5d, 0xff,
    0x8b, 0x86, 0x82, 0xff, 0x84, 0x80, 0x7c, 0xff, 0x85, 0x80, 0x7d, 0xff, 0x84, 0x7e, 0x7b, 0xff,
    0x81, 0x7c, 0x79, 0xff, 0x80, 0x7b, 0x77, 0xff, 0x7e, 0x7a, 0x75, 0xff, 0x7d, 0x77, 0x74, 0xff,
    0x7a, 0x77, 0x71, 0xff, 0x78, 0x74, 0x6d, 0xff, 0x75, 0x70, 0x6c, 0xff, 0x73, 0x6f, 0x6a, 0xff,
    0x72, 0x6e, 0x69, 0xff, 0x6f, 0x6c, 0x67, 0xff, 0x6f, 0x6b, 0x67, 0xff, 0x6e, 0x69, 0x65, 0xff,
    0x6d, 0x68, 0x64, 0xff, 0x6f, 0x6a, 0x66, 0xfd, 0x5a, 0x54, 0x52, 0xe9, 0x68, 0x63, 0x5f, 0xfd,
    0x67, 0x63, 0x5e, 0xff, 0x66, 0x62, 0x5e, 0xff, 0x65, 0x60, 0x5d, 0xff, 0x64, 0x60, 0x5c, 0xff,
    0x63, 0x5f, 0x5a, 0xff, 0x61, 0x5d, 0x59, 0xff, 0x5f, 0x5a, 0x57, 0xff, 0x5e, 0x59, 0x56, 0xff,
    0x5c, 0x58, 0x54, 0xff, 0x5b, 0x57, 0x52, 0xff, 0x5a, 0x56, 0x51, 0xff, 0x5a, 0x55, 0x50, 0xff,
    0x5a, 0x54, 0x50, 0xff, 0x58, 0x53, 0x50, 0xff, 0x57, 0x53, 0x4f, 0xff, 0x57, 0x52, 0x4e, 0xff,
    0x56, 0x52, 0x4f, 0xff, 0x57, 0x51, 0x4e, 0xff, 0x56, 0x50, 0x4e, 0xff, 0x55, 0x51, 0x4e, 0xff,
    0x57, 0x52, 0x4e, 0xff, 0x59, 0x53, 0x51, 0xff, 0x5b, 0x55, 0x52, 0xff, 0x5d, 0x58, 0x55, 0xff,
    0x62, 0x5c, 0x59, 0xff, 0x68, 0x63, 0x5f, 0xff, 0x71, 0x6d, 0x69, 0xff, 0x7b, 0x77, 0x73, 0xff,
    0x85, 0x81, 0x7d, 0xff, 0x93, 0x8f, 0x8a, 0xff, 0xa4, 0x9f, 0x9a, 0xff, 0xb3, 0xaf, 0xaa, 0xff,
    0xc1, 0xbd, 0xb9, 0xff, 0xcc, 0xc7, 0xc4, 0xff, 0xd4, 0xcf, 0xcd, 0xff, 0xd9, 0xd5, 0xd1, 0xff,
    0xdb, 0xd7, 0xd3, 0xff, 0xdd, 0xd8, 0xd5, 0xff, 0xd7, 0xd3, 0xd1, 0xff, 0xd2, 0xcc, 0xcb, 0xff,
    0xca, 0xc5, 0xc2, 0xff, 0xc0, 0xbd, 0xb7, 0xff, 0xb7, 0xb3, 0xae, 0xff, 0xab, 0xa6, 0xa2, 0xff,
    0x9d, 0x98, 0x95, 0xff, 0x8e, 0x89, 0x85, 0xff, 0x7f, 0x7c, 0x77, 0xff, 0x71, 0x6c, 0x69, 0xff,
    0x67, 0x63, 0x5f, 0xff, 0x5f, 0x5b, 0x57, 0xff, 0x59, 0x55, 0x52, 0xff, 0x55, 0x50, 0x4c, 0xff,
    0x4f, 0x4b, 0x47, 0xff, 0x49, 0x44, 0x42, 0xff, 0x41, 0x3e, 0x3a, 0xff, 0x3b, 0x38, 0x35, 0xff,
    0x3a, 0x37, 0x33, 0xfd, 0x47, 0x43, 0x40, 0xfc, 0x64, 0x5f, 0x5c, 0xfc, 0x8a, 0x87, 0x83, 0xfe,
    0xb3, 0xb0, 0xab, 0xff, 0xca, 0xc6, 0xc2, 0xff, 0xbc, 0xb9, 0xb6, 0xff, 0xa5, 0xa2, 0xa0, 0xd8,
    0x7e, 0x7d, 0x79, 0x9d, 0x3e, 0x3e, 0x3a, 0x4a, 0x00, 0x00, 0x00, 0x0b, 0x00, 0x00, 0x00, 0x00,
    0x00, 0x00, 0x00, 0x00, 0xbf, 0xbf, 0xbf, 0x04, 0x55, 0x55, 0x55, 0x03, 0x00, 0x00, 0x00, 0x00,
    0x00, 0x00, 0x00, 0x00, 0x00, 0x00, 0x00, 0x00, 0x00, 0x00, 0x00, 0x00, 0x00, 0x00, 0x00, 0x00,
    0x00, 0x00, 0x00, 0x00, 0x00, 0x00, 0x00, 0x00, 0x00, 0x00, 0x00, 0x00, 0x00, 0x00, 0x00, 0x00,
    0x00, 0x00, 0x00, 0x00, 0x00, 0x00, 0x00, 0x00, 0x00, 0x00, 0x00, 0x00, 0x00, 0x00, 0x00, 0x00,
    0x00, 0x00, 0x00, 0x00, 0x00, 0x00, 0x00, 0x00, 0x00, 0x00, 0x00, 0x00, 0x00, 0x00, 0x00, 0x00,
    0x00, 0x00, 0x00, 0x00, 0x00, 0x00, 0x00, 0x00, 0x00, 0x00, 0x00, 0x00, 0x00, 0x00, 0x00, 0x00,
    0x00, 0x00, 0x00, 0x00, 0x00, 0x00, 0x00, 0x00, 0x00, 0x00, 0x00, 0x00, 0x00, 0x00, 0x00, 0x00,
    0x00, 0x00, 0x00, 0x00, 0x00, 0x00, 0x00, 0x00, 0x00, 0x00, 0x00, 0x00, 0x00, 0x00, 0x00, 0x00,
    0x00, 0x00, 0x00, 0x02, 0x00, 0x00, 0x00, 0x00, 0x00, 0x00, 0x00, 0x02, 0x00, 0x00, 0x00, 0x00,
    0x00, 0x00, 0x00, 0x00, 0x00, 0x00, 0x00, 0x00, 0x00, 0x00, 0x00, 0x00, 0x00, 0x00, 0x00, 0x00,
    0x00, 0x00, 0x00, 0x00, 0x00, 0x00, 0x00, 0x00, 0x00, 0x00, 0x00, 0x00, 0x55, 0x55, 0x55, 0x03,
    0xff, 0xff, 0xff, 0x01, 0x88, 0x88, 0x81, 0x4b, 0x4e, 0x4d, 0x5f, 0xf8, 0x51, 0x45, 0xae, 0xfd,
    0x37, 0x31, 0x77, 0xfe, 0x2b, 0x2a, 0x64, 0xff, 0x53, 0x52, 0x8e, 0xff, 0x5e, 0x5e, 0x8c, 0xff,
    0x52, 0x50, 0x6e, 0xff, 0x43, 0x40, 0x4b, 0xff, 0x3f, 0x3c, 0x3a, 0xff, 0x58, 0x54, 0x4f, 0xff,
    0x8f, 0x8b, 0x87, 0xff, 0xc5, 0xc0, 0xbc, 0xff, 0xd6, 0xd2, 0xcf, 0xff, 0xde, 0xd9, 0xd7, 0xff,
    0xc2, 0xbe, 0xbc, 0xef, 0xa0, 0x9c, 0x97, 0xe8, 0xbb, 0xb6, 0xb4, 0xfd, 0xc8, 0xc3, 0xc0, 0xff,
    0xca, 0xc5, 0xc2, 0xff, 0xc7, 0xc4, 0xc0, 0xff, 0xbe, 0xbb, 0xb7, 0xff, 0xaf, 0xab, 0xa8, 0xff,
    0xa9, 0xa6, 0xa3, 0xff, 0xc1, 0xbd, 0xbb, 0xff, 0xcc, 0xc7, 0xc4, 0xff, 0xc4, 0xc0, 0xbc, 0xff,
    0xbf, 0xbc, 0xb8, 0xff, 0xbb, 0xb8, 0xb4, 0xff, 0xb7, 0xb3, 0xaf, 0xff, 0xb2, 0xae, 0xaa, 0xff,
    0xab, 0xa7, 0xa4, 0xff, 0xa6, 0xa1, 0x9e, 0xff, 0xa1, 0x9d, 0x99, 0xff, 0x9d, 0x97, 0x95, 0xff,
    0x9b, 0x96, 0x93, 0xff, 0x9b, 0x94, 0x92, 0xff, 0x9a, 0x94, 0x91, 0xff, 0x9a, 0x95, 0x92, 0xff,
    0x9d, 0x97, 0x96, 0xff, 0xa4, 0x9e, 0x9b, 0xff, 0xaa, 0xa5, 0xa2, 0xff, 0xb2, 0xad, 0xaa, 0xff,
    0xba, 0xb4, 0xb2, 0xff, 0xbf, 0xba, 0xb8, 0xff, 0xc3, 0xbf, 0xbc, 0xff, 0xc5, 0xc1, 0xbe, 0xff,
    0xc8, 0xc4, 0xc0, 0xff, 0xc9, 0xc4, 0xc1, 0xff, 0xc7, 0xc3, 0xbf, 0xff, 0xc3, 0xbf, 0xbb, 0xff,
    0xbd, 0xb7, 0xb5, 0xff, 0xb2, 0xad, 0xa9, 0xff, 0xa6, 0xa0, 0x9d, 0xff, 0x95, 0x90, 0x8d, 0xff,
    0x86, 0x81, 0x7d, 0xff, 0x77, 0x72, 0x6f, 0xff, 0x6a, 0x67, 0x63, 0xff, 0x61, 0x5d, 0x59, 0xff,
    0x5a, 0x56, 0x53, 0xff, 0x56, 0x51, 0x4d, 0xff, 0x55, 0x50, 0x4d, 0xff, 0x53, 0x4e, 0x4b, 0xff,
    0x4f, 0x4b, 0x47, 0xff, 0x52, 0x4c, 0x48, 0xfe, 0x5e, 0x5a, 0x55, 0xff, 0x58, 0x56, 0x50, 0xf2,
    0x77, 0x74, 0x70, 0xfa, 0x88, 0x83, 0x7f, 0xff, 0x87, 0x84, 0x80, 0xff, 0x8b, 0x86, 0x82, 0xff,
    0x8d, 0x88, 0x84, 0xff, 0x7c, 0x78, 0x75, 0xff, 0xa2, 0x9d, 0x9b, 0xff, 0xa2, 0x9e, 0x9a, 0xff,
    0x94, 0x91, 0x8f, 0xff, 0x8e, 0x8b, 0x89, 0xff, 0x85, 0x80, 0x7e, 0xff, 0xaa, 0xa7, 0xa4, 0xff,
    0xa6, 0xa2, 0x9f, 0xff, 0xa5, 0x9f, 0x9c, 0xff, 0x9e, 0x9a, 0x97, 0xff, 0x9a, 0x97, 0x94, 0xff,
    0x92, 0x8f, 0x8b, 0xff, 0x80, 0x7d, 0x7b, 0xff, 0x77, 0x75, 0x74, 0xff, 0x7f, 0x7c, 0x7a, 0xff,
    0x7c, 0x77, 0x75, 0xff, 0x89, 0x85, 0x81, 0xff, 0x95, 0x8f, 0x8b, 0xff, 0x93, 0x8f, 0x8b, 0xff,
    0x94, 0x8e, 0x8a, 0xff, 0x92, 0x8d, 0x8a, 0xff, 0x91, 0x8c, 0x89, 0xff, 0x90, 0x8b, 0x88, 0xff,
    0x8e, 0x8a, 0x86, 0xff, 0x8d, 0x88, 0x85, 0xff, 0x8b, 0x86, 0x83, 0xff, 0x89, 0x84, 0x82, 0xff,
    0x89, 0x84, 0x80, 0xff, 0x87, 0x82, 0x7e, 0xff, 0x85, 0x81, 0x7d, 0xff, 0x84, 0x80, 0x7b, 0xff,
    0x83, 0x7f, 0x7a, 0xff, 0x81, 0x7c, 0x79, 0xff, 0x7f, 0x7b, 0x76, 0xff, 0x7d, 0x79, 0x75, 0xff,
    0x7b, 0x77, 0x73, 0xff, 0x7a, 0x75, 0x72, 0xff, 0x78, 0x72, 0x70, 0xff, 0x76, 0x71, 0x6d, 0xff,
    0x73, 0x6e, 0x6a, 0xff, 0x6e, 0x69, 0x67, 0xff, 0x68, 0x64, 0x61, 0xff, 0x5f, 0x5a, 0x59, 0xff,
    0x49, 0x44, 0x41, 0xff, 0x41, 0x3d, 0x3a, 0xff, 0x2d, 0x29, 0x26, 0xff, 0x1a, 0x17, 0x13, 0xff,
    0x13, 0x11, 0x0f, 0xff, 0x18, 0x15, 0x15, 0xfd, 0x19, 0x16, 0x16, 0xff, 0x18, 0x16, 0x15, 0xff,
    0x19, 0x18, 0x17, 0xff, 0x22, 0x21, 0x1d, 0xfe, 0x43, 0x3f, 0x3c, 0xff, 0x59, 0x54, 0x4f, 0xff,
    0x56, 0x51, 0x4d, 0xff, 0x58, 0x53, 0x50, 0xff, 0x59, 0x53, 0x50, 0xff, 0x59, 0x53, 0x50, 0xff,
    0x58, 0x53, 0x50, 0xff, 0x59, 0x53, 0x50, 0xff, 0x58, 0x53, 0x50, 0xff, 0x57, 0x52, 0x4f, 0xff,
    0x57, 0x52, 0x4e, 0xff, 0x56, 0x51, 0x4d, 0xff, 0x55, 0x50, 0x4e, 0xff, 0x54, 0x50, 0x4c, 0xff,
    0x54, 0x50, 0x4c, 0xff, 0x54, 0x50, 0x4c, 0xff, 0x55, 0x50, 0x4c, 0xff, 0x56, 0x50, 0x4d, 0xff,
    0x55, 0x51, 0x4d, 0xff, 0x57, 0x52, 0x4f, 0xff, 0x4c, 0x48, 0x46, 0xfb, 0x4b, 0x46, 0x45, 0xfd,
    0x55, 0x50, 0x4d, 0xff, 0x53, 0x4f, 0x4b, 0xff, 0x53, 0x4e, 0x4b, 0xff, 0x53, 0x4e, 0x4a, 0xff,
    0x53, 0x4e, 0x4b, 0xff, 0x53, 0x4e, 0x4b, 0xff, 0x54, 0x4e, 0x4b, 0xff, 0x53, 0x4d, 0x4b, 0xff,
    0x52, 0x4e, 0x49, 0xff, 0x52, 0x4d, 0x4a, 0xff, 0x51, 0x4d, 0x49, 0xff, 0x53, 0x4e, 0x48, 0xff,
    0x52, 0x4e, 0x49, 0xff, 0x51, 0x4c, 0x49, 0xff, 0x52, 0x4d, 0x49, 0xff, 0x51, 0x4d, 0x49, 0xff,
    0x51, 0x4c, 0x49, 0xff, 0x52, 0x4d, 0x4a, 0xff, 0x52, 0x4d, 0x49, 0xff, 0x51, 0x4c, 0x49, 0xff,
    0x52, 0x4b, 0x4a, 0xff, 0x52, 0x4d, 0x4a, 0xff, 0x53, 0x4d, 0x4b, 0xff, 0x56, 0x50, 0x4e, 0xff,
    0x59, 0x54, 0x51, 0xff, 0x60, 0x5a, 0x57, 0xff, 0x69, 0x64, 0x60, 0xff, 0x74, 0x6f, 0x6b, 0xff,
    0x7f, 0x7b, 0x75, 0xff, 0x8d, 0x89, 0x85, 0xff, 0x9e, 0x99, 0x95, 0xff, 0xad, 0xa9, 0xa5, 0xff,
    0xbc, 0xb8, 0xb4, 0xff, 0xc7, 0xc2, 0xbf, 0xff, 0xd1, 0xcb, 0xc9, 0xff, 0xd7, 0xd2, 0xcf, 0xff,
    0xd9, 0xd6, 0xd3, 0xff, 0xdc, 0xd8, 0xd5, 0xff, 0xda, 0xd6, 0xd4, 0xff, 0xd7, 0xd1, 0xd0, 0xff,
    0xcf, 0xcb, 0xc8, 0xff, 0xc6, 0xc2, 0xbf, 0xff, 0xbe, 0xb9, 0xb6, 0xff, 0xb3, 0xaf, 0xaa, 0xff,
    0xa6, 0xa0, 0x9e, 0xff, 0x97, 0x93, 0x8f, 0xff, 0x8a, 0x85, 0x81, 0xff, 0x7a, 0x76, 0x72, 0xff,
    0x6c, 0x68, 0x64, 0xff, 0x63, 0x5e, 0x5a, 0xff, 0x5c, 0x57, 0x54, 0xff, 0x57, 0x53, 0x50, 0xff,
    0x54, 0x50, 0x4c, 0xff, 0x50, 0x4d, 0x49, 0xff, 0x4d, 0x49, 0x45, 0xff, 0x4b, 0x48, 0x44, 0xff,
    0x48, 0x45, 0x41, 0xff, 0x44, 0x41, 0x3c, 0xff, 0x3e, 0x3a, 0x37, 0xff, 0x3c, 0x3a, 0x36, 0xff,
    0x47, 0x43, 0x3f, 0xfe, 0x62, 0x5e, 0x5b, 0xfc, 0x8d, 0x89, 0x84, 0xfc, 0xb6, 0xb2, 0xae, 0xff,
    0xc9, 0xc4, 0xc1, 0xff, 0xb3, 0xb1, 0xad, 0xfd, 0x8e, 0x8c, 0x88, 0xd5, 0x64, 0x62, 0x60, 0x7a,
    0x1a, 0x1a, 0x1a, 0x30, 0x00, 0x00, 0x00, 0x00, 0x00, 0x00, 0x00, 0x00, 0xff, 0xff, 0xff, 0x02,
    0x55, 0x55, 0x55, 0x03, 0x00, 0x00, 0x00, 0x01, 0x00, 0x00, 0x00, 0x00, 0x00, 0x00, 0x00, 0x00,
    0x00, 0x00, 0x00, 0x00, 0x00, 0x00, 0x00, 0x00, 0x00, 0x00, 0x00, 0x00, 0x00, 0x00, 0x00, 0x00,
    0x00, 0x00, 0x00, 0x00, 0x00, 0x00, 0x00, 0x00, 0x00, 0x00, 0x00, 0x00, 0x00, 0x00, 0x00, 0x00,
    0x00, 0x00, 0x00, 0x00, 0x00, 0x00, 0x00, 0x00, 0x00, 0x00, 0x00, 0x00, 0x00, 0x00, 0x00, 0x00,
    0x00, 0x00, 0x00, 0x00, 0x00, 0x00, 0x00, 0x00, 0x00, 0x00, 0x00, 0x00, 0x00, 0x00, 0x00, 0x00,
    0x00, 0x00, 0x00, 0x01, 0x00, 0x00, 0x00, 0x00, 0x00, 0x00, 0x00, 0x00, 0x00, 0x00, 0x00, 0x00,
    0x00, 0x00, 0x00, 0x00, 0x00, 0x00, 0x00, 0x00, 0x00, 0x00, 0x00, 0x00, 0x00, 0x00, 0x00, 0x00,
    0x00, 0x00, 0x00, 0x00, 0x00, 0x00, 0x00, 0x00, 0x00, 0x00, 0x00, 0x01, 0x00, 0x00, 0x00, 0x00,
    0x00, 0x00, 0x00, 0x00, 0x00, 0x00, 0x00, 0x01, 0x00, 0x00, 0x00, 0x00, 0x00, 0x00, 0x00, 0x00,
    0x00, 0x00, 0x00, 0x00, 0x00, 0x00, 0x00, 0x00, 0x00, 0x00, 0x00, 0x00, 0x55, 0x55, 0x55, 0x03,
    0x02, 0x02, 0x03, 0x00, 0x64, 0x64, 0x61, 0xbf, 0x3b, 0x3c, 0x4d, 0xff, 0x1c, 0x18, 0x7b, 0xfc,
    0x28, 0x26, 0x42, 0xff, 0x24, 0x23, 0x2a, 0xff, 0x31, 0x31, 0x4d, 0xff, 0x5d, 0x5d, 0x85, 0xff,
    0x7e, 0x7c, 0xb1, 0xff, 0x73, 0x72, 0xb9, 0xff, 0x68, 0x67, 0xa0, 0xff, 0x58, 0x56, 0x68, 0xff,
    0x4c, 0x4b, 0x48, 0xff, 0x6e, 0x6b, 0x66, 0xff, 0xa6, 0xa1, 0x9d, 0xff, 0xca, 0xc4, 0xc0, 0xff,
    0xdc, 0xd8, 0xd5, 0xff, 0xca, 0xc6, 0xc2, 0xfc, 0xb0, 0xab, 0xa7, 0xfc, 0xb3, 0xae, 0xac, 0xff,
    0xb4, 0xb2, 0xb0, 0xff, 0xb6, 0xb2, 0xaf, 0xff, 0xb9, 0xb4, 0xb2, 0xff, 0xc3, 0xbe, 0xbc, 0xff,
    0xd3, 0xce, 0xcc, 0xff, 0xd2, 0xcc, 0xca, 0xff, 0xc9, 0xc3, 0xc1, 0xff, 0xc7, 0xc3, 0xbf, 0xff,
    0xc1, 0xbe, 0xba, 0xff, 0xbc, 0xb7, 0xb3, 0xff, 0xb6, 0xb2, 0xaf, 0xff, 0xb0, 0xae, 0xa9, 0xff,
    0xab, 0xa8, 0xa4, 0xff, 0xa5, 0xa2, 0x9f, 0xff, 0xa1, 0x9e, 0x99, 0xff, 0x9e, 0x99, 0x96, 0xff,
    0x9d, 0x98, 0x95, 0xff, 0x9d, 0x98, 0x94, 0xff, 0x9c, 0x97, 0x95, 0xff, 0x9f, 0x9a, 0x97, 0xff,
    0xa4, 0x9f, 0x9d, 0xff, 0xab, 0xa6, 0xa3, 0xff, 0xb2, 0xad, 0xab, 0xff, 0xb8, 0xb4, 0xb2, 0xff,
    0xbf, 0xba, 0xb7, 0xff, 0xc4, 0xbf, 0xbc, 0xff, 0xc6, 0xc3, 0xbf, 0xff, 0xca, 0xc6, 0xc3, 0xff,
    0xcc, 0xc8, 0xc6, 0xff, 0xce, 0xc9, 0xc6, 0xff, 0xcc, 0xc8, 0xc5, 0xff, 0xc9, 0xc5, 0xc2, 0xff,
    0xc2, 0xbd, 0xba, 0xff, 0xb5, 0xb0, 0xae, 0xff, 0xa5, 0xa0, 0x9e, 0xff, 0x93, 0x8f, 0x8b, 0xff,
    0x84, 0x80, 0x7c, 0xff, 0x75, 0x70, 0x6e, 0xff, 0x67, 0x64, 0x60, 0xff, 0x5e, 0x58, 0x56, 0xff,
    0x56, 0x50, 0x4f, 0xff, 0x52, 0x4d, 0x4a, 0xff, 0x52, 0x4c, 0x49, 0xff, 0x50, 0x4c, 0x48, 0xff,
    0x52, 0x4c, 0x4a, 0xff, 0x53, 0x4d, 0x4b, 0xff, 0x53, 0x4e, 0x4b, 0xff, 0x45, 0x41, 0x3e, 0xfc,
    0x59, 0x55, 0x52, 0xfe, 0x62, 0x5e, 0x5a, 0xff, 0x6a, 0x65, 0x63, 0xff, 0x6d, 0x68, 0x65, 0xff,
    0x73, 0x6f, 0x6a, 0xff, 0x66, 0x61, 0x5f, 0xfa, 0x37, 0x34, 0x34, 0xf7, 0x3e, 0x3a, 0x39, 0xfe,
    0x40, 0x3d, 0x3c, 0xfe, 0x33, 0x31, 0x2e, 0xfa, 0x2f, 0x2d, 0x2c, 0xf7, 0x4e, 0x49, 0x47, 0xf3,
    0x52, 0x4f, 0x4d, 0xeb, 0x5a, 0x56, 0x54, 0xdd, 0x5b, 0x58, 0x54, 0xef, 0x62, 0x5e, 0x5a, 0xff,
    0x6d, 0x6a, 0x67, 0xfc, 0x75, 0x72, 0x6f, 0xfe, 0x7f, 0x7c, 0x7a, 0xff, 0x87, 0x83, 0x81, 0xff,
    0x7f, 0x7c, 0x78, 0xff, 0x5f, 0x5c, 0x58, 0xff, 0x6b, 0x66, 0x63, 0xff, 0x6b, 0x65, 0x63, 0xff,
    0x6a, 0x66, 0x62, 0xff, 0x68, 0x64, 0x60, 0xff, 0x68, 0x62, 0x5f, 0xff, 0x66, 0x61, 0x5e, 0xff,
    0x64, 0x5f, 0x5d, 0xff, 0x64, 0x5e, 0x5d, 0xff, 0x62, 0x5e, 0x5a, 0xff, 0x61, 0x5c, 0x5a, 0xff,
    0x61, 0x5c, 0x58, 0xff, 0x60, 0x5b, 0x57, 0xff, 0x5f, 0x5a, 0x57, 0xff, 0x5f, 0x5a, 0x56, 0xff,
    0x5d, 0x59, 0x56, 0xff, 0x5d, 0x59, 0x56, 0xff, 0x5c, 0x57, 0x54, 0xff, 0x5b, 0x57, 0x53, 0xff,
    0x59, 0x55, 0x52, 0xff, 0x59, 0x54, 0x51, 0xff, 0x57, 0x53, 0x4f, 0xff, 0x56, 0x51, 0x4e, 0xff,
    0x55, 0x50, 0x4c, 0xff, 0x54, 0x4f, 0x4b, 0xff, 0x51, 0x4d, 0x49, 0xff, 0x4d, 0x49, 0x46, 0xff,
    0x45, 0x42, 0x3e, 0xff, 0x3b, 0x37, 0x35, 0xff, 0x31, 0x2d, 0x2a, 0xff, 0x2d, 0x2a, 0x27, 0xff,
    0x2e, 0x2b, 0x27, 0xff, 0x31, 0x2e, 0x29, 0xff, 0x37, 0x34, 0x2f, 0xff, 0x3f, 0x3a, 0x37, 0xff,
    0x45, 0x41, 0x3d, 0xff, 0x4c, 0x49, 0x44, 0xff, 0x50, 0x4b, 0x48, 0xff, 0x4d, 0x48, 0x44, 0xff,
    0x4e, 0x49, 0x46, 0xff, 0x4e, 0x4a, 0x47, 0xff, 0x4f, 0x4b, 0x48, 0xff, 0x50, 0x4b, 0x48, 0xff,
    0x51, 0x4c, 0x49, 0xff, 0x51, 0x4c, 0x48, 0xff, 0x51, 0x4c, 0x4a, 0xff, 0x52, 0x4d, 0x49, 0xff,
    0x52, 0x4d, 0x49, 0xff, 0x52, 0x4d, 0x4a, 0xff, 0x52, 0x4d, 0x4b, 0xff, 0x52, 0x4d, 0x4a, 0xff,
    0x53, 0x4e, 0x4b, 0xff, 0x53, 0x4e, 0x4b, 0xff, 0x53, 0x4f, 0x4b, 0xff, 0x53, 0x4f, 0x4b, 0xff,
    0x53, 0x4e, 0x4b, 0xff, 0x55, 0x4f, 0x4c, 0xff, 0x50, 0x4b, 0x48, 0xfb, 0x47, 0x44, 0x41, 0xf6,
    0x54, 0x50, 0x4d, 0xff, 0x53, 0x4d, 0x4a, 0xff, 0x53, 0x4d, 0x4a, 0xff, 0x51, 0x4c, 0x4a, 0xff,
    0x52, 0x4c, 0x4b, 0xff, 0x53, 0x4e, 0x4b, 0xff, 0x52, 0x4d, 0x4b, 0xff, 0x53, 0x4e, 0x4b, 0xff,
    0x54, 0x50, 0x4b, 0xff, 0x54, 0x4f, 0x4c, 0xff, 0x55, 0x50, 0x4b, 0xff, 0x55, 0x50, 0x4c, 0xff,
    0x55, 0x50, 0x4c, 0xff, 0x54, 0x4f, 0x4b, 0xff, 0x54, 0x4f, 0x4c, 0xff, 0x53, 0x4f, 0x4d, 0xff,
    0x53, 0x4e, 0x4a, 0xff, 0x52, 0x4d, 0x4a, 0xff, 0x52, 0x4d, 0x4a, 0xff, 0x51, 0x4c, 0x48, 0xff,
    0x50, 0x4b, 0x48, 0xff, 0x50, 0x4b, 0x48, 0xff, 0x50, 0x4c, 0x49, 0xff, 0x53, 0x4e, 0x4c, 0xff,
    0x57, 0x51, 0x4f, 0xff, 0x5d, 0x57, 0x55, 0xff, 0x66, 0x61, 0x5e, 0xff, 0x71, 0x6c, 0x68, 0xff,
    0x7d, 0x78, 0x74, 0xff, 0x8a, 0x85, 0x82, 0xff, 0x9a, 0x96, 0x92, 0xff, 0xaa, 0xa6, 0xa1, 0xff,
    0xba, 0xb4, 0xb1, 0xff, 0xc6, 0xc1, 0xbe, 0xff, 0xcf, 0xca, 0xc7, 0xff, 0xd6, 0xd0, 0xce, 0xff,
    0xda, 0xd5, 0xd3, 0xff, 0xda, 0xd5, 0xd3, 0xff, 0xda, 0xd6, 0xd3, 0xff, 0xd8, 0xd4, 0xd1, 0xff,
    0xd2, 0xce, 0xcb, 0xff, 0xca, 0xc6, 0xc3, 0xff, 0xc2, 0xbc, 0xba, 0xff, 0xb9, 0xb3, 0xb2, 0xff,
    0xad, 0xa8, 0xa5, 0xff, 0x9f, 0x9b, 0x97, 0xff, 0x90, 0x8c, 0x88, 0xff, 0x83, 0x7e, 0x7b, 0xff,
    0x75, 0x70, 0x6c, 0xff, 0x69, 0x63, 0x60, 0xff, 0x61, 0x5b, 0x59, 0xff, 0x59, 0x55, 0x52, 0xff,
    0x54, 0x51, 0x4c, 0xff, 0x4f, 0x4c, 0x48, 0xff, 0x4d, 0x4a, 0x46, 0xff, 0x4c, 0x49, 0x45, 0xff,
    0x4c, 0x48, 0x45, 0xff, 0x4d, 0x49, 0x45, 0xff, 0x49, 0x47, 0x43, 0xff, 0x46, 0x42, 0x3e, 0xff,
    0x41, 0x3d, 0x39, 0xff, 0x3d, 0x39, 0x35, 0xff, 0x3d, 0x3a, 0x35, 0xff, 0x4c, 0x48, 0x44, 0xfd,
    0x6e, 0x6a, 0x67, 0xfb, 0x9d, 0x98, 0x94, 0xfe, 0xc4, 0xc0, 0xbb, 0xff, 0xc9, 0xc5, 0xc2, 0xff,
    0xa1, 0x9e, 0x9a, 0xf2, 0x79, 0x76, 0x75, 0xaa, 0x2e, 0x2e, 0x2e, 0x47, 0x00, 0x00, 0x00, 0x00,
    0x00, 0x00, 0x00, 0x00, 0x03, 0x03, 0x03, 0x00, 0x3f, 0x3f, 0x3f, 0x04, 0x00, 0x00, 0x00, 0x00,
    0x00, 0x00, 0x00, 0x00, 0x00, 0x00, 0x00, 0x00, 0x00, 0x00, 0x00, 0x00, 0x00, 0x00, 0x00, 0x00,
    0x00, 0x00, 0x00, 0x01, 0x00, 0x00, 0x00, 0x00, 0x00, 0x00, 0x00, 0x00, 0x00, 0x00, 0x00, 0x00,
    0x00, 0x00, 0x00, 0x01, 0x00, 0x00, 0x00, 0x01, 0x00, 0x00, 0x00, 0x00, 0x00, 0x00, 0x00, 0x00,
    0x00, 0x00, 0x00, 0x00, 0x00, 0x00, 0x00, 0x00, 0x00, 0x00, 0x00, 0x00, 0x00, 0x00, 0x00, 0x00,
    0x00, 0x00, 0x00, 0x01, 0x00, 0x00, 0x00, 0x00, 0x00, 0x00, 0x00, 0x00, 0x00, 0x00, 0x00, 0x00,
    0x00, 0x00, 0x00, 0x00, 0x00, 0x00, 0x00, 0x00, 0x00, 0x00, 0x00, 0x00, 0x00, 0x00, 0x00, 0x01,
    0x00, 0x00, 0x00, 0x00, 0x00, 0x00, 0x00, 0x00, 0x00, 0x00, 0x00, 0x01, 0x00, 0x00, 0x00, 0x00,
    0x00, 0x00, 0x00, 0x00, 0x00, 0x00, 0x00, 0x01, 0x00, 0x00, 0x00, 0x00, 0x00, 0x00, 0x00, 0x00,
    0x00, 0x00, 0x00, 0x00, 0x00, 0x00, 0x00, 0x00, 0x55, 0x55, 0x55, 0x03, 0x00, 0x00, 0x00, 0x00,
    0x46, 0x44, 0x44, 0x5a, 0x33, 0x31, 0x2d, 0xfa, 0x28, 0x27, 0x38, 0xfe, 0x1c, 0x18, 0x53, 0xff,
    0x21, 0x20, 0x27, 0xff, 0x19, 0x19, 0x10, 0xff, 0x11, 0x11, 0x09, 0xfe, 0x3d, 0x3d, 0x35, 0xfd,
    0x66, 0x62, 0x5e, 0xff, 0x71, 0x6f, 0x7f, 0xff, 0x66, 0x67, 0x9f, 0xff, 0x62, 0x64, 0xb5, 0xff,
    0x6a, 0x68, 0x9c, 0xff, 0x57, 0x52, 0x62, 0xff, 0x5b, 0x57, 0x55, 0xff, 0x81, 0x7d, 0x78, 0xff,
    0xac, 0xa8, 0xa4, 0xff, 0xd1, 0xcc, 0xc9, 0xff, 0xdc, 0xd7, 0xd4, 0xff, 0xd8, 0xd3, 0xd1, 0xff,
    0xd7, 0xd3, 0xd0, 0xff, 0xd9, 0xd4, 0xd2, 0xff, 0xda, 0xd4, 0xd2, 0xff, 0xd7, 0xd1, 0xcf, 0xff,
    0xd1, 0xcc, 0xca, 0xff, 0xcd, 0xc9, 0xc7, 0xff, 0xcc, 0xc8, 0xc5, 0xff, 0xc8, 0xc4, 0xc0, 0xff,
    0xc2, 0xbe, 0xbb, 0xff, 0xbc, 0xb8, 0xb4, 0xff, 0xb7, 0xb3, 0xb0, 0xff, 0xb2, 0xae, 0xaa, 0xff,
    0xac, 0xa8, 0xa5, 0xff, 0xa8, 0xa5, 0xa1, 0xff, 0xa6, 0xa2, 0x9e, 0xff, 0xa4, 0xa1, 0x9c, 0xff,
    0xa3, 0x9f, 0x9b, 0xff, 0xa2, 0x9e, 0x9b, 0xff, 0xa3, 0x9e, 0x9b, 0xff, 0xa5, 0xa0, 0x9d, 0xff,
    0xa9, 0xa6, 0xa1, 0xff, 0xaf, 0xab, 0xa8, 0xff, 0xb6, 0xb1, 0xaf, 0xff, 0xbc, 0xb7, 0xb4, 0xff,
    0xc0, 0xbb, 0xb9, 0xff, 0xc4, 0xbf, 0xbc, 0xff, 0xc8, 0xc4, 0xc0, 0xff, 0xcc, 0xc7, 0xc5, 0xff,
    0xd0, 0xcb, 0xc8, 0xff, 0xd0, 0xcc, 0xcb, 0xff, 0xce, 0xcb, 0xc7, 0xff, 0xca, 0xc6, 0xc2, 0xff,
    0xc3, 0xbe, 0xbb, 0xff, 0xb6, 0xb2, 0xaf, 0xff, 0xa8, 0xa3, 0xa0, 0xff, 0x96, 0x91, 0x8e, 0xff,
    0x83, 0x7f, 0x7c, 0xff, 0x74, 0x6f, 0x6c, 0xff, 0x67, 0x61, 0x5f, 0xff, 0x5c, 0x56, 0x54, 0xff,
    0x55, 0x50, 0x4d, 0xff, 0x51, 0x4c, 0x49, 0xff, 0x50, 0x4b, 0x48, 0xff, 0x51, 0x4c, 0x49, 0xff,
    0x55, 0x4f, 0x4c, 0xff, 0x58, 0x53, 0x50, 0xff, 0x60, 0x5a, 0x57, 0xff, 0x4c, 0x48, 0x45, 0xfb,
    0x5c, 0x57, 0x54, 0xfe, 0x59, 0x54, 0x51, 0xff, 0x54, 0x50, 0x4c, 0xff, 0x58, 0x54, 0x50, 0xff,
    0x5d, 0x58, 0x56, 0xff, 0x65, 0x61, 0x5e, 0xfe, 0x53, 0x50, 0x4d, 0xfa, 0x36, 0x33, 0x31, 0xfc,
    0x27, 0x25, 0x23, 0xf7, 0x25, 0x22, 0x22, 0xd9, 0x1c, 0x1b, 0x19, 0xce, 0x61, 0x5e, 0x5a, 0xfa,
    0x98, 0x94, 0x93, 0xf6, 0x8f, 0x8c, 0x8a, 0xf1, 0x89, 0x87, 0x84, 0xf9, 0x81, 0x7d, 0x7b, 0xff,
    0x79, 0x76, 0x74, 0xfd, 0x42, 0x40, 0x3e, 0xfe, 0x09, 0x07, 0x06, 0xff, 0x13, 0x11, 0x0e, 0xff,
    0x26, 0x24, 0x22, 0xfe, 0x54, 0x50, 0x4c, 0xfe, 0x59, 0x54, 0x52, 0xff, 0x56, 0x51, 0x50, 0xff,
    0x56, 0x51, 0x4e, 0xff, 0x55, 0x50, 0x4d, 0xff, 0x55, 0x4f, 0x4c, 0xff, 0x53, 0x4e, 0x4b, 0xff,
    0x51, 0x4d, 0x4a, 0xff, 0x52, 0x4d, 0x4a, 0xff, 0x51, 0x4e, 0x4a, 0xff, 0x53, 0x4e, 0x4a, 0xff,
    0x52, 0x4d, 0x49, 0xff, 0x51, 0x4d, 0x49, 0xff, 0x51, 0x4d, 0x49, 0xff, 0x51, 0x4d, 0x49, 0xff,
    0x51, 0x4c, 0x48, 0xff, 0x50, 0x4d, 0x48, 0xff, 0x50, 0x4c, 0x48, 0xff, 0x50, 0x4c, 0x48, 0xff,
    0x50, 0x4c, 0x49, 0xff, 0x50, 0x4b, 0x48, 0xff, 0x4f, 0x4b, 0x47, 0xff, 0x4f, 0x4a, 0x46, 0xff,
    0x4e, 0x4a, 0x46, 0xff, 0x4d, 0x48, 0x45, 0xff, 0x4d, 0x48, 0x44, 0xff, 0x4c, 0x48, 0x45, 0xff,
    0x4a, 0x46, 0x43, 0xff, 0x49, 0x45, 0x41, 0xff, 0x46, 0x42, 0x3f, 0xff, 0x44, 0x40, 0x3c, 0xff,
    0x45, 0x41, 0x3d, 0xff, 0x46, 0x41, 0x3d, 0xff, 0x46, 0x43, 0x3e, 0xff, 0x49, 0x45, 0x40, 0xff,
    0x4c, 0x48, 0x44, 0xff, 0x4e, 0x4a, 0x46, 0xff, 0x51, 0x4c, 0x48, 0xff, 0x52, 0x4e, 0x4a, 0xff,
    0x54, 0x4f, 0x4b, 0xff, 0x54, 0x4f, 0x4c, 0xff, 0x54, 0x4f, 0x4d, 0xff, 0x55, 0x4f, 0x4d, 0xff,
    0x54, 0x50, 0x4d, 0xff, 0x56, 0x51, 0x4d, 0xff, 0x56, 0x51, 0x4d, 0xff, 0x57, 0x51, 0x4e, 0xff,
    0x57, 0x53, 0x4f, 0xff, 0x59, 0x53, 0x51, 0xff, 0x59, 0x53, 0x50, 0xff, 0x5a, 0x54, 0x52, 0xff,
    0x5b, 0x55, 0x52, 0xff, 0x5a, 0x56, 0x52, 0xff, 0x5a, 0x56, 0x53, 0xff, 0x5b, 0x57, 0x53, 0xff,
    0x5b, 0x57, 0x51, 0xff, 0x5b, 0x56, 0x52, 0xff, 0x59, 0x54, 0x51, 0xfb, 0x4b, 0x49, 0x46, 0xec,
    0x5d, 0x58, 0x55, 0xfd, 0x5a, 0x56, 0x52, 0xff, 0x5a, 0x55, 0x52, 0xff, 0x59, 0x54, 0x50, 0xff,
    0x59, 0x54, 0x51, 0xff, 0x58, 0x54, 0x51, 0xff, 0x5a, 0x54, 0x51, 0xff, 0x5a, 0x54, 0x51, 0xff,
    0x5a, 0x56, 0x51, 0xff, 0x5a, 0x56, 0x52, 0xff, 0x5b, 0x56, 0x53, 0xff, 0x5b, 0x56, 0x53, 0xff,
    0x5b, 0x56, 0x52, 0xff, 0x5a, 0x55, 0x52, 0xff, 0x5a, 0x55, 0x52, 0xff, 0x59, 0x54, 0x51, 0xff,
    0x57, 0x53, 0x4e, 0xff, 0x56, 0x52, 0x4d, 0xff, 0x54, 0x50, 0x4c, 0xff, 0x51, 0x4d, 0x49, 0xff,
    0x4f, 0x4b, 0x47, 0xff, 0x4f, 0x4b, 0x48, 0xff, 0x50, 0x4c, 0x48, 0xff, 0x54, 0x4f, 0x4d, 0xff,
    0x56, 0x50, 0x4e, 0xff, 0x5b, 0x56, 0x53, 0xff, 0x65, 0x60, 0x5c, 0xff, 0x6f, 0x6a, 0x67, 0xff,
    0x7a, 0x76, 0x72, 0xff, 0x88, 0x83, 0x7f, 0xff, 0x96, 0x92, 0x8f, 0xff, 0xa6, 0xa2, 0x9e, 0xff,
    0xb5, 0xb0, 0xac, 0xff, 0xc1, 0xbc, 0xb9, 0xff, 0xcb, 0xc6, 0xc3, 0xff, 0xd1, 0xcd, 0xc9, 0xff,
    0xd5, 0xd0, 0xcd, 0xff, 0xd8, 0xd3, 0xd0, 0xff, 0xda, 0xd6, 0xd3, 0xff, 0xd9, 0xd4, 0xd1, 0xff,
    0xd5, 0xcf, 0xcd, 0xff, 0xce, 0xc9, 0xc7, 0xff, 0xc6, 0xc0, 0xbe, 0xff, 0xbd, 0xb8, 0xb5, 0xff,
    0xb2, 0xad, 0xaa, 0xff, 0xa7, 0xa1, 0x9f, 0xff, 0x98, 0x92, 0x90, 0xff, 0x8b, 0x86, 0x84, 0xff,
    0x7f, 0x7b, 0x78, 0xff, 0x72, 0x6c, 0x69, 0xff, 0x67, 0x62, 0x5e, 0xff, 0x5f, 0x5a, 0x56, 0xff,
    0x58, 0x53, 0x50, 0xff, 0x53, 0x4f, 0x4c, 0xff, 0x4f, 0x4b, 0x47, 0xff, 0x4c, 0x48, 0x46, 0xff,
    0x4c, 0x48, 0x44, 0xff, 0x4c, 0x48, 0x44, 0xff, 0x4c, 0x49, 0x45, 0xff, 0x4c, 0x48, 0x44, 0xff,
    0x4a, 0x46, 0x43, 0xff, 0x48, 0x44, 0x41, 0xff, 0x44, 0x42, 0x3e, 0xff, 0x3e, 0x3c, 0x38, 0xff,
    0x3b, 0x38, 0x35, 0xff, 0x42, 0x3e, 0x3b, 0xff, 0x5b, 0x57, 0x54, 0xfd, 0x8f, 0x8b, 0x86, 0xfb,
    0xbe, 0xbb, 0xb7, 0xff, 0xcf, 0xcb, 0xc7, 0xff, 0xad, 0xac, 0xa8, 0xfb, 0x76, 0x76, 0x75, 0xc1,
    0x3b, 0x3b, 0x37, 0x52, 0x00, 0x00, 0x00, 0x0a, 0x00, 0x00, 0x00, 0x00, 0xff, 0xff, 0xff, 0x02,
    0x55, 0x55, 0x55, 0x03, 0x00, 0x00, 0x00, 0x00, 0x00, 0x00, 0x00, 0x00, 0x00, 0x00, 0x00, 0x00,
    0x00, 0x00, 0x00, 0x00, 0x00, 0x00, 0x00, 0x00, 0x00, 0x00, 0x00, 0x00, 0x00, 0x00, 0x00, 0x00,
    0x00, 0x00, 0x00, 0x01, 0x00, 0x00, 0x00, 0x01, 0x00, 0x00, 0x00, 0x00, 0x00, 0x00, 0x00, 0x00,
    0x00, 0x00, 0x00, 0x00, 0x00, 0x00, 0x00, 0x00, 0x00, 0x00, 0x00, 0x00, 0x00, 0x00, 0x00, 0x00,
    0x00, 0x00, 0x00, 0x00, 0x00, 0x00, 0x00, 0x00, 0x00, 0x00, 0x00, 0x00, 0x00, 0x00, 0x00, 0x00,
    0x00, 0x00, 0x00, 0x00, 0x00, 0x00, 0x00, 0x00, 0x00, 0x00, 0x00, 0x00, 0x00, 0x00, 0x00, 0x00,
    0x00, 0x00, 0x00, 0x01, 0x00, 0x00, 0x00, 0x01, 0x00, 0x00, 0x00, 0x01, 0x00, 0x00, 0x00, 0x01,
    0x00, 0x00, 0x00, 0x00, 0x00, 0x00, 0x00, 0x00, 0x00, 0x00, 0x00, 0x00, 0x00, 0x00, 0x00, 0x02,
    0x00, 0x00, 0x00, 0x00, 0x7f, 0x7f, 0x7f, 0x04, 0x00, 0x00, 0x00, 0x00, 0x3e, 0x3e, 0x42, 0x45,
    0x8b, 0x88, 0x88, 0xf5, 0x8f, 0x8c, 0x86, 0xfd, 0x4e, 0x49, 0x74, 0xfd, 0x17, 0x13, 0x61, 0xff,
    0x1a, 0x1a, 0x2d, 0xff, 0x14, 0x13, 0x20, 0xff, 0x13, 0x13, 0x1f, 0xfc, 0x38, 0x37, 0x41, 0xfa,
    0x5b, 0x58, 0x61, 0xff, 0x71, 0x6f, 0x72, 0xff, 0x48, 0x49, 0x62, 0xff, 0x11, 0x12, 0x7e, 0xff,
    0x1a, 0x1a, 0x8b, 0xff, 0x28, 0x25, 0x61, 0xff, 0x4b, 0x49, 0x50, 0xff, 0x6a, 0x67, 0x62, 0xff,
    0x79, 0x75, 0x71, 0xff, 0x99, 0x95, 0x92, 0xff, 0xba, 0xb6, 0xb4, 0xff, 0xcd, 0xc9, 0xc5, 0xff,
    0xd1, 0xcc, 0xc9, 0xff, 0xd3, 0xcf, 0xcb, 0xff, 0xd4, 0xcf, 0xcc, 0xff, 0xd3, 0xce, 0xcb, 0xff,
    0xd3, 0xcf, 0xcc, 0xff, 0xd0, 0xcc, 0xc9, 0xff, 0xcc, 0xc9, 0xc6, 0xff, 0xca, 0xc4, 0xc2, 0xff,
    0xc5, 0xc0, 0xbe, 0xff, 0xbf, 0xbc, 0xb8, 0xff, 0xbb, 0xb7, 0xb4, 0xff, 0xb8, 0xb2, 0xb0, 0xff,
    0xb3, 0xaf, 0xac, 0xff, 0xb1, 0xad, 0xa9, 0xff, 0xae, 0xa9, 0xa5, 0xff, 0xab, 0xa8, 0xa4, 0xff,
    0xab, 0xa6, 0xa4, 0xff, 0xac, 0xa8, 0xa5, 0xff, 0xb0, 0xab, 0xa8, 0xff, 0xb3, 0xaf, 0xac, 0xff,
    0xb9, 0xb5, 0xb1, 0xff, 0xbe, 0xb9, 0xb6, 0xff, 0xc3, 0xbf, 0xbd, 0xff, 0xc9, 0xc3, 0xc1, 0xff,
    0xcb, 0xc6, 0xc3, 0xff, 0xce, 0xc9, 0xc7, 0xff, 0xd0, 0xcb, 0xc9, 0xff, 0xd1, 0xcd, 0xc9, 0xff,
    0xd0, 0xcc, 0xc9, 0xff, 0xcd, 0xc9, 0xc6, 0xff, 0xc9, 0xc5, 0xc1, 0xff, 0xc5, 0xc0, 0xbd, 0xff,
    0xbf, 0xba, 0xb7, 0xff, 0xb3, 0xaf, 0xaa, 0xff, 0xa6, 0xa2, 0x9e, 0xff, 0x95, 0x91, 0x8d, 0xff,
    0x83, 0x7f, 0x7b, 0xff, 0x74, 0x6f, 0x6b, 0xff, 0x66, 0x61, 0x5e, 0xff, 0x5c, 0x57, 0x54, 0xff,
    0x54, 0x4f, 0x4c, 0xff, 0x51, 0x4c, 0x49, 0xff, 0x52, 0x4c, 0x4a, 0xff, 0x54, 0x4f, 0x4c, 0xff,
    0x59, 0x54, 0x51, 0xff, 0x5f, 0x5a, 0x57, 0xff, 0x6b, 0x66, 0x63, 0xff, 0x56, 0x51, 0x4e, 0xf9,
    0x6c, 0x67, 0x64, 0xfc, 0x75, 0x70, 0x6d, 0xff, 0x6c, 0x68, 0x65, 0xff, 0x61, 0x5d, 0x59, 0xff,
    0x56, 0x52, 0x4f, 0xff, 0x52, 0x4e, 0x4b, 0xff, 0x5a, 0x56, 0x53, 0xff, 0x5e, 0x59, 0x57, 0xff,
    0x5c, 0x57, 0x53, 0xff, 0x57, 0x54, 0x50, 0xff, 0x57, 0x53, 0x4f, 0xff, 0x64, 0x5f, 0x5c, 0xff,
    0x71, 0x6d, 0x68, 0xff, 0x6c, 0x69, 0x66, 0xff, 0x6b, 0x68, 0x64, 0xff, 0x6b, 0x66, 0x62, 0xff,
    0x69, 0x65, 0x61, 0xff, 0x5e, 0x5a, 0x57, 0xff, 0x48, 0x45, 0x41, 0xff, 0x50, 0x4d, 0x49, 0xff,
    0x57, 0x53, 0x4f, 0xff, 0x55, 0x50, 0x4c, 0xff, 0x51, 0x4d, 0x49, 0xff, 0x50, 0x4c, 0x48, 0xff,
    0x50, 0x4b, 0x48, 0xff, 0x4f, 0x4a, 0x48, 0xff, 0x4f, 0x4b, 0x47, 0xff, 0x4f, 0x4a, 0x47, 0xff,
    0x4f, 0x4b, 0x47, 0xff, 0x4f, 0x4b, 0x48, 0xff, 0x50, 0x4b, 0x47, 0xff, 0x52, 0x4c, 0x48, 0xff,
    0x50, 0x4c, 0x49, 0xff, 0x50, 0x4d, 0x49, 0xff, 0x51, 0x4d, 0x48, 0xff, 0x51, 0x4c, 0x48, 0xff,
    0x51, 0x4c, 0x48, 0xff, 0x51, 0x4c, 0x48, 0xff, 0x52, 0x4d, 0x49, 0xff, 0x53, 0x4e, 0x4a, 0xff,
    0x53, 0x4e, 0x4b, 0xff, 0x53, 0x4e, 0x4b, 0xff, 0x53, 0x4f, 0x4a, 0xff, 0x53, 0x4e, 0x4b, 0xff,
    0x53, 0x4e, 0x4a, 0xff, 0x53, 0x4e, 0x4b, 0xff, 0x53, 0x4e, 0x4b, 0xff, 0x52, 0x4e, 0x49, 0xff,
    0x51, 0x4e, 0x4a, 0xff, 0x53, 0x4e, 0x4b, 0xff, 0x52, 0x4e, 0x4a, 0xff, 0x52, 0x4e, 0x4a, 0xff,
    0x53, 0x4e, 0x4b, 0xff, 0x55, 0x50, 0x4b, 0xff, 0x54, 0x51, 0x4d, 0xff, 0x57, 0x52, 0x4e, 0xff,
    0x59, 0x54, 0x50, 0xff, 0x5b, 0x56, 0x52, 0xff, 0x5d, 0x58, 0x55, 0xff, 0x5d, 0x5a, 0x55, 0xff,
    0x60, 0x5c, 0x57, 0xff, 0x5f, 0x5a, 0x58, 0xff, 0x60, 0x5b, 0x57, 0xff, 0x60, 0x5b, 0x57, 0xff,
    0x5f, 0x5b, 0x58, 0xff, 0x60, 0x5b, 0x59, 0xff, 0x62, 0x5d, 0x5a, 0xff, 0x63, 0x5c, 0x5a, 0xff,
    0x62, 0x5d, 0x5a, 0xff, 0x64, 0x5e, 0x5b, 0xff, 0x63, 0x5e, 0x5d, 0xff, 0x66, 0x61, 0x5d, 0xff,
    0x64, 0x60, 0x5c, 0xff, 0x65, 0x60, 0x5d, 0xff, 0x64, 0x5f, 0x5d, 0xff, 0x65, 0x61, 0x5c, 0xff,
    0x64, 0x60, 0x5c, 0xff, 0x63, 0x5e, 0x5b, 0xff, 0x63, 0x5f, 0x5b, 0xff, 0x52, 0x4f, 0x4c, 0xf1,
    0x67, 0x63, 0x5f, 0xfb, 0x66, 0x61, 0x5e, 0xff, 0x64, 0x5f, 0x5b, 0xff, 0x62, 0x5d, 0x5a, 0xff,
    0x62, 0x5d, 0x59, 0xff, 0x62, 0x5d, 0x59, 0xff, 0x63, 0x5e, 0x5a, 0xff, 0x62, 0x5d, 0x5a, 0xff,
    0x62, 0x5d, 0x5b, 0xff, 0x64, 0x60, 0x5c, 0xff, 0x64, 0x60, 0x5d, 0xff, 0x63, 0x60, 0x5b, 0xff,
    0x64, 0x5e, 0x5c, 0xff, 0x63, 0x5f, 0x5b, 0xff, 0x61, 0x5e, 0x59, 0xff, 0x60, 0x5b, 0x57, 0xff,
    0x5e, 0x5a, 0x56, 0xff, 0x5c, 0x57, 0x53, 0xff, 0x59, 0x54, 0x50, 0xff, 0x54, 0x50, 0x4c, 0xff,
    0x53, 0x4e, 0x4a, 0xff, 0x52, 0x4d, 0x49, 0xff, 0x51, 0x4d, 0x49, 0xff, 0x53, 0x4e, 0x4c, 0xff,
    0x57, 0x52, 0x4f, 0xff, 0x5b, 0x56, 0x53, 0xff, 0x63, 0x5e, 0x5a, 0xff, 0x6c, 0x67, 0x64, 0xff,
    0x77, 0x73, 0x6f, 0xff, 0x85, 0x81, 0x7d, 0xff, 0x94, 0x8f, 0x8c, 0xff, 0xa3, 0x9e, 0x9b, 0xff,
    0xb2, 0xad, 0xa9, 0xff, 0xbd, 0xb8, 0xb4, 0xff, 0xc5, 0xc0, 0xbd, 0xff, 0xcb, 0xc7, 0xc3, 0xff,
    0xcf, 0xca, 0xc7, 0xff, 0xd3, 0xce, 0xcb, 0xff, 0xd4, 0xd0, 0xcd, 0xff, 0xd4, 0xd1, 0xcd, 0xff,
    0xd3, 0xce, 0xcb, 0xff, 0xcf, 0xca, 0xc7, 0xff, 0xca, 0xc5, 0xc3, 0xff, 0xc4, 0xc0, 0xbd, 0xff,
    0xbe, 0xb8, 0xb6, 0xff, 0xb6, 0xb0, 0xae, 0xff, 0xaa, 0xa5, 0xa3, 0xff, 0x9b, 0x96, 0x93, 0xff,
    0x8c, 0x87, 0x85, 0xff, 0x7e, 0x79, 0x76, 0xff, 0x71, 0x6b, 0x68, 0xff, 0x65, 0x60, 0x5d, 0xff,
    0x5e, 0x59, 0x57, 0xff, 0x59, 0x55, 0x52, 0xff, 0x54, 0x51, 0x4d, 0xff, 0x4e, 0x4b, 0x47, 0xff,
    0x4c, 0x49, 0x45, 0xff, 0x4d, 0x4a, 0x45, 0xff, 0x4d, 0x49, 0x45, 0xff, 0x4e, 0x4a, 0x46, 0xff,
    0x4f, 0x4c, 0x47, 0xff, 0x50, 0x4c, 0x49, 0xff, 0x4e, 0x4b, 0x47, 0xff, 0x4c, 0x48, 0x43, 0xff,
    0x48, 0x45, 0x40, 0xff, 0x44, 0x40, 0x3c, 0xff, 0x3f, 0x3b, 0x38, 0xff, 0x40, 0x3c, 0x3b, 0xff,
    0x54, 0x51, 0x4e, 0xfe, 0x81, 0x7c, 0x78, 0xfb, 0xad, 0xaa, 0xa6, 0xff, 0xc9, 0xc5, 0xc1, 0xff,
    0xad, 0xab, 0xa7, 0xff, 0x7f, 0x7c, 0x7a, 0xc2, 0x39, 0x39, 0x36, 0x59, 0x00, 0x00, 0x00, 0x01,
    0x00, 0x00, 0x00, 0x00, 0xbf, 0x7f, 0xbf, 0x04, 0x00, 0x00, 0x00, 0x04, 0x00, 0x00, 0x00, 0x00,
    0x00, 0x00, 0x00, 0x00, 0x00, 0x00, 0x00, 0x00, 0x00, 0x00, 0x00, 0x00, 0x00, 0x00, 0x00, 0x00,
    0x00, 0x00, 0x00, 0x00, 0x00, 0x00, 0x00, 0x01, 0x00, 0x00, 0x00, 0x01, 0x00, 0x00, 0x00, 0x00,
    0x00, 0x00, 0x00, 0x00, 0x00, 0x00, 0x00, 0x01, 0x00, 0x00, 0x00, 0x01, 0x00, 0x00, 0x00, 0x00,
    0x00, 0x00, 0x00, 0x00, 0x00, 0x00, 0x00, 0x00, 0x00, 0x00, 0x00, 0x00, 0x00, 0x00, 0x00, 0x00,
    0x00, 0x00, 0x00, 0x00, 0x00, 0x00, 0x00, 0x00, 0x00, 0x00, 0x00, 0x00, 0x00, 0x00, 0x00, 0x01,
    0x00, 0x00, 0x00, 0x00, 0x00, 0x00, 0x00, 0x00, 0x00, 0x00, 0x00, 0x00, 0x00, 0x00, 0x00, 0x00,
    0x00, 0x00, 0x00, 0x00, 0x00, 0x00, 0x00, 0x00, 0x00, 0x00, 0x00, 0x01, 0x00, 0x00, 0x00, 0x00,
    0x7f, 0x7f, 0x7f, 0x02, 0x01, 0x01, 0x01, 0x00, 0x25, 0x25, 0x25, 0x1b, 0x8e, 0x8c, 0x89, 0xe1,
    0xc9, 0xc5, 0xc3, 0xff, 0xc5, 0xc0, 0xba, 0xfd, 0x66, 0x60, 0x8e, 0xff, 0x05, 0x03, 0x49, 0xff,
    0x03, 0x03, 0x31, 0xff, 0x00, 0x00, 0x34, 0xfe, 0x01, 0x00, 0x3b, 0xff, 0x00, 0x00, 0x40, 0xff,
    0x02, 0x02, 0x4b, 0xff, 0x02, 0x03, 0x4d, 0xff, 0x01, 0x00, 0x4c, 0xff, 0x09, 0x09, 0x50, 0xfd,
    0x1d, 0x1a, 0x48, 0xfb, 0x51, 0x4c, 0x58, 0xfe, 0x6e, 0x6a, 0x68, 0xff, 0x67, 0x63, 0x5f, 0xff,
    0x6b, 0x66, 0x63, 0xff, 0x75, 0x71, 0x6d, 0xff, 0x8d, 0x89, 0x84, 0xff, 0xae, 0xaa, 0xa6, 0xff,
    0xc4, 0xc0, 0xbd, 0xff, 0xd0, 0xcc, 0xc8, 0xff, 0xd3, 0xcf, 0xcb, 0xff, 0xd3, 0xce, 0xcb, 0xff,
    0xd3, 0xcf, 0xcc, 0xff, 0xd3, 0xcc, 0xca, 0xff, 0xce, 0xc9, 0xc6, 0xff, 0xcc, 0xc7, 0xc4, 0xff,
    0xc8, 0xc3, 0xc0, 0xff, 0xc5, 0xc0, 0xbd, 0xff, 0xc2, 0xbf, 0xbb, 0xff, 0xc1, 0xbd, 0xba, 0xff,
    0xbe, 0xbb, 0xb7, 0xff, 0xbc, 0xb8, 0xb4, 0xff, 0xbe, 0xba, 0xb6, 0xff, 0xc2, 0xbe, 0xbb, 0xff,
    0xc3, 0xbe, 0xba, 0xff, 0xbd, 0xba, 0xb5, 0xff, 0xb3, 0xaf, 0xac, 0xff, 0xa8, 0xa5, 0xa1, 0xff,
    0x9f, 0x9c, 0x98, 0xff, 0x95, 0x91, 0x8e, 0xff, 0x91, 0x8d, 0x89, 0xff, 0x90, 0x8b, 0x88, 0xff,
    0x8f, 0x8b, 0x87, 0xff, 0x93, 0x90, 0x8c, 0xff, 0x9d, 0x97, 0x94, 0xff, 0xa6, 0xa0, 0x9d, 0xff,
    0xaf, 0xaa, 0xa7, 0xff, 0xb6, 0xb2, 0xae, 0xff, 0xbc, 0xb7, 0xb4, 0xff, 0xbc, 0xb7, 0xb3, 0xff,
    0xb5, 0xb1, 0xad, 0xff, 0xaa, 0xa6, 0xa2, 0xff, 0x9d, 0x9a, 0x95, 0xff, 0x90, 0x8c, 0x88, 0xff,
    0x81, 0x7d, 0x7a, 0xff, 0x71, 0x6d, 0x69, 0xff, 0x65, 0x61, 0x5c, 0xff, 0x5a, 0x56, 0x52, 0xff,
    0x54, 0x50, 0x4d, 0xff, 0x52, 0x4e, 0x4b, 0xff, 0x55, 0x4f, 0x4c, 0xff, 0x58, 0x54, 0x4f, 0xff,
    0x60, 0x5b, 0x57, 0xff, 0x68, 0x63, 0x61, 0xff, 0x79, 0x74, 0x71, 0xff, 0x63, 0x60, 0x5c, 0xf6,
    0x74, 0x70, 0x6d, 0xfb, 0x91, 0x8d, 0x89, 0xff, 0x93, 0x8f, 0x8c, 0xff, 0x94, 0x90, 0x8d, 0xff,
    0x87, 0x83, 0x7e, 0xff, 0x72, 0x6d, 0x69, 0xff, 0x5d, 0x59, 0x55, 0xff, 0x55, 0x50, 0x4d, 0xff,
    0x55, 0x50, 0x4d, 0xff, 0x57, 0x53, 0x4f, 0xff, 0x58, 0x53, 0x51, 0xff, 0x59, 0x55, 0x52, 0xff,
    0x56, 0x54, 0x50, 0xff, 0x55, 0x52, 0x4e, 0xff, 0x54, 0x50, 0x4c, 0xff, 0x54, 0x50, 0x4d, 0xff,
    0x55, 0x50, 0x4d, 0xff, 0x57, 0x52, 0x4f, 0xff, 0x5d, 0x59, 0x53, 0xff, 0x5b, 0x55, 0x52, 0xff,
    0x56, 0x52, 0x4e, 0xff, 0x57, 0x52, 0x4e, 0xff, 0x55, 0x52, 0x4e, 0xff, 0x55, 0x51, 0x4d, 0xff,
    0x55, 0x52, 0x4d, 0xff, 0x56, 0x51, 0x4d, 0xff, 0x57, 0x53, 0x4e, 0xff, 0x57, 0x53, 0x4f, 0xff,
    0x57, 0x53, 0x4f, 0xff, 0x59, 0x53, 0x50, 0xff, 0x59, 0x54, 0x50, 0xff, 0x59, 0x55, 0x50, 0xff,
    0x59, 0x54, 0x51, 0xff, 0x5a, 0x56, 0x53, 0xff, 0x59, 0x56, 0x51, 0xff, 0x5a, 0x55, 0x52, 0xff,
    0x5b, 0x56, 0x53, 0xff, 0x5d, 0x57, 0x54, 0xff, 0x5d, 0x58, 0x54, 0xff, 0x5e, 0x59, 0x54, 0xff,
    0x5e, 0x5a, 0x55, 0xff, 0x5f, 0x5b, 0x57, 0xff, 0x60, 0x5c, 0x58, 0xff, 0x61, 0x5d, 0x58, 0xff,
    0x61, 0x5e, 0x58, 0xff, 0x62, 0x5d, 0x59, 0xff, 0x61, 0x5d, 0x59, 0xff, 0x63, 0x5e, 0x5a, 0xff,
    0x64, 0x5f, 0x5b, 0xff, 0x64, 0x5f, 0x5c, 0xff, 0x65, 0x60, 0x5c, 0xff, 0x66, 0x62, 0x5e, 0xff,
    0x67, 0x62, 0x5f, 0xff, 0x67, 0x62, 0x60, 0xff, 0x68, 0x64, 0x60, 0xff, 0x6a, 0x65, 0x61, 0xff,
    0x6a, 0x65, 0x61, 0xff, 0x6a, 0x66, 0x62, 0xff, 0x6c, 0x67, 0x64, 0xff, 0x6d, 0x68, 0x65, 0xff,
    0x6f, 0x6a, 0x66, 0xff, 0x6d, 0x6a, 0x66, 0xff, 0x6f, 0x6a, 0x67, 0xff, 0x6f, 0x6a, 0x66, 0xff,
    0x6f, 0x6b, 0x66, 0xff, 0x70, 0x6b, 0x67, 0xff, 0x71, 0x6b, 0x69, 0xff, 0x72, 0x6c, 0x69, 0xff,
    0x71, 0x6c, 0x6a, 0xff, 0x72, 0x6d, 0x69, 0xff, 0x71, 0x6d, 0x6a, 0xff, 0x71, 0x6d, 0x69, 0xff,
    0x70, 0x6c, 0x68, 0xff, 0x6f, 0x6b, 0x67, 0xff, 0x70, 0x6b, 0x68, 0xff, 0x70, 0x6a, 0x68, 0xff,
    0x6f, 0x6a, 0x66, 0xff, 0x6f, 0x6a, 0x67, 0xfe, 0x72, 0x6e, 0x6a, 0xff, 0x5c, 0x57, 0x55, 0xf7,
    0x6d, 0x69, 0x65, 0xfe, 0x70, 0x6c, 0x67, 0xff, 0x6c, 0x67, 0x63, 0xff, 0x6b, 0x67, 0x63, 0xff,
    0x6b, 0x66, 0x62, 0xff, 0x6c, 0x67, 0x63, 0xff, 0x6b, 0x66, 0x64, 0xff, 0x6b, 0x67, 0x63, 0xff,
    0x6d, 0x67, 0x66, 0xff, 0x6d, 0x68, 0x66, 0xff, 0x6e, 0x69, 0x65, 0xff, 0x6d, 0x68, 0x65, 0xff,
    0x6d, 0x68, 0x65, 0xff, 0x6b, 0x66, 0x62, 0xff, 0x69, 0x63, 0x61, 0xff, 0x66, 0x61, 0x5e, 0xff,
    0x64, 0x5e, 0x5b, 0xff, 0x60, 0x5a, 0x57, 0xff, 0x5c, 0x58, 0x54, 0xff, 0x57, 0x54, 0x50, 0xff,
    0x53, 0x4f, 0x4c, 0xff, 0x50, 0x4d, 0x49, 0xff, 0x52, 0x4e, 0x49, 0xff, 0x54, 0x50, 0x4b, 0xff,
    0x55, 0x51, 0x4d, 0xff, 0x5a, 0x55, 0x52, 0xff, 0x62, 0x5c, 0x5a, 0xff, 0x6b, 0x67, 0x63, 0xff,
    0x75, 0x70, 0x6d, 0xff, 0x83, 0x7e, 0x7b, 0xff, 0x92, 0x8f, 0x89, 0xff, 0xa0, 0x9c, 0x98, 0xff,
    0xaf, 0xa9, 0xa6, 0xff, 0xb9, 0xb4, 0xb0, 0xff, 0xc0, 0xbc, 0xb8, 0xff, 0xc5, 0xc0, 0xbc, 0xff,
    0xc7, 0xc3, 0xbe, 0xff, 0xcb, 0xc6, 0xc3, 0xff, 0xd2, 0xcd, 0xca, 0xff, 0xda, 0xd6, 0xd2, 0xff,
    0xde, 0xd9, 0xd6, 0xff, 0xdc, 0xd8, 0xd4, 0xff, 0xd7, 0xd3, 0xcf, 0xff, 0xd1, 0xcd, 0xca, 0xff,
    0xcc, 0xc7, 0xc4, 0xff, 0xc7, 0xc2, 0xbf, 0xff, 0xc0, 0xbb, 0xb9, 0xff, 0xb9, 0xb5, 0xb1, 0xff,
    0xb2, 0xae, 0xa9, 0xff, 0xaa, 0xa4, 0xa1, 0xff, 0x9d, 0x98, 0x96, 0xff, 0x8a, 0x86, 0x83, 0xff,
    0x74, 0x71, 0x6d, 0xff, 0x61, 0x5d, 0x5a, 0xff, 0x56, 0x52, 0x4e, 0xff, 0x53, 0x4f, 0x4a, 0xff,
    0x52, 0x4d, 0x49, 0xff, 0x4f, 0x4c, 0x49, 0xff, 0x4f, 0x4b, 0x47, 0xff, 0x50, 0x4b, 0x48, 0xff,
    0x51, 0x4d, 0x49, 0xff, 0x53, 0x4e, 0x4b, 0xff, 0x55, 0x50, 0x4d, 0xff, 0x56, 0x51, 0x4e, 0xff,
    0x53, 0x50, 0x4c, 0xff, 0x50, 0x4c, 0x49, 0xff, 0x4a, 0x46, 0x43, 0xff, 0x44, 0x3f, 0x3d, 0xff,
    0x3d, 0x3a, 0x38, 0xff, 0x3e, 0x3b, 0x38, 0xff, 0x51, 0x4d, 0x4a, 0xff, 0x78, 0x75, 0x72, 0xfc,
    0xaf, 0xac, 0xa6, 0xfb, 0xc9, 0xc6, 0xc2, 0xff, 0xa9, 0xa7, 0xa2, 0xff, 0x79, 0x7a, 0x76, 0xbb,
    0x35, 0x39, 0x39, 0x3e, 0x00, 0x00, 0x00, 0x00, 0x00, 0x00, 0x00, 0x00, 0x3f, 0x3f, 0x3f, 0x04,
    0x00, 0x00, 0x00, 0x01, 0x00, 0x00, 0x00, 0x00, 0x00, 0x00, 0x00, 0x00, 0x00, 0x00, 0x00, 0x00,
    0x00, 0x00, 0x00, 0x01, 0x00, 0x00, 0x00, 0x01, 0x00, 0x00, 0x00, 0x00, 0x00, 0x00, 0x00, 0x00,
    0x00, 0x00, 0x00, 0x00, 0x00, 0x00, 0x00, 0x01, 0x00, 0x00, 0x00, 0x00, 0x00, 0x00, 0x00, 0x00,
    0x00, 0x00, 0x00, 0x00, 0x00, 0x00, 0x00, 0x00, 0x00, 0x00, 0x00, 0x00, 0x00, 0x00, 0x00, 0x00,
    0x00, 0x00, 0x00, 0x00, 0x00, 0x00, 0x00, 0x00, 0x00, 0x00, 0x00, 0x00, 0x00, 0x00, 0x00, 0x01,
    0x00, 0x00, 0x00, 0x00, 0x00, 0x00, 0x00, 0x01, 0x00, 0x00, 0x00, 0x02, 0x00, 0x00, 0x00, 0x01,
    0x00, 0x00, 0x00, 0x01, 0x00, 0x00, 0x00, 0x02, 0x00, 0x00, 0x00, 0x01, 0xff, 0xff, 0xff, 0x01,
    0xff, 0xff, 0xff, 0x01, 0x00, 0x00, 0x00, 0x0a, 0x67, 0x66, 0x65, 0xb8, 0x6c, 0x6a, 0x64, 0xff,
    0x57, 0x53, 0x50, 0xfb, 0x56, 0x52, 0x4e, 0xff, 0x4d, 0x4a, 0x50, 0xff, 0x3e, 0x3e, 0x49, 0xff,
    0x3e, 0x3e, 0x45, 0xfe, 0x40, 0x40, 0x4a, 0xfd, 0x43, 0x42, 0x4f, 0xfe, 0x46, 0x45, 0x55, 0xff,
    0x4a, 0x48, 0x5c, 0xff, 0x50, 0x4d, 0x60, 0xff, 0x57, 0x54, 0x61, 0xff, 0x67, 0x63, 0x65, 0xfc,
    0x76, 0x72, 0x6e, 0xfd, 0x75, 0x6f, 0x6b, 0xff, 0x6c, 0x66, 0x63, 0xff, 0x69, 0x65, 0x61, 0xff,
    0x69, 0x65, 0x62, 0xff, 0x6b, 0x67, 0x63, 0xff, 0x71, 0x6d, 0x69, 0xff, 0x8a, 0x87, 0x82, 0xff,
    0xa8, 0xa4, 0xa0, 0xff, 0xbd, 0xba, 0xb5, 0xff, 0xc9, 0xc6, 0xc2, 0xff, 0xd0, 0xcb, 0xc8, 0xff,
    0xd0, 0xcc, 0xc8, 0xff, 0xd0, 0xcb, 0xc8, 0xff, 0xce, 0xca, 0xc7, 0xff, 0xcc, 0xc8, 0xc4, 0xff,
    0xcb, 0xc7, 0xc3, 0xff, 0xcc, 0xc7, 0xc4, 0xff, 0xca, 0xc6, 0xc3, 0xff, 0xcb, 0xc7, 0xc4, 0xff,
    0xd3, 0xcf, 0xcc, 0xff, 0xd7, 0xd4, 0xd0, 0xff, 0xca, 0xc6, 0xc3, 0xff, 0xad, 0xab, 0xa6, 0xff,
    0x8f, 0x8d, 0x87, 0xff, 0x76, 0x71, 0x6d, 0xff, 0x62, 0x5e, 0x59, 0xff, 0x58, 0x53, 0x4f, 0xff,
    0x52, 0x4e, 0x4a, 0xfe, 0x4e, 0x4b, 0x46, 0xfd, 0x4b, 0x48, 0x43, 0xfd, 0x49, 0x45, 0x41, 0xfd,
    0x48, 0x43, 0x3f, 0xfd, 0x46, 0x43, 0x3f, 0xfd, 0x48, 0x44, 0x40, 0xfe, 0x4e, 0x48, 0x45, 0xff,
    0x55, 0x51, 0x4e, 0xff, 0x63, 0x5e, 0x5b, 0xff, 0x76, 0x71, 0x6d, 0xff, 0x86, 0x81, 0x7d, 0xff,
    0x91, 0x8c, 0x88, 0xff, 0x92, 0x8e, 0x8a, 0xff, 0x8c, 0x88, 0x84, 0xff, 0x82, 0x7f, 0x7a, 0xff,
    0x79, 0x74, 0x71, 0xff, 0x6c, 0x69, 0x64, 0xff, 0x63, 0x5e, 0x59, 0xff, 0x5b, 0x56, 0x53, 0xff,
    0x55, 0x51, 0x4d, 0xff, 0x54, 0x4f, 0x4b, 0xff, 0x57, 0x52, 0x4e, 0xff, 0x5d, 0x59, 0x55, 0xff,
    0x67, 0x62, 0x5e, 0xff, 0x72, 0x6e, 0x6a, 0xff, 0x86, 0x81, 0x7e, 0xff, 0x78, 0x75, 0x70, 0xf5,
    0x79, 0x75, 0x6f, 0xf0, 0xa4, 0xa0, 0x9c, 0xff, 0x94, 0x90, 0x8c, 0xfe, 0x80, 0x7d, 0x75, 0xff,
    0x7d, 0x78, 0x72, 0xff, 0x84, 0x80, 0x7b, 0xff, 0x8a, 0x85, 0x80, 0xff, 0x85, 0x80, 0x7b, 0xff,
    0x78, 0x75, 0x6f, 0xff, 0x6b, 0x67, 0x64, 0xff, 0x66, 0x62, 0x5e, 0xff, 0x65, 0x60, 0x5d, 0xff,
    0x64, 0x60, 0x5c, 0xff, 0x63, 0x5f, 0x5b, 0xff, 0x61, 0x5d, 0x5a, 0xff, 0x63, 0x5e, 0x5b, 0xff,
    0x64, 0x5f, 0x5c, 0xff, 0x65, 0x60, 0x5d, 0xff, 0x64, 0x5f, 0x5c, 0xff, 0x65, 0x60, 0x5d, 0xff,
    0x65, 0x60, 0x5d, 0xff, 0x65, 0x61, 0x5d, 0xff, 0x64, 0x60, 0x5c, 0xff, 0x65, 0x61, 0x5c, 0xff,
    0x66, 0x62, 0x5e, 0xff, 0x67, 0x63, 0x5f, 0xff, 0x68, 0x63, 0x5f, 0xff, 0x69, 0x65, 0x61, 0xff,
    0x69, 0x63, 0x61, 0xff, 0x69, 0x65, 0x61, 0xff, 0x68, 0x65, 0x61, 0xff, 0x69, 0x64, 0x60, 0xff,
    0x6a, 0x65, 0x62, 0xff, 0x6a, 0x66, 0x63, 0xff, 0x6b, 0x66, 0x64, 0xff, 0x6c, 0x67, 0x65, 0xff,
    0x6c, 0x67, 0x64, 0xff, 0x6c, 0x68, 0x65, 0xff, 0x6e, 0x6a, 0x66, 0xff, 0x6f, 0x6b, 0x67, 0xff,
    0x70, 0x6c, 0x68, 0xff, 0x71, 0x6d, 0x69, 0xff, 0x72, 0x6f, 0x6a, 0xff, 0x73, 0x6f, 0x6b, 0xff,
    0x74, 0x70, 0x6b, 0xff, 0x75, 0x71, 0x6c, 0xff, 0x75, 0x71, 0x6d, 0xff, 0x77, 0x72, 0x6e, 0xff,
    0x77, 0x72, 0x6e, 0xff, 0x77, 0x72, 0x6f, 0xff, 0x78, 0x73, 0x6f, 0xff, 0x79, 0x74, 0x70, 0xff,
    0x79, 0x75, 0x72, 0xff, 0x7b, 0x76, 0x74, 0xff, 0x7c, 0x77, 0x72, 0xff, 0x7b, 0x77, 0x74, 0xff,
    0x7c, 0x77, 0x74, 0xff, 0x7c, 0x78, 0x74, 0xff, 0x7c, 0x78, 0x74, 0xff, 0x7c, 0x79, 0x75, 0xff,
    0x7d, 0x79, 0x75, 0xff, 0x7c, 0x79, 0x75, 0xff, 0x7c, 0x78, 0x74, 0xff, 0x7c, 0x78, 0x74, 0xff,
    0x7c, 0x78, 0x74, 0xff, 0x7c, 0x79, 0x75, 0xff, 0x7c, 0x77, 0x74, 0xff, 0x7d, 0x79, 0x75, 0xff,
    0x7d, 0x79, 0x75, 0xff, 0x7c, 0x78, 0x74, 0xff, 0x7b, 0x77, 0x73, 0xff, 0x7a, 0x76, 0x72, 0xff,
    0x79, 0x74, 0x71, 0xff, 0x78, 0x74, 0x6f, 0xff, 0x78, 0x74, 0x70, 0xff, 0x77, 0x73, 0x70, 0xff,
    0x78, 0x73, 0x6f, 0xff, 0x76, 0x73, 0x70, 0xfe, 0x7d, 0x79, 0x75, 0xff, 0x6a, 0x66, 0x64, 0xec,
    0x76, 0x72, 0x6f, 0xf2, 0x7a, 0x75, 0x70, 0xff, 0x75, 0x70, 0x6c, 0xfe, 0x75, 0x71, 0x6d, 0xff,
    0x76, 0x72, 0x6e, 0xff, 0x78, 0x73, 0x6f, 0xff, 0x78, 0x73, 0x70, 0xff, 0x78, 0x74, 0x71, 0xff,
    0x7a, 0x75, 0x72, 0xff, 0x7a, 0x75, 0x71, 0xff, 0x7c, 0x77, 0x72, 0xff, 0x7c, 0x77, 0x73, 0xff,
    0x7e, 0x79, 0x75, 0xff, 0x7f, 0x7b, 0x76, 0xff, 0x80, 0x7a, 0x77, 0xff, 0x7d, 0x78, 0x74, 0xff,
    0x77, 0x72, 0x6e, 0xff, 0x72, 0x6c, 0x69, 0xff, 0x6b, 0x66, 0x62, 0xff, 0x65, 0x61, 0x5d, 0xff,
    0x61, 0x5c, 0x59, 0xff, 0x5d, 0x59, 0x55, 0xff, 0x57, 0x53, 0x4f, 0xff, 0x54, 0x50, 0x4c, 0xff,
    0x56, 0x52, 0x4d, 0xff, 0x59, 0x55, 0x52, 0xff, 0x60, 0x5b, 0x58, 0xff, 0x67, 0x62, 0x5f, 0xff,
    0x73, 0x6e, 0x6a, 0xff, 0x81, 0x7c, 0x79, 0xff, 0x90, 0x8b, 0x87, 0xff, 0x9f, 0x9a, 0x96, 0xff,
    0xab, 0xa7, 0xa3, 0xff, 0xb4, 0xb0, 0xab, 0xff, 0xba, 0xb6, 0xb2, 0xff, 0xc1, 0xbd, 0xb9, 0xff,
    0xc9, 0xc5, 0xc1, 0xff, 0xcc, 0xc6, 0xc3, 0xff, 0xc2, 0xbd, 0xb9, 0xff, 0xad, 0xa9, 0xa5, 0xff,
    0x96, 0x92, 0x8e, 0xff, 0x81, 0x7d, 0x79, 0xff, 0x72, 0x6d, 0x69, 0xff, 0x69, 0x65, 0x62, 0xfd,
    0x65, 0x60, 0x5c, 0xfd, 0x63, 0x5e, 0x5b, 0xfc, 0x63, 0x5f, 0x5a, 0xfb, 0x67, 0x63, 0x5e, 0xfb,
    0x71, 0x6d, 0x69, 0xfc, 0x7e, 0x79, 0x75, 0xfd, 0x8b, 0x87, 0x82, 0xfe, 0x98, 0x93, 0x8e, 0xff,
    0x98, 0x92, 0x8f, 0xff, 0x8f, 0x89, 0x86, 0xff, 0x7b, 0x76, 0x72, 0xff, 0x63, 0x5e, 0x5a, 0xff,
    0x56, 0x51, 0x4d, 0xff, 0x54, 0x50, 0x4c, 0xff, 0x55, 0x51, 0x4e, 0xff, 0x54, 0x50, 0x4c, 0xff,
    0x54, 0x4f, 0x4b, 0xff, 0x56, 0x50, 0x4d, 0xff, 0x58, 0x52, 0x50, 0xff, 0x5b, 0x56, 0x52, 0xff,
    0x5c, 0x57, 0x54, 0xff, 0x5b, 0x57, 0x54, 0xff, 0x59, 0x55, 0x52, 0xff, 0x53, 0x4e, 0x4a, 0xff,
    0x4b, 0x47, 0x43, 0xfe, 0x43, 0x40, 0x3e, 0xff, 0x3f, 0x3c, 0x3a, 0xff, 0x42, 0x3e, 0x3b, 0xff,
    0x53, 0x50, 0x4b, 0xff, 0x7b, 0x77, 0x74, 0xfe, 0xad, 0xa8, 0xa5, 0xfc, 0xc1, 0xbf, 0xba, 0xff,
    0x96, 0x96, 0x93, 0xff, 0x64, 0x64, 0x63, 0xa2, 0x0a, 0x0a, 0x0a, 0x30, 0x00, 0x00, 0x00, 0x00,
    0xff, 0xff, 0xff, 0x01, 0x55, 0x55, 0x55, 0x03, 0x00, 0x00, 0x00, 0x01, 0x00, 0x00, 0x00, 0x00,
    0x00, 0x00, 0x00, 0x00, 0x00, 0x00, 0x00, 0x01, 0x00, 0x00, 0x00, 0x00, 0x00, 0x00, 0x00, 0x02,
    0x00, 0x00, 0x00, 0x01, 0x00, 0x00, 0x00, 0x00, 0x00, 0x00, 0x00, 0x00, 0x00, 0x00, 0x00, 0x00,
    0x00, 0x00, 0x00, 0x01, 0x00, 0x00, 0x00, 0x00, 0x00, 0x00, 0x00, 0x00, 0x00, 0x00, 0x00, 0x00,
    0x00, 0x00, 0x00, 0x00, 0x00, 0x00, 0x00, 0x00, 0x00, 0x00, 0x00, 0x01, 0x00, 0x00, 0x00, 0x00,
    0x00, 0x00, 0x00, 0x00, 0x00, 0x00, 0x00, 0x01, 0x00, 0x00, 0x00, 0x01, 0x00, 0x00, 0x00, 0x00,
    0x00, 0x00, 0x00, 0x01, 0x00, 0x00, 0x00, 0x01, 0x00, 0x00, 0x00, 0x00, 0xaa, 0xaa, 0xaa, 0x03,
    0x00, 0x00, 0x00, 0x02, 0x64, 0x64, 0x63, 0x8b, 0x70, 0x6f, 0x6c, 0xff, 0x36, 0x35, 0x33, 0xfb,
    0x35, 0x33, 0x30, 0xff, 0x39, 0x36, 0x32, 0xff, 0x54, 0x50, 0x4b, 0xff, 0x77, 0x74, 0x6d, 0xff,
    0x90, 0x8b, 0x87, 0xff, 0x9c, 0x96, 0x92, 0xff, 0x9c, 0x97, 0x91, 0xff, 0x97, 0x92, 0x8b, 0xff,
    0x91, 0x8c, 0x86, 0xff, 0x8b, 0x86, 0x7f, 0xff, 0x82, 0x7c, 0x78, 0xff, 0x79, 0x73, 0x71, 0xff,
    0x70, 0x6a, 0x6a, 0xff, 0x6e, 0x68, 0x67, 0xff, 0x6f, 0x69, 0x65, 0xff, 0x6f, 0x69, 0x66, 0xff,
    0x6e, 0x69, 0x66, 0xff, 0x70, 0x6c, 0x67, 0xff, 0x73, 0x6e, 0x6b, 0xff, 0x77, 0x72, 0x6e, 0xff,
    0x83, 0x7f, 0x7b, 0xff, 0x9b, 0x98, 0x92, 0xff, 0xb4, 0xb0, 0xac, 0xff, 0xc2, 0xbf, 0xbb, 0xff,
    0xc9, 0xc6, 0xc1, 0xff, 0xcd, 0xc9, 0xc5, 0xff, 0xce, 0xc9, 0xc6, 0xff, 0xce, 0xc9, 0xc5, 0xff,
    0xcd, 0xc9, 0xc5, 0xff, 0xcf, 0xca, 0xc7, 0xff, 0xd8, 0xd3, 0xd1, 0xff, 0xde, 0xda, 0xd6, 0xff,
    0xc3, 0xbf, 0xbb, 0xff, 0x90, 0x8d, 0x89, 0xff, 0x67, 0x64, 0x60, 0xff, 0x51, 0x4d, 0x4a, 0xff,
    0x49, 0x45, 0x41, 0xfe, 0x47, 0x42, 0x3f, 0xfc, 0x45, 0x41, 0x3d, 0xfc, 0x45, 0x41, 0x3e, 0xfd,
    0x46, 0x43, 0x3e, 0xff, 0x47, 0x45, 0x3d, 0xff, 0x46, 0x43, 0x3e, 0xff, 0x47, 0x42, 0x3d, 0xff,
    0x45, 0x41, 0x3d, 0xff, 0x45, 0x41, 0x3c, 0xff, 0x43, 0x41, 0x3c, 0xff, 0x43, 0x3f, 0x3c, 0xfd,
    0x43, 0x40, 0x3c, 0xfc, 0x44, 0x3f, 0x3b, 0xfc, 0x46, 0x42, 0x3e, 0xfe, 0x4b, 0x48, 0x44, 0xff,
    0x58, 0x53, 0x4f, 0xff, 0x6a, 0x65, 0x61, 0xff, 0x75, 0x71, 0x6e, 0xff, 0x74, 0x6f, 0x6c, 0xff,
    0x6b, 0x66, 0x62, 0xff, 0x64, 0x60, 0x5c, 0xff, 0x60, 0x5c, 0x57, 0xff, 0x5a, 0x56, 0x52, 0xff,
    0x57, 0x52, 0x4e, 0xff, 0x57, 0x53, 0x4e, 0xff, 0x5c, 0x57, 0x53, 0xff, 0x64, 0x5f, 0x5b, 0xff,
    0x70, 0x6a, 0x67, 0xff, 0x7f, 0x7a, 0x76, 0xff, 0x90, 0x8c, 0x87, 0xff, 0x8e, 0x89, 0x85, 0xf9,
    0x77, 0x73, 0x6f, 0xe2, 0x85, 0x80, 0x7b, 0xff, 0x5a, 0x55, 0x51, 0xfe, 0x4f, 0x4b, 0x45, 0xff,
    0x49, 0x45, 0x40, 0xff, 0x49, 0x44, 0x41, 0xff, 0x56, 0x52, 0x4e, 0xff, 0x70, 0x6c, 0x67, 0xff,
    0x8b, 0x87, 0x83, 0xff, 0x97, 0x93, 0x8f, 0xff, 0x92, 0x8e, 0x8a, 0xff, 0x8b, 0x86, 0x82, 0xff,
    0x85, 0x7f, 0x7b, 0xff, 0x80, 0x7c, 0x77, 0xff, 0x7f, 0x7a, 0x78, 0xff, 0x7d, 0x79, 0x78, 0xff,
    0x7e, 0x79, 0x76, 0xff, 0x7d, 0x78, 0x75, 0xff, 0x7d, 0x79, 0x75, 0xff, 0x7c, 0x78, 0x73, 0xff,
    0x7c, 0x77, 0x73, 0xff, 0x7c, 0x77, 0x73, 0xff, 0x7c, 0x78, 0x74, 0xff, 0x7e, 0x7a, 0x75, 0xff,
    0x7d, 0x7a, 0x76, 0xff, 0x7e, 0x7b, 0x76, 0xff, 0x80, 0x7b, 0x77, 0xff, 0x80, 0x7c, 0x78, 0xff,
    0x81, 0x7d, 0x78, 0xff, 0x81, 0x7d, 0x77, 0xff, 0x80, 0x7c, 0x78, 0xff, 0x80, 0x7d, 0x78, 0xff,
    0x82, 0x7f, 0x7a, 0xff, 0x82, 0x7e, 0x7a, 0xff, 0x84, 0x80, 0x7c, 0xff, 0x84, 0x80, 0x7d, 0xff,
    0x85, 0x80, 0x7d, 0xff, 0x86, 0x81, 0x7e, 0xff, 0x87, 0x83, 0x7f, 0xff, 0x88, 0x83, 0x80, 0xff,
    0x89, 0x85, 0x81, 0xff, 0x8a, 0x87, 0x82, 0xff, 0x8b, 0x87, 0x84, 0xff, 0x8c, 0x88, 0x84, 0xff,
    0x8d, 0x89, 0x84, 0xff, 0x8e, 0x8b, 0x87, 0xff, 0x90, 0x8b, 0x87, 0xff, 0x91, 0x8c, 0x89, 0xff,
    0x91, 0x8d, 0x89, 0xff, 0x92, 0x8e, 0x89, 0xff, 0x93, 0x8f, 0x8b, 0xff, 0x94, 0x8f, 0x8b, 0xff,
    0x92, 0x8e, 0x8b, 0xff, 0x95, 0x8f, 0x8c, 0xff, 0x95, 0x91, 0x8d, 0xff, 0x94, 0x90, 0x8d, 0xff,
    0x94, 0x90, 0x8c, 0xff, 0x94, 0x90, 0x8d, 0xff, 0x93, 0x8e, 0x8b, 0xff, 0x92, 0x8e, 0x8b, 0xff,
    0x91, 0x8d, 0x89, 0xff, 0x92, 0x8c, 0x89, 0xff, 0x90, 0x8c, 0x88, 0xff, 0x90, 0x8c, 0x88, 0xff,
    0x8f, 0x8b, 0x88, 0xff, 0x8e, 0x8a, 0x88, 0xff, 0x8d, 0x8a, 0x85, 0xff, 0x8b, 0x89, 0x85, 0xff,
    0x8b, 0x88, 0x83, 0xff, 0x8a, 0x86, 0x82, 0xff, 0x88, 0x84, 0x81, 0xff, 0x89, 0x85, 0x80, 0xff,
    0x87, 0x83, 0x80, 0xff, 0x85, 0x81, 0x7e, 0xff, 0x84, 0x7f, 0x7d, 0xff, 0x84, 0x80, 0x7c, 0xff,
    0x82, 0x7e, 0x7a, 0xff, 0x7f, 0x7c, 0x78, 0xfe, 0x86, 0x82, 0x7e, 0xff, 0x71, 0x6f, 0x6b, 0xe9,
    0x7a, 0x78, 0x73, 0xf2, 0x8a, 0x85, 0x80, 0xff, 0x7f, 0x7a, 0x77, 0xff, 0x7f, 0x7b, 0x78, 0xff,
    0x7e, 0x7b, 0x77, 0xff, 0x7e, 0x7b, 0x76, 0xff, 0x7c, 0x78, 0x74, 0xff, 0x6c, 0x68, 0x65, 0xff,
    0x5f, 0x5b, 0x57, 0xff, 0x58, 0x55, 0x50, 0xff, 0x53, 0x4f, 0x4a, 0xff, 0x4d, 0x4b, 0x46, 0xff,
    0x4d, 0x4a, 0x47, 0xff, 0x4e, 0x4b, 0x48, 0xff, 0x51, 0x4d, 0x4b, 0xff, 0x4f, 0x4c, 0x4a, 0xff,
    0x4d, 0x4b, 0x48, 0xff, 0x4b, 0x47, 0x45, 0xff, 0x4c, 0x4a, 0x46, 0xff, 0x51, 0x4e, 0x4a, 0xff,
    0x4e, 0x4c, 0x49, 0xff, 0x44, 0x43, 0x3f, 0xff, 0x58, 0x54, 0x50, 0xff, 0x5f, 0x5b, 0x57, 0xff,
    0x53, 0x4d, 0x4b, 0xff, 0x58, 0x54, 0x4f, 0xff, 0x5d, 0x58, 0x55, 0xff, 0x64, 0x5f, 0x5b, 0xff,
    0x6d, 0x68, 0x65, 0xff, 0x7b, 0x76, 0x72, 0xff, 0x89, 0x84, 0x80, 0xff, 0x97, 0x92, 0x8e, 0xff,
    0xa5, 0xa2, 0x9c, 0xff, 0xb0, 0xac, 0xa7, 0xff, 0xb8, 0xb4, 0xb0, 0xff, 0xb1, 0xae, 0xa8, 0xff,
    0x98, 0x95, 0x91, 0xff, 0x77, 0x73, 0x70, 0xff, 0x57, 0x53, 0x4f, 0xff, 0x43, 0x40, 0x3b, 0xfe,
    0x3b, 0x36, 0x33, 0xfc, 0x3b, 0x37, 0x33, 0xfc, 0x40, 0x3b, 0x37, 0xfd, 0x43, 0x3f, 0x3a, 0xff,
    0x47, 0x42, 0x3e, 0xff, 0x49, 0x45, 0x41, 0xff, 0x4b, 0x46, 0x42, 0xff, 0x4b, 0x46, 0x42, 0xff,
    0x4b, 0x47, 0x42, 0xff, 0x4c, 0x46, 0x42, 0xff, 0x4b, 0x46, 0x41, 0xff, 0x4f, 0x49, 0x45, 0xfc,
    0x59, 0x52, 0x4f, 0xfc, 0x69, 0x63, 0x60, 0xfd, 0x80, 0x7b, 0x77, 0xfe, 0x8b, 0x86, 0x83, 0xff,
    0x82, 0x7e, 0x7b, 0xff, 0x6e, 0x6b, 0x67, 0xff, 0x5f, 0x5b, 0x58, 0xff, 0x5a, 0x55, 0x52, 0xff,
    0x5a, 0x55, 0x52, 0xff, 0x59, 0x56, 0x51, 0xff, 0x5c, 0x58, 0x54, 0xff, 0x5f, 0x5a, 0x58, 0xff,
    0x62, 0x5d, 0x5a, 0xff, 0x64, 0x60, 0x5d, 0xff, 0x66, 0x63, 0x5f, 0xff, 0x6a, 0x65, 0x62, 0xff,
    0x6e, 0x69, 0x66, 0xff, 0x68, 0x64, 0x61, 0xff, 0x58, 0x55, 0x51, 0xfd, 0x4b, 0x47, 0x44, 0xf5,
    0x42, 0x40, 0x3d, 0xea, 0x43, 0x3e, 0x3d, 0xf2, 0x5d, 0x5a, 0x58, 0xff, 0x8f, 0x8c, 0x88, 0xff,
    0xb8, 0xb6, 0xb2, 0xff, 0xb7, 0xb4, 0xb2, 0xff, 0x88, 0x87, 0x85, 0xed, 0x46, 0x46, 0x46, 0x86,
    0x00, 0x00, 0x00, 0x09, 0x01, 0x00, 0x01, 0x00, 0x3f, 0x3f, 0x3f, 0x04, 0x00, 0x00, 0x00, 0x00,
    0x00, 0x00, 0x00, 0x00, 0x00, 0x00, 0x00, 0x01, 0x00, 0x00, 0x00, 0x00, 0x00, 0x00, 0x00, 0x00,
    0x00, 0x00, 0x00, 0x00, 0x00, 0x00, 0x00, 0x00, 0x00, 0x00, 0x00, 0x00, 0x00, 0x00, 0x00, 0x00,
    0x00, 0x00, 0x00, 0x01, 0x00, 0x00, 0x00, 0x00, 0x00, 0x00, 0x00, 0x00, 0x00, 0x00, 0x00, 0x00,
    0x00, 0x00, 0x00, 0x00, 0x00, 0x00, 0x00, 0x01, 0x00, 0x00, 0x00, 0x02, 0x00, 0x00, 0x00, 0x00,
    0x00, 0x00, 0x00, 0x00, 0x00, 0x00, 0x00, 0x01, 0x00, 0x00, 0x00, 0x02, 0x00, 0x00, 0x00, 0x01,
    0x00, 0x00, 0x00, 0x00, 0x00, 0x00, 0x00, 0x00, 0x00, 0x00, 0x00, 0x01, 0x00, 0x00, 0x00, 0x00,
    0x4a, 0x4a, 0x39, 0x1f, 0x72, 0x72, 0x70, 0xfa, 0x58, 0x56, 0x55, 0xfe, 0x3c, 0x3a, 0x39, 0xfe,
    0x39, 0x37, 0x34, 0xff, 0x49, 0x46, 0x42, 0xff, 0x62, 0x5d, 0x5a, 0xff, 0x75, 0x70, 0x6e, 0xff,
    0x83, 0x7f, 0x7c, 0xff, 0x85, 0x80, 0x7d, 0xff, 0x83, 0x7e, 0x7b, 0xff, 0x7b, 0x76, 0x74, 0xff,
    0x72, 0x6f, 0x6c, 0xff, 0x6c, 0x68, 0x66, 0xff, 0x6a, 0x65, 0x63, 0xff, 0x69, 0x64, 0x61, 0xff,
    0x6a, 0x65, 0x62, 0xff, 0x6a, 0x65, 0x62, 0xff, 0x6b, 0x66, 0x63, 0xff, 0x6d, 0x68, 0x64, 0xff,
    0x6e, 0x68, 0x65, 0xff, 0x70, 0x6b, 0x67, 0xff, 0x73, 0x6e, 0x6a, 0xff, 0x77, 0x73, 0x6f, 0xff,
    0x7c, 0x77, 0x73, 0xff, 0x7d, 0x78, 0x74, 0xff, 0x8b, 0x87, 0x83, 0xff, 0xa7, 0xa5, 0xa0, 0xff,
    0xbf, 0xbb, 0xb7, 0xff, 0xc7, 0xc3, 0xbf, 0xff, 0xc9, 0xc5, 0xc1, 0xff, 0xcb, 0xc7, 0xc3, 0xff,
    0xd0, 0xcb, 0xc8, 0xff, 0xdb, 0xd6, 0xd3, 0xff, 0xc2, 0xbe, 0xbb, 0xff, 0x82, 0x7d, 0x7a, 0xff,
    0x4f, 0x4b, 0x47, 0xff, 0x3c, 0x3a, 0x36, 0xfd, 0x40, 0x3b, 0x37, 0xfb, 0x44, 0x3f, 0x3c, 0xfe,
    0x49, 0x44, 0x41, 0xff, 0x48, 0x44, 0x41, 0xff, 0x45, 0x41, 0x3f, 0xff, 0x3e, 0x3c, 0x39, 0xff,
    0x3b, 0x37, 0x34, 0xed, 0x39, 0x38, 0x33, 0xda, 0x36, 0x33, 0x2f, 0xd9, 0x36, 0x33, 0x30, 0xd3,
    0x35, 0x33, 0x2f, 0xdb, 0x3a, 0x38, 0x33, 0xda, 0x3a, 0x38, 0x33, 0xeb, 0x3b, 0x39, 0x35, 0xff,
    0x42, 0x3f, 0x3b, 0xff, 0x43, 0x40, 0x3c, 0xff, 0x43, 0x3e, 0x3c, 0xff, 0x40, 0x3c, 0x38, 0xff,
    0x40, 0x3a, 0x37, 0xfb, 0x42, 0x3e, 0x3a, 0xfd, 0x4e, 0x4a, 0x46, 0xff, 0x62, 0x5d, 0x5a, 0xff,
    0x6a, 0x66, 0x61, 0xff, 0x62, 0x5e, 0x59, 0xff, 0x5b, 0x56, 0x52, 0xff, 0x5a, 0x55, 0x51, 0xff,
    0x5b, 0x56, 0x53, 0xff, 0x5e, 0x5a, 0x57, 0xff, 0x65, 0x61, 0x5d, 0xff, 0x70, 0x6b, 0x67, 0xff,
    0x7d, 0x79, 0x75, 0xff, 0x8c, 0x87, 0x84, 0xff, 0x99, 0x94, 0x90, 0xff, 0xab, 0xa7, 0xa2, 0xfe,
    0x6b, 0x67, 0x63, 0xde, 0x52, 0x4e, 0x4a, 0xfa, 0x56, 0x50, 0x4d, 0xff, 0x4f, 0x49, 0x47, 0xff,
    0x4b, 0x46, 0x43, 0xff, 0x46, 0x42, 0x3f, 0xff, 0x42, 0x3e, 0x3a, 0xff, 0x3f, 0x3b, 0x38, 0xff,
    0x45, 0x40, 0x3d, 0xff, 0x5c, 0x58, 0x55, 0xff, 0x7b, 0x77, 0x72, 0xff, 0x94, 0x8f, 0x8b, 0xff,
    0xa0, 0x9c, 0x98, 0xff, 0xa6, 0xa2, 0x9e, 0xff, 0xa7, 0xa4, 0xa0, 0xff, 0xa8, 0xa4, 0xa0, 0xff,
    0xa7, 0xa2, 0xa0, 0xff, 0xa7, 0xa1, 0x9f, 0xff, 0xa7, 0xa1, 0x9d, 0xff, 0xa7, 0xa2, 0x9e, 0xff,
    0xa7, 0xa1, 0x9e, 0xff, 0xa7, 0xa1, 0x9e, 0xff, 0xa7, 0xa3, 0x9f, 0xff, 0xa7, 0xa3, 0x9f, 0xff,
    0xa8, 0xa2, 0x9f, 0xff, 0xa7, 0xa3, 0x9e, 0xff, 0xa8, 0xa3, 0x9f, 0xff, 0xa9, 0xa4, 0xa0, 0xff,
    0xa8, 0xa4, 0x9f, 0xff, 0xa7, 0xa3, 0x9e, 0xff, 0xa7, 0xa2, 0x9f, 0xff, 0xa8, 0xa4, 0xa0, 0xff,
    0xa9, 0xa5, 0xa1, 0xff, 0xa8, 0xa5, 0xa0, 0xff, 0xa8, 0xa4, 0xa0, 0xff, 0xa8, 0xa5, 0xa0, 0xff,
    0xa8, 0xa3, 0xa0, 0xff, 0xa9, 0xa4, 0xa0, 0xff, 0xa9, 0xa4, 0xa2, 0xff, 0xa8, 0xa3, 0xa0, 0xff,
    0xa9, 0xa4, 0x9f, 0xff, 0xa9, 0xa4, 0xa0, 0xff, 0xa7, 0xa3, 0xa0, 0xff, 0xa8, 0xa3, 0xa0, 0xff,
    0xa8, 0xa3, 0x9f, 0xff, 0xa7, 0xa3, 0x9f, 0xff, 0xa6, 0xa3, 0x9e, 0xff, 0xa7, 0xa2, 0x9f, 0xff,
    0xa6, 0xa0, 0x9d, 0xff, 0xa2, 0x9e, 0x9b, 0xff, 0xa1, 0x9d, 0x99, 0xff, 0xa0, 0x9b, 0x97, 0xff,
    0x9e, 0x99, 0x95, 0xff, 0x9d, 0x97, 0x94, 0xff, 0x99, 0x95, 0x92, 0xff, 0x99, 0x94, 0x91, 0xff,
    0x99, 0x93, 0x90, 0xff, 0x95, 0x91, 0x8e, 0xff, 0x93, 0x8d, 0x8b, 0xff, 0x90, 0x8c, 0x88, 0xff,
    0x8c, 0x88, 0x85, 0xff, 0x8a, 0x84, 0x81, 0xff, 0x8b, 0x85, 0x82, 0xff, 0x8b, 0x86, 0x83, 0xff,
    0x88, 0x84, 0x80, 0xff, 0x87, 0x82, 0x7e, 0xff, 0x84, 0x80, 0x7c, 0xff, 0x81, 0x7d, 0x79, 0xff,
    0x7f, 0x7b, 0x77, 0xff, 0x7e, 0x79, 0x76, 0xff, 0x7b, 0x76, 0x73, 0xff, 0x7c, 0x78, 0x74, 0xff,
    0x7e, 0x79, 0x76, 0xff, 0x7d, 0x78, 0x76, 0xff, 0x7c, 0x78, 0x74, 0xff, 0x7c, 0x78, 0x74, 0xff,
    0x7a, 0x76, 0x72, 0xff, 0x7b, 0x76, 0x73, 0xff, 0x80, 0x7c, 0x78, 0xff, 0x6c, 0x69, 0x65, 0xf6,
    0x7e, 0x7a, 0x75, 0xee, 0x9b, 0x96, 0x93, 0xff, 0x90, 0x8c, 0x88, 0xff, 0x8f, 0x8b, 0x87, 0xff,
    0x8a, 0x86, 0x81, 0xff, 0x84, 0x82, 0x7d, 0xff, 0x82, 0x7e, 0x7a, 0xff, 0x7b, 0x78, 0x73, 0xff,
    0x73, 0x6f, 0x6b, 0xff, 0x70, 0x6c, 0x67, 0xff, 0x6b, 0x67, 0x63, 0xff, 0x65, 0x62, 0x5d, 0xff,
    0x5f, 0x5d, 0x59, 0xff, 0x5a, 0x57, 0x54, 0xff, 0x53, 0x50, 0x4d, 0xff, 0x50, 0x4d, 0x4b, 0xff,
    0x94, 0x93, 0x94, 0xff, 0xa0, 0xa2, 0xa2, 0xff, 0xa4, 0xa5, 0xa7, 0xff, 0x96, 0x9a, 0xa0, 0xff,
    0x9c, 0x9d, 0x9e, 0xff, 0x8c, 0x8c, 0x8b, 0xff, 0x75, 0x73, 0x72, 0xff, 0x61, 0x5d, 0x59, 0xff,
    0x50, 0x4c, 0x47, 0xff, 0x56, 0x53, 0x4d, 0xff, 0x5a, 0x56, 0x52, 0xff, 0x60, 0x5c, 0x58, 0xff,
    0x66, 0x61, 0x5e, 0xff, 0x73, 0x6e, 0x6a, 0xff, 0x7f, 0x79, 0x76, 0xff, 0x8a, 0x86, 0x81, 0xff,
    0x95, 0x91, 0x8d, 0xff, 0x95, 0x91, 0x8e, 0xff, 0x7e, 0x7b, 0x77, 0xff, 0x5a, 0x57, 0x54, 0xff,
    0x42, 0x3d, 0x3b, 0xfe, 0x3b, 0x37, 0x33, 0xfb, 0x3e, 0x3a, 0x36, 0xfe, 0x43, 0x3f, 0x3b, 0xff,
    0x46, 0x41, 0x3d, 0xff, 0x45, 0x41, 0x3e, 0xff, 0x42, 0x3e, 0x3c, 0xff, 0x41, 0x3e, 0x3a, 0xe6,
    0x3e, 0x3c, 0x38, 0xd8, 0x41, 0x3e, 0x3a, 0xc3, 0x44, 0x40, 0x3f, 0xb6, 0x44, 0x43, 0x40, 0xb6,
    0x44, 0x40, 0x3e, 0xc9, 0x44, 0x40, 0x3d, 0xdb, 0x46, 0x41, 0x3e, 0xe9, 0x45, 0x41, 0x3e, 0xff,
    0x49, 0x44, 0x40, 0xff, 0x49, 0x45, 0x42, 0xff, 0x48, 0x44, 0x40, 0xff, 0x51, 0x4d, 0x48, 0xfb,
    0x64, 0x60, 0x5d, 0xfc, 0x7c, 0x78, 0x74, 0xff, 0x85, 0x80, 0x7e, 0xff, 0x76, 0x72, 0x6f, 0xff,
    0x64, 0x61, 0x5d, 0xff, 0x62, 0x5e, 0x5a, 0xff, 0x62, 0x5e, 0x5a, 0xff, 0x64, 0x5f, 0x5c, 0xff,
    0x6b, 0x66, 0x62, 0xff, 0x6f, 0x6b, 0x66, 0xff, 0x71, 0x6d, 0x68, 0xff, 0x6f, 0x6b, 0x67, 0xfd,
    0x64, 0x60, 0x5e, 0xf0, 0x58, 0x54, 0x53, 0xeb, 0x4d, 0x4c, 0x47, 0xe4, 0x3d, 0x3b, 0x3b, 0xcf,
    0x39, 0x37, 0x37, 0xb2, 0x2e, 0x2d, 0x2e, 0xaf, 0x22, 0x22, 0x22, 0xd8, 0x33, 0x32, 0x31, 0xe2,
    0x61, 0x5f, 0x5c, 0xec, 0x93, 0x91, 0x8d, 0xff, 0xbf, 0xbc, 0xb9, 0xff, 0xaa, 0xa7, 0xa5, 0xff,
    0x60, 0x5f, 0x5d, 0xc1, 0x0d, 0x12, 0x0d, 0x37, 0x00, 0x00, 0x00, 0x00, 0x02, 0x03, 0x03, 0x00,
    0x3f, 0x3f, 0x3f, 0x04, 0x00, 0x00, 0x00, 0x00, 0x00, 0x00, 0x00, 0x00, 0x00, 0x00, 0x00, 0x00,
    0x00, 0x00, 0x00, 0x00, 0x00, 0x00, 0x00, 0x00, 0x00, 0x00, 0x00, 0x00, 0x00, 0x00, 0x00, 0x00,
    0x00, 0x00, 0x00, 0x00, 0x00, 0x00, 0x00, 0x00, 0x00, 0x00, 0x00, 0x00, 0x00, 0x00, 0x00, 0x00,
    0x00, 0x00, 0x00, 0x00, 0x00, 0x00, 0x00, 0x00, 0x00, 0x00, 0x00, 0x00, 0x00, 0x00, 0x00, 0x00,
    0x00, 0x00, 0x00, 0x00, 0x00, 0x00, 0x00, 0x01, 0x00, 0x00, 0x00, 0x01, 0x00, 0x00, 0x00, 0x02,
    0x00, 0x00, 0x00, 0x00, 0x00, 0x00, 0x00, 0x00, 0x00, 0x00, 0x00, 0x02, 0x00, 0x00, 0x00, 0x00,
    0x44, 0x44, 0x44, 0x38, 0x47, 0x46, 0x45, 0xff, 0x3a, 0x37, 0x37, 0xfe, 0x37, 0x36, 0x34, 0xff,
    0x3a, 0x38, 0x33, 0xff, 0x4f, 0x4b, 0x47, 0xff, 0x63, 0x5e, 0x5a, 0xff, 0x6e, 0x6a, 0x67, 0xff,
    0x74, 0x70, 0x6c, 0xff, 0x74, 0x6e, 0x6b, 0xff, 0x71, 0x6c, 0x68, 0xff, 0x6b, 0x66, 0x63, 0xff,
    0x66, 0x62, 0x5e, 0xff, 0x63, 0x5e, 0x5b, 0xff, 0x61, 0x5c, 0x5a, 0xff, 0x60, 0x5b, 0x59, 0xff,
    0x60, 0x5c, 0x59, 0xff, 0x61, 0x5d, 0x59, 0xff, 0x63, 0x5e, 0x5b, 0xff, 0x64, 0x5f, 0x5c, 0xff,
    0x65, 0x60, 0x5e, 0xff, 0x68, 0x62, 0x61, 0xff, 0x6c, 0x66, 0x62, 0xff, 0x6f, 0x6a, 0x66, 0xff,
    0x75, 0x70, 0x6d, 0xff, 0x7e, 0x79, 0x75, 0xff, 0x82, 0x7e, 0x7a, 0xff, 0x86, 0x83, 0x80, 0xff,
    0x96, 0x92, 0x8f, 0xff, 0xb1, 0xad, 0xaa, 0xff, 0xbf, 0xbc, 0xb8, 0xff, 0xca, 0xc6, 0xc3, 0xff,
    0xc8, 0xc4, 0xc1, 0xff, 0x88, 0x84, 0x80, 0xff, 0x47, 0x43, 0x40, 0xff, 0x39, 0x33, 0x31, 0xfe,
    0x41, 0x3b, 0x39, 0xfb, 0x43, 0x40, 0x3b, 0xff, 0x43, 0x40, 0x3b, 0xff, 0x3e, 0x3a, 0x36, 0xfd,
    0x38, 0x35, 0x32, 0xdd, 0x34, 0x30, 0x2e, 0xa4, 0x29, 0x29, 0x27, 0x6e, 0x21, 0x21, 0x21, 0x45,
    0x21, 0x21, 0x21, 0x26, 0x12, 0x12, 0x1c, 0x1b, 0x09, 0x09, 0x09, 0x1b, 0x0b, 0x00, 0x0b, 0x17,
    0x09, 0x09, 0x09, 0x1c, 0x1c, 0x12, 0x12, 0x1b, 0x20, 0x20, 0x20, 0x27, 0x22, 0x22, 0x1e, 0x43,
    0x28, 0x28, 0x26, 0x64, 0x2f, 0x2f, 0x2c, 0xa0, 0x35, 0x32, 0x2f, 0xe0, 0x3b, 0x37, 0x34, 0xfa,
    0x3d, 0x3a, 0x37, 0xff, 0x3b, 0x38, 0x33, 0xff, 0x37, 0x34, 0x2f, 0xfb, 0x39, 0x35, 0x31, 0xfe,
    0x4a, 0x45, 0x41, 0xff, 0x62, 0x5e, 0x5b, 0xff, 0x6d, 0x68, 0x65, 0xff, 0x67, 0x62, 0x5e, 0xff,
    0x62, 0x5e, 0x5a, 0xff, 0x68, 0x63, 0x5f, 0xff, 0x72, 0x6d, 0x69, 0xff, 0x7c, 0x78, 0x74, 0xff,
    0x8a, 0x86, 0x82, 0xff, 0x9b, 0x97, 0x93, 0xff, 0xae, 0xa9, 0xa6, 0xff, 0x96, 0x92, 0x8d, 0xff,
    0x57, 0x54, 0x4f, 0xe9, 0x50, 0x4c, 0x49, 0xf0, 0x54, 0x4f, 0x4d, 0xff, 0x49, 0x44, 0x42, 0xfe,
    0x45, 0x42, 0x3d, 0xff, 0x3f, 0x3b, 0x39, 0xff, 0x3c, 0x38, 0x35, 0xff, 0x3b, 0x36, 0x33, 0xff,
    0x37, 0x35, 0x30, 0xff, 0x36, 0x32, 0x2e, 0xff, 0x3d, 0x38, 0x35, 0xff, 0x4d, 0x49, 0x45, 0xff,
    0x61, 0x5d, 0x59, 0xff, 0x6d, 0x6a, 0x66, 0xff, 0x75, 0x71, 0x6d, 0xff, 0x78, 0x74, 0x6f, 0xff,
    0x7b, 0x77, 0x72, 0xff, 0x7d, 0x79, 0x74, 0xff, 0x7f, 0x79, 0x75, 0xff, 0x81, 0x7c, 0x78, 0xff,
    0x82, 0x7e, 0x7b, 0xff, 0x83, 0x7f, 0x7d, 0xff, 0x84, 0x80, 0x7c, 0xff, 0x85, 0x80, 0x7d, 0xff,
    0x85, 0x7f, 0x7d, 0xff, 0x85, 0x80, 0x7c, 0xff, 0x83, 0x7e, 0x7a, 0xff, 0x86, 0x80, 0x7c, 0xff,
    0x83, 0x7e, 0x7a, 0xff, 0x82, 0x7f, 0x7b, 0xff, 0x81, 0x7c, 0x79, 0xff, 0x80, 0x7b, 0x78, 0xff,
    0x7f, 0x7b, 0x77, 0xff, 0x7d, 0x78, 0x74, 0xff, 0x7b, 0x76, 0x72, 0xff, 0x7a, 0x76, 0x72, 0xff,
    0x76, 0x71, 0x6d, 0xff, 0x75, 0x71, 0x6c, 0xff, 0x74, 0x6f, 0x6b, 0xff, 0x71, 0x6c, 0x68, 0xff,
    0x70, 0x6b, 0x67, 0xff, 0x6d, 0x68, 0x66, 0xff, 0x6c, 0x68, 0x63, 0xff, 0x6b, 0x65, 0x62, 0xff,
    0x6a, 0x64, 0x61, 0xff, 0x67, 0x62, 0x5f, 0xff, 0x66, 0x62, 0x5e, 0xff, 0x66, 0x61, 0x5e, 0xff,
    0x63, 0x5e, 0x5a, 0xff, 0x61, 0x5c, 0x59, 0xff, 0x5e, 0x5a, 0x56, 0xff, 0x5d, 0x58, 0x55, 0xff,
    0x5b, 0x56, 0x53, 0xff, 0x5b, 0x57, 0x52, 0xff, 0x59, 0x55, 0x51, 0xff, 0x59, 0x54, 0x51, 0xff,
    0x59, 0x54, 0x50, 0xff, 0x57, 0x54, 0x4f, 0xff, 0x57, 0x52, 0x4f, 0xff, 0x56, 0x51, 0x4e, 0xff,
    0x54, 0x50, 0x4d, 0xff, 0x53, 0x4e, 0x4b, 0xff, 0x54, 0x4e, 0x4b, 0xff, 0x53, 0x4f, 0x4c, 0xff,
    0x54, 0x4e, 0x4b, 0xff, 0x52, 0x4d, 0x49, 0xff, 0x51, 0x4d, 0x49, 0xff, 0x51, 0x4b, 0x49, 0xff,
    0x51, 0x4b, 0x48, 0xff, 0x50, 0x4b, 0x49, 0xff, 0x50, 0x4c, 0x48, 0xff, 0x50, 0x4c, 0x49, 0xff,
    0x50, 0x4b, 0x48, 0xff, 0x50, 0x4c, 0x47, 0xff, 0x50, 0x4d, 0x48, 0xff, 0x51, 0x4c, 0x48, 0xff,
    0x52, 0x4c, 0x49, 0xff, 0x53, 0x4e, 0x4a, 0xfe, 0x58, 0x53, 0x4f, 0xff, 0x53, 0x50, 0x4d, 0xee,
    0x53, 0x51, 0x4e, 0xe4, 0x66, 0x61, 0x5d, 0xff, 0x68, 0x64, 0x60, 0xfe, 0x6d, 0x68, 0x65, 0xff,
    0x6e, 0x6a, 0x65, 0xff, 0x74, 0x6e, 0x6c, 0xff, 0x7a, 0x76, 0x72, 0xff, 0x80, 0x7c, 0x78, 0xff,
    0x86, 0x81, 0x7d, 0xff, 0x86, 0x82, 0x7d, 0xff, 0x84, 0x80, 0x7c, 0xff, 0x7f, 0x7b, 0x76, 0xff,
    0x76, 0x72, 0x6e, 0xff, 0x70, 0x6b, 0x67, 0xff, 0x6a, 0x66, 0x61, 0xff, 0x64, 0x5f, 0x5a, 0xff,
    0x6d, 0x6a, 0x67, 0xff, 0x8d, 0x8b, 0x89, 0xff, 0xa5, 0xa7, 0xa9, 0xff, 0x9e, 0xa7, 0xb6, 0xff,
    0xb3, 0xb4, 0xb5, 0xff, 0xaf, 0xac, 0xaa, 0xff, 0x7a, 0x76, 0x74, 0xff, 0x52, 0x4d, 0x49, 0xff,
    0x55, 0x51, 0x4d, 0xff, 0x57, 0x52, 0x4e, 0xff, 0x5a, 0x55, 0x52, 0xff, 0x5d, 0x59, 0x56, 0xff,
    0x62, 0x5e, 0x5a, 0xff, 0x6b, 0x66, 0x61, 0xff, 0x71, 0x6c, 0x68, 0xff, 0x79, 0x75, 0x71, 0xff,
    0x71, 0x6d, 0x69, 0xff, 0x54, 0x4f, 0x4d, 0xff, 0x3c, 0x39, 0x35, 0xfe, 0x39, 0x34, 0x32, 0xfc,
    0x3e, 0x38, 0x36, 0xff, 0x44, 0x3f, 0x3c, 0xff, 0x41, 0x3d, 0x3b, 0xfc, 0x39, 0x37, 0x35, 0xde,
    0x34, 0x34, 0x31, 0xa0, 0x29, 0x27, 0x27, 0x6e, 0x21, 0x21, 0x21, 0x44, 0x24, 0x24, 0x1d, 0x23,
    0x09, 0x09, 0x09, 0x1b, 0x00, 0x00, 0x00, 0x0d, 0x00, 0x00, 0x00, 0x04, 0x00, 0x00, 0x00, 0x05,
    0x00, 0x00, 0x00, 0x11, 0x11, 0x11, 0x11, 0x1d, 0x2a, 0x2a, 0x2a, 0x24, 0x2d, 0x29, 0x29, 0x43,
    0x35, 0x33, 0x30, 0x78, 0x3e, 0x3c, 0x39, 0xbb, 0x42, 0x40, 0x3c, 0xf0, 0x46, 0x43, 0x3e, 0xff,
    0x43, 0x3e, 0x3a, 0xff, 0x41, 0x3d, 0x39, 0xfc, 0x54, 0x50, 0x4d, 0xfd, 0x79, 0x75, 0x72, 0xff,
    0x89, 0x86, 0x82, 0xff, 0x7a, 0x76, 0x73, 0xff, 0x6a, 0x66, 0x63, 0xff, 0x69, 0x64, 0x60, 0xff,
    0x67, 0x63, 0x5e, 0xff, 0x67, 0x63, 0x5e, 0xff, 0x75, 0x71, 0x6d, 0xff, 0x6c, 0x69, 0x66, 0xfc,
    0x5e, 0x5e, 0x5f, 0xf3, 0x77, 0x77, 0x76, 0xf6, 0x74, 0x73, 0x6f, 0xf8, 0x67, 0x66, 0x65, 0xfb,
    0x70, 0x70, 0x6d, 0xff, 0x6b, 0x6c, 0x6c, 0xf4, 0x44, 0x42, 0x40, 0xe9, 0x36, 0x34, 0x34, 0xe0,
    0x24, 0x23, 0x23, 0xb6, 0x2c, 0x2c, 0x2c, 0x83, 0x56, 0x55, 0x55, 0xc2, 0x96, 0x91, 0x8e, 0xef,
    0xb6, 0xb3, 0xaf, 0xff, 0x82, 0x82, 0x81, 0xf3, 0x39, 0x3b, 0x3b, 0x6b, 0x00, 0x00, 0x00, 0x06,
    0x00, 0x00, 0x00, 0x00, 0xff, 0xff, 0xff, 0x02, 0x00, 0x00, 0x00, 0x01, 0x00, 0x00, 0x00, 0x00,
    0x00, 0x00, 0x00, 0x01, 0x00, 0x00, 0x00, 0x00, 0x00, 0x00, 0x00, 0x00, 0x00, 0x00, 0x00, 0x00,
    0x00, 0x00, 0x00, 0x00, 0x00, 0x00, 0x00, 0x00, 0x00, 0x00, 0x00, 0x00, 0x00, 0x00, 0x00, 0x00,
    0x00, 0x00, 0x00, 0x00, 0x00, 0x00, 0x00, 0x00, 0x00, 0x00, 0x00, 0x00, 0x00, 0x00, 0x00, 0x00,
    0x00, 0x00, 0x00, 0x00, 0x00, 0x00, 0x00, 0x01, 0x00, 0x00, 0x00, 0x02, 0x00, 0x00, 0x00, 0x01,
    0x00, 0x00, 0x00, 0x00, 0x00, 0x00, 0x00, 0x00, 0x55, 0x55, 0x55, 0x03, 0x00, 0x00, 0x00, 0x00,
    0x37, 0x3b, 0x37, 0x52, 0x38, 0x37, 0x35, 0xff, 0x20, 0x1e, 0x1e, 0xfd, 0x2a, 0x28, 0x27, 0xff,
    0x3e, 0x3b, 0x36, 0xff, 0x4c, 0x48, 0x45, 0xff, 0x59, 0x54, 0x51, 0xff, 0x5f, 0x5c, 0x58, 0xff,
    0x61, 0x5c, 0x59, 0xff, 0x60, 0x5b, 0x58, 0xff, 0x5d, 0x59, 0x55, 0xff, 0x5b, 0x57, 0x53, 0xff,
    0x58, 0x55, 0x50, 0xff, 0x56, 0x52, 0x4f, 0xff, 0x55, 0x51, 0x4d, 0xff, 0x54, 0x50, 0x4d, 0xff,
    0x54, 0x50, 0x4c, 0xff, 0x55, 0x51, 0x4e, 0xff, 0x57, 0x53, 0x4e, 0xff, 0x57, 0x52, 0x50, 0xff,
    0x58, 0x53, 0x50, 0xff, 0x5c, 0x57, 0x55, 0xff, 0x5f, 0x5a, 0x57, 0xff, 0x64, 0x5e, 0x5c, 0xff,
    0x6b, 0x66, 0x63, 0xff, 0x73, 0x6d, 0x6a, 0xff, 0x7d, 0x78, 0x75, 0xff, 0x89, 0x84, 0x81, 0xff,
    0x8c, 0x89, 0x85, 0xff, 0x8c, 0x89, 0x84, 0xff, 0xa6, 0xa2, 0x9e, 0xff, 0xa8, 0xa5, 0xa2, 0xff,
    0x5c, 0x5a, 0x56, 0xff, 0x32, 0x2e, 0x2b, 0xff, 0x37, 0x33, 0x30, 0xfd, 0x3e, 0x39, 0x34, 0xff,
    0x3d, 0x38, 0x35, 0xff, 0x36, 0x33, 0x30, 0xe9, 0x30, 0x2f, 0x2b, 0x9d, 0x23, 0x1f, 0x1f, 0x50,
    0x00, 0x00, 0x00, 0x0e, 0x00, 0x00, 0x00, 0x00, 0x00, 0x00, 0x00, 0x00, 0x00, 0x00, 0x00, 0x00,
    0x00, 0x00, 0x00, 0x00, 0x01, 0x01, 0x00, 0x00, 0x01, 0x01, 0x01, 0x00, 0x01, 0x01, 0x01, 0x00,
    0x01, 0x01, 0x01, 0x00, 0x00, 0x00, 0x00, 0x00, 0x00, 0x00, 0x00, 0x00, 0x00, 0x00, 0x00, 0x00,
    0x00, 0x00, 0x00, 0x00, 0x00, 0x00, 0x00, 0x00, 0x00, 0x00, 0x00, 0x0c, 0x24, 0x24, 0x21, 0x45,
    0x2c, 0x2c, 0x29, 0x94, 0x33, 0x30, 0x2f, 0xe0, 0x39, 0x36, 0x32, 0xff, 0x38, 0x34, 0x30, 0xff,
    0x34, 0x30, 0x2d, 0xfb, 0x39, 0x34, 0x32, 0xfe, 0x51, 0x4d, 0x49, 0xff, 0x75, 0x71, 0x6d, 0xff,
    0x82, 0x7d, 0x79, 0xff, 0x7d, 0x78, 0x74, 0xff, 0x82, 0x7e, 0x7b, 0xff, 0x8e, 0x8a, 0x86, 0xff,
    0x9f, 0x9b, 0x98, 0xff, 0xab, 0xa6, 0xa2, 0xff, 0x8b, 0x86, 0x81, 0xff, 0x62, 0x5d, 0x59, 0xff,
    0x5b, 0x57, 0x52, 0xf9, 0x49, 0x47, 0x42, 0xf4, 0x50, 0x4b, 0x48, 0xff, 0x46, 0x42, 0x3e, 0xff,
    0x40, 0x3c, 0x39, 0xff, 0x3c, 0x38, 0x34, 0xff, 0x36, 0x31, 0x2f, 0xff, 0x33, 0x2e, 0x2b, 0xff,
    0x31, 0x2d, 0x2a, 0xff, 0x31, 0x2d, 0x2a, 0xff, 0x33, 0x2e, 0x2c, 0xff, 0x34, 0x31, 0x2d, 0xff,
    0x3d, 0x39, 0x35, 0xff, 0x48, 0x44, 0x3f, 0xff, 0x4f, 0x4a, 0x46, 0xff, 0x51, 0x4e, 0x4a, 0xff,
    0x53, 0x4e, 0x4b, 0xff, 0x54, 0x4f, 0x4b, 0xff, 0x54, 0x50, 0x4d, 0xff, 0x55, 0x50, 0x4d, 0xff,
    0x54, 0x50, 0x4d, 0xff, 0x54, 0x4f, 0x4d, 0xff, 0x54, 0x4e, 0x4c, 0xff, 0x52, 0x4e, 0x4b, 0xff,
    0x53, 0x4e, 0x4b, 0xff, 0x52, 0x4c, 0x4a, 0xff, 0x51, 0x4c, 0x49, 0xff, 0x51, 0x4c, 0x48, 0xff,
    0x51, 0x4c, 0x49, 0xff, 0x51, 0x4d, 0x49, 0xff, 0x52, 0x4d, 0x49, 0xff, 0x51, 0x4c, 0x49, 0xff,
    0x50, 0x4c, 0x48, 0xff, 0x50, 0x4b, 0x48, 0xff, 0x4f, 0x4a, 0x46, 0xff, 0x4f, 0x49, 0x46, 0xff,
    0x4f, 0x4a, 0x47, 0xff, 0x4f, 0x4a, 0x47, 0xff, 0x4f, 0x4b, 0x47, 0xff, 0x4f, 0x4c, 0x48, 0xff,
    0x4f, 0x4b, 0x48, 0xff, 0x4f, 0x4b, 0x47, 0xff, 0x4e, 0x4a, 0x46, 0xff, 0x4f, 0x4a, 0x48, 0xff,
    0x4e, 0x49, 0x46, 0xff, 0x4e, 0x49, 0x47, 0xff, 0x4f, 0x4b, 0x47, 0xff, 0x50, 0x4b, 0x48, 0xff,
    0x50, 0x4c, 0x48, 0xff, 0x51, 0x4d, 0x49, 0xff, 0x51, 0x4d, 0x49, 0xff, 0x51, 0x4c, 0x49, 0xff,
    0x52, 0x4e, 0x49, 0xff, 0x52, 0x4c, 0x49, 0xff, 0x51, 0x4d, 0x4a, 0xff, 0x50, 0x4d, 0x48, 0xff,
    0x50, 0x4c, 0x48, 0xff, 0x51, 0x4c, 0x4a, 0xff, 0x51, 0x4c, 0x49, 0xff, 0x50, 0x4d, 0x4a, 0xff,
    0x50, 0x4b, 0x48, 0xff, 0x4f, 0x4b, 0x47, 0xff, 0x4e, 0x4b, 0x47, 0xff, 0x4f, 0x4a, 0x47, 0xff,
    0x4e, 0x4a, 0x47, 0xff, 0x4d, 0x48, 0x45, 0xff, 0x4d, 0x48, 0x44, 0xff, 0x4e, 0x48, 0x46, 0xff,
    0x4e, 0x49, 0x46, 0xff, 0x4e, 0x49, 0x46, 0xff, 0x4e, 0x49, 0x46, 0xff, 0x4e, 0x49, 0x45, 0xff,
    0x4d, 0x49, 0x45, 0xff, 0x4d, 0x49, 0x45, 0xff, 0x4d, 0x49, 0x46, 0xff, 0x4e, 0x4a, 0x46, 0xff,
    0x4f, 0x4b, 0x46, 0xff, 0x4f, 0x4a, 0x46, 0xff, 0x53, 0x4e, 0x4b, 0xff, 0x4b, 0x47, 0x46, 0xff,
    0x3f, 0x3b, 0x3a, 0xff, 0x50, 0x4b, 0x48, 0xff, 0x4b, 0x46, 0x43, 0xff, 0x4b, 0x47, 0x43, 0xff,
    0x4b, 0x46, 0x42, 0xff, 0x4c, 0x47, 0x44, 0xff, 0x4d, 0x48, 0x45, 0xff, 0x51, 0x4d, 0x49, 0xff,
    0x59, 0x53, 0x51, 0xff, 0x61, 0x5d, 0x59, 0xff, 0x6c, 0x68, 0x64, 0xff, 0x7b, 0x75, 0x72, 0xff,
    0x86, 0x82, 0x7d, 0xff, 0x88, 0x85, 0x80, 0xff, 0x80, 0x7c, 0x77, 0xff, 0x76, 0x74, 0x6e, 0xff,
    0x6a, 0x66, 0x62, 0xff, 0x5e, 0x59, 0x57, 0xff, 0x5d, 0x59, 0x55, 0xff, 0x62, 0x5d, 0x59, 0xff,
    0x60, 0x5d, 0x5a, 0xff, 0x5d, 0x59, 0x56, 0xff, 0x56, 0x51, 0x4e, 0xff, 0x5c, 0x56, 0x52, 0xff,
    0x58, 0x53, 0x4f, 0xff, 0x58, 0x52, 0x4f, 0xff, 0x58, 0x53, 0x4f, 0xff, 0x5a, 0x56, 0x52, 0xff,
    0x5d, 0x59, 0x55, 0xff, 0x61, 0x5c, 0x58, 0xff, 0x6a, 0x64, 0x61, 0xff, 0x59, 0x55, 0x51, 0xff,
    0x3b, 0x38, 0x34, 0xff, 0x32, 0x2e, 0x2a, 0xfb, 0x39, 0x34, 0x31, 0xff, 0x3e, 0x3a, 0x36, 0xff,
    0x3a, 0x36, 0x33, 0xed, 0x33, 0x32, 0x2f, 0xa2, 0x29, 0x26, 0x29, 0x4f, 0x00, 0x00, 0x00, 0x0e,
    0x00, 0x00, 0x00, 0x00, 0x00, 0x00, 0x00, 0x00, 0x00, 0x00, 0x00, 0x00, 0x00, 0x00, 0x00, 0x00,
    0x01, 0x01, 0x01, 0x00, 0x01, 0x01, 0x01, 0x00, 0x01, 0x01, 0x01, 0x00, 0x01, 0x01, 0x01, 0x00,
    0x01, 0x01, 0x01, 0x00, 0x00, 0x00, 0x00, 0x00, 0x00, 0x00, 0x00, 0x00, 0x00, 0x00, 0x00, 0x00,
    0x00, 0x00, 0x00, 0x00, 0x00, 0x00, 0x00, 0x00, 0x1c, 0x1c, 0x1c, 0x24, 0x34, 0x30, 0x30, 0x74,
    0x3d, 0x3a, 0x37, 0xca, 0x43, 0x40, 0x3c, 0xff, 0x40, 0x3d, 0x39, 0xff, 0x3c, 0x38, 0x35, 0xfc,
    0x55, 0x51, 0x4d, 0xfe, 0x79, 0x76, 0x71, 0xff, 0x78, 0x74, 0x71, 0xff, 0x68, 0x64, 0x60, 0xff,
    0x6e, 0x6c, 0x67, 0xff, 0x7c, 0x79, 0x75, 0xff, 0x89, 0x85, 0x81, 0xff, 0x99, 0x94, 0x8f, 0xff,
    0x9c, 0x9b, 0x99, 0xff, 0xa3, 0xa7, 0xa7, 0xff, 0xba, 0xbb, 0xb9, 0xff, 0xc9, 0xca, 0xc9, 0xff,
    0xe9, 0xe8, 0xe8, 0xff, 0xab, 0xaa, 0xaa, 0xff, 0x4c, 0x49, 0x45, 0xff, 0x55, 0x51, 0x4d, 0xff,
    0x49, 0x46, 0x43, 0xfd, 0x40, 0x3d, 0x3b, 0xdb, 0x1e, 0x1e, 0x1e, 0xb5, 0x0f, 0x0f, 0x0e, 0xd3,
    0x40, 0x3f, 0x3e, 0xf2, 0x8e, 0x8d, 0x8b, 0xfd, 0x97, 0x95, 0x93, 0xff, 0x5c, 0x5a, 0x59, 0xbf,
    0x3a, 0x3a, 0x3a, 0x4a, 0x00, 0x00, 0x00, 0x00, 0x00, 0x00, 0x00, 0x00, 0x00, 0x00, 0x00, 0x03,
    0x00, 0x00, 0x00, 0x00, 0x00, 0x00, 0x00, 0x01, 0x00, 0x00, 0x00, 0x01, 0x00, 0x00, 0x00, 0x00,
    0x00, 0x00, 0x00, 0x01, 0x00, 0x00, 0x00, 0x00, 0x00, 0x00, 0x00, 0x00, 0x00, 0x00, 0x00, 0x00,
    0x00, 0x00, 0x00, 0x00, 0x00, 0x00, 0x00, 0x00, 0x00, 0x00, 0x00, 0x01, 0x00, 0x00, 0x00, 0x01,
    0x00, 0x00, 0x00, 0x00, 0x00, 0x00, 0x00, 0x01, 0x00, 0x00, 0x00, 0x00, 0x00, 0x00, 0x00, 0x00,
    0x00, 0x00, 0x00, 0x00, 0x00, 0x00, 0x00, 0x00, 0x3f, 0x3f, 0x3f, 0x04, 0x00, 0x00, 0x00, 0x00,
    0x3b, 0x3b, 0x3b, 0x51, 0x3b, 0x3b, 0x39, 0xff, 0x1c, 0x1b, 0x1b, 0xfd, 0x15, 0x13, 0x13, 0xff,
    0x24, 0x22, 0x22, 0xff, 0x3e, 0x39, 0x37, 0xff, 0x42, 0x3e, 0x3b, 0xff, 0x46, 0x41, 0x3d, 0xff,
    0x49, 0x44, 0x43, 0xff, 0x4b, 0x46, 0x43, 0xff, 0x4c, 0x48, 0x44, 0xff, 0x4a, 0x47, 0x43, 0xff,
    0x4a, 0x46, 0x43, 0xff, 0x4b, 0x47, 0x44, 0xff, 0x4b, 0x47, 0x44, 0xff, 0x4b, 0x47, 0x43, 0xff,
    0x4b, 0x47, 0x44, 0xff, 0x4c, 0x47, 0x45, 0xff, 0x4c, 0x48, 0x44, 0xff, 0x4d, 0x49, 0x46, 0xff,
    0x4f, 0x4b, 0x48, 0xff, 0x50, 0x4b, 0x48, 0xff, 0x52, 0x4e, 0x4c, 0xff, 0x58, 0x53, 0x51, 0xff,
    0x60, 0x5b, 0x58, 0xff, 0x68, 0x63, 0x60, 0xff, 0x72, 0x6c, 0x6a, 0xff, 0x7e, 0x78, 0x76, 0xff,
    0x8a, 0x86, 0x83, 0xff, 0x99, 0x94, 0x90, 0xff, 0x6a, 0x68, 0x63, 0xff, 0x39, 0x36, 0x33, 0xff,
    0x34, 0x30, 0x2e, 0xff, 0x38, 0x35, 0x32, 0xfd, 0x39, 0x35, 0x32, 0xff, 0x31, 0x2f, 0x2c, 0xf2,
    0x2a, 0x26, 0x24, 0x7f, 0x1a, 0x1a, 0x1a, 0x27, 0x00, 0x00, 0x00, 0x00, 0x00, 0x00, 0x00, 0x00,
    0x00, 0x00, 0x00, 0x00, 0x7f, 0x7f, 0x7f, 0x02, 0x2a, 0x2a, 0x2a, 0x06, 0x24, 0x24, 0x24, 0x07,
    0x00, 0x00, 0x00, 0x13, 0x00, 0x00, 0x00, 0x1a, 0x00, 0x00, 0x00, 0x36, 0x00, 0x00, 0x00, 0x45,
    0x00, 0x02, 0x02, 0x57, 0x03, 0x03, 0x03, 0x50, 0x06, 0x06, 0x06, 0x51, 0x03, 0x03, 0x03, 0x41,
    0x0b, 0x0b, 0x0b, 0x2d, 0x1e, 0x1e, 0x1e, 0x11, 0x3f, 0x3f, 0x3f, 0x04, 0x00, 0x00, 0x00, 0x00,
    0x00, 0x00, 0x00, 0x00, 0x1e, 0x1e, 0x1e, 0x22, 0x29, 0x27, 0x27, 0x7a, 0x30, 0x2d, 0x2b, 0xe5,
    0x38, 0x34, 0x30, 0xff, 0x34, 0x31, 0x2d, 0xfe, 0x30, 0x2c, 0x28, 0xfe, 0x3b, 0x36, 0x34, 0xff,
    0x6b, 0x66, 0x63, 0xff, 0x96, 0x92, 0x8d, 0xff, 0x99, 0x95, 0x91, 0xff, 0x9c, 0x97, 0x93, 0xff,
    0x97, 0x93, 0x8e, 0xff, 0x7a, 0x75, 0x71, 0xff, 0x60, 0x5b, 0x59, 0xff, 0x5e, 0x5a, 0x57, 0xff,
    0x5b, 0x57, 0x54, 0xfe, 0x48, 0x45, 0x41, 0xed, 0x4a, 0x46, 0x42, 0xfb, 0x44, 0x41, 0x3d, 0xff,
    0x3e, 0x3a, 0x37, 0xff, 0x3b, 0x36, 0x33, 0xff, 0x35, 0x30, 0x2d, 0xff, 0x30, 0x2d, 0x29, 0xff,
    0x2e, 0x2b, 0x27, 0xff, 0x2c, 0x29, 0x25, 0xff, 0x2b, 0x28, 0x27, 0xff, 0x2a, 0x27, 0x26, 0xff,
    0x2a, 0x27, 0x27, 0xff, 0x31, 0x2c, 0x2a, 0xff, 0x3a, 0x36, 0x32, 0xff, 0x43, 0x3f, 0x3b, 0xff,
    0x4a, 0x45, 0x42, 0xff, 0x4d, 0x49, 0x46, 0xff, 0x4f, 0x4a, 0x47, 0xff, 0x50, 0x4c, 0x48, 0xff,
    0x50, 0x4c, 0x47, 0xff, 0x4f, 0x4b, 0x48, 0xff, 0x50, 0x4c, 0x48, 0xff, 0x4f, 0x4b, 0x47, 0xff,
    0x4f, 0x4b, 0x47, 0xff, 0x4f, 0x4b, 0x49, 0xff, 0x51, 0x4c, 0x49, 0xff, 0x50, 0x4b, 0x48, 0xff,
    0x4f, 0x4b, 0x49, 0xff, 0x51, 0x4c, 0x49, 0xff, 0x4f, 0x4c, 0x48, 0xff, 0x4f, 0x4b, 0x48, 0xff,
    0x4f, 0x4b, 0x47, 0xff, 0x4f, 0x4c, 0x47, 0xff, 0x4e, 0x4b, 0x48, 0xff, 0x4f, 0x4b, 0x47, 0xff,
    0x4f, 0x4b, 0x48, 0xff, 0x4e, 0x4b, 0x47, 0xff, 0x4e, 0x4a, 0x46, 0xff, 0x4c, 0x49, 0x46, 0xff,
    0x4e, 0x4a, 0x47, 0xff, 0x4e, 0x4a, 0x47, 0xff, 0x4d, 0x4a, 0x46, 0xff, 0x4e, 0x4a, 0x46, 0xff,
    0x4d, 0x48, 0x45, 0xff, 0x4e, 0x49, 0x46, 0xff, 0x4d, 0x48, 0x46, 0xff, 0x4d, 0x48, 0x45, 0xff,
    0x4c, 0x47, 0x45, 0xff, 0x4d, 0x48, 0x44, 0xff, 0x4c, 0x47, 0x45, 0xff, 0x4d, 0x49, 0x46, 0xff,
    0x4d, 0x49, 0x44, 0xff, 0x4c, 0x48, 0x45, 0xff, 0x4c, 0x48, 0x43, 0xff, 0x4b, 0x47, 0x44, 0xff,
    0x4a, 0x46, 0x43, 0xff, 0x4b, 0x47, 0x42, 0xff, 0x4a, 0x46, 0x42, 0xff, 0x4a, 0x47, 0x42, 0xff,
    0x49, 0x45, 0x41, 0xff, 0x49, 0x45, 0x42, 0xff, 0x4a, 0x44, 0x41, 0xff, 0x4a, 0x45, 0x41, 0xff,
    0x49, 0x45, 0x41, 0xff, 0x48, 0x44, 0x40, 0xff, 0x48, 0x43, 0x40, 0xff, 0x48, 0x43, 0x40, 0xff,
    0x47, 0x44, 0x40, 0xff, 0x48, 0x44, 0x40, 0xff, 0x48, 0x43, 0x41, 0xff, 0x47, 0x44, 0x40, 0xff,
    0x48, 0x44, 0x41, 0xff, 0x48, 0x44, 0x40, 0xff, 0x49, 0x45, 0x41, 0xff, 0x4a, 0x45, 0x42, 0xff,
    0x4a, 0x45, 0x43, 0xff, 0x4a, 0x45, 0x42, 0xff, 0x4d, 0x48, 0x46, 0xff, 0x46, 0x43, 0x3e, 0xfb,
    0x3a, 0x37, 0x34, 0xeb, 0x4a, 0x44, 0x42, 0xff, 0x48, 0x44, 0x41, 0xfe, 0x4a, 0x45, 0x42, 0xff,
    0x4a, 0x46, 0x42, 0xff, 0x4b, 0x45, 0x42, 0xff, 0x4a, 0x45, 0x44, 0xff, 0x4a, 0x45, 0x42, 0xff,
    0x49, 0x45, 0x41, 0xff, 0x49, 0x45, 0x41, 0xff, 0x4a, 0x46, 0x42, 0xff, 0x4f, 0x4b, 0x48, 0xff,
    0x5e, 0x5a, 0x56, 0xff, 0x7a, 0x77, 0x72, 0xff, 0x93, 0x8f, 0x8c, 0xff, 0x9b, 0x97, 0x93, 0xff,
    0x93, 0x8f, 0x8e, 0xff, 0x87, 0x83, 0x80, 0xff, 0x77, 0x73, 0x6f, 0xff, 0x6a, 0x65, 0x62, 0xff,
    0x6a, 0x64, 0x61, 0xff, 0x69, 0x63, 0x61, 0xff, 0x66, 0x61, 0x5e, 0xff, 0x63, 0x5e, 0x5c, 0xff,
    0x5f, 0x5a, 0x57, 0xff, 0x5c, 0x57, 0x55, 0xff, 0x5b, 0x55, 0x52, 0xff, 0x58, 0x53, 0x4f, 0xff,
    0x5d, 0x58, 0x55, 0xff, 0x68, 0x63, 0x60, 0xff, 0x4a, 0x47, 0x43, 0xff, 0x2d, 0x2a, 0x26, 0xfe,
    0x2e, 0x2b, 0x27, 0xfb, 0x37, 0x34, 0x30, 0xff, 0x34, 0x31, 0x2e, 0xf8, 0x30, 0x2f, 0x2d, 0x8d,
    0x23, 0x23, 0x23, 0x2b, 0x00, 0x00, 0x00, 0x00, 0x00, 0x00, 0x00, 0x00, 0x00, 0x00, 0x00, 0x00,
    0x2e, 0x17, 0x2e, 0x0b, 0x0d, 0x0d, 0x0d, 0x13, 0x0b, 0x05, 0x0b, 0x2e, 0x04, 0x04, 0x04, 0x39,
    0x00, 0x03, 0x00, 0x54, 0x00, 0x00, 0x00, 0x5c, 0x00, 0x00, 0x00, 0x55, 0x00, 0x00, 0x00, 0x4c,
    0x00, 0x00, 0x00, 0x47, 0x04, 0x04, 0x04, 0x3e, 0x07, 0x07, 0x07, 0x20, 0x19, 0x19, 0x19, 0x0a,
    0xff, 0x7f, 0x7f, 0x02, 0x01, 0x01, 0x01, 0x00, 0x00, 0x00, 0x00, 0x00, 0x00, 0x00, 0x00, 0x00,
    0x00, 0x00, 0x00, 0x0e, 0x2c, 0x2c, 0x2a, 0x5b, 0x3b, 0x36, 0x33, 0xcf, 0x41, 0x3d, 0x3c, 0xff,
    0x33, 0x30, 0x2d, 0xfe, 0x2f, 0x2c, 0x28, 0xfd, 0x64, 0x5f, 0x5d, 0xff, 0x9e, 0x98, 0x95, 0xff,
    0x89, 0x84, 0x80, 0xff, 0x7e, 0x79, 0x76, 0xff, 0x88, 0x83, 0x7f, 0xff, 0x93, 0x8f, 0x8b, 0xff,
    0x9f, 0x9a, 0x95, 0xff, 0xa0, 0x9e, 0x9a, 0xff, 0xc0, 0xbf, 0xbb, 0xff, 0xc7, 0xc8, 0xc7, 0xff,
    0xaf, 0xaf, 0xaf, 0xff, 0x8a, 0x89, 0x88, 0xff, 0x47, 0x43, 0x42, 0xfe, 0x4a, 0x46, 0x45, 0xfe,
    0x6a, 0x68, 0x65, 0xff, 0x6e, 0x6c, 0x69, 0xff, 0x7d, 0x7a, 0x79, 0xff, 0x6b, 0x69, 0x68, 0xfd,
    0x3d, 0x3c, 0x3b, 0xf7, 0x26, 0x26, 0x24, 0xbb, 0x5a, 0x59, 0x58, 0xbf, 0x94, 0x91, 0x8f, 0xff,
    0x87, 0x85, 0x83, 0xfa, 0x89, 0x87, 0x86, 0x98, 0x7f, 0x7f, 0x7f, 0x0a, 0x00, 0x00, 0x01, 0x00,
    0xff, 0xff, 0xff, 0x01, 0x00, 0x00, 0x00, 0x00, 0x00, 0x00, 0x00, 0x01, 0x00, 0x00, 0x00, 0x01,
    0x00, 0x00, 0x00, 0x00, 0x00, 0x00, 0x00, 0x01, 0x00, 0x00, 0x00, 0x02, 0x00, 0x00, 0x00, 0x00,
    0x00, 0x00, 0x00, 0x00, 0x00, 0x00, 0x00, 0x00, 0x00, 0x00, 0x00, 0x00, 0x00, 0x00, 0x00, 0x00,
    0x00, 0x00, 0x00, 0x00, 0x00, 0x00, 0x00, 0x01, 0x00, 0x00, 0x00, 0x01, 0x00, 0x00, 0x00, 0x00,
    0x00, 0x00, 0x00, 0x00, 0x00, 0x00, 0x00, 0x01, 0x55, 0x55, 0x55, 0x03, 0x00, 0x00, 0x00, 0x00,
    0x4d, 0x4d, 0x4d, 0x38, 0x39, 0x39, 0x39, 0xfe, 0x1d, 0x1c, 0x1c, 0xfe, 0x16, 0x15, 0x14, 0xff,
    0x10, 0x0f, 0x0f, 0xff, 0x1b, 0x19, 0x19, 0xff, 0x2b, 0x27, 0x26, 0xff, 0x2d, 0x28, 0x26, 0xff,
    0x2c, 0x28, 0x28, 0xff, 0x2d, 0x29, 0x28, 0xff, 0x2c, 0x29, 0x27, 0xff, 0x2e, 0x2b, 0x27, 0xff,
    0x2f, 0x2b, 0x2a, 0xff, 0x31, 0x2f, 0x2b, 0xff, 0x34, 0x31, 0x2f, 0xff, 0x37, 0x34, 0x31, 0xff,
    0x38, 0x34, 0x34, 0xff, 0x3a, 0x36, 0x36, 0xff, 0x3e, 0x3b, 0x37, 0xff, 0x41, 0x3d, 0x39, 0xff,
    0x45, 0x41, 0x3d, 0xff, 0x4a, 0x45, 0x42, 0xff, 0x4c, 0x48, 0x45, 0xff, 0x50, 0x4b, 0x48, 0xff,
    0x56, 0x51, 0x4e, 0xff, 0x5e, 0x59, 0x57, 0xff, 0x68, 0x62, 0x60, 0xff, 0x72, 0x6c, 0x6a, 0xff,
    0x81, 0x7c, 0x7a, 0xff, 0x61, 0x5d, 0x5b, 0xff, 0x2d, 0x2a, 0x27, 0xff, 0x2f, 0x2c, 0x28, 0xff,
    0x37, 0x33, 0x30, 0xfb, 0x3b, 0x37, 0x34, 0xff, 0x33, 0x31, 0x31, 0xea, 0x17, 0x12, 0x17, 0x36,
    0x00, 0x00, 0x00, 0x00, 0x00, 0x00, 0x00, 0x00, 0x3f, 0x3f, 0x3f, 0x04, 0x01, 0x01, 0x01, 0x00,
    0x00, 0x00, 0x00, 0x0c, 0x00, 0x00, 0x00, 0x1a, 0x00, 0x00, 0x00, 0x45, 0x06, 0x06, 0x04, 0x6f,
    0x0d, 0x0d, 0x0d, 0x98, 0x15, 0x15, 0x15, 0x9b, 0x17, 0x17, 0x17, 0xb9, 0x1a, 0x19, 0x1a, 0xbd,
    0x1a, 0x19, 0x19, 0xcc, 0x16, 0x15, 0x16, 0xbe, 0x13, 0x12, 0x12, 0xb3, 0x0d, 0x0d, 0x0e, 0xaf,
    0x05, 0x06, 0x06, 0x94, 0x02, 0x04, 0x04, 0x6e, 0x00, 0x03, 0x00, 0x47, 0x04, 0x04, 0x04, 0x3a,
    0x18, 0x18, 0x18, 0x15, 0x00, 0x00, 0x00, 0x00, 0x00, 0x00, 0x00, 0x00, 0x12, 0x12, 0x12, 0x1c,
    0x29, 0x29, 0x27, 0x9b, 0x30, 0x2e, 0x2c, 0xfe, 0x34, 0x30, 0x2d, 0xff, 0x31, 0x2d, 0x29, 0xfc,
    0x31, 0x2c, 0x2a, 0xff, 0x4e, 0x4a, 0x47, 0xff, 0x6a, 0x65, 0x61, 0xff, 0x66, 0x61, 0x5c, 0xff,
    0x5f, 0x59, 0x57, 0xff, 0x5d, 0x58, 0x54, 0xff, 0x5f, 0x5a, 0x58, 0xff, 0x59, 0x54, 0x51, 0xfe,
    0x56, 0x52, 0x4f, 0xff, 0x4b, 0x48, 0x46, 0xe9, 0x42, 0x3c, 0x3a, 0xf3, 0x43, 0x3f, 0x3c, 0xff,
    0x3b, 0x38, 0x34, 0xff, 0x37, 0x33, 0x30, 0xff, 0x33, 0x2f, 0x2c, 0xff, 0x2e, 0x2c, 0x28, 0xff,
    0x2b, 0x2a, 0x26, 0xff, 0x2a, 0x28, 0x26, 0xff, 0x27, 0x26, 0x26, 0xff, 0x27, 0x25, 0x24, 0xff,
    0x26, 0x24, 0x25, 0xff, 0x25, 0x24, 0x22, 0xff, 0x28, 0x26, 0x22, 0xff, 0x2e, 0x2b, 0x27, 0xff,
    0x36, 0x32, 0x2e, 0xff, 0x3b, 0x36, 0x33, 0xff, 0x3e, 0x3b, 0x37, 0xff, 0x40, 0x3d, 0x3a, 0xff,
    0x41, 0x3c, 0x39, 0xff, 0x42, 0x3e, 0x3a, 0xff, 0x42, 0x3f, 0x3c, 0xff, 0x43, 0x3f, 0x3c, 0xff,
    0x43, 0x3f, 0x3c, 0xff, 0x45, 0x41, 0x3e, 0xff, 0x44, 0x40, 0x3d, 0xff, 0x45, 0x40, 0x3d, 0xff,
    0x45, 0x40, 0x3e, 0xff, 0x45, 0x41, 0x3f, 0xff, 0x45, 0x41, 0x3e, 0xff, 0x45, 0x40, 0x3e, 0xff,
    0x45, 0x42, 0x3e, 0xff, 0x47, 0x43, 0x3f, 0xff, 0x46, 0x42, 0x3f, 0xff, 0x46, 0x42, 0x3f, 0xff,
    0x46, 0x42, 0x3f, 0xff, 0x45, 0x42, 0x3e, 0xff, 0x46, 0x40, 0x3d, 0xff, 0x45, 0x42, 0x3e, 0xff,
    0x45, 0x41, 0x3d, 0xff, 0x45, 0x40, 0x3e, 0xff, 0x44, 0x41, 0x3d, 0xff, 0x45, 0x41, 0x3d, 0xff,
    0x45, 0x40, 0x3d, 0xff, 0x45, 0x41, 0x3d, 0xff, 0x44, 0x40, 0x3e, 0xff, 0x45, 0x40, 0x3d, 0xff,
    0x44, 0x40, 0x3d, 0xff, 0x45, 0x3f, 0x3d, 0xff, 0x45, 0x40, 0x3e, 0xff, 0x44, 0x40, 0x3d, 0xff,
    0x44, 0x41, 0x3d, 0xff, 0x44, 0x40, 0x3d, 0xff, 0x45, 0x41, 0x3d, 0xff, 0x44, 0x40, 0x3c, 0xff,
    0x44, 0x3f, 0x3c, 0xff, 0x42, 0x3f, 0x3b, 0xff, 0x43, 0x40, 0x3b, 0xff, 0x42, 0x3e, 0x3a, 0xff,
    0x42, 0x3d, 0x3a, 0xff, 0x43, 0x3d, 0x3b, 0xff, 0x42, 0x3e, 0x3b, 0xff, 0x42, 0x3e, 0x3b, 0xff,
    0x43, 0x3f, 0x3c, 0xff, 0x42, 0x3e, 0x3b, 0xff, 0x41, 0x3d, 0x3a, 0xff, 0x41, 0x3d, 0x3a, 0xff,
    0x41, 0x3d, 0x3a, 0xff, 0x41, 0x3d, 0x3a, 0xff, 0x43, 0x3e, 0x3b, 0xff, 0x43, 0x3f, 0x3b, 0xff,
    0x43, 0x3f, 0x3c, 0xff, 0x43, 0x40, 0x3c, 0xff, 0x43, 0x3f, 0x3b, 0xff, 0x43, 0x3f, 0x3b, 0xff,
    0x43, 0x3f, 0x3c, 0xff, 0x43, 0x3f, 0x3b, 0xff, 0x46, 0x41, 0x3e, 0xff, 0x41, 0x3e, 0x3a, 0xf4,
    0x3a, 0x37, 0x35, 0xcd, 0x41, 0x3e, 0x3a, 0xff, 0x41, 0x3d, 0x39, 0xfe, 0x44, 0x3f, 0x3c, 0xff,
    0x44, 0x3e, 0x3d, 0xff, 0x42, 0x3e, 0x3b, 0xff, 0x44, 0x40, 0x3d, 0xff, 0x45, 0x41, 0x3e, 0xff,
    0x47, 0x43, 0x3f, 0xff, 0x48, 0x43, 0x40, 0xff, 0x4a, 0x45, 0x42, 0xff, 0x4b, 0x48, 0x44, 0xff,
    0x4b, 0x47, 0x44, 0xff, 0x4d, 0x49, 0x45, 0xff, 0x5a, 0x54, 0x52, 0xff, 0x73, 0x6f, 0x6c, 0xff,
    0x8f, 0x8a, 0x88, 0xff, 0xa2, 0x9d, 0x99, 0xff, 0x9c, 0x98, 0x93, 0xff, 0x8d, 0x88, 0x84, 0xff,
    0x81, 0x7d, 0x79, 0xff, 0x7a, 0x75, 0x71, 0xff, 0x72, 0x6e, 0x6a, 0xff, 0x6c, 0x68, 0x64, 0xff,
    0x68, 0x62, 0x60, 0xff, 0x65, 0x5f, 0x5c, 0xff, 0x60, 0x5b, 0x59, 0xff, 0x69, 0x64, 0x62, 0xff,
    0x6b, 0x66, 0x64, 0xff, 0x3f, 0x3c, 0x39, 0xff, 0x29, 0x26, 0x22, 0xfd, 0x30, 0x2d, 0x29, 0xfe,
    0x36, 0x31, 0x2f, 0xff, 0x2d, 0x2c, 0x2b, 0xb7, 0x1c, 0x1c, 0x1c, 0x35, 0x00, 0x00, 0x00, 0x00,
    0x00, 0x00, 0x00, 0x00, 0x01, 0x01, 0x01, 0x00, 0x0d, 0x14, 0x14, 0x26, 0x05, 0x05, 0x05, 0x5e,
    0x02, 0x04, 0x04, 0x7c, 0x03, 0x04, 0x04, 0xa1, 0x08, 0x08, 0x08, 0xb9, 0x0f, 0x0f, 0x0f, 0xba,
    0x17, 0x16, 0x16, 0xca, 0x1c, 0x1b, 0x1b, 0xc6, 0x1c, 0x1c, 0x1a, 0xc7, 0x1c, 0x1b, 0x1a, 0xc4,
    0x19, 0x19, 0x18, 0xd1, 0x14, 0x14, 0x14, 0xc9, 0x0d, 0x0f, 0x0d, 0xbb, 0x06, 0x08, 0x08, 0x9e,
    0x02, 0x02, 0x02, 0x69, 0x00, 0x00, 0x00, 0x36, 0x0d, 0x00, 0x0d, 0x13, 0x01, 0x01, 0x01, 0x00,
    0x01, 0x01, 0x01, 0x00, 0x00, 0x00, 0x00, 0x00, 0x00, 0x00, 0x00, 0x0d, 0x2e, 0x2e, 0x2d, 0x88,
    0x35, 0x33, 0x2f, 0xfa, 0x36, 0x31, 0x2e, 0xff, 0x2a, 0x25, 0x22, 0xfc, 0x53, 0x4f, 0x4b, 0xff,
    0xa0, 0x9b, 0x98, 0xff, 0x96, 0x90, 0x8c, 0xff, 0x88, 0x83, 0x80, 0xff, 0x93, 0x8f, 0x8b, 0xff,
    0x9f, 0x9b, 0x98, 0xff, 0xa9, 0xa5, 0xa1, 0xff, 0xaa, 0xa5, 0xa1, 0xff, 0x94, 0x91, 0x8d, 0xff,
    0x75, 0x73, 0x71, 0xff, 0x5e, 0x5e, 0x5d, 0xff, 0x1e, 0x1a, 0x19, 0xff, 0x22, 0x1e, 0x1d, 0xff,
    0x34, 0x2f, 0x2f, 0xff, 0x3e, 0x3b, 0x3a, 0xfe, 0x4e, 0x4a, 0x49, 0xfd, 0x5f, 0x5c, 0x5c, 0xff,
    0x66, 0x62, 0x62, 0xff, 0x59, 0x56, 0x53, 0xf8, 0x1e, 0x1e, 0x1c, 0xd0, 0x38, 0x38, 0x38, 0xe9,
    0x87, 0x84, 0x82, 0xff, 0xa6, 0xa5, 0xa3, 0xff, 0x71, 0x71, 0x6f, 0xb2, 0x00, 0x00, 0x00, 0x08,
    0xaa, 0xaa, 0xaa, 0x03, 0x00, 0x00, 0x00, 0x01, 0x00, 0x00, 0x00, 0x01, 0x00, 0x00, 0x00, 0x01,
    0x00, 0x00, 0x00, 0x00, 0x00, 0x00, 0x00, 0x01, 0x00, 0x00, 0x00, 0x01, 0x00, 0x00, 0x00, 0x00,
    0x00, 0x00, 0x00, 0x00, 0x00, 0x00, 0x00, 0x00, 0x00, 0x00, 0x00, 0x01, 0x00, 0x00, 0x00, 0x00,
    0x00, 0x00, 0x00, 0x01, 0x00, 0x00, 0x00, 0x01, 0x00, 0x00, 0x00, 0x01, 0x00, 0x00, 0x00, 0x00,
    0x00, 0x00, 0x00, 0x00, 0x00, 0x00, 0x00, 0x00, 0x00, 0x00, 0x00, 0x02, 0x00, 0x00, 0x00, 0x00,
    0x5d, 0x5d, 0x57, 0x26, 0x38, 0x39, 0x38, 0xfd, 0x1c, 0x1c, 0x1b, 0xff, 0x14, 0x14, 0x14, 0xff,
    0x12, 0x12, 0x12, 0xff, 0x13, 0x12, 0x12, 0xff, 0x18, 0x17, 0x17, 0xff, 0x1f, 0x1d, 0x1d, 0xff,
    0x21, 0x1e, 0x1f, 0xff, 0x20, 0x1e, 0x1f, 0xff, 0x21, 0x1d, 0x1e, 0xff, 0x23, 0x20, 0x1f, 0xff,
    0x24, 0x21, 0x20, 0xff, 0x24, 0x23, 0x20, 0xff, 0x25, 0x24, 0x21, 0xff, 0x27, 0x27, 0x22, 0xff,
    0x2a, 0x26, 0x24, 0xff, 0x2c, 0x28, 0x26, 0xff, 0x2f, 0x2c, 0x28, 0xff, 0x30, 0x2e, 0x2b, 0xff,
    0x32, 0x2f, 0x2d, 0xff, 0x3a, 0x35, 0x33, 0xff, 0x42, 0x3f, 0x3b, 0xff, 0x4e, 0x4b, 0x47, 0xff,
    0x53, 0x4e, 0x4c, 0xff, 0x59, 0x54, 0x51, 0xff, 0x5d, 0x58, 0x56, 0xff, 0x67, 0x62, 0x60, 0xff,
    0x54, 0x50, 0x4d, 0xff, 0x2c, 0x28, 0x26, 0xff, 0x31, 0x2d, 0x29, 0xff, 0x33, 0x2e, 0x2c, 0xfb,
    0x32, 0x2e, 0x2b, 0xff, 0x34, 0x31, 0x31, 0xd7, 0x36, 0x36, 0x3a, 0x41, 0x00, 0x00, 0x00, 0x00,
    0x2a, 0x2a, 0x2a, 0x06, 0x00, 0x00, 0x01, 0x00, 0x00, 0x00, 0x00, 0x04, 0x00, 0x00, 0x00, 0x37,
    0x06, 0x08, 0x08, 0x7c, 0x14, 0x14, 0x14, 0xab, 0x24, 0x23, 0x22, 0xd9, 0x31, 0x2e, 0x2d, 0xf3,
    0x3a, 0x37, 0x37, 0xff, 0x3f, 0x3c, 0x3b, 0xff, 0x40, 0x3c, 0x3c, 0xff, 0x3f, 0x3b, 0x3c, 0xff,
    0x3c, 0x39, 0x37, 0xff, 0x3e, 0x3a, 0x38, 0xff, 0x3b, 0x37, 0x35, 0xff, 0x33, 0x2f, 0x2f, 0xff,
    0x29, 0x26, 0x26, 0xec, 0x1f, 0x1f, 0x1d, 0xd5, 0x14, 0x13, 0x13, 0xab, 0x06, 0x08, 0x06, 0x78,
    0x02, 0x02, 0x02, 0x68, 0x03, 0x07, 0x07, 0x45, 0x1c, 0x1c, 0x1c, 0x12, 0x00, 0x00, 0x00, 0x00,
    0x00, 0x00, 0x00, 0x00, 0x23, 0x23, 0x23, 0x56, 0x2f, 0x2d, 0x2b, 0xe8, 0x34, 0x31, 0x2d, 0xff,
    0x2f, 0x2c, 0x27, 0xfc, 0x2c, 0x27, 0x24, 0xff, 0x3e, 0x3a, 0x38, 0xff, 0x54, 0x4f, 0x4b, 0xff,
    0x56, 0x50, 0x4d, 0xff, 0x56, 0x50, 0x4d, 0xff, 0x53, 0x4e, 0x4b, 0xff, 0x51, 0x4c, 0x49, 0xff,
    0x4e, 0x4a, 0x46, 0xff, 0x4b, 0x47, 0x44, 0xfa, 0x3d, 0x39, 0x35, 0xee, 0x3f, 0x3a, 0x36, 0xff,
    0x38, 0x35, 0x32, 0xff, 0x33, 0x31, 0x2d, 0xff, 0x31, 0x2d, 0x29, 0xff, 0x2d, 0x2a, 0x26, 0xff,
    0x2b, 0x29, 0x24, 0xff, 0x28, 0x26, 0x24, 0xff, 0x26, 0x25, 0x25, 0xff, 0x28, 0x25, 0x24, 0xff,
    0x29, 0x26, 0x25, 0xff, 0x2a, 0x28, 0x26, 0xff, 0x29, 0x27, 0x25, 0xff, 0x29, 0x27, 0x24, 0xff,
    0x29, 0x27, 0x24, 0xff, 0x2a, 0x28, 0x28, 0xff, 0x2e, 0x2c, 0x28, 0xff, 0x32, 0x2f, 0x2c, 0xff,
    0x33, 0x30, 0x2d, 0xff, 0x35, 0x32, 0x2e, 0xff, 0x38, 0x35, 0x31, 0xff, 0x39, 0x35, 0x31, 0xff,
    0x3a, 0x36, 0x32, 0xff, 0x3a, 0x36, 0x33, 0xff, 0x3b, 0x36, 0x33, 0xff, 0x3b, 0x37, 0x33, 0xff,
    0x3b, 0x37, 0x33, 0xff, 0x3c, 0x38, 0x35, 0xff, 0x3d, 0x38, 0x35, 0xff, 0x3c, 0x38, 0x35, 0xff,
    0x3e, 0x39, 0x35, 0xff, 0x3d, 0x39, 0x35, 0xff, 0x3d, 0x3a, 0x36, 0xff, 0x3d, 0x39, 0x36, 0xff,
    0x3e, 0x3a, 0x36, 0xff, 0x3f, 0x3a, 0x37, 0xff, 0x3e, 0x3a, 0x36, 0xff, 0x3e, 0x3a, 0x36, 0xff,
    0x3e, 0x3a, 0x37, 0xff, 0x3e, 0x3a, 0x36, 0xff, 0x3e, 0x3a, 0x36, 0xff, 0x3d, 0x39, 0x37, 0xff,
    0x3d, 0x39, 0x36, 0xff, 0x3e, 0x39, 0x37, 0xff, 0x3f, 0x3b, 0x36, 0xff, 0x3d, 0x39, 0x37, 0xff,
    0x3e, 0x39, 0x37, 0xff, 0x3d, 0x39, 0x35, 0xff, 0x3d, 0x39, 0x36, 0xff, 0x3d, 0x39, 0x35, 0xff,
    0x3d, 0x39, 0x35, 0xff, 0x3c, 0x39, 0x35, 0xff, 0x3d, 0x39, 0x35, 0xff, 0x3d, 0x38, 0x35, 0xff,
    0x3c, 0x38, 0x35, 0xff, 0x3d, 0x39, 0x35, 0xff, 0x3c, 0x39, 0x36, 0xff, 0x3d, 0x3a, 0x35, 0xff,
    0x3d, 0x38, 0x36, 0xff, 0x3d, 0x38, 0x36, 0xff, 0x3d, 0x39, 0x35, 0xff, 0x3d, 0x39, 0x35, 0xff,
    0x3d, 0x39, 0x36, 0xff, 0x3c, 0x38, 0x36, 0xff, 0x3c, 0x38, 0x34, 0xff, 0x3d, 0x38, 0x35, 0xff,
    0x3c, 0x38, 0x35, 0xff, 0x3c, 0x38, 0x35, 0xff, 0x3c, 0x38, 0x35, 0xff, 0x3d, 0x39, 0x36, 0xff,
    0x3d, 0x39, 0x36, 0xff, 0x3e, 0x3b, 0x36, 0xff, 0x3d, 0x39, 0x36, 0xff, 0x3c, 0x39, 0x34, 0xff,
    0x3d, 0x3a, 0x35, 0xff, 0x3d, 0x39, 0x35, 0xff, 0x3f, 0x3b, 0x37, 0xff, 0x3c, 0x39, 0x35, 0xf5,
    0x34, 0x32, 0x2e, 0xd0, 0x3d, 0x39, 0x35, 0xff, 0x3c, 0x37, 0x34, 0xfe, 0x3d, 0x39, 0x36, 0xff,
    0x3d, 0x38, 0x36, 0xff, 0x3d, 0x39, 0x36, 0xff, 0x3f, 0x3b, 0x37, 0xff, 0x40, 0x3b, 0x38, 0xff,
    0x41, 0x3d, 0x3a, 0xff, 0x42, 0x3e, 0x3b, 0xff, 0x42, 0x3e, 0x3b, 0xff, 0x46, 0x42, 0x3e, 0xff,
    0x49, 0x45, 0x41, 0xff, 0x4d, 0x49, 0x46, 0xff, 0x51, 0x4d, 0x49, 0xff, 0x51, 0x4c, 0x49, 0xff,
    0x56, 0x51, 0x4e, 0xff, 0x6f, 0x6a, 0x66, 0xff, 0x9a, 0x96, 0x91, 0xff, 0xad, 0xa9, 0xa4, 0xff,
    0xa3, 0x9d, 0x9a, 0xff, 0x94, 0x8f, 0x8b, 0xff, 0x85, 0x81, 0x7d, 0xff, 0x7b, 0x77, 0x73, 0xff,
    0x75, 0x70, 0x6c, 0xff, 0x72, 0x6d, 0x69, 0xff, 0x80, 0x7b, 0x78, 0xff, 0x72, 0x6e, 0x6b, 0xff,
    0x38, 0x36, 0x31, 0xff, 0x2b, 0x28, 0x24, 0xfd, 0x33, 0x2f, 0x2c, 0xff, 0x2e, 0x2d, 0x2b, 0xfb,
    0x26, 0x28, 0x26, 0x7d, 0x00, 0x00, 0x00, 0x06, 0x00, 0x00, 0x00, 0x00, 0x01, 0x01, 0x01, 0x00,
    0x09, 0x09, 0x09, 0x1c, 0x07, 0x07, 0x05, 0x66, 0x04, 0x04, 0x04, 0x9c, 0x0b, 0x0b, 0x0b, 0xc3,
    0x17, 0x17, 0x16, 0xd0, 0x27, 0x26, 0x26, 0xec, 0x37, 0x34, 0x35, 0xf8, 0x40, 0x3d, 0x3d, 0xff,
    0x44, 0x41, 0x40, 0xff, 0x47, 0x41, 0x42, 0xff, 0x45, 0x41, 0x40, 0xff, 0x43, 0x40, 0x40, 0xff,
    0x45, 0x41, 0x40, 0xff, 0x42, 0x40, 0x3e, 0xff, 0x3c, 0x3a, 0x3a, 0xff, 0x31, 0x2f, 0x2f, 0xf9,
    0x23, 0x21, 0x22, 0xea, 0x14, 0x14, 0x14, 0xe3, 0x08, 0x08, 0x08, 0xaf, 0x00, 0x02, 0x02, 0x5b,
    0x00, 0x00, 0x00, 0x04, 0x02, 0x01, 0x01, 0x00, 0x00, 0x00, 0x00, 0x01, 0x00, 0x00, 0x00, 0x00,
    0x25, 0x25, 0x25, 0x4a, 0x34, 0x32, 0x31, 0xde, 0x38, 0x35, 0x31, 0xff, 0x26, 0x21, 0x1e, 0xfc,
    0x44, 0x3f, 0x3d, 0xff, 0xa9, 0xa3, 0xa0, 0xff, 0xac, 0xa6, 0xa4, 0xff, 0x9d, 0x98, 0x95, 0xff,
    0xa5, 0x9f, 0x9c, 0xff, 0xa8, 0xa4, 0xa1, 0xff, 0xaf, 0xab, 0xa7, 0xff, 0xaf, 0xa9, 0xa6, 0xff,
    0x9d, 0x98, 0x95, 0xff, 0x55, 0x52, 0x51, 0xfe, 0x0e, 0x0a, 0x0a, 0xff, 0x19, 0x15, 0x15, 0xff,
    0x19, 0x17, 0x15, 0xff, 0x0e, 0x0c, 0x0c, 0xfe, 0x13, 0x11, 0x10, 0xfe, 0x25, 0x23, 0x22, 0xff,
    0x25, 0x22, 0x20, 0xff, 0x28, 0x26, 0x25, 0xff, 0x3a, 0x38, 0x35, 0xff, 0x50, 0x4f, 0x4c, 0xff,
    0x56, 0x55, 0x53, 0xfe, 0x6c, 0x6a, 0x69, 0xfa, 0x7f, 0x7d, 0x7c, 0xff, 0x38, 0x38, 0x36, 0x95,
    0x00, 0x00, 0x00, 0x00, 0x7f, 0x7f, 0x7f, 0x04, 0x00, 0x00, 0x00, 0x02, 0x00, 0x00, 0x00, 0x00,
    0x00, 0x00, 0x00, 0x00, 0x00, 0x00, 0x00, 0x00, 0x00, 0x00, 0x00, 0x00, 0x00, 0x00, 0x00, 0x00,
    0x00, 0x00, 0x00, 0x00, 0x00, 0x00, 0x00, 0x00, 0x00, 0x00, 0x00, 0x00, 0x00, 0x00, 0x00, 0x00,
    0x00, 0x00, 0x00, 0x00, 0x00, 0x00, 0x00, 0x02, 0x00, 0x00, 0x00, 0x01, 0x00, 0x00, 0x00, 0x00,
    0x00, 0x00, 0x00, 0x00, 0x00, 0x00, 0x00, 0x00, 0x00, 0x00, 0x00, 0x03, 0x00, 0x00, 0x00, 0x00,
    0x3a, 0x3a, 0x3a, 0x27, 0x38, 0x39, 0x38, 0xfc, 0x1c, 0x1e, 0x1d, 0xfe, 0x11, 0x13, 0x13, 0xff,
    0x11, 0x12, 0x11, 0xff, 0x13, 0x12, 0x12, 0xff, 0x16, 0x14, 0x14, 0xff, 0x18, 0x16, 0x16, 0xff,
    0x1b, 0x19, 0x19, 0xff, 0x1c, 0x1a, 0x1a, 0xff, 0x1e, 0x1b, 0x1c, 0xff, 0x1f, 0x1c, 0x1d, 0xff,
    0x1f, 0x1d, 0x1e, 0xff, 0x21, 0x1f, 0x20, 0xff, 0x22, 0x20, 0x20, 0xff, 0x22, 0x21, 0x21, 0xff,
    0x25, 0x22, 0x22, 0xff, 0x27, 0x24, 0x21, 0xff, 0x29, 0x28, 0x24, 0xff, 0x2a, 0x28, 0x25, 0xff,
    0x2c, 0x2a, 0x28, 0xff, 0x31, 0x2d, 0x2c, 0xff, 0x35, 0x32, 0x2e, 0xff, 0x44, 0x41, 0x3d, 0xff,
    0x53, 0x4f, 0x4c, 0xff, 0x55, 0x51, 0x4e, 0xff, 0x5a, 0x56, 0x52, 0xff, 0x49, 0x45, 0x43, 0xff,
    0x27, 0x23, 0x22, 0xff, 0x2b, 0x28, 0x24, 0xff, 0x30, 0x2c, 0x28, 0xfc, 0x30, 0x2b, 0x2a, 0xff,
    0x2f, 0x2c, 0x2c, 0xbd, 0x3d, 0x46, 0x46, 0x1d, 0x00, 0x00, 0x00, 0x00, 0x00, 0x00, 0x00, 0x03,
    0x00, 0x00, 0x00, 0x00, 0x00, 0x00, 0x00, 0x27, 0x09, 0x09, 0x07, 0x83, 0x1b, 0x1a, 0x19, 0xdd,
    0x2f, 0x2d, 0x2b, 0xfc, 0x42, 0x3e, 0x3c, 0xff, 0x42, 0x3e, 0x3b, 0xff, 0x3d, 0x3a, 0x37, 0xff,
    0x38, 0x34, 0x34, 0xfe, 0x39, 0x36, 0x35, 0xfe, 0x38, 0x35, 0x34, 0xff, 0x38, 0x35, 0x36, 0xfe,
    0x35, 0x33, 0x32, 0xfe, 0x3c, 0x39, 0x38, 0xff, 0x41, 0x3d, 0x3b, 0xff, 0x40, 0x3a, 0x39, 0xfe,
    0x39, 0x36, 0x34, 0xff, 0x33, 0x30, 0x30, 0xff, 0x35, 0x33, 0x32, 0xff, 0x2d, 0x2a, 0x2a, 0xf1,
    0x1d, 0x1b, 0x1b, 0xc6, 0x09, 0x09, 0x09, 0x85, 0x02, 0x05, 0x02, 0x60, 0x09, 0x09, 0x09, 0x36,
    0x01, 0x01, 0x01, 0x00, 0x00, 0x00, 0x00, 0x00, 0x1c, 0x22, 0x22, 0x2d, 0x2c, 0x2b, 0x2a, 0xd4,
    0x30, 0x2d, 0x2a, 0xff, 0x2a, 0x26, 0x23, 0xfc, 0x2b, 0x27, 0x24, 0xff, 0x3b, 0x36, 0x33, 0xff,
    0x47, 0x43, 0x40, 0xff, 0x47, 0x41, 0x3f, 0xff, 0x47, 0x42, 0x3f, 0xff, 0x47, 0x43, 0x3f, 0xff,
    0x44, 0x40, 0x3d, 0xff, 0x44, 0x41, 0x3d, 0xff, 0x3c, 0x3a, 0x36, 0xe9, 0x36, 0x32, 0x2e, 0xf7,
    0x35, 0x32, 0x2e, 0xff, 0x31, 0x2e, 0x2a, 0xff, 0x2f, 0x2b, 0x27, 0xff, 0x2a, 0x28, 0x24, 0xff,
    0x28, 0x26, 0x21, 0xff, 0x29, 0x28, 0x23, 0xff, 0x2b, 0x29, 0x27, 0xff, 0x2c, 0x29, 0x2a, 0xff,
    0x2c, 0x2a, 0x27, 0xff, 0x2c, 0x2b, 0x25, 0xff, 0x2b, 0x29, 0x27, 0xff, 0x2a, 0x27, 0x28, 0xff,
    0x29, 0x27, 0x27, 0xff, 0x28, 0x27, 0x27, 0xff, 0x29, 0x26, 0x25, 0xff, 0x28, 0x26, 0x25, 0xff,
    0x28, 0x25, 0x24, 0xff, 0x2a, 0x27, 0x25, 0xff, 0x2b, 0x2a, 0x27, 0xff, 0x2d, 0x2b, 0x27, 0xff,
    0x2e, 0x2b, 0x29, 0xff, 0x2e, 0x2b, 0x27, 0xff, 0x2e, 0x2c, 0x27, 0xff, 0x2f, 0x2d, 0x28, 0xff,
    0x30, 0x2d, 0x29, 0xff, 0x31, 0x2e, 0x2a, 0xff, 0x32, 0x2f, 0x2b, 0xff, 0x32, 0x2e, 0x2d, 0xff,
    0x32, 0x2e, 0x2d, 0xff, 0x33, 0x2f, 0x2b, 0xff, 0x33, 0x30, 0x2c, 0xff, 0x33, 0x31, 0x2c, 0xff,
    0x33, 0x31, 0x2d, 0xff, 0x34, 0x31, 0x2d, 0xff, 0x35, 0x31, 0x2e, 0xff, 0x35, 0x32, 0x2f, 0xff,
    0x35, 0x32, 0x2e, 0xff, 0x36, 0x33, 0x2f, 0xff, 0x36, 0x32, 0x2e, 0xff, 0x34, 0x32, 0x2f, 0xff,
    0x34, 0x32, 0x2d, 0xff, 0x36, 0x32, 0x2f, 0xff, 0x35, 0x33, 0x2f, 0xff, 0x35, 0x31, 0x2d, 0xff,
    0x35, 0x31, 0x2e, 0xff, 0x35, 0x32, 0x2e, 0xff, 0x35, 0x32, 0x2e, 0xff, 0x34, 0x31, 0x2e, 0xff,
    0x36, 0x32, 0x2e, 0xff, 0x36, 0x32, 0x2f, 0xff, 0x35, 0x31, 0x2e, 0xff, 0x35, 0x32, 0x2e, 0xff,
    0x34, 0x31, 0x2e, 0xff, 0x36, 0x33, 0x2e, 0xff, 0x36, 0x33, 0x2f, 0xff, 0x36, 0x33, 0x2f, 0xff,
    0x35, 0x31, 0x2e, 0xff, 0x36, 0x32, 0x2e, 0xff, 0x35, 0x33, 0x2f, 0xff, 0x35, 0x32, 0x2e, 0xff,
    0x35, 0x33, 0x2d, 0xff, 0x35, 0x31, 0x2e, 0xff, 0x36, 0x31, 0x2f, 0xff, 0x36, 0x32, 0x2f, 0xff,
    0x35, 0x32, 0x2f, 0xff, 0x36, 0x31, 0x2e, 0xff, 0x37, 0x33, 0x2f, 0xff, 0x36, 0x32, 0x2f, 0xff,
    0x37, 0x33, 0x30, 0xff, 0x36, 0x32, 0x2f, 0xff, 0x36, 0x32, 0x2f, 0xff, 0x37, 0x32, 0x2f, 0xff,
    0x37, 0x33, 0x30, 0xff, 0x37, 0x33, 0x2f, 0xff, 0x38, 0x35, 0x30, 0xff, 0x36, 0x33, 0x2f, 0xf5,
    0x2d, 0x2c, 0x29, 0xcf, 0x37, 0x33, 0x2f, 0xff, 0x37, 0x33, 0x30, 0xfe, 0x38, 0x34, 0x30, 0xff,
    0x38, 0x34, 0x31, 0xff, 0x39, 0x35, 0x31, 0xff, 0x3a, 0x35, 0x32, 0xff, 0x3a, 0x35, 0x31, 0xff,
    0x3b, 0x37, 0x33, 0xff, 0x3b, 0x38, 0x35, 0xff, 0x3c, 0x38, 0x34, 0xff, 0x3f, 0x3a, 0x37, 0xff,
    0x42, 0x3f, 0x3b, 0xff, 0x46, 0x42, 0x40, 0xff, 0x4a, 0x46, 0x42, 0xff, 0x50, 0x4b, 0x48, 0xff,
    0x55, 0x51, 0x4d, 0xff, 0x56, 0x51, 0x4e, 0xff, 0x5e, 0x5a, 0x56, 0xff, 0x7b, 0x76, 0x71, 0xff,
    0x9f, 0x9a, 0x95, 0xff, 0xb0, 0xab, 0xa7, 0xff, 0xaa, 0xa5, 0xa2, 0xff, 0x9e, 0x9a, 0x96, 0xff,
    0x98, 0x93, 0x8e, 0xff, 0x98, 0x93, 0x8f, 0xff, 0x72, 0x6d, 0x69, 0xff, 0x2f, 0x2d, 0x29, 0xff,
    0x2b, 0x29, 0x24, 0xfd, 0x33, 0x30, 0x2f, 0xfe, 0x2f, 0x2c, 0x2d, 0xf4, 0x23, 0x23, 0x23, 0x4f,
    0x00, 0x00, 0x00, 0x00, 0x01, 0x01, 0x01, 0x00, 0x1f, 0x1f, 0x1f, 0x08, 0x06, 0x06, 0x06, 0x4e,
    0x03, 0x05, 0x05, 0x97, 0x0a, 0x0a, 0x0a, 0xa5, 0x21, 0x20, 0x1f, 0xe2, 0x36, 0x34, 0x33, 0xf4,
    0x43, 0x3f, 0x3f, 0xff, 0x42, 0x3e, 0x3e, 0xff, 0x40, 0x3b, 0x3b, 0xff, 0x3b, 0x38, 0x38, 0xfe,
    0x39, 0x36, 0x36, 0xff, 0x3b, 0x37, 0x36, 0xff, 0x3a, 0x37, 0x35, 0xff, 0x3b, 0x38, 0x37, 0xfe,
    0x3a, 0x37, 0x36, 0xff, 0x3c, 0x38, 0x37, 0xff, 0x3f, 0x3b, 0x3a, 0xff, 0x44, 0x40, 0x3e, 0xff,
    0x48, 0x44, 0x43, 0xff, 0x42, 0x3f, 0x3f, 0xff, 0x32, 0x31, 0x31, 0xff, 0x1b, 0x1a, 0x19, 0xf9,
    0x0c, 0x0c, 0x0b, 0xb8, 0x00, 0x00, 0x00, 0x40, 0x01, 0x01, 0x00, 0x00, 0x33, 0x33, 0x33, 0x05,
    0x00, 0x00, 0x00, 0x00, 0x1f, 0x1f, 0x1f, 0x28, 0x2e, 0x2d, 0x2b, 0xd7, 0x39, 0x34, 0x32, 0xff,
    0x2a, 0x25, 0x22, 0xfc, 0x43, 0x3e, 0x3d, 0xff, 0xb4, 0xaf, 0xad, 0xff, 0xbb, 0xb7, 0xb4, 0xff,
    0xad, 0xa8, 0xa5, 0xff, 0xb0, 0xaa, 0xa8, 0xff, 0xb0, 0xac, 0xa8, 0xff, 0xb3, 0xae, 0xaa, 0xff,
    0xb3, 0xaf, 0xab, 0xff, 0xa9, 0xa5, 0xa1, 0xff, 0x6a, 0x66, 0x64, 0xff, 0x23, 0x22, 0x21, 0xff,
    0x14, 0x13, 0x12, 0xfd, 0x1a, 0x18, 0x17, 0xff, 0x2b, 0x28, 0x28, 0xff, 0x43, 0x42, 0x41, 0xff,
    0x46, 0x45, 0x44, 0xff, 0x3c, 0x3a, 0x39, 0xff, 0x4a, 0x48, 0x43, 0xfe, 0x4e, 0x4c, 0x47, 0xff,
    0x5f, 0x5b, 0x57, 0xff, 0x72, 0x6e, 0x6c, 0xff, 0x8f, 0x8b, 0x8a, 0xfb, 0x8b, 0x89, 0x89, 0xff,
    0x34, 0x35, 0x34, 0x8e, 0x00, 0x00, 0x00, 0x00, 0x66, 0x66, 0x66, 0x05, 0x00, 0x00, 0x00, 0x01,
    0x00, 0x00, 0x00, 0x00, 0x00, 0x00, 0x00, 0x00, 0x00, 0x00, 0x00, 0x00, 0x00, 0x00, 0x00, 0x00,
    0x00, 0x00, 0x00, 0x00, 0x00, 0x00, 0x00, 0x00, 0x00, 0x00, 0x00, 0x00, 0x00, 0x00, 0x00, 0x00,
    0x00, 0x00, 0x00, 0x01, 0x00, 0x00, 0x00, 0x01, 0x00, 0x00, 0x00, 0x01, 0x00, 0x00, 0x00, 0x02,
    0x00, 0x00, 0x00, 0x01, 0x00, 0x00, 0x00, 0x00, 0x00, 0x00, 0x00, 0x02, 0x00, 0x00, 0x00, 0x00,
    0x48, 0x48, 0x48, 0x15, 0x3e, 0x3e, 0x3e, 0xe2, 0x22, 0x22, 0x23, 0xff, 0x10, 0x12, 0x12, 0xfd,
    0x10, 0x11, 0x11, 0xff, 0x13, 0x12, 0x12, 0xff, 0x16, 0x14, 0x13, 0xff, 0x16, 0x15, 0x14, 0xff,
    0x18, 0x16, 0x16, 0xff, 0x1a, 0x18, 0x18, 0xff, 0x1b, 0x19, 0x19, 0xff, 0x1d, 0x1b, 0x1b, 0xff,
    0x1d, 0x1c, 0x1c, 0xff, 0x1e, 0x1c, 0x1d, 0xff, 0x20, 0x1e, 0x1d, 0xff, 0x21, 0x1e, 0x1f, 0xff,
    0x22, 0x21, 0x21, 0xff, 0x23, 0x21, 0x22, 0xff, 0x26, 0x22, 0x23, 0xff, 0x27, 0x25, 0x23, 0xff,
    0x29, 0x28, 0x24, 0xff, 0x2e, 0x2b, 0x2b, 0xff, 0x35, 0x32, 0x2f, 0xff, 0x3a, 0x36, 0x32, 0xff,
    0x48, 0x45, 0x42, 0xff, 0x55, 0x51, 0x4e, 0xff, 0x4d, 0x4a, 0x47, 0xff, 0x27, 0x24, 0x23, 0xff,
    0x26, 0x23, 0x1f, 0xff, 0x2c, 0x27, 0x23, 0xfc, 0x2c, 0x29, 0x26, 0xff, 0x2b, 0x27, 0x27, 0xa6,
    0x33, 0x22, 0x22, 0x0f, 0x00, 0x00, 0x00, 0x03, 0x2a, 0x2a, 0x2a, 0x06, 0x00, 0x00, 0x00, 0x04,
    0x03, 0x06, 0x03, 0x4f, 0x17, 0x17, 0x17, 0xcd, 0x2e, 0x2b, 0x2a, 0xfb, 0x41, 0x3d, 0x3b, 0xff,
    0x3f, 0x3b, 0x39, 0xff, 0x3a, 0x37, 0x34, 0xff, 0x38, 0x34, 0x33, 0xff, 0x32, 0x2f, 0x2e, 0xfe,
    0x2b, 0x2a, 0x28, 0xfa, 0x2a, 0x27, 0x26, 0xea, 0x27, 0x25, 0x25, 0xea, 0x22, 0x22, 0x21, 0xf9,
    0x25, 0x24, 0x23, 0xf5, 0x26, 0x25, 0x24, 0xe2, 0x2a, 0x28, 0x26, 0xe5, 0x2e, 0x2c, 0x2a, 0xfc,
    0x35, 0x33, 0x32, 0xff, 0x33, 0x31, 0x30, 0xff, 0x33, 0x31, 0x31, 0xff, 0x35, 0x31, 0x30, 0xff,
    0x36, 0x33, 0x31, 0xff, 0x2b, 0x29, 0x27, 0xed, 0x16, 0x16, 0x15, 0xa9, 0x04, 0x06, 0x04, 0xa2,
    0x07, 0x07, 0x07, 0x68, 0x1e, 0x1e, 0x0f, 0x11, 0x00, 0x00, 0x00, 0x00, 0x11, 0x1a, 0x1a, 0x1d,
    0x2a, 0x28, 0x28, 0xce, 0x31, 0x2d, 0x2a, 0xff, 0x2b, 0x28, 0x24, 0xfc, 0x2a, 0x27, 0x23, 0xff,
    0x34, 0x32, 0x2f, 0xff, 0x3e, 0x39, 0x36, 0xff, 0x3e, 0x3a, 0x37, 0xff, 0x3d, 0x39, 0x36, 0xff,
    0x3c, 0x39, 0x35, 0xff, 0x3b, 0x37, 0x33, 0xff, 0x3a, 0x37, 0x34, 0xf3, 0x31, 0x2e, 0x2b, 0xeb,
    0x31, 0x2e, 0x2a, 0xff, 0x2e, 0x2b, 0x27, 0xff, 0x2b, 0x29, 0x24, 0xff, 0x2a, 0x29, 0x24, 0xff,
    0x2d, 0x2b, 0x26, 0xff, 0x2e, 0x2c, 0x27, 0xff, 0x2c, 0x2b, 0x29, 0xff, 0x2b, 0x2a, 0x29, 0xff,
    0x2a, 0x29, 0x26, 0xff, 0x2a, 0x29, 0x23, 0xff, 0x28, 0x27, 0x25, 0xff, 0x28, 0x26, 0x26, 0xff,
    0x28, 0x26, 0x26, 0xff, 0x29, 0x27, 0x25, 0xff, 0x2a, 0x28, 0x25, 0xff, 0x29, 0x28, 0x26, 0xff,
    0x2a, 0x28, 0x25, 0xff, 0x2a, 0x27, 0x26, 0xff, 0x28, 0x27, 0x24, 0xff, 0x27, 0x26, 0x23, 0xff,
    0x26, 0x26, 0x25, 0xff, 0x26, 0x25, 0x24, 0xff, 0x27, 0x25, 0x23, 0xff, 0x26, 0x26, 0x23, 0xff,
    0x28, 0x26, 0x23, 0xff, 0x27, 0x25, 0x24, 0xff, 0x28, 0x26, 0x25, 0xff, 0x28, 0x25, 0x25, 0xff,
    0x28, 0x26, 0x26, 0xff, 0x28, 0x26, 0x25, 0xff, 0x29, 0x27, 0x24, 0xff, 0x29, 0x28, 0x24, 0xff,
    0x2b, 0x29, 0x25, 0xff, 0x2b, 0x29, 0x25, 0xff, 0x2c, 0x2a, 0x25, 0xff, 0x2c, 0x2b, 0x26, 0xff,
    0x2c, 0x2b, 0x27, 0xff, 0x2c, 0x2a, 0x27, 0xff, 0x2d, 0x2a, 0x27, 0xff, 0x2c, 0x2b, 0x27, 0xff,
    0x2d, 0x2b, 0x27, 0xff, 0x2c, 0x2b, 0x27, 0xff, 0x2d, 0x2c, 0x28, 0xff, 0x30, 0x2d, 0x28, 0xff,
    0x2f, 0x2c, 0x28, 0xff, 0x2f, 0x2e, 0x2a, 0xff, 0x30, 0x2d, 0x2a, 0xff, 0x2e, 0x2d, 0x28, 0xff,
    0x2f, 0x2c, 0x28, 0xff, 0x2e, 0x2b, 0x28, 0xff, 0x2e, 0x2b, 0x27, 0xff, 0x2e, 0x2c, 0x28, 0xff,
    0x30, 0x2c, 0x28, 0xff, 0x30, 0x2e, 0x29, 0xff, 0x30, 0x2e, 0x29, 0xff, 0x30, 0x2e, 0x2a, 0xff,
    0x2e, 0x2d, 0x2a, 0xff, 0x2f, 0x2e, 0x29, 0xff, 0x2e, 0x2d, 0x28, 0xff, 0x2e, 0x2d, 0x28, 0xff,
    0x2e, 0x2d, 0x29, 0xff, 0x2f, 0x2d, 0x28, 0xff, 0x31, 0x2c, 0x29, 0xff, 0x31, 0x2d, 0x29, 0xff,
    0x31, 0x2d, 0x29, 0xff, 0x30, 0x2d, 0x29, 0xff, 0x30, 0x2d, 0x29, 0xff, 0x2f, 0x2c, 0x29, 0xff,
    0x2f, 0x2c, 0x28, 0xff, 0x2f, 0x2c, 0x28, 0xff, 0x30, 0x2c, 0x28, 0xff, 0x30, 0x2d, 0x29, 0xff,
    0x31, 0x2d, 0x29, 0xff, 0x31, 0x2d, 0x29, 0xff, 0x32, 0x30, 0x2b, 0xff, 0x30, 0x2d, 0x28, 0xf5,
    0x29, 0x28, 0x24, 0xcf, 0x33, 0x30, 0x2c, 0xff, 0x31, 0x2f, 0x2b, 0xfe, 0x33, 0x30, 0x2b, 0xff,
    0x33, 0x2f, 0x2b, 0xff, 0x33, 0x2f, 0x2d, 0xff, 0x34, 0x30, 0x2d, 0xff, 0x34, 0x33, 0x2e, 0xff,
    0x37, 0x33, 0x2f, 0xff, 0x37, 0x33, 0x2f, 0xff, 0x38, 0x34, 0x30, 0xff, 0x39, 0x36, 0x32, 0xff,
    0x3c, 0x39, 0x35, 0xff, 0x3f, 0x3b, 0x38, 0xff, 0x45, 0x40, 0x3d, 0xff, 0x48, 0x43, 0x40, 0xff,
    0x4d, 0x49, 0x46, 0xff, 0x54, 0x4f, 0x4c, 0xff, 0x58, 0x52, 0x4f, 0xff, 0x57, 0x52, 0x4f, 0xff,
    0x5f, 0x5a, 0x57, 0xff, 0x75, 0x70, 0x6d, 0xff, 0x85, 0x81, 0x7e, 0xff, 0x88, 0x83, 0x7f, 0xff,
    0x88, 0x82, 0x7f, 0xff, 0x68, 0x64, 0x62, 0xff, 0x2c, 0x29, 0x25, 0xff, 0x29, 0x27, 0x22, 0xfe,
    0x30, 0x2d, 0x29, 0xfe, 0x2e, 0x2c, 0x2b, 0xf3, 0x1d, 0x21, 0x21, 0x4d, 0x00, 0x00, 0x00, 0x00,
    0x00, 0x00, 0x00, 0x00, 0x08, 0x08, 0x08, 0x1d, 0x06, 0x06, 0x06, 0x97, 0x08, 0x08, 0x08, 0xcf,
    0x1c, 0x1a, 0x1a, 0xd1, 0x33, 0x31, 0x32, 0xf7, 0x3d, 0x3a, 0x3a, 0xff, 0x3b, 0x38, 0x38, 0xff,
    0x34, 0x32, 0x30, 0xff, 0x32, 0x31, 0x30, 0xff, 0x31, 0x30, 0x2e, 0xfe, 0x2e, 0x2c, 0x2b, 0xfc,
    0x2a, 0x28, 0x27, 0xf5, 0x2a, 0x2a, 0x27, 0xe6, 0x29, 0x28, 0x27, 0xe8, 0x29, 0x28, 0x28, 0xf2,
    0x28, 0x26, 0x26, 0xea, 0x29, 0x27, 0x26, 0xed, 0x2d, 0x2b, 0x29, 0xfa, 0x31, 0x30, 0x2f, 0xff,
    0x36, 0x34, 0x33, 0xff, 0x39, 0x37, 0x35, 0xff, 0x42, 0x3e, 0x3d, 0xfc, 0x43, 0x41, 0x40, 0xff,
    0x35, 0x33, 0x32, 0xff, 0x1a, 0x1a, 0x1a, 0xeb, 0x05, 0x07, 0x07, 0x8a, 0x00, 0x00, 0x00, 0x12,
    0xff, 0xff, 0xff, 0x01, 0x00, 0x00, 0x00, 0x00, 0x20, 0x18, 0x20, 0x1f, 0x2e, 0x2d, 0x2d, 0xdc,
    0x39, 0x36, 0x32, 0xff, 0x27, 0x23, 0x22, 0xfd, 0x48, 0x43, 0x42, 0xff, 0xba, 0xb6, 0xb2, 0xff,
    0xc0, 0xba, 0xb8, 0xff, 0xbc, 0xb5, 0xb3, 0xff, 0xbd, 0xb7, 0xb4, 0xff, 0xbd, 0xb7, 0xb4, 0xff,
    0xb7, 0xb3, 0xae, 0xff, 0xb3, 0xae, 0xaa, 0xff, 0xaf, 0xaa, 0xa6, 0xff, 0x92, 0x8f, 0x8c, 0xff,
    0x5d, 0x5c, 0x59, 0xfc, 0x3c, 0x3a, 0x36, 0xff, 0x50, 0x4d, 0x4b, 0xff, 0x5b, 0x59, 0x57, 0xff,
    0x50, 0x4e, 0x4a, 0xff, 0x48, 0x45, 0x42, 0xff, 0x4b, 0x48, 0x45, 0xff, 0x4d, 0x49, 0x46, 0xff,
    0x4f, 0x4b, 0x47, 0xff, 0x55, 0x50, 0x4e, 0xff, 0x6d, 0x69, 0x66, 0xff, 0x9c, 0x99, 0x98, 0xfc,
    0x8e, 0x8d, 0x8d, 0xff, 0x36, 0x36, 0x36, 0x75, 0x00, 0x00, 0x00, 0x00, 0x55, 0x55, 0x55, 0x03,
    0x00, 0x00, 0x00, 0x00, 0x00, 0x00, 0x00, 0x00, 0x00, 0x00, 0x00, 0x01, 0x00, 0x00, 0x00, 0x01,
    0x00, 0x00, 0x00, 0x01, 0x00, 0x00, 0x00, 0x00, 0x00, 0x00, 0x00, 0x00, 0x00, 0x00, 0x00, 0x00,
    0x00, 0x00, 0x00, 0x00, 0x00, 0x00, 0x00, 0x04, 0x00, 0x00, 0x00, 0x02, 0x00, 0x00, 0x00, 0x00,
    0x00, 0x00, 0x00, 0x00, 0x00, 0x00, 0x00, 0x01, 0x00, 0x00, 0x00, 0x01, 0x00, 0x00, 0x00, 0x00,
    0x2a, 0x2a, 0x2a, 0x0c, 0x42, 0x40, 0x42, 0xd0, 0x35, 0x36, 0x35, 0xff, 0x1d, 0x1e, 0x1d, 0xfd,
    0x12, 0x12, 0x12, 0xff, 0x11, 0x10, 0x10, 0xff, 0x15, 0x13, 0x13, 0xff, 0x16, 0x14, 0x13, 0xff,
    0x17, 0x16, 0x15, 0xff, 0x1a, 0x18, 0x17, 0xff, 0x1a, 0x18, 0x19, 0xff, 0x1c, 0x1a, 0x1a, 0xff,
    0x1c, 0x1b, 0x1b, 0xff, 0x1c, 0x1b, 0x1b, 0xff, 0x1d, 0x1c, 0x1c, 0xff, 0x1e, 0x1c, 0x1c, 0xff,
    0x20, 0x1e, 0x1e, 0xff, 0x21, 0x20, 0x20, 0xff, 0x23, 0x21, 0x20, 0xff, 0x25, 0x23, 0x23, 0xff,
    0x28, 0x26, 0x23, 0xff, 0x2c, 0x2a, 0x28, 0xff, 0x31, 0x2e, 0x2d, 0xff, 0x37, 0x34, 0x2f, 0xff,
    0x3c, 0x38, 0x34, 0xff, 0x43, 0x3f, 0x3c, 0xff, 0x2a, 0x28, 0x27, 0xff, 0x21, 0x20, 0x1d, 0xff,
    0x28, 0x25, 0x20, 0xfc, 0x2a, 0x26, 0x23, 0xff, 0x23, 0x23, 0x22, 0xb3, 0x00, 0x00, 0x00, 0x01,
    0x00, 0x00, 0x00, 0x03, 0x33, 0x33, 0x33, 0x05, 0x00, 0x00, 0x00, 0x02, 0x08, 0x08, 0x08, 0x7f,
    0x20, 0x1e, 0x1e, 0xf1, 0x3f, 0x3d, 0x3b, 0xff, 0x43, 0x3f, 0x3d, 0xfe, 0x32, 0x2f, 0x2d, 0xfe,
    0x2f, 0x2c, 0x29, 0xfe, 0x29, 0x27, 0x25, 0xed, 0x1d, 0x1d, 0x1d, 0xd6, 0x1a, 0x1a, 0x19, 0xdf,
    0x1f, 0x1f, 0x1f, 0xe8, 0x28, 0x28, 0x28, 0xe2, 0x36, 0x35, 0x35, 0xc0, 0x30, 0x31, 0x30, 0xdf,
    0x32, 0x34, 0x32, 0xd9, 0x38, 0x39, 0x38, 0xb1, 0x2a, 0x2a, 0x2a, 0xc2, 0x1b, 0x1c, 0x1c, 0xe5,
    0x1a, 0x1a, 0x19, 0xf0, 0x25, 0x24, 0x23, 0xf4, 0x32, 0x30, 0x2f, 0xf4, 0x30, 0x2e, 0x2e, 0xff,
    0x36, 0x34, 0x33, 0xfd, 0x3b, 0x39, 0x36, 0xff, 0x35, 0x31, 0x30, 0xff, 0x21, 0x1f, 0x1e, 0xd8,
    0x07, 0x09, 0x09, 0xa5, 0x02, 0x05, 0x05, 0x66, 0x0f, 0x0f, 0x0f, 0x11, 0x00, 0x00, 0x00, 0x00,
    0x14, 0x14, 0x14, 0x25, 0x2a, 0x29, 0x28, 0xd8, 0x30, 0x2d, 0x2a, 0xff, 0x2e, 0x2c, 0x27, 0xfd,
    0x2e, 0x2b, 0x27, 0xff, 0x33, 0x30, 0x2c, 0xff, 0x36, 0x32, 0x2f, 0xff, 0x35, 0x32, 0x2e, 0xff,
    0x35, 0x31, 0x2d, 0xff, 0x34, 0x30, 0x2c, 0xff, 0x36, 0x33, 0x2d, 0xff, 0x32, 0x32, 0x2d, 0xe8,
    0x2d, 0x29, 0x26, 0xf9, 0x2a, 0x28, 0x24, 0xff, 0x2b, 0x2a, 0x25, 0xff, 0x30, 0x2d, 0x2a, 0xff,
    0x2f, 0x2d, 0x29, 0xff, 0x2c, 0x2b, 0x28, 0xff, 0x2a, 0x29, 0x28, 0xff, 0x2b, 0x29, 0x29, 0xff,
    0x2a, 0x28, 0x25, 0xff, 0x2a, 0x29, 0x24, 0xff, 0x28, 0x26, 0x26, 0xff, 0x27, 0x25, 0x25, 0xff,
    0x28, 0x26, 0x25, 0xff, 0x28, 0x26, 0x23, 0xff, 0x27, 0x26, 0x21, 0xff, 0x27, 0x26, 0x23, 0xff,
    0x28, 0x27, 0x23, 0xff, 0x29, 0x27, 0x25, 0xff, 0x2a, 0x29, 0x24, 0xff, 0x2a, 0x28, 0x25, 0xff,
    0x29, 0x28, 0x25, 0xff, 0x2a, 0x28, 0x28, 0xff, 0x2b, 0x28, 0x28, 0xff, 0x2b, 0x29, 0x27, 0xff,
    0x2b, 0x29, 0x27, 0xff, 0x2a, 0x28, 0x27, 0xff, 0x28, 0x27, 0x26, 0xff, 0x29, 0x26, 0x26, 0xff,
    0x28, 0x26, 0x25, 0xff, 0x26, 0x25, 0x25, 0xff, 0x27, 0x25, 0x26, 0xff, 0x29, 0x27, 0x24, 0xff,
    0x28, 0x27, 0x22, 0xff, 0x2a, 0x27, 0x23, 0xff, 0x28, 0x26, 0x24, 0xff, 0x29, 0x27, 0x24, 0xff,
    0x2a, 0x28, 0x24, 0xff, 0x29, 0x27, 0x24, 0xff, 0x28, 0x26, 0x24, 0xff, 0x29, 0x27, 0x26, 0xff,
    0x28, 0x27, 0x23, 0xff, 0x28, 0x27, 0x25, 0xff, 0x28, 0x27, 0x25, 0xff, 0x29, 0x28, 0x23, 0xff,
    0x29, 0x27, 0x24, 0xff, 0x2a, 0x27, 0x24, 0xff, 0x2a, 0x27, 0x25, 0xff, 0x29, 0x27, 0x24, 0xff,
    0x29, 0x27, 0x24, 0xff, 0x29, 0x26, 0x25, 0xff, 0x29, 0x26, 0x23, 0xff, 0x29, 0x26, 0x23, 0xff,
    0x28, 0x27, 0x23, 0xff, 0x29, 0x28, 0x24, 0xff, 0x29, 0x28, 0x25, 0xff, 0x29, 0x27, 0x26, 0xff,
    0x29, 0x27, 0x25, 0xff, 0x2a, 0x28, 0x24, 0xff, 0x29, 0x28, 0x22, 0xff, 0x2a, 0x28, 0x23, 0xff,
    0x2a, 0x28, 0x23, 0xff, 0x2a, 0x27, 0x23, 0xff, 0x2c, 0x28, 0x24, 0xff, 0x2c, 0x28, 0x24, 0xff,
    0x2c, 0x29, 0x24, 0xff, 0x2c, 0x28, 0x24, 0xff, 0x2c, 0x27, 0x26, 0xff, 0x2a, 0x28, 0x24, 0xff,
    0x2a, 0x28, 0x23, 0xff, 0x2b, 0x28, 0x24, 0xff, 0x2b, 0x28, 0x24, 0xff, 0x2a, 0x29, 0x24, 0xff,
    0x2a, 0x28, 0x24, 0xff, 0x2a, 0x29, 0x24, 0xff, 0x2b, 0x2b, 0x26, 0xff, 0x2b, 0x29, 0x24, 0xf6,
    0x24, 0x23, 0x1f, 0xd1, 0x2d, 0x2c, 0x26, 0xff, 0x2b, 0x29, 0x25, 0xfe, 0x2d, 0x2a, 0x28, 0xff,
    0x2d, 0x2b, 0x27, 0xff, 0x2f, 0x2c, 0x27, 0xff, 0x2f, 0x2c, 0x29, 0xff, 0x31, 0x2d, 0x29, 0xff,
    0x31, 0x2e, 0x2a, 0xff, 0x32, 0x2d, 0x2a, 0xff, 0x30, 0x2e, 0x29, 0xff, 0x33, 0x31, 0x2c, 0xff,
    0x37, 0x32, 0x2f, 0xff, 0x3a, 0x35, 0x32, 0xff, 0x3c, 0x39, 0x36, 0xff, 0x40, 0x3c, 0x38, 0xff,
    0x44, 0x3f, 0x3c, 0xff, 0x49, 0x45, 0x42, 0xff, 0x50, 0x4a, 0x46, 0xff, 0x54, 0x50, 0x4d, 0xff,
    0x57, 0x52, 0x4f, 0xff, 0x53, 0x4e, 0x4b, 0xff, 0x50, 0x4c, 0x49, 0xff, 0x50, 0x4b, 0x48, 0xff,
    0x4a, 0x46, 0x42, 0xff, 0x2f, 0x2d, 0x28, 0xff, 0x2a, 0x28, 0x23, 0xfe, 0x2f, 0x2c, 0x27, 0xfc,
    0x2c, 0x2a, 0x27, 0xfc, 0x1f, 0x1f, 0x1c, 0x50, 0x00, 0x00, 0x00, 0x00, 0x00, 0x00, 0x00, 0x00,
    0x08, 0x00, 0x08, 0x1f, 0x06, 0x06, 0x06, 0xa6, 0x0e, 0x0e, 0x0d, 0xd7, 0x2a, 0x29, 0x27, 0xfc,
    0x41, 0x3e, 0x3d, 0xff, 0x3c, 0x3a, 0x38, 0xff, 0x2b, 0x28, 0x27, 0xfe, 0x2f, 0x2c, 0x2c, 0xff,
    0x2e, 0x2d, 0x2b, 0xf2, 0x24, 0x23, 0x23, 0xe5, 0x1e, 0x1f, 0x1e, 0xea, 0x20, 0x20, 0x1f, 0xe3,
    0x24, 0x24, 0x24, 0xe5, 0x33, 0x33, 0x31, 0xbe, 0x40, 0x3f, 0x3f, 0xa5, 0x3a, 0x3a, 0x38, 0xbc,
    0x34, 0x36, 0x33, 0xcb, 0x28, 0x28, 0x28, 0xde, 0x1e, 0x1e, 0x1e, 0xd7, 0x1c, 0x1c, 0x1a, 0xd4,
    0x22, 0x20, 0x20, 0xd2, 0x2f, 0x2c, 0x2c, 0xec, 0x34, 0x31, 0x30, 0xff, 0x38, 0x36, 0x34, 0xff,
    0x43, 0x41, 0x3f, 0xfc, 0x44, 0x41, 0x40, 0xff, 0x2a, 0x29, 0x28, 0xff, 0x0c, 0x0e, 0x0c, 0xb6,
    0x00, 0x00, 0x00, 0x14, 0x7f, 0x7f, 0x7f, 0x02, 0x00, 0x00, 0x00, 0x00, 0x1b, 0x1b, 0x1b, 0x2f,
    0x2e, 0x2c, 0x2c, 0xe5, 0x35, 0x31, 0x30, 0xff, 0x22, 0x1e, 0x1c, 0xfd, 0x51, 0x4b, 0x49, 0xff,
    0xb7, 0xb0, 0xaf, 0xff, 0xc0, 0xb9, 0xb6, 0xff, 0xc5, 0xbe, 0xbb, 0xff, 0xc6, 0xc0, 0xbd, 0xff,
    0xc5, 0xc0, 0xbc, 0xff, 0xbf, 0xba, 0xb8, 0xff, 0xb5, 0xaf, 0xad, 0xff, 0xb2, 0xad, 0xaa, 0xff,
    0xb0, 0xac, 0xa9, 0xff, 0x96, 0x92, 0x8f, 0xff, 0x7c, 0x79, 0x75, 0xff, 0x5f, 0x5b, 0x57, 0xff,
    0x4a, 0x46, 0x43, 0xff, 0x49, 0x46, 0x43, 0xff, 0x4c, 0x48, 0x44, 0xff, 0x50, 0x4d, 0x48, 0xff,
    0x53, 0x50, 0x4d, 0xff, 0x53, 0x50, 0x4d, 0xff, 0x4f, 0x4c, 0x49, 0xff, 0x54, 0x51, 0x50, 0xfe,
    0x87, 0x83, 0x80, 0xfb, 0x7b, 0x78, 0x77, 0xff, 0x2e, 0x2e, 0x2e, 0x57, 0x00, 0x00, 0x00, 0x00,
    0x55, 0x55, 0x55, 0x03, 0x00, 0x00, 0x00, 0x00, 0x00, 0x00, 0x00, 0x00, 0x00, 0x00, 0x00, 0x01,
    0x00, 0x00, 0x00, 0x00, 0x00, 0x00, 0x00, 0x02, 0x00, 0x00, 0x00, 0x02, 0x00, 0x00, 0x00, 0x00,
    0x00, 0x00, 0x00, 0x0e, 0x00, 0x00, 0x00, 0x08, 0x00, 0x00, 0x00, 0x02, 0x00, 0x00, 0x00, 0x02,
    0x00, 0x00, 0x00, 0x00, 0x00, 0x00, 0x00, 0x01, 0x00, 0x00, 0x00, 0x00, 0x24, 0x24, 0x24, 0x07,
    0x00, 0x00, 0x00, 0x04, 0x46, 0x47, 0x46, 0xae, 0x3f, 0x3f, 0x3e, 0xff, 0x23, 0x24, 0x23, 0xfc,
    0x1d, 0x1b, 0x1b, 0xff, 0x15, 0x14, 0x13, 0xff, 0x14, 0x12, 0x12, 0xff, 0x16, 0x13, 0x13, 0xff,
    0x16, 0x16, 0x14, 0xff, 0x19, 0x18, 0x17, 0xff, 0x1a, 0x18, 0x18, 0xff, 0x1a, 0x19, 0x18, 0xff,
    0x1b, 0x19, 0x18, 0xff, 0x1b, 0x1b, 0x1b, 0xff, 0x1c, 0x1a, 0x1b, 0xff, 0x1d, 0x1b, 0x1c, 0xff,
    0x1d, 0x1b, 0x1b, 0xff, 0x1f, 0x1d, 0x1d, 0xff, 0x20, 0x20, 0x1f, 0xff, 0x23, 0x21, 0x22, 0xff,
    0x25, 0x24, 0x22, 0xff, 0x29, 0x27, 0x24, 0xff, 0x2c, 0x2a, 0x28, 0xff, 0x30, 0x2e, 0x2a, 0xff,
    0x35, 0x32, 0x2f, 0xff, 0x2c, 0x29, 0x29, 0xff, 0x1f, 0x1b, 0x1a, 0xff, 0x24, 0x21, 0x1f, 0xfc,
    0x27, 0x24, 0x23, 0xff, 0x21, 0x20, 0x1f, 0xde, 0x14, 0x14, 0x1e, 0x19, 0x00, 0x00, 0x00, 0x03,
    0x00, 0x00, 0x00, 0x08, 0x00, 0x00, 0x00, 0x13, 0x0c, 0x0a, 0x0a, 0x8d, 0x23, 0x20, 0x20, 0xf4,
    0x3b, 0x38, 0x38, 0xff, 0x3b, 0x38, 0x37, 0xfc, 0x34, 0x31, 0x30, 0xfe, 0x30, 0x2e, 0x2e, 0xfe,
    0x1a, 0x18, 0x18, 0xee, 0x1d, 0x1d, 0x1d, 0xbd, 0x36, 0x38, 0x36, 0xd1, 0x43, 0x44, 0x43, 0xfb,
    0x4a, 0x49, 0x48, 0xff, 0x46, 0x46, 0x46, 0xfb, 0x3d, 0x3d, 0x3b, 0xf3, 0x3a, 0x3a, 0x39, 0xe2,
    0x3a, 0x3b, 0x3a, 0xe6, 0x3e, 0x3f, 0x3e, 0xf8, 0x4a, 0x4a, 0x4a, 0xfc, 0x51, 0x50, 0x50, 0xf8,
    0x47, 0x48, 0x47, 0xf9, 0x31, 0x32, 0x32, 0xd9, 0x17, 0x17, 0x17, 0xc1, 0x1f, 0x1e, 0x1e, 0xe8,
    0x35, 0x34, 0x34, 0xfe, 0x39, 0x38, 0x36, 0xff, 0x3d, 0x3a, 0x38, 0xfa, 0x34, 0x32, 0x31, 0xff,
    0x23, 0x23, 0x22, 0xdd, 0x0d, 0x0d, 0x0d, 0x87, 0x00, 0x00, 0x00, 0x4f, 0x0f, 0x0f, 0x0f, 0x10,
    0x00, 0x00, 0x00, 0x00, 0x1e, 0x1e, 0x19, 0x32, 0x2d, 0x2c, 0x29, 0xec, 0x30, 0x2d, 0x29, 0xfd,
    0x30, 0x2d, 0x29, 0xfe, 0x2f, 0x2c, 0x29, 0xff, 0x2c, 0x2a, 0x26, 0xff, 0x2f, 0x2c, 0x27, 0xff,
    0x2f, 0x2c, 0x28, 0xff, 0x2e, 0x2b, 0x27, 0xfe, 0x2e, 0x2b, 0x27, 0xff, 0x31, 0x2f, 0x2c, 0xed,
    0x2b, 0x29, 0x26, 0xe5, 0x2d, 0x2b, 0x27, 0xff, 0x30, 0x2d, 0x29, 0xff, 0x30, 0x2e, 0x2a, 0xff,
    0x2e, 0x2b, 0x2b, 0xff, 0x2c, 0x2b, 0x2a, 0xff, 0x2a, 0x2a, 0x29, 0xff, 0x2a, 0x28, 0x28, 0xff,
    0x2a, 0x29, 0x24, 0xff, 0x29, 0x29, 0x23, 0xff, 0x27, 0x26, 0x23, 0xff, 0x26, 0x25, 0x24, 0xff,
    0x26, 0x24, 0x24, 0xff, 0x25, 0x23, 0x23, 0xff, 0x25, 0x23, 0x23, 0xff, 0x25, 0x24, 0x23, 0xff,
    0x26, 0x23, 0x23, 0xff, 0x25, 0x24, 0x24, 0xff, 0x25, 0x24, 0x23, 0xff, 0x26, 0x23, 0x23, 0xff,
    0x26, 0x24, 0x24, 0xff, 0x27, 0x25, 0x25, 0xff, 0x27, 0x25, 0x24, 0xff, 0x28, 0x27, 0x22, 0xff,
    0x28, 0x28, 0x23, 0xff, 0x29, 0x27, 0x26, 0xff, 0x29, 0x28, 0x27, 0xff, 0x29, 0x27, 0x27, 0xff,
    0x29, 0x27, 0x26, 0xff, 0x2a, 0x27, 0x27, 0xff, 0x2a, 0x28, 0x27, 0xff, 0x2b, 0x29, 0x25, 0xff,
    0x2c, 0x28, 0x24, 0xff, 0x2c, 0x29, 0x25, 0xff, 0x2b, 0x28, 0x29, 0xff, 0x2b, 0x29, 0x29, 0xff,
    0x2b, 0x28, 0x28, 0xff, 0x2b, 0x29, 0x28, 0xff, 0x2c, 0x29, 0x28, 0xff, 0x2c, 0x29, 0x28, 0xff,
    0x2a, 0x2a, 0x24, 0xff, 0x2c, 0x2a, 0x26, 0xff, 0x2c, 0x2a, 0x26, 0xff, 0x2c, 0x2a, 0x25, 0xff,
    0x2b, 0x2a, 0x25, 0xff, 0x2b, 0x29, 0x26, 0xff, 0x2b, 0x29, 0x25, 0xff, 0x2b, 0x29, 0x25, 0xff,
    0x2b, 0x29, 0x26, 0xff, 0x2c, 0x29, 0x25, 0xff, 0x2b, 0x29, 0x25, 0xff, 0x2a, 0x29, 0x24, 0xff,
    0x2a, 0x28, 0x26, 0xff, 0x29, 0x27, 0x27, 0xff, 0x29, 0x27, 0x27, 0xff, 0x2b, 0x28, 0x26, 0xff,
    0x2b, 0x28, 0x23, 0xff, 0x2b, 0x28, 0x23, 0xff, 0x2a, 0x29, 0x23, 0xff, 0x2a, 0x28, 0x23, 0xff,
    0x2b, 0x29, 0x24, 0xff, 0x29, 0x28, 0x23, 0xff, 0x29, 0x28, 0x23, 0xff, 0x29, 0x27, 0x22, 0xff,
    0x2b, 0x27, 0x24, 0xff, 0x2a, 0x26, 0x24, 0xff, 0x29, 0x24, 0x25, 0xff, 0x29, 0x26, 0x22, 0xff,
    0x29, 0x26, 0x22, 0xff, 0x28, 0x25, 0x22, 0xff, 0x29, 0x25, 0x22, 0xff, 0x29, 0x26, 0x22, 0xff,
    0x28, 0x25, 0x22, 0xff, 0x27, 0x25, 0x21, 0xfe, 0x29, 0x26, 0x22, 0xff, 0x26, 0x25, 0x20, 0xef,
    0x21, 0x1f, 0x1d, 0xdb, 0x2a, 0x27, 0x23, 0xff, 0x27, 0x25, 0x22, 0xfe, 0x28, 0x24, 0x25, 0xff,
    0x28, 0x26, 0x22, 0xff, 0x2a, 0x28, 0x22, 0xff, 0x2a, 0x27, 0x23, 0xff, 0x2b, 0x27, 0x23, 0xff,
    0x2b, 0x27, 0x24, 0xff, 0x2c, 0x29, 0x25, 0xff, 0x2d, 0x29, 0x26, 0xff, 0x2f, 0x2b, 0x27, 0xff,
    0x32, 0x2d, 0x2a, 0xff, 0x34, 0x2f, 0x2c, 0xff, 0x35, 0x31, 0x2d, 0xff, 0x38, 0x34, 0x30, 0xff,
    0x3c, 0x39, 0x34, 0xff, 0x40, 0x3d, 0x3a, 0xff, 0x46, 0x42, 0x3d, 0xff, 0x49, 0x45, 0x41, 0xff,
    0x4b, 0x48, 0x43, 0xff, 0x4c, 0x48, 0x44, 0xff, 0x4b, 0x47, 0x43, 0xff, 0x47, 0x43, 0x3f, 0xff,
    0x34, 0x32, 0x2d, 0xff, 0x2a, 0x29, 0x23, 0xff, 0x2e, 0x2a, 0x28, 0xfb, 0x30, 0x2d, 0x2c, 0xff,
    0x1b, 0x19, 0x1b, 0x95, 0x00, 0x00, 0x00, 0x00, 0x00, 0x00, 0x00, 0x02, 0x0e, 0x0e, 0x0e, 0x23,
    0x06, 0x06, 0x06, 0xb7, 0x13, 0x11, 0x11, 0xd5, 0x30, 0x2d, 0x2d, 0xf9, 0x3f, 0x3b, 0x3a, 0xff,
    0x33, 0x31, 0x31, 0xfe, 0x2f, 0x2d, 0x2c, 0xfe, 0x33, 0x32, 0x30, 0xff, 0x20, 0x1f, 0x1d, 0xeb,
    0x20, 0x20, 0x1e, 0xb7, 0x33, 0x35, 0x33, 0xca, 0x41, 0x41, 0x40, 0xfe, 0x4b, 0x4b, 0x49, 0xfa,
    0x47, 0x47, 0x46, 0xf8, 0x3c, 0x3c, 0x3c, 0xf8, 0x36, 0x35, 0x33, 0xf8, 0x37, 0x37, 0x37, 0xf2,
    0x3d, 0x3e, 0x3e, 0xf3, 0x48, 0x49, 0x49, 0xfb, 0x4c, 0x4c, 0x4c, 0xfb, 0x47, 0x46, 0x45, 0xef,
    0x37, 0x37, 0x37, 0xb9, 0x1c, 0x1c, 0x1b, 0xa8, 0x20, 0x1e, 0x1e, 0xc6, 0x33, 0x31, 0x31, 0xf3,
    0x33, 0x30, 0x2f, 0xff, 0x3d, 0x3b, 0x39, 0xfd, 0x4b, 0x4a, 0x47, 0xfb, 0x35, 0x34, 0x33, 0xff,
    0x14, 0x15, 0x15, 0xc7, 0x00, 0x00, 0x00, 0x17, 0x2a, 0x2a, 0x2a, 0x06, 0x00, 0x00, 0x00, 0x00,
    0x1b, 0x1b, 0x1b, 0x42, 0x2b, 0x29, 0x29, 0xf6, 0x2d, 0x29, 0x25, 0xfc, 0x20, 0x1a, 0x14, 0xfe,
    0x5b, 0x57, 0x53, 0xff, 0x90, 0x8b, 0x88, 0xff, 0x9b, 0x96, 0x92, 0xff, 0xa8, 0xa3, 0xa0, 0xff,
    0xae, 0xa9, 0xa5, 0xff, 0xae, 0xa9, 0xa7, 0xff, 0xa9, 0xa5, 0xa2, 0xff, 0xa3, 0x9e, 0x9a, 0xff,
    0x9d, 0x9a, 0x95, 0xff, 0x9a, 0x96, 0x93, 0xff, 0x91, 0x8c, 0x89, 0xff, 0x87, 0x83, 0x80, 0xff,
    0x77, 0x72, 0x6f, 0xff, 0x64, 0x61, 0x5d, 0xff, 0x59, 0x56, 0x52, 0xff, 0x53, 0x50, 0x4c, 0xff,
    0x51, 0x4f, 0x4a, 0xff, 0x51, 0x4e, 0x4a, 0xff, 0x52, 0x4f, 0x4b, 0xff, 0x54, 0x50, 0x4c, 0xff,
    0x51, 0x4f, 0x4a, 0xfb, 0x7e, 0x7a, 0x78, 0xfe, 0x47, 0x47, 0x45, 0xbe, 0x00, 0x00, 0x00, 0x04,
    0xff, 0xff, 0xff, 0x01, 0x00, 0x00, 0x00, 0x01, 0x00, 0x00, 0x00, 0x02, 0x00, 0x00, 0x00, 0x02,
    0x00, 0x00, 0x00, 0x00, 0x00, 0x00, 0x00, 0x02, 0x00, 0x00, 0x00, 0x01, 0x00, 0x00, 0x00, 0x02,
    0x00, 0x00, 0x00, 0x18, 0x00, 0x00, 0x00, 0x16, 0x00, 0x00, 0x00, 0x0d, 0x00, 0x00, 0x00, 0x05,
    0x00, 0x00, 0x00, 0x02, 0x00, 0x00, 0x00, 0x01, 0x00, 0x00, 0x00, 0x03, 0x19, 0x19, 0x19, 0x0a,
    0x00, 0x00, 0x00, 0x01, 0x47, 0x47, 0x47, 0x8f, 0x48, 0x46, 0x46, 0xff, 0x29, 0x28, 0x28, 0xfb,
    0x20, 0x1e, 0x1e, 0xff, 0x1a, 0x18, 0x18, 0xff, 0x19, 0x16, 0x16, 0xff, 0x18, 0x15, 0x15, 0xff,
    0x17, 0x16, 0x15, 0xff, 0x18, 0x16, 0x16, 0xff, 0x19, 0x18, 0x18, 0xff, 0x19, 0x17, 0x18, 0xff,
    0x1a, 0x18, 0x17, 0xff, 0x1c, 0x19, 0x19, 0xff, 0x1c, 0x1a, 0x1a, 0xff, 0x1c, 0x1b, 0x1a, 0xff,
    0x1c, 0x1b, 0x1a, 0xff, 0x1e, 0x1c, 0x1b, 0xff, 0x1f, 0x1e, 0x1e, 0xff, 0x21, 0x1f, 0x20, 0xff,
    0x23, 0x21, 0x21, 0xff, 0x26, 0x24, 0x22, 0xff, 0x29, 0x27, 0x26, 0xff, 0x2b, 0x28, 0x28, 0xff,
    0x2a, 0x29, 0x29, 0xff, 0x22, 0x20, 0x1d, 0xff, 0x21, 0x20, 0x22, 0xff, 0x27, 0x26, 0x2a, 0xfd,
    0x20, 0x20, 0x1e, 0xfa, 0x16, 0x1a, 0x16, 0x44, 0x00, 0x00, 0x00, 0x00, 0x00, 0x00, 0x00, 0x05,
    0x00, 0x00, 0x00, 0x00, 0x0c, 0x0c, 0x0c, 0x8e, 0x23, 0x20, 0x20, 0xff, 0x37, 0x34, 0x34, 0xfe,
    0x37, 0x35, 0x34, 0xfe, 0x37, 0x35, 0x34, 0xff, 0x26, 0x24, 0x23, 0xf9, 0x18, 0x17, 0x15, 0xee,
    0x3d, 0x3d, 0x3c, 0xf2, 0x4d, 0x4e, 0x4d, 0xff, 0x63, 0x64, 0x63, 0xff, 0x35, 0x36, 0x35, 0xe8,
    0x13, 0x12, 0x12, 0xa7, 0x0c, 0x0c, 0x0b, 0x9d, 0x08, 0x09, 0x08, 0xb3, 0x0c, 0x0c, 0x0c, 0xbb,
    0x11, 0x12, 0x10, 0xcc, 0x0e, 0x10, 0x0e, 0xde, 0x10, 0x11, 0x0f, 0xda, 0x19, 0x1a, 0x17, 0xca,
    0x2a, 0x28, 0x28, 0xe0, 0x58, 0x59, 0x59, 0xfa, 0x5b, 0x5c, 0x5c, 0xf6, 0x32, 0x32, 0x32, 0xf1,
    0x13, 0x13, 0x12, 0xec, 0x2a, 0x29, 0x28, 0xf7, 0x36, 0x33, 0x33, 0xff, 0x33, 0x31, 0x30, 0xfc,
    0x36, 0x32, 0x30, 0xff, 0x25, 0x23, 0x22, 0xec, 0x0c, 0x0e, 0x0c, 0x8b, 0x02, 0x05, 0x02, 0x62,
    0x15, 0x15, 0x15, 0x0c, 0x00, 0x00, 0x00, 0x00, 0x21, 0x23, 0x21, 0x64, 0x2d, 0x2c, 0x2a, 0xff,
    0x2c, 0x2b, 0x27, 0xfb, 0x2d, 0x2a, 0x28, 0xff, 0x2c, 0x29, 0x27, 0xff, 0x2a, 0x28, 0x25, 0xff,
    0x2a, 0x28, 0x25, 0xff, 0x2a, 0x28, 0x25, 0xff, 0x2c, 0x28, 0x24, 0xff, 0x2e, 0x2b, 0x28, 0xff,
    0x2f, 0x2e, 0x2d, 0xe0, 0x2d, 0x2c, 0x27, 0xfa, 0x30, 0x2e, 0x2b, 0xff, 0x2d, 0x2b, 0x28, 0xff,
    0x2d, 0x2b, 0x27, 0xff, 0x2b, 0x29, 0x28, 0xff, 0x2a, 0x29, 0x27, 0xff, 0x2a, 0x28, 0x28, 0xff,
    0x29, 0x28, 0x24, 0xff, 0x28, 0x26, 0x22, 0xff, 0x26, 0x26, 0x22, 0xff, 0x25, 0x24, 0x22, 0xff,
    0x26, 0x25, 0x22, 0xff, 0x26, 0x24, 0x21, 0xff, 0x25, 0x23, 0x22, 0xff, 0x25, 0x23, 0x23, 0xff,
    0x25, 0x22, 0x22, 0xff, 0x24, 0x21, 0x21, 0xff, 0x24, 0x23, 0x22, 0xff, 0x24, 0x22, 0x21, 0xff,
    0x25, 0x22, 0x22, 0xff, 0x24, 0x22, 0x22, 0xff, 0x24, 0x23, 0x22, 0xff, 0x24, 0x23, 0x22, 0xff,
    0x24, 0x23, 0x21, 0xff, 0x24, 0x23, 0x24, 0xff, 0x25, 0x24, 0x23, 0xff, 0x25, 0x25, 0x21, 0xff,
    0x26, 0x24, 0x23, 0xff, 0x26, 0x24, 0x24, 0xff, 0x26, 0x25, 0x22, 0xff, 0x27, 0x25, 0x22, 0xff,
    0x27, 0x26, 0x22, 0xff, 0x27, 0x25, 0x24, 0xff, 0x27, 0x25, 0x25, 0xff, 0x27, 0x25, 0x25, 0xff,
    0x27, 0x25, 0x23, 0xff, 0x28, 0x27, 0x23, 0xff, 0x28, 0x27, 0x24, 0xff, 0x2a, 0x28, 0x24, 0xff,
    0x2b, 0x28, 0x23, 0xff, 0x2a, 0x29, 0x24, 0xff, 0x29, 0x28, 0x25, 0xff, 0x2b, 0x29, 0x23, 0xff,
    0x2a, 0x2a, 0x24, 0xff, 0x2c, 0x28, 0x24, 0xff, 0x2b, 0x28, 0x24, 0xff, 0x2b, 0x29, 0x24, 0xff,
    0x2b, 0x29, 0x24, 0xff, 0x2c, 0x2a, 0x26, 0xff, 0x2d, 0x2a, 0x27, 0xff, 0x2d, 0x2a, 0x26, 0xff,
    0x2c, 0x2a, 0x27, 0xff, 0x2b, 0x28, 0x27, 0xff, 0x2c, 0x28, 0x25, 0xff, 0x2c, 0x29, 0x25, 0xff,
    0x2c, 0x29, 0x24, 0xff, 0x2c, 0x2a, 0x27, 0xff, 0x2d, 0x2a, 0x27, 0xff, 0x2d, 0x2a, 0x26, 0xff,
    0x2d, 0x2a, 0x26, 0xff, 0x2d, 0x2b, 0x26, 0xff, 0x2d, 0x2a, 0x25, 0xff, 0x2c, 0x2a, 0x26, 0xff,
    0x2d, 0x2b, 0x27, 0xff, 0x2d, 0x2b, 0x26, 0xff, 0x2d, 0x2a, 0x26, 0xff, 0x2d, 0x2b, 0x26, 0xff,
    0x2d, 0x2a, 0x25, 0xff, 0x2d, 0x2a, 0x26, 0xff, 0x2d, 0x2a, 0x26, 0xff, 0x2d, 0x29, 0x26, 0xff,
    0x2d, 0x2a, 0x26, 0xff, 0x2b, 0x28, 0x24, 0xfe, 0x2e, 0x29, 0x26, 0xff, 0x2b, 0x26, 0x24, 0xe5,
    0x25, 0x23, 0x21, 0xd7, 0x2e, 0x2a, 0x26, 0xff, 0x2c, 0x29, 0x25, 0xfe, 0x2c, 0x29, 0x24, 0xff,
    0x2b, 0x28, 0x23, 0xff, 0x2b, 0x29, 0x23, 0xff, 0x2a, 0x28, 0x23, 0xff, 0x29, 0x27, 0x22, 0xff,
    0x29, 0x26, 0x22, 0xff, 0x28, 0x26, 0x21, 0xff, 0x28, 0x27, 0x22, 0xff, 0x29, 0x27, 0x22, 0xff,
    0x2a, 0x29, 0x25, 0xff, 0x2e, 0x2b, 0x27, 0xff, 0x32, 0x2e, 0x2a, 0xff, 0x34, 0x30, 0x2c, 0xff,
    0x36, 0x32, 0x2e, 0xff, 0x3a, 0x37, 0x33, 0xff, 0x3d, 0x3a, 0x36, 0xff, 0x40, 0x3d, 0x39, 0xff,
    0x41, 0x3e, 0x3a, 0xff, 0x41, 0x3d, 0x3a, 0xff, 0x40, 0x3d, 0x38, 0xff, 0x36, 0x33, 0x2e, 0xff,
    0x2c, 0x2b, 0x26, 0xff, 0x2d, 0x2b, 0x27, 0xfc, 0x2f, 0x2d, 0x2c, 0xff, 0x22, 0x20, 0x22, 0xb4,
    0x00, 0x00, 0x00, 0x0a, 0x00, 0x00, 0x00, 0x02, 0x0f, 0x0f, 0x0f, 0x11, 0x03, 0x05, 0x03, 0x96,
    0x13, 0x13, 0x11, 0xe4, 0x31, 0x30, 0x2f, 0xfa, 0x39, 0x35, 0x36, 0xff, 0x2c, 0x2a, 0x2a, 0xff,
    0x32, 0x30, 0x2f, 0xff, 0x2b, 0x2a, 0x29, 0xfd, 0x1c, 0x1b, 0x19, 0xf9, 0x38, 0x38, 0x37, 0xf4,
    0x4b, 0x4c, 0x4b, 0xf9, 0x58, 0x57, 0x57, 0xff, 0x32, 0x31, 0x31, 0xce, 0x19, 0x19, 0x17, 0xab,
    0x11, 0x0f, 0x0f, 0xe5, 0x0d, 0x0d, 0x0e, 0xf4, 0x14, 0x15, 0x14, 0xf4, 0x0d, 0x0e, 0x0d, 0xe8,
    0x07, 0x08, 0x08, 0xc7, 0x0d, 0x0c, 0x0d, 0xaa, 0x16, 0x16, 0x15, 0xaa, 0x2c, 0x2d, 0x2d, 0xeb,
    0x5c, 0x5c, 0x5c, 0xff, 0x50, 0x52, 0x51, 0xff, 0x3f, 0x40, 0x40, 0xae, 0x1e, 0x20, 0x1e, 0x75,
    0x2b, 0x2a, 0x29, 0xdd, 0x36, 0x33, 0x32, 0xff, 0x38, 0x37, 0x36, 0xfe, 0x4e, 0x4b, 0x4a, 0xfb,
    0x3c, 0x3b, 0x3a, 0xff, 0x17, 0x18, 0x17, 0xba, 0x00, 0x00, 0x00, 0x05, 0x33, 0x33, 0x33, 0x05,
    0x00, 0x00, 0x00, 0x00, 0x1f, 0x1f, 0x1d, 0x79, 0x21, 0x2c, 0x3e, 0xff, 0x15, 0x24, 0x3a, 0xfd,
    0x23, 0x23, 0x24, 0xff, 0x5c, 0x58, 0x52, 0xff, 0x68, 0x64, 0x60, 0xff, 0x6a, 0x67, 0x63, 0xff,
    0x6d, 0x69, 0x65, 0xff, 0x6d, 0x69, 0x65, 0xff, 0x6e, 0x69, 0x66, 0xff, 0x6a, 0x67, 0x62, 0xff,
    0x67, 0x62, 0x5e, 0xff, 0x64, 0x5f, 0x5c, 0xff, 0x62, 0x5f, 0x5b, 0xff, 0x66, 0x61, 0x5e, 0xff,
    0x64, 0x61, 0x5d, 0xff, 0x62, 0x5d, 0x5b, 0xff, 0x5d, 0x59, 0x56, 0xff, 0x57, 0x53, 0x4f, 0xff,
    0x51, 0x4e, 0x49, 0xff, 0x50, 0x4c, 0x47, 0xff, 0x52, 0x4f, 0x4a, 0xff, 0x56, 0x53, 0x4f, 0xff,
    0x5c, 0x59, 0x55, 0xfc, 0x45, 0x43, 0x43, 0xff, 0x21, 0x21, 0x1f, 0x8b, 0x00, 0x00, 0x00, 0x0a,
    0x1f, 0x1f, 0x1f, 0x08, 0x00, 0x00, 0x00, 0x02, 0x00, 0x00, 0x00, 0x04, 0x00, 0x00, 0x00, 0x04,
    0x00, 0x00, 0x00, 0x06, 0x00, 0x00, 0x00, 0x05, 0x00, 0x00, 0x00, 0x03, 0x00, 0x00, 0x00, 0x0a,
    0x00, 0x00, 0x00, 0x0b, 0x00, 0x00, 0x00, 0x1a, 0x00, 0x00, 0x00, 0x0b, 0x00, 0x00, 0x00, 0x01,
    0x00, 0x00, 0x00, 0x03, 0x00, 0x00, 0x00, 0x00, 0x00, 0x00, 0x00, 0x04, 0x24, 0x24, 0x24, 0x07,
    0x00, 0x00, 0x00, 0x00, 0x44, 0x44, 0x44, 0x6f, 0x4c, 0x4a, 0x4a, 0xff, 0x30, 0x2e, 0x2f, 0xfb,
    0x22, 0x20, 0x21, 0xff, 0x1c, 0x18, 0x19, 0xff, 0x1c, 0x18, 0x18, 0xff, 0x1b, 0x19, 0x19, 0xff,
    0x1c, 0x19, 0x19, 0xff, 0x19, 0x18, 0x17, 0xff, 0x18, 0x17, 0x16, 0xff, 0x1a, 0x18, 0x17, 0xff,
    0x1a, 0x18, 0x18, 0xff, 0x1a, 0x18, 0x17, 0xff, 0x19, 0x18, 0x19, 0xff, 0x1b, 0x19, 0x19, 0xff,
    0x1b, 0x19, 0x19, 0xff, 0x1d, 0x1a, 0x1b, 0xff, 0x1e, 0x1c, 0x1c, 0xff, 0x20, 0x1f, 0x1e, 0xff,
    0x21, 0x20, 0x1f, 0xff, 0x25, 0x23, 0x23, 0xff, 0x25, 0x24, 0x24, 0xff, 0x28, 0x26, 0x26, 0xff,
    0x25, 0x23, 0x22, 0xff, 0x16, 0x14, 0x30, 0xff, 0x0d, 0x0b, 0x53, 0xfc, 0x18, 0x17, 0x39, 0xff,
    0x16, 0x18, 0x11, 0x87, 0x00, 0x00, 0x00, 0x00, 0x00, 0x00, 0x00, 0x06, 0x00, 0x00, 0x00, 0x00,
    0x06, 0x06, 0x06, 0x50, 0x1f, 0x1e, 0x1d, 0xf0, 0x34, 0x32, 0x31, 0xfd, 0x35, 0x32, 0x32, 0xfe,
    0x37, 0x35, 0x34, 0xff, 0x1d, 0x1c, 0x1b, 0xfc, 0x25, 0x25, 0x23, 0xf8, 0x53, 0x54, 0x51, 0xfa,
    0x40, 0x40, 0x40, 0xf1, 0x14, 0x13, 0x14, 0xab, 0x4c, 0x4c, 0x4c, 0xf0, 0x4e, 0x4e, 0x4c, 0xd1,
    0x00, 0x00, 0x00, 0x79, 0x0f, 0x0f, 0x0f, 0x74, 0x12, 0x12, 0x12, 0x63, 0x19, 0x19, 0x19, 0x6d,
    0x1c, 0x1c, 0x1c, 0x7d, 0x1e, 0x1b, 0x1b, 0x65, 0x12, 0x15, 0x12, 0x79, 0x05, 0x06, 0x05, 0x92,
    0x29, 0x2b, 0x2b, 0x98, 0x4a, 0x4a, 0x49, 0xff, 0x20, 0x20, 0x1f, 0xf4, 0x49, 0x49, 0x49, 0xf8,
    0x4b, 0x4c, 0x4b, 0xf8, 0x1c, 0x1c, 0x1a, 0xba, 0x26, 0x23, 0x23, 0xd0, 0x33, 0x30, 0x2f, 0xff,
    0x35, 0x33, 0x31, 0xfd, 0x38, 0x32, 0x33, 0xff, 0x26, 0x23, 0x22, 0xf0, 0x0c, 0x0c, 0x0a, 0x94,
    0x06, 0x03, 0x03, 0x4f, 0x55, 0x55, 0x55, 0x03, 0x00, 0x00, 0x00, 0x03, 0x22, 0x22, 0x21, 0xaf,
    0x2b, 0x2a, 0x28, 0xff, 0x2b, 0x28, 0x26, 0xfc, 0x2e, 0x2b, 0x27, 0xff, 0x2f, 0x2d, 0x2b, 0xff,
    0x2e, 0x2c, 0x2a, 0xff, 0x30, 0x2d, 0x29, 0xff, 0x32, 0x2e, 0x2a, 0xff, 0x30, 0x2e, 0x2c, 0xff,
    0x31, 0x2e, 0x2f, 0xf2, 0x2c, 0x29, 0x28, 0xdf, 0x2e, 0x2b, 0x28, 0xff, 0x2c, 0x2a, 0x28, 0xfe,
    0x2d, 0x2b, 0x26, 0xff, 0x2b, 0x29, 0x26, 0xff, 0x2a, 0x28, 0x27, 0xff, 0x28, 0x26, 0x26, 0xff,
    0x27, 0x26, 0x24, 0xff, 0x27, 0x26, 0x20, 0xff, 0x26, 0x25, 0x20, 0xff, 0x26, 0x24, 0x24, 0xff,
    0x27, 0x25, 0x23, 0xff, 0x25, 0x23, 0x22, 0xff, 0x25, 0x23, 0x23, 0xff, 0x25, 0x22, 0x22, 0xff,
    0x25, 0x22, 0x22, 0xff, 0x24, 0x22, 0x22, 0xff, 0x23, 0x21, 0x22, 0xff, 0x23, 0x21, 0x21, 0xff,
    0x24, 0x22, 0x22, 0xff, 0x25, 0x23, 0x23, 0xff, 0x25, 0x22, 0x22, 0xff, 0x23, 0x21, 0x22, 0xff,
    0x25, 0x22, 0x22, 0xff, 0x23, 0x22, 0x21, 0xff, 0x24, 0x23, 0x21, 0xff, 0x26, 0x25, 0x1f, 0xff,
    0x25, 0x25, 0x1f, 0xff, 0x26, 0x24, 0x23, 0xff, 0x26, 0x24, 0x23, 0xff, 0x25, 0x24, 0x23, 0xff,
    0x26, 0x23, 0x24, 0xff, 0x26, 0x23, 0x24, 0xff, 0x25, 0x24, 0x23, 0xff, 0x25, 0x24, 0x24, 0xff,
    0x26, 0x25, 0x21, 0xff, 0x26, 0x25, 0x21, 0xff, 0x26, 0x24, 0x24, 0xff, 0x26, 0x24, 0x24, 0xff,
    0x26, 0x25, 0x21, 0xff, 0x27, 0x24, 0x23, 0xff, 0x26, 0x25, 0x23, 0xff, 0x28, 0x26, 0x21, 0xff,
    0x28, 0x27, 0x22, 0xff, 0x27, 0x26, 0x23, 0xff, 0x27, 0x26, 0x23, 0xff, 0x28, 0x26, 0x22, 0xff,
    0x28, 0x26, 0x24, 0xff, 0x28, 0x26, 0x24, 0xff, 0x28, 0x26, 0x23, 0xff, 0x28, 0x27, 0x22, 0xff,
    0x28, 0x26, 0x24, 0xff, 0x29, 0x26, 0x24, 0xff, 0x2a, 0x26, 0x23, 0xff, 0x29, 0x26, 0x22, 0xff,
    0x28, 0x27, 0x24, 0xff, 0x27, 0x26, 0x27, 0xff, 0x28, 0x26, 0x27, 0xff, 0x28, 0x26, 0x25, 0xff,
    0x2a, 0x27, 0x23, 0xff, 0x2b, 0x27, 0x23, 0xff, 0x2b, 0x27, 0x23, 0xff, 0x29, 0x28, 0x23, 0xff,
    0x29, 0x29, 0x23, 0xff, 0x2a, 0x28, 0x24, 0xff, 0x2b, 0x29, 0x24, 0xff, 0x2a, 0x29, 0x24, 0xff,
    0x2b, 0x29, 0x24, 0xff, 0x2b, 0x28, 0x24, 0xff, 0x2b, 0x28, 0x24, 0xff, 0x2c, 0x29, 0x25, 0xff,
    0x2b, 0x28, 0x24, 0xff, 0x2a, 0x28, 0x24, 0xfe, 0x2d, 0x2a, 0x26, 0xff, 0x28, 0x26, 0x23, 0xe9,
    0x25, 0x24, 0x23, 0xda, 0x2e, 0x2a, 0x27, 0xff, 0x2d, 0x28, 0x25, 0xfe, 0x2f, 0x29, 0x26, 0xff,
    0x2e, 0x2a, 0x26, 0xff, 0x2f, 0x2b, 0x26, 0xff, 0x2f, 0x2b, 0x26, 0xff, 0x2e, 0x2b, 0x26, 0xff,
    0x2e, 0x2b, 0x27, 0xff, 0x2c, 0x29, 0x25, 0xff, 0x2b, 0x29, 0x24, 0xff, 0x2a, 0x27, 0x23, 0xff,
    0x28, 0x28, 0x23, 0xff, 0x29, 0x28, 0x23, 0xff, 0x2d, 0x2b, 0x26, 0xff, 0x2d, 0x2b, 0x27, 0xff,
    0x30, 0x2e, 0x29, 0xff, 0x35, 0x32, 0x2e, 0xff, 0x38, 0x34, 0x31, 0xff, 0x3a, 0x36, 0x32, 0xff,
    0x39, 0x35, 0x32, 0xff, 0x39, 0x35, 0x31, 0xff, 0x36, 0x33, 0x2f, 0xff, 0x31, 0x2c, 0x29, 0xff,
    0x2e, 0x2b, 0x28, 0xfd, 0x2d, 0x2c, 0x2b, 0xfd, 0x27, 0x25, 0x24, 0xeb, 0x16, 0x16, 0x16, 0x22,
    0x00, 0x00, 0x00, 0x00, 0x3f, 0x3f, 0x3f, 0x04, 0x02, 0x04, 0x04, 0x67, 0x0f, 0x0e, 0x0e, 0xda,
    0x2f, 0x2c, 0x2b, 0xf4, 0x36, 0x35, 0x34, 0xff, 0x2d, 0x2c, 0x2a, 0xfe, 0x36, 0x33, 0x33, 0xff,
    0x24, 0x23, 0x22, 0xfe, 0x24, 0x23, 0x23, 0xee, 0x50, 0x50, 0x4f, 0xf5, 0x43, 0x43, 0x42, 0xf1,
    0x15, 0x14, 0x15, 0xc6, 0x45, 0x45, 0x44, 0xf9, 0x44, 0x44, 0x42, 0x9d, 0x06, 0x06, 0x08, 0x77,
    0x12, 0x15, 0x15, 0x6c, 0x1b, 0x18, 0x18, 0x5d, 0x27, 0x29, 0x29, 0x68, 0x16, 0x19, 0x19, 0x66,
    0x12, 0x12, 0x12, 0x6c, 0x0e, 0x10, 0x0e, 0x8a, 0x00, 0x00, 0x00, 0x76, 0x38, 0x3a, 0x38, 0x9e,
    0x4c, 0x4c, 0x4b, 0xf4, 0x1f, 0x1f, 0x1f, 0xab, 0x40, 0x40, 0x40, 0xfc, 0x55, 0x55, 0x55, 0xd6,
    0x1a, 0x1a, 0x1a, 0xd3, 0x23, 0x23, 0x22, 0xfb, 0x38, 0x35, 0x34, 0xff, 0x34, 0x31, 0x30, 0xff,
    0x49, 0x46, 0x45, 0xfc, 0x38, 0x37, 0x36, 0xfa, 0x11, 0x13, 0x13, 0x93, 0x00, 0x00, 0x00, 0x00,
    0x3f, 0x3f, 0x7f, 0x04, 0x1c, 0x00, 0x00, 0x09, 0x1a, 0x2e, 0x4d, 0xc9, 0x0f, 0x44, 0x91, 0xff,
    0x0a, 0x33, 0x6f, 0xfc, 0x32, 0x36, 0x3f, 0xff, 0x57, 0x53, 0x4c, 0xff, 0x53, 0x4f, 0x4b, 0xff,
    0x51, 0x4c, 0x48, 0xff, 0x4d, 0x49, 0x45, 0xff, 0x4a, 0x45, 0x42, 0xff, 0x45, 0x40, 0x3d, 0xff,
    0x41, 0x3c, 0x38, 0xff, 0x3d, 0x39, 0x35, 0xff, 0x39, 0x36, 0x32, 0xff, 0x34, 0x31, 0x2e, 0xff,
    0x30, 0x2e, 0x29, 0xff, 0x2d, 0x2b, 0x26, 0xff, 0x2f, 0x2b, 0x27, 0xff, 0x2f, 0x2c, 0x27, 0xff,
    0x32, 0x2e, 0x2c, 0xff, 0x36, 0x31, 0x2f, 0xff, 0x3d, 0x39, 0x36, 0xff, 0x46, 0x41, 0x41, 0xfd,
    0x3d, 0x3a, 0x39, 0xff, 0x21, 0x20, 0x21, 0xc4, 0x00, 0x00, 0x00, 0x17, 0x00, 0x00, 0x00, 0x05,
    0x00, 0x00, 0x00, 0x04, 0x00, 0x00, 0x00, 0x02, 0x00, 0x00, 0x00, 0x00, 0x00, 0x00, 0x00, 0x00,
    0x00, 0x00, 0x00, 0x02, 0x00, 0x00, 0x00, 0x08, 0x00, 0x00, 0x00, 0x07, 0x00, 0x00, 0x00, 0x01,
    0x00, 0x00, 0x00, 0x15, 0x00, 0x00, 0x00, 0x0c, 0x00, 0x00, 0x00, 0x07, 0x00, 0x00, 0x00, 0x03,
    0x00, 0x00, 0x00, 0x03, 0x00, 0x00, 0x00, 0x07, 0x00, 0x00, 0x00, 0x09, 0x1c, 0x1c, 0x1c, 0x09,
    0x00, 0x00, 0x00, 0x03, 0x45, 0x45, 0x45, 0x42, 0x4d, 0x4b, 0x4b, 0xf9, 0x35, 0x33, 0x33, 0xfe,
    0x23, 0x23, 0x23, 0xfe, 0x1d, 0x1c, 0x1c, 0xff, 0x1c, 0x18, 0x19, 0xff, 0x1c, 0x18, 0x19, 0xff,
    0x1d, 0x1a, 0x1a, 0xff, 0x1e, 0x1b, 0x1b, 0xff, 0x1c, 0x19, 0x19, 0xff, 0x1b, 0x19, 0x19, 0xff,
    0x1b, 0x19, 0x19, 0xff, 0x1a, 0x18, 0x18, 0xff, 0x1a, 0x17, 0x17, 0xff, 0x1b, 0x19, 0x19, 0xff,
    0x1b, 0x19, 0x19, 0xff, 0x1b, 0x1a, 0x19, 0xff, 0x1c, 0x1a, 0x1a, 0xff, 0x1e, 0x1c, 0x1c, 0xff,
    0x20, 0x1e, 0x1e, 0xff, 0x21, 0x1f, 0x1f, 0xff, 0x22, 0x20, 0x21, 0xff, 0x24, 0x23, 0x20, 0xff,
    0x19, 0x16, 0x28, 0xff, 0x06, 0x01, 0x5a, 0xfc, 0x08, 0x05, 0x5f, 0xff, 0x12, 0x11, 0x23, 0xc1,
    0x00, 0x00, 0x00, 0x0a, 0x00, 0x00, 0x1f, 0x08, 0x00, 0x00, 0x00, 0x00, 0x00, 0x00, 0x00, 0x27,
    0x19, 0x19, 0x17, 0xe3, 0x32, 0x30, 0x2e, 0xff, 0x31, 0x2f, 0x2f, 0xfd, 0x31, 0x2e, 0x2e, 0xf8,
    0x18, 0x15, 0x15, 0xf1, 0x31, 0x31, 0x30, 0xf9, 0x59, 0x58, 0x58, 0xff, 0x2a, 0x2b, 0x2b, 0xf4,
    0x0e, 0x0e, 0x0e, 0xc1, 0x0e, 0x0e, 0x0e, 0xad, 0x2e, 0x2e, 0x2d, 0xc0, 0x59, 0x5a, 0x58, 0xff,
    0x29, 0x29, 0x29, 0x6f, 0x01, 0x00, 0x01, 0x00, 0x00, 0x00, 0x00, 0x00, 0x00, 0x00, 0x00, 0x00,
    0x00, 0x00, 0x00, 0x00, 0x00, 0x00, 0x00, 0x00, 0x00, 0x00, 0x00, 0x00, 0x0e, 0x0e, 0x0e, 0x12,
    0x4f, 0x50, 0x4f, 0xda, 0x45, 0x46, 0x46, 0xc7, 0x00, 0x00, 0x00, 0xa7, 0x07, 0x07, 0x07, 0xd1,
    0x31, 0x30, 0x31, 0xe6, 0x57, 0x56, 0x57, 0xeb, 0x28, 0x27, 0x27, 0xa3, 0x22, 0x21, 0x20, 0xde,
    0x34, 0x32, 0x32, 0xfe, 0x35, 0x32, 0x32, 0xfc, 0x37, 0x35, 0x35, 0xff, 0x21, 0x20, 0x1f, 0xe6,
    0x02, 0x02, 0x02, 0x57, 0x05, 0x05, 0x05, 0x2c, 0x00, 0x00, 0x00, 0x00, 0x14, 0x14, 0x14, 0x26,
    0x26, 0x25, 0x25, 0xf1, 0x28, 0x27, 0x27, 0xfe, 0x2a, 0x29, 0x25, 0xfe, 0x2e, 0x2c, 0x26, 0xff,
    0x30, 0x2d, 0x2a, 0xff, 0x30, 0x2d, 0x29, 0xff, 0x2f, 0x2c, 0x29, 0xff, 0x2e, 0x2b, 0x28, 0xff,
    0x30, 0x2c, 0x29, 0xfe, 0x2d, 0x2a, 0x27, 0xe2, 0x29, 0x27, 0x25, 0xf5, 0x2d, 0x2b, 0x27, 0xff,
    0x2c, 0x29, 0x25, 0xff, 0x29, 0x28, 0x25, 0xff, 0x29, 0x26, 0x26, 0xff, 0x28, 0x26, 0x25, 0xff,
    0x28, 0x26, 0x21, 0xff, 0x27, 0x26, 0x22, 0xff, 0x26, 0x24, 0x23, 0xff, 0x26, 0x24, 0x23, 0xff,
    0x26, 0x25, 0x21, 0xff, 0x24, 0x23, 0x21, 0xff, 0x25, 0x23, 0x23, 0xff, 0x25, 0x23, 0x22, 0xff,
    0x24, 0x22, 0x22, 0xff, 0x24, 0x21, 0x21, 0xff, 0x23, 0x21, 0x21, 0xff, 0x23, 0x21, 0x21, 0xff,
    0x24, 0x20, 0x21, 0xff, 0x22, 0x21, 0x20, 0xff, 0x23, 0x20, 0x21, 0xff, 0x23, 0x21, 0x21, 0xff,
    0x23, 0x20, 0x21, 0xff, 0x23, 0x21, 0x21, 0xff, 0x24, 0x22, 0x20, 0xff, 0x23, 0x23, 0x1e, 0xff,
    0x25, 0x24, 0x1e, 0xff, 0x25, 0x22, 0x21, 0xff, 0x25, 0x24, 0x23, 0xff, 0x25, 0x24, 0x24, 0xff,
    0x25, 0x23, 0x23, 0xff, 0x25, 0x24, 0x23, 0xff, 0x25, 0x23, 0x23, 0xff, 0x25, 0x24, 0x24, 0xff,
    0x25, 0x24, 0x21, 0xff, 0x25, 0x24, 0x20, 0xff, 0x26, 0x24, 0x23, 0xff, 0x26, 0x24, 0x23, 0xff,
    0x25, 0x23, 0x1f, 0xff, 0x27, 0x25, 0x20, 0xff, 0x26, 0x24, 0x20, 0xff, 0x25, 0x24, 0x22, 0xff,
    0x26, 0x24, 0x23, 0xff, 0x26, 0x25, 0x24, 0xff, 0x26, 0x25, 0x24, 0xff, 0x26, 0x24, 0x23, 0xff,
    0x26, 0x24, 0x24, 0xff, 0x27, 0x24, 0x25, 0xff, 0x26, 0x25, 0x23, 0xff, 0x28, 0x26, 0x21, 0xff,
    0x27, 0x25, 0x24, 0xff, 0x27, 0x25, 0x25, 0xff, 0x28, 0x25, 0x24, 0xff, 0x27, 0x25, 0x24, 0xff,
    0x26, 0x24, 0x24, 0xff, 0x27, 0x26, 0x25, 0xff, 0x27, 0x24, 0x23, 0xff, 0x27, 0x25, 0x22, 0xff,
    0x28, 0x26, 0x22, 0xff, 0x27, 0x25, 0x22, 0xff, 0x28, 0x26, 0x23, 0xff, 0x29, 0x26, 0x22, 0xff,
    0x28, 0x27, 0x22, 0xff, 0x28, 0x27, 0x22, 0xff, 0x28, 0x27, 0x21, 0xff, 0x28, 0x27, 0x21, 0xff,
    0x29, 0x28, 0x23, 0xff, 0x28, 0x27, 0x22, 0xff, 0x28, 0x26, 0x24, 0xff, 0x28, 0x27, 0x23, 0xff,
    0x28, 0x27, 0x22, 0xff, 0x29, 0x27, 0x22, 0xfe, 0x2c, 0x28, 0x24, 0xff, 0x26, 0x23, 0x22, 0xe3,
    0x25, 0x23, 0x20, 0xe9, 0x2b, 0x28, 0x24, 0xff, 0x29, 0x27, 0x22, 0xfe, 0x2b, 0x28, 0x23, 0xff,
    0x2b, 0x28, 0x23, 0xff, 0x2a, 0x28, 0x23, 0xff, 0x2a, 0x29, 0x24, 0xff, 0x29, 0x28, 0x24, 0xff,
    0x2a, 0x29, 0x25, 0xff, 0x2c, 0x2a, 0x25, 0xff, 0x2e, 0x2b, 0x27, 0xff, 0x2f, 0x2b, 0x28, 0xff,
    0x2e, 0x2c, 0x28, 0xff, 0x2c, 0x2b, 0x25, 0xff, 0x2b, 0x29, 0x24, 0xff, 0x2a, 0x28, 0x24, 0xff,
    0x2c, 0x29, 0x26, 0xff, 0x2e, 0x2c, 0x28, 0xff, 0x31, 0x2d, 0x2a, 0xff, 0x31, 0x2e, 0x2a, 0xff,
    0x31, 0x2d, 0x2a, 0xff, 0x31, 0x2d, 0x2a, 0xff, 0x31, 0x2e, 0x2a, 0xff, 0x2f, 0x2c, 0x28, 0xff,
    0x2e, 0x2b, 0x27, 0xfc, 0x2f, 0x2d, 0x2c, 0xff, 0x1c, 0x1c, 0x1c, 0x7d, 0x00, 0x00, 0x00, 0x00,
    0x00, 0x00, 0x00, 0x00, 0x07, 0x0b, 0x07, 0x40, 0x09, 0x09, 0x07, 0xc6, 0x24, 0x23, 0x23, 0xe6,
    0x35, 0x32, 0x32, 0xff, 0x2c, 0x2a, 0x29, 0xfd, 0x34, 0x32, 0x30, 0xfe, 0x21, 0x20, 0x20, 0xff,
    0x32, 0x32, 0x31, 0xfb, 0x59, 0x58, 0x57, 0xfa, 0x29, 0x29, 0x29, 0xf0, 0x0c, 0x0c, 0x0b, 0xce,
    0x00, 0x00, 0x00, 0x74, 0x40, 0x42, 0x42, 0x87, 0x50, 0x52, 0x52, 0xf3, 0x35, 0x35, 0x2f, 0x2b,
    0x00, 0x00, 0x00, 0x10, 0x00, 0x00, 0x00, 0x04, 0x00, 0x00, 0x00, 0x00, 0x00, 0x00, 0x00, 0x00,
    0x00, 0x00, 0x00, 0x00, 0x00, 0x01, 0x00, 0x00, 0x29, 0x29, 0x29, 0x1f, 0x5a, 0x58, 0x58, 0xd7,
    0x3b, 0x3b, 0x3b, 0xcd, 0x09, 0x09, 0x09, 0x9a, 0x0d, 0x0b, 0x0b, 0xc4, 0x31, 0x30, 0x30, 0xf5,
    0x58, 0x57, 0x57, 0xff, 0x23, 0x23, 0x22, 0xe7, 0x21, 0x21, 0x21, 0xd0, 0x30, 0x2f, 0x2e, 0xfe,
    0x2f, 0x2c, 0x2b, 0xfe, 0x43, 0x42, 0x41, 0xff, 0x2a, 0x2a, 0x2a, 0xf8, 0x09, 0x09, 0x09, 0x54,
    0x00, 0x00, 0x01, 0x00, 0x00, 0x00, 0x00, 0x00, 0x11, 0x14, 0x14, 0x57, 0x14, 0x3f, 0x7a, 0xff,
    0x04, 0x49, 0xa6, 0xfd, 0x0f, 0x2c, 0x58, 0xff, 0x3c, 0x38, 0x34, 0xff, 0x41, 0x3c, 0x3a, 0xff,
    0x3b, 0x36, 0x33, 0xff, 0x39, 0x35, 0x31, 0xff, 0x37, 0x33, 0x30, 0xff, 0x33, 0x2e, 0x2b, 0xff,
    0x2f, 0x2d, 0x28, 0xff, 0x2e, 0x2b, 0x27, 0xff, 0x2c, 0x28, 0x24, 0xff, 0x29, 0x26, 0x22, 0xff,
    0x26, 0x22, 0x1e, 0xff, 0x23, 0x1f, 0x1d, 0xff, 0x20, 0x1b, 0x1a, 0xff, 0x1d, 0x19, 0x19, 0xff,
    0x1b, 0x16, 0x16, 0xff, 0x18, 0x15, 0x15, 0xff, 0x19, 0x17, 0x16, 0xfe, 0x1d, 0x1a, 0x1a, 0xfe,
    0x17, 0x16, 0x16, 0xe7, 0x0f, 0x12, 0x0f, 0x71, 0x00, 0x00, 0x00, 0x04, 0x00, 0x00, 0x00, 0x05,
    0x00, 0x00, 0x00, 0x01, 0x00, 0x00, 0x00, 0x02, 0x00, 0x00, 0x00, 0x03, 0x00, 0x00, 0x00, 0x04,
    0x00, 0x00, 0x00, 0x03, 0x00, 0x00, 0x00, 0x01, 0x00, 0x00, 0x00, 0x05, 0x00, 0x00, 0x00, 0x00,
    0x04, 0x04, 0x04, 0x34, 0x04, 0x04, 0x04, 0x37, 0x00, 0x06, 0x00, 0x29, 0x00, 0x00, 0x00, 0x20,
    0x00, 0x00, 0x00, 0x1a, 0x00, 0x00, 0x00, 0x1f, 0x00, 0x00, 0x00, 0x19, 0x09, 0x09, 0x09, 0x1c,
    0x00, 0x00, 0x00, 0x19, 0x23, 0x23, 0x23, 0x1d, 0x52, 0x50, 0x50, 0xdf, 0x47, 0x43, 0x43, 0xff,
    0x2c, 0x2a, 0x2a, 0xfd, 0x20, 0x1e, 0x1e, 0xff, 0x1c, 0x19, 0x1a, 0xff, 0x1c, 0x19, 0x1a, 0xff,
    0x1c, 0x19, 0x1a, 0xff, 0x1e, 0x1c, 0x1b, 0xff, 0x1e, 0x1c, 0x1c, 0xff, 0x1e, 0x1c, 0x1c, 0xff,
    0x1d, 0x1b, 0x1b, 0xff, 0x1e, 0x1c, 0x1a, 0xff, 0x1c, 0x19, 0x1a, 0xff, 0x1a, 0x18, 0x18, 0xff,
    0x1a, 0x18, 0x18, 0xff, 0x1b, 0x19, 0x19, 0xff, 0x1d, 0x1b, 0x19, 0xff, 0x1d, 0x1a, 0x1b, 0xff,
    0x1e, 0x1b, 0x1c, 0xff, 0x1e, 0x1b, 0x1b, 0xff, 0x20, 0x1d, 0x1d, 0xff, 0x1f, 0x1e, 0x1c, 0xff,
    0x0f, 0x0b, 0x3c, 0xff, 0x05, 0x01, 0x67, 0xfd, 0x0d, 0x0c, 0x48, 0xfb, 0x16, 0x16, 0x0b, 0x44,
    0x00, 0x00, 0x00, 0x00, 0x19, 0x19, 0x19, 0x0a, 0x00, 0x00, 0x00, 0x12, 0x16, 0x16, 0x16, 0xc9,
    0x30, 0x2e, 0x2d, 0xff, 0x33, 0x31, 0x30, 0xfc, 0x2c, 0x2a, 0x2a, 0xff, 0x14, 0x13, 0x12, 0xe1,
    0x2d, 0x2d, 0x2c, 0xe4, 0x56, 0x57, 0x55, 0xff, 0x1f, 0x20, 0x1f, 0xd4, 0x16, 0x14, 0x14, 0xdb,
    0x24, 0x24, 0x24, 0xe2, 0x1c, 0x1a, 0x1a, 0x61, 0x28, 0x23, 0x23, 0x32, 0x57, 0x57, 0x56, 0xf5,
    0x45, 0x47, 0x44, 0xe2, 0x00, 0x00, 0x00, 0x24, 0x2a, 0x2a, 0x2a, 0x06, 0x00, 0x00, 0x00, 0x3a,
    0x00, 0x00, 0x00, 0x39, 0x07, 0x07, 0x07, 0x22, 0x00, 0x00, 0x00, 0x1d, 0x33, 0x33, 0x33, 0x8c,
    0x57, 0x59, 0x58, 0xff, 0x38, 0x38, 0x38, 0x56, 0x0c, 0x0c, 0x0c, 0x15, 0x11, 0x11, 0x11, 0x8f,
    0x0a, 0x0a, 0x0a, 0xdb, 0x23, 0x23, 0x23, 0xeb, 0x5c, 0x5d, 0x5c, 0xf1, 0x20, 0x21, 0x20, 0xda,
    0x23, 0x23, 0x22, 0xfe, 0x2f, 0x2e, 0x2d, 0xff, 0x36, 0x33, 0x32, 0xfb, 0x30, 0x2d, 0x2d, 0xff,
    0x17, 0x17, 0x15, 0xb1, 0x00, 0x00, 0x00, 0x42, 0x2e, 0x17, 0x2e, 0x0b, 0x00, 0x00, 0x00, 0x00,
    0x23, 0x21, 0x23, 0x8a, 0x2a, 0x2a, 0x29, 0xff, 0x2a, 0x29, 0x25, 0xfb, 0x2b, 0x2a, 0x26, 0xff,
    0x2c, 0x2b, 0x27, 0xff, 0x2d, 0x2a, 0x27, 0xff, 0x2c, 0x2a, 0x26, 0xff, 0x2d, 0x29, 0x26, 0xfe,
    0x2d, 0x2a, 0x25, 0xff, 0x2c, 0x2a, 0x28, 0xf6, 0x28, 0x28, 0x27, 0xdd, 0x29, 0x28, 0x26, 0xff,
    0x2a, 0x28, 0x24, 0xfe, 0x29, 0x27, 0x24, 0xff, 0x2a, 0x27, 0x25, 0xff, 0x28, 0x27, 0x23, 0xff,
    0x27, 0x26, 0x22, 0xff, 0x26, 0x24, 0x24, 0xff, 0x26, 0x24, 0x24, 0xff, 0x25, 0x24, 0x23, 0xff,
    0x24, 0x23, 0x22, 0xff, 0x24, 0x22, 0x22, 0xff, 0x24, 0x22, 0x22, 0xff, 0x24, 0x22, 0x22, 0xff,
    0x23, 0x21, 0x21, 0xff, 0x22, 0x21, 0x20, 0xff, 0x22, 0x20, 0x21, 0xff, 0x22, 0x20, 0x20, 0xff,
    0x23, 0x20, 0x20, 0xff, 0x22, 0x20, 0x21, 0xff, 0x21, 0x20, 0x21, 0xff, 0x22, 0x21, 0x21, 0xff,
    0x23, 0x21, 0x21, 0xff, 0x23, 0x21, 0x21, 0xff, 0x23, 0x20, 0x20, 0xff, 0x24, 0x22, 0x1e, 0xff,
    0x24, 0x21, 0x1f, 0xff, 0x24, 0x22, 0x21, 0xff, 0x24, 0x22, 0x22, 0xff, 0x25, 0x23, 0x22, 0xff,
    0x24, 0x23, 0x21, 0xff, 0x24, 0x21, 0x22, 0xff, 0x24, 0x22, 0x22, 0xff, 0x25, 0x23, 0x22, 0xff,
    0x26, 0x23, 0x23, 0xff, 0x25, 0x22, 0x23, 0xff, 0x24, 0x22, 0x22, 0xff, 0x25, 0x22, 0x22, 0xff,
    0x26, 0x22, 0x20, 0xff, 0x24, 0x24, 0x20, 0xff, 0x25, 0x24, 0x21, 0xff, 0x24, 0x23, 0x24, 0xff,
    0x26, 0x24, 0x23, 0xff, 0x26, 0x24, 0x23, 0xff, 0x26, 0x23, 0x23, 0xff, 0x25, 0x24, 0x23, 0xff,
    0x25, 0x24, 0x22, 0xff, 0x25, 0x23, 0x21, 0xff, 0x25, 0x24, 0x23, 0xff, 0x26, 0x24, 0x22, 0xff,
    0x26, 0x24, 0x22, 0xff, 0x27, 0x24, 0x21, 0xff, 0x26, 0x24, 0x24, 0xff, 0x26, 0x23, 0x24, 0xff,
    0x25, 0x24, 0x23, 0xff, 0x25, 0x24, 0x23, 0xff, 0x27, 0x24, 0x20, 0xff, 0x28, 0x26, 0x21, 0xff,
    0x26, 0x23, 0x23, 0xff, 0x26, 0x25, 0x24, 0xff, 0x27, 0x25, 0x23, 0xff, 0x27, 0x25, 0x24, 0xff,
    0x28, 0x26, 0x21, 0xff, 0x27, 0x25, 0x21, 0xff, 0x27, 0x26, 0x21, 0xff, 0x27, 0x26, 0x21, 0xff,
    0x27, 0x26, 0x22, 0xff, 0x28, 0x26, 0x23, 0xff, 0x27, 0x24, 0x24, 0xff, 0x26, 0x25, 0x22, 0xff,
    0x27, 0x26, 0x20, 0xff, 0x28, 0x25, 0x22, 0xfd, 0x28, 0x26, 0x25, 0xff, 0x25, 0x22, 0x24, 0xdb,
    0x25, 0x24, 0x23, 0xe5, 0x2a, 0x27, 0x22, 0xff, 0x28, 0x26, 0x21, 0xfe, 0x28, 0x26, 0x21, 0xff,
    0x28, 0x26, 0x22, 0xff, 0x27, 0x26, 0x22, 0xff, 0x29, 0x26, 0x22, 0xff, 0x28, 0x27, 0x22, 0xff,
    0x29, 0x27, 0x23, 0xff, 0x2a, 0x29, 0x23, 0xff, 0x2c, 0x29, 0x25, 0xff, 0x2d, 0x2a, 0x27, 0xff,
    0x2e, 0x2c, 0x29, 0xff, 0x2e, 0x2d, 0x28, 0xff, 0x31, 0x2d, 0x2a, 0xff, 0x30, 0x2d, 0x28, 0xff,
    0x2f, 0x2b, 0x27, 0xff, 0x2d, 0x2b, 0x27, 0xff, 0x2d, 0x2a, 0x27, 0xff, 0x2d, 0x2b, 0x27, 0xff,
    0x30, 0x2d, 0x29, 0xff, 0x33, 0x2e, 0x2c, 0xff, 0x2f, 0x2c, 0x28, 0xff, 0x2b, 0x29, 0x26, 0xfe,
    0x2e, 0x2b, 0x2b, 0xff, 0x26, 0x24, 0x24, 0xe0, 0x00, 0x00, 0x00, 0x17, 0x7f, 0x7f, 0x7f, 0x02,
    0x16, 0x16, 0x16, 0x17, 0x04, 0x04, 0x04, 0x9c, 0x18, 0x17, 0x16, 0xec, 0x30, 0x2e, 0x2e, 0xff,
    0x2d, 0x2b, 0x2c, 0xfd, 0x2f, 0x2d, 0x2c, 0xff, 0x1f, 0x1d, 0x1d, 0xfb, 0x31, 0x30, 0x2f, 0xf4,
    0x59, 0x5a, 0x59, 0xfe, 0x1e, 0x1e, 0x1e, 0xfd, 0x13, 0x14, 0x13, 0xf7, 0x16, 0x14, 0x16, 0x89,
    0x0a, 0x0a, 0x0a, 0x18, 0x33, 0x2b, 0x2b, 0x23, 0x54, 0x54, 0x54, 0xfa, 0x3f, 0x3f, 0x3f, 0xb2,
    0x00, 0x00, 0x00, 0x6d, 0x03, 0x03, 0x03, 0x4d, 0x00, 0x00, 0x00, 0x13, 0x00, 0x00, 0x00, 0x16,
    0x0b, 0x0b, 0x0b, 0x17, 0x00, 0x00, 0x00, 0x08, 0x51, 0x51, 0x51, 0x6e, 0x56, 0x56, 0x55, 0xff,
    0x2b, 0x2b, 0x2b, 0x4c, 0x1c, 0x1c, 0x1c, 0x5b, 0x1b, 0x1b, 0x1b, 0xe8, 0x0f, 0x0f, 0x0f, 0xc8,
    0x29, 0x29, 0x2a, 0xd2, 0x53, 0x54, 0x54, 0xff, 0x27, 0x27, 0x27, 0xaa, 0x25, 0x25, 0x23, 0xc0,
    0x2d, 0x2b, 0x2b, 0xff, 0x31, 0x2f, 0x2e, 0xfb, 0x3e, 0x3d, 0x3c, 0xfe, 0x21, 0x21, 0x21, 0xe6,
    0x00, 0x00, 0x00, 0x21, 0x00, 0xff, 0xff, 0x01, 0x00, 0x00, 0x00, 0x0a, 0x15, 0x2a, 0x4c, 0xce,
    0x0b, 0x4a, 0xa0, 0xff, 0x06, 0x39, 0x80, 0xfd, 0x21, 0x26, 0x31, 0xff, 0x37, 0x32, 0x2c, 0xff,
    0x33, 0x2f, 0x2d, 0xff, 0x31, 0x2d, 0x2a, 0xff, 0x30, 0x2d, 0x2a, 0xff, 0x2e, 0x2a, 0x27, 0xff,
    0x2c, 0x28, 0x25, 0xff, 0x2a, 0x27, 0x24, 0xff, 0x28, 0x25, 0x22, 0xff, 0x25, 0x20, 0x1e, 0xff,
    0x21, 0x1d, 0x1c, 0xff, 0x1d, 0x1a, 0x1b, 0xff, 0x1c, 0x19, 0x1a, 0xff, 0x1a, 0x18, 0x18, 0xff,
    0x19, 0x16, 0x16, 0xff, 0x17, 0x15, 0x15, 0xff, 0x13, 0x11, 0x11, 0xfe, 0x18, 0x17, 0x16, 0xfd,
    0x36, 0x36, 0x35, 0xfb, 0x0d, 0x0f, 0x0f, 0x85, 0x00, 0x00, 0x00, 0x10, 0x00, 0x00, 0x00, 0x1b,
    0x00, 0x00, 0x00, 0x22, 0x00, 0x00, 0x00, 0x1a, 0x00, 0x00, 0x00, 0x15, 0x00, 0x00, 0x00, 0x1f,
    0x00, 0x00, 0x00, 0x1e, 0x00, 0x00, 0x00, 0x28, 0x00, 0x00, 0x00, 0x34, 0x00, 0x00, 0x00, 0x1a,
    0x00, 0x00, 0x00, 0x2a, 0x00, 0x00, 0x00, 0x31, 0x00, 0x00, 0x00, 0x29, 0x00, 0x00, 0x00, 0x22,
    0x00, 0x00, 0x00, 0x1b, 0x00, 0x00, 0x00, 0x1c, 0x00, 0x00, 0x00, 0x1d, 0x00, 0x00, 0x00, 0x20,
    0x07, 0x0f, 0x07, 0x21, 0x00, 0x00, 0x00, 0x00, 0x42, 0x42, 0x40, 0xbd, 0x45, 0x44, 0x43, 0xff,
    0x36, 0x35, 0x34, 0xfc, 0x28, 0x25, 0x26, 0xff, 0x1d, 0x1b, 0x1a, 0xff, 0x1b, 0x19, 0x19, 0xff,
    0x1c, 0x19, 0x19, 0xff, 0x1d, 0x1b, 0x1a, 0xff, 0x1e, 0x1b, 0x1c, 0xff, 0x1e, 0x1c, 0x1c, 0xff,
    0x1e, 0x1c, 0x1d, 0xff, 0x1e, 0x1c, 0x1b, 0xff, 0x1f, 0x1d, 0x1d, 0xff, 0x1d, 0x1b, 0x1c, 0xff,
    0x1c, 0x1b, 0x1a, 0xff, 0x1c, 0x19, 0x1a, 0xff, 0x1b, 0x19, 0x19, 0xff, 0x1b, 0x19, 0x19, 0xff,
    0x1c, 0x1a, 0x1a, 0xff, 0x1c, 0x1b, 0x1b, 0xff, 0x1d, 0x1c, 0x1a, 0xff, 0x1a, 0x18, 0x1f, 0xff,
    0x09, 0x06, 0x36, 0xfc, 0x08, 0x05, 0x4b, 0xff, 0x10, 0x0e, 0x2f, 0xbd, 0x00, 0x00, 0x00, 0x02,
    0x00, 0x00, 0x3f, 0x04, 0x00, 0x00, 0x00, 0x00, 0x13, 0x13, 0x11, 0x83, 0x2d, 0x2b, 0x2b, 0xff,
    0x35, 0x33, 0x32, 0xfb, 0x31, 0x30, 0x2f, 0xff, 0x1b, 0x1b, 0x1a, 0xfc, 0x20, 0x1f, 0x1f, 0xe9,
    0x58, 0x58, 0x57, 0xf8, 0x25, 0x26, 0x26, 0xb3, 0x11, 0x12, 0x11, 0xa2, 0x23, 0x23, 0x23, 0xd1,
    0x29, 0x29, 0x29, 0x25, 0x00, 0x00, 0x00, 0x00, 0x1f, 0x1f, 0x1f, 0x08, 0x47, 0x46, 0x46, 0xc0,
    0x5f, 0x5f, 0x5e, 0xff, 0x19, 0x18, 0x18, 0xa8, 0x0b, 0x0b, 0x0b, 0x8b, 0x1a, 0x1c, 0x1c, 0xc7,
    0x1c, 0x1e, 0x1e, 0xcc, 0x19, 0x19, 0x1c, 0xbe, 0x0f, 0x0d, 0x0d, 0x95, 0x4d, 0x4d, 0x4d, 0xe2,
    0x4f, 0x50, 0x4f, 0xe3, 0x12, 0x12, 0x12, 0x0e, 0x01, 0x01, 0x01, 0x00, 0x3f, 0x3f, 0x3f, 0x04,
    0x1b, 0x1b, 0x1b, 0x79, 0x10, 0x10, 0x10, 0xef, 0x29, 0x29, 0x29, 0xf9, 0x57, 0x56, 0x57, 0xfb,
    0x16, 0x16, 0x16, 0xef, 0x27, 0x27, 0x26, 0xfd, 0x2a, 0x26, 0x27, 0xff, 0x34, 0x31, 0x31, 0xfe,
    0x27, 0x25, 0x24, 0xe7, 0x0b, 0x0a, 0x0a, 0x95, 0x06, 0x06, 0x06, 0x4c, 0x00, 0x00, 0x00, 0x00,
    0x15, 0x1b, 0x15, 0x2f, 0x28, 0x25, 0x24, 0xed, 0x29, 0x27, 0x27, 0xfe, 0x29, 0x26, 0x26, 0xfe,
    0x2b, 0x29, 0x26, 0xff, 0x2a, 0x2a, 0x25, 0xff, 0x2b, 0x28, 0x25, 0xff, 0x2c, 0x28, 0x24, 0xff,
    0x2c, 0x28, 0x24, 0xfe, 0x2a, 0x28, 0x25, 0xff, 0x2a, 0x29, 0x28, 0xe4, 0x26, 0x26, 0x25, 0xe8,
    0x2b, 0x28, 0x28, 0xff, 0x29, 0x28, 0x23, 0xfe, 0x29, 0x27, 0x23, 0xff, 0x28, 0x26, 0x23, 0xff,
    0x26, 0x24, 0x24, 0xff, 0x26, 0x25, 0x24, 0xff, 0x25, 0x23, 0x23, 0xff, 0x25, 0x23, 0x23, 0xff,
    0x25, 0x22, 0x23, 0xff, 0x23, 0x22, 0x21, 0xff, 0x22, 0x20, 0x20, 0xff, 0x23, 0x21, 0x21, 0xff,
    0x23, 0x21, 0x21, 0xff, 0x22, 0x20, 0x20, 0xff, 0x22, 0x1f, 0x20, 0xff, 0x22, 0x1f, 0x20, 0xff,
    0x22, 0x20, 0x20, 0xff, 0x21, 0x20, 0x20, 0xff, 0x21, 0x20, 0x20, 0xff, 0x22, 0x20, 0x1f, 0xff,
    0x22, 0x1f, 0x1f, 0xff, 0x21, 0x1f, 0x1f, 0xff, 0x22, 0x20, 0x20, 0xff, 0x22, 0x20, 0x1f, 0xff,
    0x23, 0x20, 0x20, 0xff, 0x23, 0x20, 0x20, 0xff, 0x23, 0x20, 0x21, 0xff, 0x23, 0x21, 0x20, 0xff,
    0x24, 0x22, 0x21, 0xff, 0x24, 0x22, 0x21, 0xff, 0x24, 0x23, 0x22, 0xff, 0x24, 0x23, 0x22, 0xff,
    0x24, 0x22, 0x22, 0xff, 0x24, 0x22, 0x22, 0xff, 0x25, 0x23, 0x23, 0xff, 0x24, 0x22, 0x22, 0xff,
    0x25, 0x23, 0x23, 0xff, 0x25, 0x23, 0x24, 0xff, 0x26, 0x22, 0x23, 0xff, 0x24, 0x22, 0x23, 0xff,
    0x24, 0x22, 0x23, 0xff, 0x25, 0x22, 0x23, 0xff, 0x25, 0x22, 0x23, 0xff, 0x24, 0x23, 0x23, 0xff,
    0x25, 0x23, 0x23, 0xff, 0x26, 0x24, 0x20, 0xff, 0x25, 0x24, 0x20, 0xff, 0x25, 0x23, 0x23, 0xff,
    0x24, 0x23, 0x21, 0xff, 0x25, 0x24, 0x20, 0xff, 0x24, 0x23, 0x22, 0xff, 0x25, 0x23, 0x21, 0xff,
    0x25, 0x22, 0x20, 0xff, 0x26, 0x22, 0x23, 0xff, 0x25, 0x24, 0x22, 0xff, 0x25, 0x23, 0x20, 0xff,
    0x26, 0x23, 0x21, 0xff, 0x26, 0x23, 0x23, 0xff, 0x25, 0x23, 0x24, 0xff, 0x24, 0x22, 0x23, 0xff,
    0x26, 0x23, 0x21, 0xff, 0x25, 0x24, 0x23, 0xff, 0x26, 0x24, 0x23, 0xff, 0x27, 0x24, 0x23, 0xff,
    0x26, 0x24, 0x23, 0xff, 0x26, 0x24, 0x23, 0xff, 0x26, 0x24, 0x22, 0xff, 0x27, 0x25, 0x20, 0xff,
    0x26, 0x25, 0x22, 0xff, 0x27, 0x24, 0x23, 0xfe, 0x28, 0x25, 0x24, 0xff, 0x22, 0x20, 0x1f, 0xe5,
    0x25, 0x22, 0x20, 0xf3, 0x2a, 0x25, 0x22, 0xff, 0x29, 0x25, 0x22, 0xff, 0x29, 0x25, 0x21, 0xff,
    0x28, 0x25, 0x22, 0xff, 0x27, 0x24, 0x24, 0xff, 0x27, 0x25, 0x22, 0xff, 0x26, 0x26, 0x22, 0xff,
    0x29, 0x27, 0x23, 0xff, 0x29, 0x26, 0x24, 0xff, 0x2a, 0x28, 0x24, 0xff, 0x2b, 0x2a, 0x25, 0xff,
    0x2e, 0x2b, 0x28, 0xff, 0x2e, 0x29, 0x29, 0xff, 0x2f, 0x2a, 0x2b, 0xff, 0x30, 0x2d, 0x29, 0xff,
    0x33, 0x2f, 0x2a, 0xff, 0x33, 0x30, 0x2d, 0xff, 0x33, 0x30, 0x2c, 0xff, 0x34, 0x30, 0x2d, 0xff,
    0x34, 0x30, 0x2d, 0xff, 0x32, 0x2e, 0x2a, 0xff, 0x2d, 0x29, 0x26, 0xff, 0x2a, 0x27, 0x27, 0xfb,
    0x2c, 0x28, 0x29, 0xff, 0x1d, 0x1d, 0x1b, 0x80, 0x00, 0x00, 0x00, 0x00, 0x01, 0x01, 0x01, 0x00,
    0x02, 0x05, 0x02, 0x63, 0x0f, 0x0f, 0x0e, 0xf4, 0x29, 0x26, 0x26, 0xf9, 0x30, 0x2d, 0x2d, 0xfe,
    0x2d, 0x2b, 0x2a, 0xff, 0x22, 0x21, 0x1f, 0xfc, 0x21, 0x20, 0x20, 0xea, 0x5a, 0x59, 0x58, 0xf5,
    0x1e, 0x1e, 0x1d, 0xf8, 0x15, 0x15, 0x15, 0xf6, 0x20, 0x20, 0x20, 0x67, 0x00, 0x00, 0x00, 0x00,
    0x01, 0x01, 0x01, 0x00, 0x00, 0x00, 0x00, 0x17, 0x44, 0x42, 0x42, 0xd9, 0x55, 0x56, 0x56, 0xee,
    0x16, 0x16, 0x16, 0x93, 0x1c, 0x1c, 0x1c, 0xa0, 0x23, 0x22, 0x23, 0x9d, 0x21, 0x21, 0x21, 0x98,
    0x12, 0x12, 0x12, 0x8c, 0x06, 0x06, 0x06, 0x93, 0x51, 0x52, 0x51, 0xf7, 0x4c, 0x4d, 0x4c, 0xda,
    0x14, 0x0a, 0x14, 0x19, 0x00, 0x00, 0x00, 0x00, 0x2a, 0x2a, 0x2a, 0x2a, 0x1e, 0x1e, 0x1e, 0xca,
    0x0f, 0x0f, 0x0f, 0x94, 0x27, 0x27, 0x27, 0xcd, 0x4f, 0x4f, 0x4f, 0xf4, 0x16, 0x16, 0x17, 0xb8,
    0x25, 0x25, 0x25, 0xf8, 0x2b, 0x2b, 0x2a, 0xff, 0x39, 0x38, 0x37, 0xfb, 0x37, 0x36, 0x35, 0xff,
    0x16, 0x18, 0x18, 0x9e, 0x00, 0x00, 0x00, 0x01, 0x00, 0x00, 0x00, 0x00, 0x12, 0x17, 0x25, 0x60,
    0x12, 0x3b, 0x75, 0xff, 0x04, 0x30, 0x6e, 0xfd, 0x12, 0x20, 0x37, 0xff, 0x2d, 0x29, 0x24, 0xff,
    0x2d, 0x2a, 0x27, 0xff, 0x2b, 0x28, 0x25, 0xff, 0x2c, 0x28, 0x24, 0xff, 0x2a, 0x26, 0x23, 0xff,
    0x29, 0x24, 0x22, 0xff, 0x27, 0x21, 0x22, 0xff, 0x23, 0x1f, 0x21, 0xff, 0x1f, 0x1c, 0x1c, 0xff,
    0x1c, 0x1a, 0x1a, 0xff, 0x19, 0x18, 0x18, 0xff, 0x1a, 0x18, 0x17, 0xff, 0x19, 0x17, 0x16, 0xff,
    0x18, 0x16, 0x15, 0xff, 0x18, 0x15, 0x14, 0xff, 0x12, 0x11, 0x10, 0xff, 0x15, 0x14, 0x13, 0xfd,
    0x43, 0x43, 0x42, 0xfd, 0x15, 0x15, 0x15, 0x6b, 0x00, 0x00, 0x00, 0x06, 0x00, 0x00, 0x00, 0x1c,
    0x06, 0x06, 0x06, 0x25, 0x00, 0x00, 0x00, 0x1f, 0x00, 0x00, 0x00, 0x25, 0x00, 0x00, 0x00, 0x25,
    0x00, 0x00, 0x00, 0x1c, 0x00, 0x00, 0x00, 0x29, 0x05, 0x05, 0x05, 0x32, 0x05, 0x05, 0x05, 0x2e,
    0x03, 0x03, 0x03, 0x4d, 0x03, 0x03, 0x03, 0x4d, 0x06, 0x03, 0x03, 0x4e, 0x00, 0x00, 0x00, 0x3e,
    0x04, 0x04, 0x04, 0x3a, 0x00, 0x00, 0x00, 0x27, 0x00, 0x04, 0x00, 0x36, 0x00, 0x00, 0x00, 0x33,
    0x04, 0x09, 0x04, 0x36, 0x00, 0x00, 0x00, 0x21, 0x38, 0x38, 0x38, 0xa2, 0x39, 0x38, 0x38, 0xff,
    0x27, 0x26, 0x24, 0xfc, 0x28, 0x26, 0x26, 0xff, 0x23, 0x20, 0x20, 0xff, 0x18, 0x16, 0x16, 0xff,
    0x1a, 0x19, 0x18, 0xff, 0x1d, 0x1b, 0x1b, 0xff, 0x1d, 0x1a, 0x1a, 0xff, 0x1e, 0x1c, 0x1c, 0xff,
    0x1e, 0x1d, 0x1d, 0xff, 0x1e, 0x1d, 0x1d, 0xff, 0x20, 0x1e, 0x1e, 0xff, 0x20, 0x1d, 0x1d, 0xff,
    0x20, 0x1e, 0x1e, 0xff, 0x1f, 0x1d, 0x1d, 0xff, 0x1e, 0x1d, 0x1c, 0xff, 0x1d, 0x1b, 0x1b, 0xff,
    0x1d, 0x1c, 0x1c, 0xff, 0x1d, 0x1c, 0x1c, 0xff, 0x1e, 0x1c, 0x19, 0xff, 0x13, 0x12, 0x2f, 0xff,
    0x06, 0x03, 0x53, 0xfc, 0x0b, 0x08, 0x41, 0xff, 0x11, 0x0e, 0x17, 0x58, 0x00, 0x00, 0x00, 0x00,
    0x00, 0x00, 0xff, 0x01, 0x00, 0x00, 0x00, 0x23, 0x20, 0x1e, 0x1e, 0xe8, 0x34, 0x32, 0x31, 0xfd,
    0x32, 0x31, 0x30, 0xfd, 0x29, 0x27, 0x27, 0xff, 0x17, 0x17, 0x17, 0xfe, 0x55, 0x55, 0x54, 0xff,
    0x35, 0x35, 0x34, 0xf5, 0x0f, 0x11, 0x0f, 0xb4, 0x1f, 0x1f, 0x1d, 0xcd, 0x1a, 0x1a, 0x1a, 0x1d,
    0x00, 0x00, 0x00, 0x00, 0xff, 0xff, 0xff, 0x01, 0x00, 0x00, 0x00, 0x1a, 0x1d, 0x1d, 0x1d, 0xae,
    0x5f, 0x5e, 0x5f, 0xfe, 0x3d, 0x3d, 0x3d, 0xff, 0x0c, 0x0c, 0x0c, 0xff, 0x29, 0x2b, 0x2d, 0xff,
    0x31, 0x34, 0x37, 0xff, 0x2a, 0x2e, 0x30, 0xff, 0x30, 0x31, 0x30, 0xec, 0x5b, 0x5b, 0x5b, 0xff,
    0x2d, 0x2f, 0x2d, 0xa1, 0x00, 0x00, 0x00, 0x18, 0x19, 0x19, 0x19, 0x0a, 0x00, 0x00, 0x00, 0x00,
    0x00, 0x00, 0x00, 0x00, 0x23, 0x23, 0x23, 0x83, 0x11, 0x11, 0x10, 0xfa, 0x38, 0x39, 0x39, 0xf8,
    0x48, 0x48, 0x49, 0xe6, 0x13, 0x12, 0x12, 0xe1, 0x28, 0x27, 0x27, 0xfc, 0x2c, 0x2a, 0x29, 0xfe,
    0x32, 0x30, 0x30, 0xff, 0x17, 0x17, 0x17, 0xe0, 0x02, 0x04, 0x02, 0x7a, 0x0d, 0x0d, 0x0d, 0x13,
    0x00, 0x00, 0x00, 0x00, 0x22, 0x20, 0x20, 0xac, 0x29, 0x27, 0x27, 0xff, 0x27, 0x25, 0x25, 0xfb,
    0x29, 0x28, 0x25, 0xff, 0x29, 0x29, 0x24, 0xff, 0x29, 0x27, 0x25, 0xff, 0x2a, 0x27, 0x24, 0xff,
    0x2b, 0x28, 0x24, 0xff, 0x29, 0x26, 0x25, 0xfe, 0x2a, 0x27, 0x27, 0xfb, 0x28, 0x29, 0x28, 0xd6,
    0x26, 0x26, 0x26, 0xf8, 0x28, 0x27, 0x27, 0xff, 0x27, 0x26, 0x24, 0xff, 0x26, 0x25, 0x24, 0xff,
    0x26, 0x24, 0x24, 0xff, 0x25, 0x23, 0x23, 0xff, 0x24, 0x22, 0x23, 0xff, 0x24, 0x22, 0x21, 0xff,
    0x24, 0x22, 0x20, 0xff, 0x23, 0x21, 0x1f, 0xff, 0x22, 0x20, 0x20, 0xff, 0x22, 0x20, 0x20, 0xff,
    0x22, 0x20, 0x20, 0xff, 0x21, 0x1f, 0x1f, 0xff, 0x21, 0x1f, 0x1f, 0xff, 0x21, 0x1f, 0x1e, 0xff,
    0x21, 0x1f, 0x1f, 0xff, 0x21, 0x1f, 0x1f, 0xff, 0x21, 0x1f, 0x1f, 0xff, 0x22, 0x1f, 0x1f, 0xff,
    0x20, 0x1f, 0x20, 0xff, 0x20, 0x1f, 0x1f, 0xff, 0x21, 0x1f, 0x20, 0xff, 0x22, 0x20, 0x1f, 0xff,
    0x21, 0x1f, 0x1f, 0xff, 0x21, 0x1f, 0x1f, 0xff, 0x21, 0x1f, 0x1f, 0xff, 0x22, 0x20, 0x20, 0xff,
    0x22, 0x1f, 0x1f, 0xff, 0x22, 0x1f, 0x20, 0xff, 0x22, 0x20, 0x20, 0xff, 0x23, 0x21, 0x21, 0xff,
    0x23, 0x20, 0x20, 0xff, 0x23, 0x21, 0x20, 0xff, 0x24, 0x22, 0x22, 0xff, 0x24, 0x22, 0x22, 0xff,
    0x23, 0x23, 0x22, 0xff, 0x25, 0x23, 0x23, 0xff, 0x26, 0x22, 0x22, 0xff, 0x25, 0x23, 0x23, 0xff,
    0x25, 0x22, 0x21, 0xff, 0x24, 0x22, 0x1f, 0xff, 0x25, 0x22, 0x20, 0xff, 0x24, 0x22, 0x22, 0xff,
    0x24, 0x23, 0x20, 0xff, 0x26, 0x24, 0x1f, 0xff, 0x26, 0x25, 0x1f, 0xff, 0x24, 0x23, 0x22, 0xff,
    0x25, 0x23, 0x21, 0xff, 0x25, 0x23, 0x20, 0xff, 0x24, 0x22, 0x22, 0xff, 0x26, 0x24, 0x22, 0xff,
    0x25, 0x23, 0x21, 0xff, 0x25, 0x22, 0x23, 0xff, 0x25, 0x23, 0x24, 0xff, 0x24, 0x23, 0x21, 0xff,
    0x25, 0x23, 0x22, 0xff, 0x25, 0x22, 0x23, 0xff, 0x25, 0x23, 0x21, 0xff, 0x25, 0x23, 0x20, 0xff,
    0x25, 0x22, 0x23, 0xff, 0x25, 0x22, 0x22, 0xff, 0x24, 0x22, 0x23, 0xff, 0x25, 0x23, 0x23, 0xff,
    0x25, 0x22, 0x22, 0xff, 0x26, 0x23, 0x24, 0xff, 0x26, 0x24, 0x22, 0xff, 0x24, 0x24, 0x1f, 0xff,
    0x26, 0x23, 0x23, 0xff, 0x25, 0x23, 0x22, 0xfe, 0x27, 0x26, 0x22, 0xff, 0x20, 0x20, 0x1f, 0xdb,
    0x26, 0x24, 0x23, 0xf5, 0x27, 0x25, 0x24, 0xff, 0x26, 0x25, 0x23, 0xff, 0x26, 0x23, 0x22, 0xff,
    0x26, 0x25, 0x22, 0xff, 0x26, 0x24, 0x23, 0xff, 0x27, 0x25, 0x25, 0xff, 0x26, 0x24, 0x24, 0xff,
    0x28, 0x26, 0x23, 0xff, 0x2a, 0x28, 0x23, 0xff, 0x29, 0x27, 0x25, 0xff, 0x29, 0x27, 0x27, 0xff,
    0x2a, 0x27, 0x28, 0xff, 0x2c, 0x27, 0x28, 0xff, 0x2e, 0x29, 0x28, 0xff, 0x2e, 0x2a, 0x27, 0xff,
    0x30, 0x2d, 0x28, 0xff, 0x31, 0x2e, 0x2b, 0xff, 0x32, 0x2f, 0x2a, 0xff, 0x32, 0x2d, 0x2b, 0xff,
    0x30, 0x2d, 0x29, 0xff, 0x2d, 0x2a, 0x26, 0xff, 0x2a, 0x27, 0x23, 0xfd, 0x2a, 0x28, 0x28, 0xff,
    0x26, 0x24, 0x24, 0xe1, 0x16, 0x0f, 0x16, 0x22, 0x00, 0x00, 0x00, 0x01, 0x0a, 0x0a, 0x0a, 0x19,
    0x06, 0x08, 0x06, 0xbf, 0x1e, 0x1c, 0x1c, 0xec, 0x33, 0x30, 0x30, 0xff, 0x2d, 0x2b, 0x2a, 0xfe,
    0x2b, 0x29, 0x28, 0xff, 0x17, 0x16, 0x15, 0xf7, 0x51, 0x51, 0x51, 0xf1, 0x2c, 0x2c, 0x2c, 0xef,
    0x13, 0x14, 0x13, 0xef, 0x21, 0x21, 0x21, 0x64, 0x00, 0x00, 0x00, 0x00, 0x33, 0x33, 0x33, 0x05,
    0x00, 0x00, 0x00, 0x24, 0x07, 0x07, 0x07, 0x65, 0x1c, 0x1a, 0x1a, 0xc7, 0x57, 0x56, 0x54, 0xff,
    0x38, 0x39, 0x39, 0xfa, 0x2b, 0x2d, 0x2e, 0xff, 0x33, 0x34, 0x35, 0xff, 0x30, 0x31, 0x31, 0xff,
    0x11, 0x11, 0x11, 0xff, 0x28, 0x28, 0x28, 0xf6, 0x5f, 0x60, 0x60, 0xff, 0x2b, 0x2b, 0x2b, 0xc1,
    0x00, 0x00, 0x00, 0x25, 0xff, 0xff, 0xff, 0x01, 0x00, 0x00, 0x00, 0x00, 0x1a, 0x1a, 0x1a, 0x27,
    0x1b, 0x1a, 0x1a, 0xcc, 0x0b, 0x0d, 0x0b, 0x95, 0x36, 0x38, 0x36, 0xef, 0x47, 0x47, 0x47, 0xf4,
    0x14, 0x13, 0x13, 0xf4, 0x2e, 0x2c, 0x2d, 0xfe, 0x2e, 0x2d, 0x2d, 0xfe, 0x3c, 0x3b, 0x3a, 0xfe,
    0x22, 0x22, 0x22, 0xf4, 0x0b, 0x0b, 0x0b, 0x2d, 0x00, 0x00, 0xff, 0x01, 0x11, 0x00, 0x00, 0x0f,
    0x14, 0x2b, 0x4e, 0xd3, 0x0a, 0x30, 0x6d, 0xff, 0x0a, 0x28, 0x55, 0xfd, 0x1f, 0x1f, 0x20, 0xff,
    0x2b, 0x27, 0x22, 0xff, 0x29, 0x26, 0x23, 0xff, 0x28, 0x24, 0x21, 0xff, 0x27, 0x22, 0x22, 0xff,
    0x25, 0x1f, 0x21, 0xff, 0x23, 0x1e, 0x20, 0xff, 0x1f, 0x1c, 0x1d, 0xff, 0x1c, 0x1b, 0x1b, 0xff,
    0x1b, 0x18, 0x17, 0xff, 0x19, 0x16, 0x17, 0xff, 0x18, 0x17, 0x17, 0xff, 0x18, 0x15, 0x15, 0xff,
    0x16, 0x14, 0x14, 0xff, 0x17, 0x14, 0x14, 0xff, 0x15, 0x13, 0x13, 0xfe, 0x1d, 0x1c, 0x1c, 0xff,
    0x34, 0x33, 0x33, 0xe9, 0x09, 0x0d, 0x0d, 0x37, 0x00, 0x00, 0x00, 0x20, 0x00, 0x05, 0x05, 0x30,
    0x00, 0x00, 0x00, 0x2b, 0x04, 0x04, 0x04, 0x37, 0x00, 0x00, 0x00, 0x36, 0x00, 0x00, 0x00, 0x2e,
    0x00, 0x00, 0x00, 0x31, 0x04, 0x04, 0x04, 0x3d, 0x04, 0x04, 0x00, 0x39, 0x00, 0x04, 0x04, 0x3a,
    0x02, 0x05, 0x02, 0x5d, 0x04, 0x04, 0x04, 0x6d, 0x03, 0x03, 0x03, 0x4a, 0x04, 0x04, 0x04, 0x3e,
    0x04, 0x04, 0x04, 0x3f, 0x04, 0x04, 0x04, 0x39, 0x00, 0x04, 0x04, 0x38, 0x04, 0x04, 0x04, 0x3b,
    0x06, 0x06, 0x06, 0x49, 0x00, 0x00, 0x00, 0x58, 0x27, 0x29, 0x27, 0x8d, 0x3d, 0x3b, 0x3a, 0xff,
    0x22, 0x1f, 0x1f, 0xff, 0x1c, 0x1b, 0x1a, 0xff, 0x1f, 0x1d, 0x1c, 0xff, 0x2c, 0x2a, 0x2a, 0xff,
    0x1a, 0x18, 0x18, 0xff, 0x1b, 0x19, 0x1a, 0xff, 0x1d, 0x1b, 0x1b, 0xff, 0x1e, 0x1c, 0x1c, 0xff,
    0x1f, 0x1d, 0x1d, 0xff, 0x1f, 0x1d, 0x1c, 0xff, 0x1f, 0x1c, 0x1c, 0xff, 0x1f, 0x1d, 0x1d, 0xff,
    0x20, 0x1e, 0x1f, 0xff, 0x20, 0x1e, 0x1d, 0xff, 0x21, 0x1f, 0x1f, 0xff, 0x21, 0x1f, 0x1e, 0xff,
    0x21, 0x1f, 0x1e, 0xff, 0x21, 0x1f, 0x20, 0xff, 0x21, 0x20, 0x1d, 0xff, 0x0f, 0x0d, 0x40, 0xfd,
    0x06, 0x02, 0x66, 0xff, 0x0c, 0x0a, 0x40, 0xec, 0x0f, 0x0f, 0x07, 0x21, 0x00, 0x00, 0xff, 0x01,
    0x00, 0x00, 0x00, 0x00, 0x16, 0x13, 0x13, 0x5a, 0x29, 0x27, 0x27, 0xff, 0x35, 0x33, 0x32, 0xfc,
    0x30, 0x2d, 0x2d, 0xff, 0x17, 0x17, 0x16, 0xfe, 0x37, 0x38, 0x37, 0xfc, 0x43, 0x44, 0x43, 0xf5,
    0x11, 0x12, 0x12, 0xdf, 0x1d, 0x1d, 0x1d, 0xef, 0x1c, 0x1c, 0x1c, 0x2d, 0x00, 0x00, 0x00, 0x00,
    0x01, 0x01, 0x01, 0x00, 0x00, 0x00, 0x00, 0x28, 0x17, 0x16, 0x16, 0xb5, 0x1b, 0x1b, 0x1c, 0xe9,
    0x47, 0x46, 0x46, 0xf3, 0x69, 0x68, 0x68, 0xfe, 0x13, 0x13, 0x13, 0xfd, 0x1d, 0x1d, 0x1e, 0xfc,
    0x32, 0x35, 0x36, 0xfd, 0x24, 0x27, 0x28, 0xfd, 0x58, 0x58, 0x58, 0xff, 0x54, 0x54, 0x54, 0xfb,
    0x0a, 0x0a, 0x0a, 0x7d, 0x19, 0x1a, 0x1a, 0xcc, 0x0a, 0x0a, 0x0a, 0xa5, 0x00, 0x00, 0x00, 0x75,
    0x03, 0x03, 0x03, 0x4a, 0x7f, 0x7f, 0x7f, 0x02, 0x1a, 0x1a, 0x1a, 0xad, 0x12, 0x12, 0x12, 0xe8,
    0x4d, 0x4d, 0x4c, 0xf1, 0x24, 0x24, 0x24, 0xdb, 0x1f, 0x1e, 0x1e, 0xfb, 0x2b, 0x2b, 0x2a, 0xff,
    0x35, 0x32, 0x32, 0xfe, 0x28, 0x25, 0x24, 0xf5, 0x08, 0x0a, 0x08, 0xcb, 0x04, 0x08, 0x04, 0x3b,
    0x00, 0x00, 0x00, 0x01, 0x1b, 0x1b, 0x1e, 0x55, 0x25, 0x23, 0x22, 0xfe, 0x24, 0x22, 0x22, 0xfe,
    0x26, 0x24, 0x24, 0xff, 0x28, 0x27, 0x24, 0xff, 0x28, 0x27, 0x25, 0xff, 0x29, 0x28, 0x25, 0xff,
    0x2a, 0x28, 0x26, 0xff, 0x28, 0x26, 0x27, 0xfe, 0x26, 0x25, 0x25, 0xff, 0x2a, 0x2a, 0x29, 0xf0,
    0x27, 0x26, 0x26, 0xd6, 0x26, 0x25, 0x25, 0xfe, 0x26, 0x24, 0x24, 0xfe, 0x25, 0x24, 0x24, 0xff,
    0x24, 0x23, 0x23, 0xff, 0x25, 0x23, 0x23, 0xff, 0x24, 0x21, 0x21, 0xff, 0x23, 0x21, 0x21, 0xff,
    0x22, 0x21, 0x20, 0xff, 0x23, 0x20, 0x20, 0xff, 0x22, 0x20, 0x1f, 0xff, 0x21, 0x1f, 0x20, 0xff,
    0x21, 0x1f, 0x1f, 0xff, 0x20, 0x1e, 0x1e, 0xff, 0x20, 0x1e, 0x1f, 0xff, 0x20, 0x1e, 0x1d, 0xff,
    0x21, 0x1f, 0x1e, 0xff, 0x20, 0x1e, 0x1e, 0xff, 0x20, 0x1e, 0x1f, 0xff, 0x20, 0x1e, 0x1e, 0xff,
    0x21, 0x1e, 0x1f, 0xff, 0x1f, 0x1d, 0x1e, 0xff, 0x1f, 0x1e, 0x1e, 0xff, 0x20, 0x1e, 0x1e, 0xff,
    0x20, 0x1e, 0x1f, 0xff, 0x21, 0x1f, 0x1f, 0xff, 0x20, 0x1e, 0x1f, 0xff, 0x20, 0x1e, 0x1e, 0xff,
    0x20, 0x1e, 0x1e, 0xff, 0x21, 0x1e, 0x1e, 0xff, 0x20, 0x1e, 0x1d, 0xff, 0x21, 0x1f, 0x20, 0xff,
    0x22, 0x20, 0x20, 0xff, 0x23, 0x20, 0x20, 0xff, 0x23, 0x21, 0x21, 0xff, 0x22, 0x20, 0x21, 0xff,
    0x23, 0x21, 0x21, 0xff, 0x23, 0x21, 0x21, 0xff, 0x23, 0x21, 0x21, 0xff, 0x24, 0x22, 0x22, 0xff,
    0x25, 0x23, 0x21, 0xff, 0x24, 0x22, 0x20, 0xff, 0x24, 0x21, 0x21, 0xff, 0x24, 0x23, 0x21, 0xff,
    0x24, 0x22, 0x20, 0xff, 0x24, 0x23, 0x21, 0xff, 0x24, 0x23, 0x20, 0xff, 0x24, 0x23, 0x21, 0xff,
    0x24, 0x23, 0x22, 0xff, 0x24, 0x21, 0x22, 0xff, 0x24, 0x22, 0x22, 0xff, 0x24, 0x22, 0x21, 0xff,
    0x24, 0x22, 0x22, 0xff, 0x24, 0x22, 0x23, 0xff, 0x25, 0x22, 0x22, 0xff, 0x25, 0x23, 0x22, 0xff,
    0x25, 0x23, 0x24, 0xff, 0x25, 0x23, 0x22, 0xff, 0x25, 0x22, 0x20, 0xff, 0x25, 0x22, 0x21, 0xff,
    0x25, 0x23, 0x23, 0xff, 0x24, 0x22, 0x21, 0xff, 0x25, 0x23, 0x22, 0xff, 0x26, 0x24, 0x24, 0xff,
    0x25, 0x24, 0x22, 0xff, 0x26, 0x24, 0x22, 0xff, 0x26, 0x24, 0x23, 0xff, 0x26, 0x24, 0x22, 0xff,
    0x25, 0x23, 0x24, 0xff, 0x26, 0x24, 0x21, 0xff, 0x26, 0x25, 0x21, 0xfd, 0x1f, 0x1d, 0x1c, 0xd8,
    0x26, 0x24, 0x23, 0xf6, 0x24, 0x23, 0x23, 0xff, 0x25, 0x23, 0x23, 0xff, 0x24, 0x23, 0x24, 0xff,
    0x25, 0x24, 0x23, 0xff, 0x27, 0x25, 0x24, 0xff, 0x27, 0x24, 0x25, 0xff, 0x27, 0x25, 0x25, 0xff,
    0x27, 0x24, 0x24, 0xff, 0x27, 0x26, 0x25, 0xff, 0x28, 0x26, 0x26, 0xff, 0x29, 0x27, 0x24, 0xff,
    0x2a, 0x28, 0x27, 0xff, 0x2a, 0x28, 0x27, 0xff, 0x2c, 0x29, 0x24, 0xff, 0x2d, 0x29, 0x25, 0xff,
    0x2e, 0x2b, 0x27, 0xff, 0x2e, 0x2b, 0x27, 0xff, 0x2f, 0x2b, 0x27, 0xff, 0x2d, 0x2b, 0x27, 0xff,
    0x2e, 0x2b, 0x26, 0xff, 0x2d, 0x29, 0x26, 0xff, 0x29, 0x26, 0x25, 0xfc, 0x2b, 0x29, 0x28, 0xff,
    0x1b, 0x1a, 0x1a, 0xca, 0x00, 0x00, 0x00, 0x00, 0x00, 0x00, 0x00, 0x00, 0x06, 0x06, 0x06, 0x53,
    0x0d, 0x0c, 0x0c, 0xd1, 0x2a, 0x27, 0x27, 0xff, 0x30, 0x2d, 0x2c, 0xfe, 0x2e, 0x2b, 0x2b, 0xff,
    0x1e, 0x1d, 0x1c, 0xff, 0x39, 0x38, 0x37, 0xff, 0x43, 0x43, 0x42, 0xf9, 0x10, 0x12, 0x12, 0xfe,
    0x1e, 0x1e, 0x1e, 0x8c, 0x00, 0x00, 0x00, 0x00, 0x00, 0x00, 0x00, 0x1d, 0x00, 0x00, 0x00, 0x8f,
    0x1d, 0x1f, 0x1f, 0xc4, 0x28, 0x28, 0x29, 0xe5, 0x05, 0x03, 0x05, 0x89, 0x50, 0x4f, 0x4e, 0xe8,
    0x5c, 0x5a, 0x59, 0xfc, 0x25, 0x27, 0x27, 0xf8, 0x36, 0x37, 0x37, 0xfd, 0x28, 0x28, 0x28, 0xfc,
    0x12, 0x12, 0x12, 0xfe, 0x5f, 0x5f, 0x60, 0xfe, 0x51, 0x51, 0x50, 0xfe, 0x22, 0x22, 0x23, 0xfb,
    0x14, 0x14, 0x14, 0xb0, 0x00, 0x00, 0x00, 0x23, 0xff, 0xff, 0xff, 0x01, 0x00, 0x00, 0x00, 0x00,
    0x1a, 0x1a, 0x1a, 0x43, 0x17, 0x18, 0x17, 0xe1, 0x17, 0x17, 0x17, 0xbb, 0x48, 0x48, 0x49, 0xfc,
    0x25, 0x26, 0x26, 0xee, 0x1f, 0x1e, 0x1d, 0xfe, 0x2e, 0x2c, 0x2c, 0xff, 0x34, 0x32, 0x32, 0xfc,
    0x2f, 0x2e, 0x2e, 0xff, 0x13, 0x15, 0x15, 0x74, 0x00, 0x00, 0x00, 0x00, 0x00, 0x00, 0x00, 0x00,
    0x10, 0x20, 0x3a, 0x7f, 0x0e, 0x48, 0x94, 0xff, 0x08, 0x45, 0x92, 0xfb, 0x18, 0x20, 0x2d, 0xff,
    0x28, 0x22, 0x1e, 0xff, 0x26, 0x21, 0x21, 0xff, 0x24, 0x20, 0x20, 0xff, 0x23, 0x1e, 0x1f, 0xff,
    0x21, 0x1e, 0x1e, 0xff, 0x1f, 0x1d, 0x1d, 0xff, 0x1e, 0x1c, 0x1c, 0xff, 0x1c, 0x19, 0x19, 0xff,
    0x1a, 0x18, 0x18, 0xff, 0x19, 0x17, 0x17, 0xff, 0x17, 0x16, 0x15, 0xff, 0x18, 0x15, 0x15, 0xff,
    0x19, 0x17, 0x17, 0xff, 0x1e, 0x1c, 0x1c, 0xff, 0x22, 0x1e, 0x1e, 0xfe, 0x2b, 0x28, 0x28, 0xff,
    0x28, 0x28, 0x28, 0xc1, 0x03, 0x03, 0x03, 0x46, 0x00, 0x00, 0x00, 0x23, 0x04, 0x04, 0x04, 0x34,
    0x04, 0x04, 0x04, 0x39, 0x04, 0x04, 0x04, 0x3e, 0x03, 0x03, 0x03, 0x43, 0x03, 0x03, 0x03, 0x43,
    0x03, 0x03, 0x03, 0x44, 0x03, 0x03, 0x03, 0x45, 0x04, 0x04, 0x04, 0x3f, 0x03, 0x03, 0x03, 0x47,
    0x04, 0x04, 0x06, 0x6f, 0x06, 0x06, 0x04, 0x7d, 0x04, 0x07, 0x04, 0x6c, 0x05, 0x05, 0x05, 0x60,
    0x05, 0x05, 0x05, 0x5e, 0x05, 0x02, 0x05, 0x5f, 0x05, 0x05, 0x05, 0x64, 0x02, 0x05, 0x05, 0x5e,
    0x07, 0x05, 0x05, 0x65, 0x00, 0x00, 0x00, 0x6e, 0x19, 0x19, 0x19, 0x98, 0x38, 0x38, 0x38, 0xff,
    0x22, 0x20, 0x21, 0xff, 0x1e, 0x1c, 0x1c, 0xff, 0x16, 0x14, 0x14, 0xff, 0x2c, 0x2a, 0x2a, 0xff,
    0x3b, 0x38, 0x38, 0xff, 0x19, 0x16, 0x17, 0xff, 0x1c, 0x1b, 0x1a, 0xff, 0x1d, 0x1c, 0x1b, 0xff,
    0x1f, 0x1d, 0x1d, 0xff, 0x20, 0x1e, 0x1d, 0xff, 0x20, 0x1d, 0x1d, 0xff, 0x1f, 0x1e, 0x1d, 0xff,
    0x1f, 0x1d, 0x1e, 0xff, 0x20, 0x1e, 0x1e, 0xff, 0x21, 0x1e, 0x1e, 0xff, 0x1f, 0x1d, 0x1d, 0xff,
    0x1e, 0x1e, 0x1e, 0xff, 0x21, 0x1f, 0x1f, 0xff, 0x21, 0x1f, 0x1f, 0xff, 0x0a, 0x08, 0x4a, 0xfc,
    0x06, 0x03, 0x65, 0xff, 0x0f, 0x11, 0x31, 0xc2, 0x19, 0x19, 0x00, 0x0a, 0x00, 0x00, 0xff, 0x01,
    0x00, 0x00, 0x00, 0x01, 0x19, 0x1b, 0x19, 0xb1, 0x2c, 0x2c, 0x2a, 0xff, 0x2e, 0x2b, 0x2b, 0xfb,
    0x22, 0x20, 0x20, 0xff, 0x13, 0x13, 0x13, 0xef, 0x62, 0x62, 0x60, 0xf5, 0x51, 0x52, 0x51, 0xf9,
    0x19, 0x19, 0x19, 0xe5, 0x11, 0x15, 0x13, 0x75, 0x00, 0x00, 0x00, 0x00, 0x66, 0x66, 0x66, 0x05,
    0x0d, 0x0d, 0x0d, 0x26, 0x16, 0x17, 0x17, 0xcc, 0x2b, 0x2c, 0x2c, 0xff, 0x21, 0x25, 0x26, 0xfa,
    0x21, 0x23, 0x23, 0xe5, 0x7c, 0x7a, 0x7a, 0xff, 0x30, 0x30, 0x30, 0xfe, 0x03, 0x02, 0x03, 0xf3,
    0x0e, 0x0f, 0x0f, 0xf9, 0x27, 0x28, 0x28, 0xfa, 0x7a, 0x7a, 0x7a, 0xff, 0x38, 0x39, 0x38, 0xb5,
    0x0b, 0x09, 0x09, 0x84, 0x2e, 0x2f, 0x30, 0xff, 0x40, 0x41, 0x42, 0xff, 0x5b, 0x5b, 0x5a, 0xff,
    0x33, 0x34, 0x34, 0xc8, 0x00, 0x00, 0x00, 0x00, 0x00, 0x00, 0x00, 0x1a, 0x05, 0x05, 0x04, 0xb4,
    0x3b, 0x3d, 0x3c, 0xe8, 0x4a, 0x4a, 0x4a, 0xf2, 0x15, 0x15, 0x15, 0xf6, 0x2d, 0x2c, 0x2b, 0xff,
    0x2f, 0x2d, 0x2d, 0xfe, 0x2d, 0x2a, 0x29, 0xff, 0x11, 0x11, 0x11, 0xae, 0x04, 0x04, 0x04, 0x3c,
    0x00, 0x00, 0x00, 0x00, 0x00, 0x00, 0x00, 0x0e, 0x26, 0x24, 0x24, 0xe2, 0x28, 0x26, 0x26, 0xff,
    0x26, 0x25, 0x25, 0xfe, 0x28, 0x27, 0x26, 0xff, 0x29, 0x27, 0x25, 0xff, 0x28, 0x25, 0x25, 0xff,
    0x27, 0x25, 0x23, 0xff, 0x24, 0x24, 0x22, 0xff, 0x25, 0x22, 0x21, 0xfe, 0x24, 0x23, 0x22, 0xff,
    0x28, 0x27, 0x25, 0xe3, 0x23, 0x22, 0x21, 0xe3, 0x26, 0x24, 0x24, 0xff, 0x25, 0x22, 0x22, 0xfd,
    0x25, 0x23, 0x22, 0xff, 0x23, 0x22, 0x22, 0xff, 0x23, 0x20, 0x21, 0xff, 0x23, 0x21, 0x20, 0xff,
    0x22, 0x20, 0x20, 0xff, 0x21, 0x1f, 0x1f, 0xff, 0x20, 0x1f, 0x1e, 0xff, 0x20, 0x1e, 0x1e, 0xff,
    0x1f, 0x1e, 0x1d, 0xff, 0x21, 0x1e, 0x1e, 0xff, 0x20, 0x1e, 0x1e, 0xff, 0x20, 0x1e, 0x1d, 0xff,
    0x21, 0x1e, 0x1e, 0xff, 0x20, 0x1e, 0x1e, 0xff, 0x20, 0x1e, 0x1e, 0xff, 0x1f, 0x1e, 0x1e, 0xff,
    0x20, 0x1e, 0x1e, 0xff, 0x1f, 0x1e, 0x1d, 0xff, 0x1f, 0x1d, 0x1d, 0xff, 0x1f, 0x1d, 0x1d, 0xff,
    0x1f, 0x1d, 0x1d, 0xff, 0x1f, 0x1d, 0x1d, 0xff, 0x20, 0x1e, 0x1e, 0xff, 0x1f, 0x1d, 0x1d, 0xff,
    0x1f, 0x1d, 0x1d, 0xff, 0x1f, 0x1d, 0x1d, 0xff, 0x20, 0x1e, 0x1e, 0xff, 0x20, 0x1e, 0x1e, 0xff,
    0x21, 0x1f, 0x1e, 0xff, 0x20, 0x1f, 0x1f, 0xff, 0x22, 0x20, 0x1f, 0xff, 0x22, 0x1f, 0x20, 0xff,
    0x22, 0x1f, 0x20, 0xff, 0x23, 0x20, 0x20, 0xff, 0x22, 0x20, 0x20, 0xff, 0x23, 0x21, 0x21, 0xff,
    0x23, 0x21, 0x21, 0xff, 0x23, 0x21, 0x22, 0xff, 0x23, 0x22, 0x21, 0xff, 0x22, 0x21, 0x21, 0xff,
    0x23, 0x21, 0x22, 0xff, 0x24, 0x22, 0x22, 0xff, 0x24, 0x22, 0x22, 0xff, 0x23, 0x22, 0x21, 0xff,
    0x23, 0x21, 0x22, 0xff, 0x23, 0x21, 0x21, 0xff, 0x24, 0x22, 0x22, 0xff, 0x24, 0x22, 0x22, 0xff,
    0x25, 0x23, 0x22, 0xff, 0x23, 0x22, 0x22, 0xff, 0x24, 0x22, 0x23, 0xff, 0x24, 0x22, 0x20, 0xff,
    0x24, 0x23, 0x20, 0xff, 0x25, 0x23, 0x22, 0xff, 0x24, 0x22, 0x22, 0xff, 0x25, 0x23, 0x23, 0xff,
    0x24, 0x22, 0x22, 0xff, 0x25, 0x22, 0x21, 0xff, 0x25, 0x22, 0x22, 0xff, 0x25, 0x23, 0x23, 0xff,
    0x25, 0x23, 0x23, 0xff, 0x25, 0x23, 0x23, 0xff, 0x25, 0x23, 0x23, 0xff, 0x25, 0x23, 0x23, 0xff,
    0x26, 0x23, 0x21, 0xff, 0x26, 0x24, 0x23, 0xff, 0x26, 0x24, 0x23, 0xf6, 0x20, 0x1e, 0x1d, 0xd6,
    0x26, 0x24, 0x23, 0xfb, 0x25, 0x23, 0x23, 0xff, 0x25, 0x23, 0x22, 0xff, 0x25, 0x24, 0x23, 0xff,
    0x26, 0x24, 0x24, 0xff, 0x26, 0x25, 0x24, 0xff, 0x25, 0x23, 0x23, 0xff, 0x26, 0x24, 0x24, 0xff,
    0x26, 0x25, 0x26, 0xff, 0x27, 0x24, 0x26, 0xff, 0x27, 0x25, 0x24, 0xff, 0x28, 0x28, 0x21, 0xff,
    0x2a, 0x27, 0x25, 0xff, 0x2a, 0x28, 0x26, 0xff, 0x2a, 0x28, 0x27, 0xff, 0x2a, 0x28, 0x26, 0xff,
    0x2c, 0x2a, 0x26, 0xff, 0x2d, 0x2b, 0x26, 0xff, 0x2d, 0x29, 0x27, 0xff, 0x2c, 0x2a, 0x28, 0xff,
    0x2a, 0x28, 0x27, 0xff, 0x28, 0x26, 0x26, 0xff, 0x29, 0x26, 0x26, 0xfd, 0x29, 0x27, 0x25, 0xff,
    0x17, 0x18, 0x17, 0x85, 0x00, 0x00, 0x00, 0x01, 0x3f, 0x00, 0x3f, 0x04, 0x07, 0x05, 0x05, 0x88,
    0x16, 0x15, 0x14, 0xe3, 0x2b, 0x28, 0x27, 0xfd, 0x2b, 0x27, 0x27, 0xfe, 0x27, 0x25, 0x25, 0xff,
    0x19, 0x19, 0x17, 0xfe, 0x5c, 0x5c, 0x5a, 0xfe, 0x41, 0x40, 0x40, 0xf5, 0x13, 0x15, 0x15, 0xb4,
    0x00, 0x00, 0x00, 0x02, 0x11, 0x11, 0x11, 0x2d, 0x30, 0x31, 0x31, 0xe2, 0x32, 0x32, 0x33, 0xfd,
    0x31, 0x34, 0x35, 0xff, 0x2b, 0x2d, 0x2d, 0xff, 0x16, 0x16, 0x18, 0x92, 0x30, 0x30, 0x31, 0xbd,
    0x74, 0x74, 0x74, 0xff, 0x25, 0x26, 0x25, 0xfb, 0x14, 0x14, 0x13, 0xff, 0x08, 0x08, 0x08, 0xff,
    0x39, 0x39, 0x38, 0xff, 0x7f, 0x7f, 0x7f, 0xff, 0x23, 0x24, 0x23, 0xf9, 0x25, 0x26, 0x27, 0xff,
    0x2c, 0x2e, 0x2e, 0xfb, 0x16, 0x17, 0x17, 0xa2, 0x07, 0x07, 0x07, 0x23, 0x03, 0x03, 0x03, 0x00,
    0x00, 0x00, 0x00, 0x00, 0x1d, 0x1e, 0x1e, 0x8c, 0x11, 0x11, 0x11, 0xd2, 0x3f, 0x3f, 0x3f, 0xec,
    0x4c, 0x4e, 0x4d, 0xed, 0x10, 0x10, 0x10, 0xea, 0x29, 0x28, 0x28, 0xff, 0x2c, 0x2a, 0x29, 0xfd,
    0x2e, 0x2e, 0x2e, 0xff, 0x1c, 0x1c, 0x1c, 0xba, 0x00, 0x00, 0x00, 0x06, 0x00, 0x00, 0x00, 0x00,
    0x0e, 0x0b, 0x12, 0x45, 0x0d, 0x3a, 0x76, 0xf9, 0x06, 0x48, 0x9d, 0xfe, 0x13, 0x27, 0x47, 0xfe,
    0x24, 0x1e, 0x1a, 0xff, 0x21, 0x1e, 0x1f, 0xff, 0x21, 0x1e, 0x1e, 0xff, 0x1f, 0x1e, 0x1d, 0xff,
    0x1f, 0x1d, 0x1c, 0xff, 0x1d, 0x1c, 0x1c, 0xff, 0x1e, 0x1b, 0x1b, 0xff, 0x1b, 0x19, 0x18, 0xff,
    0x1a, 0x18, 0x18, 0xff, 0x19, 0x16, 0x16, 0xff, 0x19, 0x17, 0x16, 0xff, 0x17, 0x14, 0x14, 0xfe,
    0x18, 0x15, 0x15, 0xfe, 0x1d, 0x1b, 0x1a, 0xff, 0x21, 0x1f, 0x1e, 0xfe, 0x2a, 0x27, 0x27, 0xff,
    0x1c, 0x1c, 0x1c, 0xc4, 0x02, 0x04, 0x04, 0x68, 0x06, 0x06, 0x06, 0x6e, 0x05, 0x05, 0x05, 0x62,
    0x04, 0x04, 0x04, 0x6c, 0x04, 0x04, 0x04, 0x68, 0x05, 0x05, 0x05, 0x64, 0x04, 0x06, 0x04, 0x6f,
    0x05, 0x05, 0x05, 0x63, 0x04, 0x07, 0x04, 0x6b, 0x05, 0x07, 0x05, 0x66, 0x03, 0x06, 0x03, 0x50,
    0x04, 0x04, 0x04, 0x71, 0x04, 0x08, 0x04, 0x7f, 0x06, 0x06, 0x04, 0x7f, 0x04, 0x04, 0x06, 0x77,
    0x04, 0x04, 0x04, 0x69, 0x07, 0x04, 0x07, 0x6a, 0x04, 0x04, 0x04, 0x69, 0x05, 0x05, 0x05, 0x63,
    0x07, 0x07, 0x07, 0x68, 0x00, 0x00, 0x00, 0x71, 0x1b, 0x1c, 0x1b, 0x96, 0x3d, 0x3c, 0x3c, 0xff,
    0x21, 0x1f, 0x1f, 0xff, 0x1d, 0x1b, 0x1b, 0xff, 0x1a, 0x18, 0x18, 0xff, 0x12, 0x10, 0x10, 0xff,
    0x2b, 0x2b, 0x2a, 0xff, 0x29, 0x28, 0x27, 0xff, 0x1a, 0x17, 0x17, 0xff, 0x1f, 0x1c, 0x1d, 0xff,
    0x1f, 0x1e, 0x1d, 0xff, 0x1f, 0x1e, 0x1e, 0xff, 0x1f, 0x1e, 0x1d, 0xff, 0x1f, 0x1d, 0x1d, 0xff,
    0x20, 0x1e, 0x1e, 0xff, 0x21, 0x1f, 0x1f, 0xff, 0x20, 0x1e, 0x1e, 0xff, 0x20, 0x1d, 0x1d, 0xff,
    0x20, 0x1e, 0x1e, 0xff, 0x20, 0x1e, 0x1d, 0xff, 0x20, 0x1f, 0x1d, 0xff, 0x1f, 0x1e, 0x49, 0xfb,
    0x0f, 0x0e, 0x58, 0xff, 0x0d, 0x10, 0x1f, 0xa8, 0x00, 0x00, 0x00, 0x01, 0x00, 0x00, 0x00, 0x00,
    0x0b, 0x0b, 0x0b, 0x2b, 0x1d, 0x1e, 0x1d, 0xf6, 0x2b, 0x2a, 0x29, 0xff, 0x26, 0x23, 0x24, 0xff,
    0x13, 0x12, 0x13, 0xfb, 0x2c, 0x2c, 0x2c, 0xe3, 0x4e, 0x4e, 0x4d, 0xf9, 0x5f, 0x60, 0x5e, 0xf9,
    0x69, 0x68, 0x66, 0xff, 0x51, 0x50, 0x4f, 0xd4, 0x25, 0x25, 0x23, 0xa5, 0x00, 0x00, 0x00, 0x55,
    0x01, 0x02, 0x01, 0xb1, 0x1e, 0x1f, 0x1f, 0xff, 0x28, 0x2a, 0x2a, 0xfb, 0x28, 0x2c, 0x2c, 0xfe,
    0x14, 0x17, 0x15, 0xb0, 0x5b, 0x5b, 0x5b, 0xc6, 0x51, 0x4f, 0x4f, 0xff, 0x47, 0x45, 0x45, 0xf9,
    0x44, 0x41, 0x41, 0xf9, 0x46, 0x45, 0x46, 0xfc, 0x58, 0x58, 0x58, 0xf8, 0x0c, 0x0c, 0x0b, 0xb2,
    0x1d, 0x1d, 0x1f, 0xec, 0x51, 0x51, 0x53, 0xfd, 0x55, 0x55, 0x55, 0xf9, 0x41, 0x40, 0x40, 0xfb,
    0x20, 0x20, 0x20, 0xd3, 0x09, 0x09, 0x09, 0x89, 0x36, 0x38, 0x39, 0xa3, 0x53, 0x52, 0x52, 0xe8,
    0x5d, 0x5f, 0x5f, 0xfe, 0x61, 0x62, 0x61, 0xf0, 0x1d, 0x1d, 0x1d, 0xe0, 0x1f, 0x20, 0x1f, 0xff,
    0x29, 0x28, 0x27, 0xfd, 0x2e, 0x2c, 0x2b, 0xff, 0x19, 0x19, 0x18, 0xe8, 0x00, 0x00, 0x00, 0x52,
    0x01, 0x01, 0x01, 0x00, 0x00, 0x00, 0x00, 0x01, 0x28, 0x27, 0x27, 0xaa, 0x2e, 0x2c, 0x2b, 0xff,
    0x2d, 0x2b, 0x2a, 0xfc, 0x32, 0x2e, 0x2c, 0xff, 0x33, 0x30, 0x2c, 0xff, 0x31, 0x2e, 0x2c, 0xff,
    0x31, 0x2e, 0x2d, 0xff, 0x2e, 0x2d, 0x2a, 0xff, 0x2c, 0x2b, 0x29, 0xff, 0x29, 0x28, 0x27, 0xfe,
    0x2a, 0x29, 0x28, 0xff, 0x28, 0x29, 0x27, 0xdb, 0x20, 0x1f, 0x1e, 0xf1, 0x25, 0x23, 0x23, 0xff,
    0x23, 0x21, 0x21, 0xfd, 0x22, 0x20, 0x20, 0xff, 0x22, 0x20, 0x1f, 0xff, 0x21, 0x1f, 0x1f, 0xff,
    0x20, 0x1e, 0x1d, 0xff, 0x1f, 0x1d, 0x1d, 0xff, 0x1f, 0x1e, 0x1f, 0xff, 0x1f, 0x1e, 0x1e, 0xff,
    0x1f, 0x1d, 0x1c, 0xff, 0x1f, 0x1d, 0x1d, 0xff, 0x1e, 0x1d, 0x1c, 0xff, 0x1e, 0x1c, 0x1b, 0xff,
    0x1e, 0x1d, 0x1c, 0xff, 0x1e, 0x1d, 0x1c, 0xff, 0x1e, 0x1d, 0x1c, 0xff, 0x20, 0x1e, 0x1d, 0xff,
    0x1f, 0x1d, 0x1c, 0xff, 0x1d, 0x1c, 0x1c, 0xff, 0x1e, 0x1c, 0x1c, 0xff, 0x1e, 0x1c, 0x1c, 0xff,
    0x1f, 0x1d, 0x1c, 0xff, 0x1f, 0x1d, 0x1d, 0xff, 0x1f, 0x1d, 0x1d, 0xff, 0x1e, 0x1c, 0x1c, 0xff,
    0x1e, 0x1c, 0x1c, 0xff, 0x1e, 0x1d, 0x1d, 0xff, 0x20, 0x1d, 0x1d, 0xff, 0x1e, 0x1c, 0x1c, 0xff,
    0x20, 0x1e, 0x1d, 0xff, 0x1f, 0x1e, 0x1e, 0xff, 0x20, 0x1e, 0x1e, 0xff, 0x20, 0x1e, 0x1e, 0xff,
    0x21, 0x1f, 0x1f, 0xff, 0x21, 0x1f, 0x1f, 0xff, 0x21, 0x1f, 0x1f, 0xff, 0x21, 0x1f, 0x1f, 0xff,
    0x22, 0x20, 0x20, 0xff, 0x22, 0x20, 0x20, 0xff, 0x22, 0x20, 0x20, 0xff, 0x22, 0x20, 0x20, 0xff,
    0x22, 0x20, 0x20, 0xff, 0x23, 0x20, 0x20, 0xff, 0x22, 0x20, 0x20, 0xff, 0x23, 0x22, 0x22, 0xff,
    0x23, 0x22, 0x21, 0xff, 0x23, 0x21, 0x22, 0xff, 0x23, 0x21, 0x21, 0xff, 0x24, 0x23, 0x22, 0xff,
    0x23, 0x22, 0x21, 0xff, 0x22, 0x21, 0x21, 0xff, 0x24, 0x22, 0x22, 0xff, 0x23, 0x22, 0x20, 0xff,
    0x24, 0x22, 0x21, 0xff, 0x24, 0x22, 0x23, 0xff, 0x24, 0x22, 0x21, 0xff, 0x24, 0x22, 0x22, 0xff,
    0x24, 0x22, 0x22, 0xff, 0x23, 0x22, 0x21, 0xff, 0x24, 0x22, 0x23, 0xff, 0x24, 0x22, 0x22, 0xff,
    0x25, 0x23, 0x23, 0xff, 0x24, 0x22, 0x22, 0xff, 0x24, 0x22, 0x22, 0xff, 0x24, 0x22, 0x22, 0xff,
    0x26, 0x23, 0x20, 0xfe, 0x25, 0x23, 0x22, 0xff, 0x24, 0x22, 0x21, 0xed, 0x1f, 0x1d, 0x1d, 0xd9,
    0x26, 0x25, 0x24, 0xff, 0x25, 0x23, 0x22, 0xfe, 0x25, 0x24, 0x24, 0xff, 0x25, 0x25, 0x23, 0xff,
    0x25, 0x24, 0x21, 0xff, 0x27, 0x24, 0x23, 0xff, 0x26, 0x24, 0x24, 0xff, 0x25, 0x24, 0x22, 0xff,
    0x25, 0x24, 0x21, 0xff, 0x26, 0x24, 0x22, 0xff, 0x26, 0x24, 0x24, 0xff, 0x27, 0x26, 0x23, 0xff,
    0x29, 0x27, 0x22, 0xff, 0x29, 0x27, 0x23, 0xff, 0x29, 0x28, 0x27, 0xff, 0x29, 0x28, 0x28, 0xff,
    0x2a, 0x28, 0x27, 0xff, 0x2b, 0x29, 0x27, 0xff, 0x29, 0x28, 0x27, 0xff, 0x2a, 0x28, 0x25, 0xff,
    0x28, 0x26, 0x24, 0xff, 0x27, 0x25, 0x24, 0xff, 0x28, 0x25, 0x24, 0xff, 0x22, 0x22, 0x1f, 0xfd,
    0x10, 0x16, 0x10, 0x2e, 0x00, 0x00, 0x00, 0x00, 0x0b, 0x0b, 0x0b, 0x2e, 0x08, 0x09, 0x08, 0xb4,
    0x1f, 0x1d, 0x1c, 0xeb, 0x2c, 0x29, 0x28, 0xff, 0x27, 0x23, 0x24, 0xff, 0x18, 0x17, 0x16, 0xfe,
    0x2e, 0x2e, 0x2d, 0xeb, 0x50, 0x50, 0x4e, 0xf6, 0x56, 0x55, 0x53, 0xff, 0x6b, 0x69, 0x67, 0xdb,
    0x66, 0x62, 0x62, 0x8e, 0x1d, 0x1d, 0x1d, 0xc1, 0x53, 0x55, 0x54, 0xff, 0x57, 0x58, 0x57, 0xfd,
    0x57, 0x59, 0x59, 0xfb, 0x3f, 0x42, 0x41, 0xfe, 0x1d, 0x20, 0x20, 0xde, 0x0b, 0x09, 0x0b, 0x81,
    0x4e, 0x4f, 0x4f, 0xee, 0x42, 0x42, 0x41, 0xfe, 0x3f, 0x40, 0x3f, 0xfe, 0x43, 0x43, 0x43, 0xfe,
    0x61, 0x5f, 0x5f, 0xff, 0x53, 0x52, 0x53, 0xee, 0x18, 0x19, 0x19, 0xe8, 0x2b, 0x2c, 0x2c, 0xff,
    0x2d, 0x2f, 0x2f, 0xff, 0x27, 0x28, 0x28, 0xf9, 0x01, 0x01, 0x01, 0x86, 0x00, 0x00, 0x00, 0x11,
    0x0a, 0x0a, 0x0a, 0x47, 0x47, 0x45, 0x47, 0xa4, 0x55, 0x56, 0x55, 0xff, 0x5f, 0x61, 0x5f, 0xff,
    0x5b, 0x5b, 0x5b, 0xf7, 0x1e, 0x1e, 0x1f, 0xd3, 0x1c, 0x1c, 0x1c, 0xfe, 0x27, 0x26, 0x26, 0xfe,
    0x2d, 0x2c, 0x2c, 0xfe, 0x1e, 0x1f, 0x1e, 0xf4, 0x08, 0x0c, 0x0c, 0x3d, 0x00, 0x00, 0x01, 0x00,
    0x06, 0x00, 0x00, 0x2a, 0x0e, 0x2d, 0x5d, 0xe8, 0x05, 0x46, 0xa1, 0xff, 0x11, 0x2e, 0x5a, 0xfd,
    0x20, 0x1b, 0x19, 0xff, 0x1f, 0x1b, 0x1c, 0xff, 0x1f, 0x1c, 0x1b, 0xff, 0x1e, 0x1e, 0x1c, 0xff,
    0x1d, 0x1b, 0x1b, 0xff, 0x1d, 0x1b, 0x1b, 0xff, 0x1d, 0x1b, 0x1a, 0xff, 0x1c, 0x1a, 0x19, 0xff,
    0x18, 0x16, 0x17, 0xff, 0x1d, 0x1c, 0x1c, 0xff, 0x1f, 0x1c, 0x1c, 0xff, 0x1b, 0x19, 0x19, 0xff,
    0x1c, 0x1a, 0x1a, 0xff, 0x1c, 0x1a, 0x1a, 0xff, 0x1e, 0x1c, 0x1c, 0xfe, 0x29, 0x27, 0x26, 0xff,
    0x24, 0x22, 0x22, 0xc6, 0x02, 0x04, 0x04, 0x70, 0x06, 0x06, 0x06, 0x6f, 0x04, 0x04, 0x04, 0x70,
    0x04, 0x04, 0x04, 0x6e, 0x04, 0x06, 0x04, 0x79, 0x04, 0x06, 0x04, 0x78, 0x04, 0x04, 0x04, 0x67,
    0x04, 0x04, 0x04, 0x6c, 0x04, 0x06, 0x06, 0x78, 0x04, 0x06, 0x04, 0x6f, 0x05, 0x07, 0x05, 0x64,
    0x06, 0x06, 0x04, 0xa0, 0x05, 0x05, 0x05, 0x94, 0x05, 0x05, 0x05, 0x85, 0x06, 0x06, 0x06, 0x7c,
    0x06, 0x06, 0x06, 0x78, 0x06, 0x06, 0x06, 0x7b, 0x06, 0x06, 0x06, 0x76, 0x06, 0x06, 0x06, 0x74,
    0x07, 0x07, 0x07, 0x83, 0x00, 0x00, 0x00, 0x76, 0x18, 0x1a, 0x1a, 0x8f, 0x3b, 0x3a, 0x3a, 0xfc,
    0x22, 0x20, 0x1f, 0xff, 0x1f, 0x1c, 0x1d, 0xff, 0x1c, 0x1a, 0x19, 0xff, 0x1a, 0x18, 0x17, 0xff,
    0x16, 0x13, 0x12, 0xff, 0x2a, 0x2a, 0x2a, 0xff, 0x24, 0x24, 0x23, 0xff, 0x1b, 0x19, 0x18, 0xff,
    0x1f, 0x1d, 0x1d, 0xff, 0x1f, 0x1e, 0x1e, 0xff, 0x1f, 0x1e, 0x1d, 0xff, 0x1f, 0x1d, 0x1d, 0xff,
    0x21, 0x1f, 0x1f, 0xff, 0x21, 0x20, 0x1f, 0xff, 0x20, 0x1e, 0x1e, 0xff, 0x1f, 0x1d, 0x1d, 0xff,
    0x1f, 0x1d, 0x1d, 0xff, 0x1f, 0x1d, 0x1c, 0xff, 0x1d, 0x1b, 0x1b, 0xff, 0x23, 0x23, 0x21, 0xfc,
    0x26, 0x26, 0x2f, 0xff, 0x12, 0x12, 0x14, 0x70, 0x00, 0x00, 0x00, 0x00, 0x00, 0x00, 0x00, 0x00,
    0x12, 0x16, 0x14, 0x7c, 0x23, 0x23, 0x22, 0xff, 0x29, 0x27, 0x27, 0xfc, 0x21, 0x20, 0x20, 0xff,
    0x10, 0x10, 0x10, 0xef, 0x45, 0x45, 0x45, 0xef, 0x30, 0x31, 0x2f, 0xc2, 0x0c, 0x0c, 0x0c, 0x77,
    0x3f, 0x3f, 0x3e, 0xe2, 0x6c, 0x6b, 0x6a, 0xff, 0x7b, 0x7b, 0x7a, 0xff, 0x61, 0x60, 0x5e, 0xff,
    0x43, 0x44, 0x42, 0xfe, 0x16, 0x17, 0x17, 0xfd, 0x0f, 0x10, 0x10, 0xfe, 0x1f, 0x21, 0x22, 0xff,
    0x06, 0x07, 0x06, 0xc0, 0x0c, 0x0e, 0x0e, 0xb6, 0x2d, 0x2d, 0x2d, 0xff, 0x52, 0x51, 0x50, 0xfe,
    0x60, 0x60, 0x60, 0xff, 0x35, 0x36, 0x35, 0xff, 0x11, 0x14, 0x14, 0xe4, 0x07, 0x08, 0x08, 0xd9,
    0x15, 0x15, 0x16, 0xfc, 0x47, 0x47, 0x48, 0xfe, 0x16, 0x16, 0x16, 0xfd, 0x22, 0x22, 0x22, 0xf8,
    0x45, 0x45, 0x46, 0xfb, 0x66, 0x67, 0x67, 0xff, 0x6d, 0x6f, 0x6e, 0xff, 0x52, 0x52, 0x51, 0xf5,
    0x23, 0x24, 0x24, 0xdd, 0x40, 0x40, 0x40, 0xf4, 0x38, 0x38, 0x38, 0xdd, 0x15, 0x16, 0x15, 0xf8,
    0x27, 0x27, 0x26, 0xfe, 0x2c, 0x2a, 0x2a, 0xff, 0x1f, 0x1f, 0x1e, 0xe9, 0x08, 0x0a, 0x08, 0xac,
    0x07, 0x07, 0x07, 0x20, 0x00, 0x00, 0x00, 0x00, 0x18, 0x18, 0x18, 0x72, 0x23, 0x22, 0x21, 0xff,
    0x21, 0x20, 0x1f, 0xfb, 0x24, 0x21, 0x20, 0xff, 0x26, 0x23, 0x22, 0xff, 0x26, 0x24, 0x23, 0xff,
    0x26, 0x24, 0x23, 0xff, 0x27, 0x24, 0x24, 0xff, 0x28, 0x26, 0x25, 0xff, 0x2a, 0x27, 0x26, 0xff,
    0x2b, 0x2a, 0x27, 0xff, 0x2d, 0x2b, 0x29, 0xfa, 0x2a, 0x2a, 0x28, 0xd6, 0x1e, 0x1e, 0x1c, 0xef,
    0x20, 0x1e, 0x1d, 0xff, 0x1f, 0x1d, 0x1d, 0xfe, 0x1e, 0x1c, 0x1b, 0xfe, 0x1e, 0x1b, 0x1c, 0xff,
    0x1d, 0x1c, 0x1c, 0xff, 0x1e, 0x1b, 0x1b, 0xff, 0x1e, 0x1b, 0x1b, 0xff, 0x1e, 0x1c, 0x1d, 0xff,
    0x1e, 0x1c, 0x1c, 0xff, 0x1e, 0x1c, 0x1b, 0xff, 0x1e, 0x1d, 0x1c, 0xff, 0x1f, 0x1d, 0x1d, 0xff,
    0x1e, 0x1d, 0x1c, 0xff, 0x1f, 0x1d, 0x1c, 0xff, 0x1e, 0x1d, 0x1b, 0xff, 0x1e, 0x1d, 0x1c, 0xff,
    0x1f, 0x1e, 0x1c, 0xff, 0x1e, 0x1c, 0x1c, 0xff, 0x1d, 0x1b, 0x1b, 0xff, 0x1d, 0x1c, 0x1b, 0xff,
    0x1e, 0x1c, 0x1c, 0xff, 0x1f, 0x1c, 0x1c, 0xff, 0x1e, 0x1c, 0x1b, 0xff, 0x1d, 0x1c, 0x1c, 0xff,
    0x1e, 0x1c, 0x1c, 0xff, 0x1e, 0x1c, 0x1b, 0xff, 0x1e, 0x1c, 0x1b, 0xff, 0x1e, 0x1c, 0x1d, 0xff,
    0x1e, 0x1c, 0x1c, 0xff, 0x1f, 0x1d, 0x1c, 0xff, 0x20, 0x1e, 0x1e, 0xff, 0x20, 0x1f, 0x1d, 0xff,
    0x20, 0x1e, 0x1d, 0xff, 0x20, 0x1f, 0x1d, 0xff, 0x21, 0x1f, 0x1f, 0xff, 0x20, 0x1f, 0x1e, 0xff,
    0x20, 0x1f, 0x1e, 0xff, 0x21, 0x1e, 0x1e, 0xff, 0x21, 0x1e, 0x1f, 0xff, 0x21, 0x1f, 0x1f, 0xff,
    0x21, 0x20, 0x1f, 0xff, 0x21, 0x20, 0x1f, 0xff, 0x22, 0x20, 0x1f, 0xff, 0x23, 0x21, 0x21, 0xff,
    0x23, 0x21, 0x20, 0xff, 0x22, 0x20, 0x20, 0xff, 0x23, 0x21, 0x21, 0xff, 0x23, 0x21, 0x21, 0xff,
    0x24, 0x22, 0x21, 0xff, 0x23, 0x22, 0x21, 0xff, 0x23, 0x21, 0x21, 0xff, 0x23, 0x22, 0x21, 0xff,
    0x23, 0x22, 0x20, 0xff, 0x23, 0x21, 0x20, 0xff, 0x23, 0x21, 0x20, 0xff, 0x24, 0x21, 0x21, 0xff,
    0x24, 0x23, 0x22, 0xff, 0x24, 0x22, 0x22, 0xff, 0x24, 0x22, 0x23, 0xff, 0x24, 0x22, 0x23, 0xff,
    0x24, 0x22, 0x21, 0xff, 0x24, 0x22, 0x22, 0xff, 0x24, 0x22, 0x22, 0xff, 0x24, 0x22, 0x22, 0xff,
    0x24, 0x22, 0x22, 0xfe, 0x25, 0x24, 0x24, 0xff, 0x20, 0x1f, 0x20, 0xe9, 0x21, 0x20, 0x1f, 0xde,
    0x27, 0x25, 0x23, 0xff, 0x25, 0x23, 0x22, 0xfe, 0x25, 0x24, 0x23, 0xff, 0x25, 0x24, 0x23, 0xff,
    0x25, 0x24, 0x21, 0xff, 0x25, 0x23, 0x22, 0xff, 0x26, 0x24, 0x21, 0xff, 0x26, 0x26, 0x1f, 0xff,
    0x26, 0x25, 0x1f, 0xff, 0x27, 0x26, 0x21, 0xff, 0x27, 0x25, 0x24, 0xff, 0x27, 0x25, 0x25, 0xff,
    0x29, 0x26, 0x23, 0xff, 0x28, 0x27, 0x22, 0xff, 0x28, 0x27, 0x26, 0xff, 0x2a, 0x27, 0x27, 0xff,
    0x2b, 0x28, 0x28, 0xff, 0x29, 0x27, 0x26, 0xff, 0x27, 0x27, 0x23, 0xff, 0x29, 0x26, 0x23, 0xff,
    0x26, 0x24, 0x20, 0xff, 0x24, 0x23, 0x22, 0xfd, 0x27, 0x25, 0x24, 0xff, 0x20, 0x1e, 0x1d, 0xd6,
    0x13, 0x13, 0x13, 0x0d, 0x00, 0x00, 0x00, 0x00, 0x06, 0x06, 0x06, 0x4f, 0x0f, 0x0d, 0x0d, 0xeb,
    0x24, 0x22, 0x21, 0xfa, 0x2a, 0x28, 0x27, 0xfe, 0x25, 0x24, 0x23, 0xff, 0x11, 0x11, 0x11, 0xf4,
    0x48, 0x47, 0x46, 0xe8, 0x27, 0x28, 0x28, 0xf7, 0x11, 0x11, 0x10, 0xdd, 0x42, 0x42, 0x42, 0xe7,
    0x6a, 0x6a, 0x69, 0xff, 0x71, 0x70, 0x6f, 0xff, 0x5f, 0x5e, 0x5d, 0xfd, 0x35, 0x35, 0x34, 0xff,
    0x39, 0x3a, 0x3a, 0xff, 0x3b, 0x3e, 0x3e, 0xfe, 0x0e, 0x10, 0x0f, 0xff, 0x03, 0x05, 0x03, 0x8f,
    0x12, 0x12, 0x12, 0xd2, 0x32, 0x33, 0x33, 0xff, 0x5e, 0x5f, 0x60, 0xfe, 0x59, 0x5b, 0x5b, 0xfe,
    0x3b, 0x3b, 0x3b, 0xfe, 0x0f, 0x0e, 0x0d, 0xe6, 0x14, 0x14, 0x14, 0xd8, 0x26, 0x27, 0x28, 0xfa,
    0x0c, 0x0c, 0x0c, 0xf8, 0x09, 0x09, 0x09, 0xff, 0x21, 0x21, 0x23, 0xe9, 0x44, 0x45, 0x45, 0xdb,
    0x66, 0x65, 0x65, 0xff, 0x6d, 0x6f, 0x6f, 0xff, 0x48, 0x4a, 0x4a, 0xf9, 0x24, 0x26, 0x26, 0xa6,
    0x3d, 0x3e, 0x3e, 0xe5, 0x3b, 0x3c, 0x3c, 0xdf, 0x12, 0x12, 0x12, 0xec, 0x24, 0x24, 0x25, 0xff,
    0x27, 0x26, 0x25, 0xfb, 0x24, 0x24, 0x23, 0xff, 0x13, 0x13, 0x13, 0x85, 0x00, 0x00, 0x00, 0x00,
    0x00, 0x00, 0x00, 0x19, 0x12, 0x21, 0x3c, 0xdb, 0x1c, 0x41, 0x77, 0xff, 0x22, 0x2c, 0x3c, 0xfd,
    0x21, 0x1d, 0x1b, 0xff, 0x1d, 0x1a, 0x1a, 0xff, 0x1d, 0x1a, 0x19, 0xff, 0x1e, 0x1c, 0x1a, 0xff,
    0x1d, 0x1b, 0x1a, 0xff, 0x1c, 0x1b, 0x1b, 0xff, 0x1c, 0x1a, 0x1a, 0xff, 0x1a, 0x18, 0x18, 0xff,
    0x1d, 0x1b, 0x1a, 0xff, 0x26, 0x24, 0x23, 0xff, 0x1c, 0x1a, 0x1a, 0xff, 0x1d, 0x1a, 0x1a, 0xff,
    0x1c, 0x1a, 0x19, 0xff, 0x1c, 0x19, 0x19, 0xff, 0x1d, 0x1b, 0x1b, 0xfd, 0x2a, 0x29, 0x28, 0xff,
    0x21, 0x21, 0x21, 0xb7, 0x01, 0x03, 0x00, 0x9e, 0x07, 0x09, 0x07, 0xa8, 0x05, 0x06, 0x06, 0x96,
    0x06, 0x08, 0x06, 0x9c, 0x07, 0x07, 0x05, 0x8c, 0x07, 0x07, 0x05, 0x8d, 0x05, 0x05, 0x05, 0x91,
    0x07, 0x07, 0x05, 0x91, 0x06, 0x06, 0x03, 0x92, 0x06, 0x06, 0x05, 0x96, 0x07, 0x07, 0x05, 0x90,
    0x06, 0x08, 0x06, 0x9e, 0x06, 0x06, 0x06, 0x9c, 0x07, 0x07, 0x07, 0x8b, 0x05, 0x05, 0x05, 0x83,
    0x05, 0x07, 0x05, 0x8f, 0x07, 0x07, 0x07, 0x8f, 0x07, 0x07, 0x07, 0x8e, 0x05, 0x05, 0x05, 0x87,
    0x07, 0x07, 0x07, 0x8f, 0x04, 0x06, 0x06, 0x7f, 0x0b, 0x0b, 0x0b, 0x6c, 0x36, 0x36, 0x35, 0xdc,
    0x20, 0x1f, 0x1f, 0xff, 0x1a, 0x18, 0x19, 0xfd, 0x1c, 0x1b, 0x19, 0xff, 0x1c, 0x1b, 0x1a, 0xff,
    0x1c, 0x1a, 0x1a, 0xff, 0x1b, 0x1a, 0x18, 0xff, 0x2f, 0x2e, 0x2c, 0xff, 0x27, 0x25, 0x24, 0xff,
    0x1d, 0x1b, 0x1a, 0xff, 0x1f, 0x1d, 0x1c, 0xff, 0x20, 0x1e, 0x1e, 0xff, 0x22, 0x1f, 0x1e, 0xff,
    0x21, 0x1e, 0x1e, 0xff, 0x20, 0x1e, 0x1e, 0xff, 0x20, 0x1e, 0x1e, 0xff, 0x1f, 0x1d, 0x1d, 0xff,
    0x1f, 0x1d, 0x1c, 0xff, 0x1d, 0x1b, 0x1b, 0xff, 0x1c, 0x1a, 0x1a, 0xfe, 0x1c, 0x1a, 0x1a, 0xfe,
    0x1d, 0x1b, 0x18, 0xf6, 0x13, 0x13, 0x0f, 0x40, 0x00, 0x00, 0x00, 0x00, 0x00, 0x00, 0x00, 0x00,
    0x1a, 0x1a, 0x18, 0xa6, 0x28, 0x25, 0x25, 0xfe, 0x28, 0x26, 0x25, 0xfb, 0x1c, 0x1c, 0x1b, 0xff,
    0x18, 0x18, 0x18, 0xf3, 0x50, 0x51, 0x4f, 0xfe, 0x20, 0x21, 0x20, 0xd6, 0x1c, 0x1b, 0x1b, 0xd7,
    0x0a, 0x0a, 0x0a, 0x74, 0x21, 0x21, 0x21, 0x53, 0x56, 0x56, 0x56, 0x96, 0x77, 0x75, 0x74, 0xe2,
    0xad, 0xaa, 0xa9, 0xfe, 0xc3, 0xc4, 0xc2, 0xff, 0x5c, 0x5c, 0x5c, 0xfe, 0x08, 0x09, 0x08, 0xfd,
    0x1d, 0x1e, 0x1d, 0xff, 0x53, 0x53, 0x52, 0xff, 0x45, 0x47, 0x47, 0xff, 0x29, 0x2b, 0x2a, 0xff,
    0x47, 0x48, 0x48, 0xff, 0x48, 0x46, 0x45, 0xff, 0x46, 0x45, 0x44, 0xff, 0x1f, 0x20, 0x1f, 0xff,
    0x04, 0x04, 0x03, 0xf6, 0x38, 0x38, 0x37, 0xf7, 0x91, 0x92, 0x93, 0xff, 0xa2, 0xa2, 0xa2, 0xff,
    0x75, 0x77, 0x77, 0xfc, 0x48, 0x49, 0x4a, 0xfc, 0x24, 0x25, 0x24, 0xda, 0x04, 0x04, 0x04, 0x6d,
    0x0c, 0x0d, 0x0c, 0xcc, 0x2f, 0x30, 0x2f, 0xff, 0x47, 0x49, 0x47, 0xee, 0x14, 0x14, 0x12, 0xf7,
    0x26, 0x25, 0x24, 0xff, 0x26, 0x25, 0x23, 0xfe, 0x22, 0x21, 0x20, 0xff, 0x0c, 0x0e, 0x0e, 0xd9,
    0x07, 0x07, 0x03, 0x47, 0x00, 0x00, 0x00, 0x00, 0x17, 0x17, 0x1b, 0x40, 0x21, 0x1f, 0x1f, 0xfc,
    0x21, 0x1f, 0x1f, 0xfd, 0x21, 0x1f, 0x1f, 0xfe, 0x22, 0x21, 0x21, 0xff, 0x22, 0x20, 0x20, 0xff,
    0x21, 0x1f, 0x1e, 0xff, 0x1f, 0x1d, 0x1d, 0xff, 0x1e, 0x1d, 0x1d, 0xff, 0x1d, 0x1b, 0x1b, 0xff,
    0x1e, 0x1c, 0x1b, 0xfe, 0x1e, 0x1b, 0x1b, 0xff, 0x25, 0x24, 0x22, 0xf5, 0x27, 0x27, 0x27, 0xd3,
    0x1c, 0x1c, 0x1b, 0xe2, 0x19, 0x17, 0x17, 0xff, 0x1b, 0x1a, 0x19, 0xff, 0x1c, 0x1a, 0x1a, 0xfe,
    0x1a, 0x18, 0x18, 0xfe, 0x19, 0x17, 0x17, 0xff, 0x1b, 0x18, 0x18, 0xff, 0x1a, 0x18, 0x18, 0xff,
    0x1b, 0x18, 0x18, 0xff, 0x1a, 0x18, 0x18, 0xff, 0x19, 0x18, 0x18, 0xff, 0x1a, 0x18, 0x18, 0xff,
    0x1a, 0x18, 0x18, 0xff, 0x1a, 0x18, 0x17, 0xff, 0x19, 0x18, 0x17, 0xff, 0x1b, 0x19, 0x18, 0xff,
    0x1c, 0x1a, 0x1a, 0xff, 0x1c, 0x19, 0x18, 0xff, 0x1c, 0x1b, 0x19, 0xff, 0x1c, 0x1b, 0x1a, 0xff,
    0x1d, 0x1b, 0x1b, 0xff, 0x1e, 0x1b, 0x1c, 0xff, 0x1e, 0x1c, 0x1c, 0xff, 0x1d, 0x1c, 0x1c, 0xff,
    0x1f, 0x1d, 0x1d, 0xff, 0x1e, 0x1c, 0x1c, 0xff, 0x1d, 0x1b, 0x1b, 0xff, 0x1d, 0x1c, 0x1c, 0xff,
    0x1e, 0x1c, 0x1c, 0xff, 0x1e, 0x1c, 0x1c, 0xff, 0x1f, 0x1c, 0x1c, 0xff, 0x1f, 0x1e, 0x1d, 0xff,
    0x1f, 0x1d, 0x1d, 0xff, 0x20, 0x1e, 0x1e, 0xff, 0x20, 0x1e, 0x1e, 0xff, 0x1f, 0x1e, 0x1d, 0xff,
    0x20, 0x1f, 0x1d, 0xff, 0x20, 0x1d, 0x1d, 0xff, 0x20, 0x1e, 0x1e, 0xff, 0x21, 0x1f, 0x1e, 0xff,
    0x22, 0x1f, 0x1f, 0xff, 0x20, 0x1f, 0x1f, 0xff, 0x21, 0x1f, 0x20, 0xff, 0x21, 0x20, 0x20, 0xff,
    0x21, 0x1e, 0x1f, 0xff, 0x22, 0x20, 0x20, 0xff, 0x22, 0x1f, 0x1e, 0xff, 0x22, 0x1f, 0x1f, 0xff,
    0x23, 0x21, 0x20, 0xff, 0x22, 0x20, 0x20, 0xff, 0x21, 0x20, 0x1f, 0xff, 0x22, 0x20, 0x20, 0xff,
    0x21, 0x1f, 0x1f, 0xff, 0x22, 0x20, 0x1f, 0xff, 0x21, 0x21, 0x20, 0xff, 0x23, 0x22, 0x20, 0xff,
    0x22, 0x21, 0x20, 0xff, 0x23, 0x21, 0x20, 0xff, 0x24, 0x22, 0x22, 0xff, 0x24, 0x22, 0x21, 0xff,
    0x24, 0x21, 0x22, 0xff, 0x23, 0x22, 0x21, 0xff, 0x23, 0x21, 0x21, 0xff, 0x24, 0x21, 0x22, 0xff,
    0x23, 0x21, 0x21, 0xff, 0x26, 0x22, 0x22, 0xff, 0x1f, 0x1e, 0x1d, 0xe8, 0x23, 0x21, 0x20, 0xe9,
    0x27, 0x24, 0x24, 0xff, 0x25, 0x22, 0x22, 0xfe, 0x23, 0x22, 0x22, 0xff, 0x24, 0x23, 0x23, 0xff,
    0x25, 0x23, 0x23, 0xff, 0x23, 0x22, 0x21, 0xff, 0x24, 0x23, 0x21, 0xff, 0x25, 0x23, 0x22, 0xff,
    0x26, 0x24, 0x20, 0xff, 0x26, 0x25, 0x21, 0xff, 0x26, 0x25, 0x22, 0xff, 0x28, 0x26, 0x25, 0xff,
    0x28, 0x27, 0x22, 0xff, 0x27, 0x25, 0x24, 0xff, 0x27, 0x25, 0x26, 0xff, 0x28, 0x27, 0x22, 0xff,
    0x27, 0x26, 0x24, 0xff, 0x28, 0x26, 0x26, 0xff, 0x26, 0x25, 0x25, 0xff, 0x26, 0x23, 0x23, 0xff,
    0x25, 0x22, 0x22, 0xff, 0x24, 0x21, 0x21, 0xfb, 0x26, 0x24, 0x23, 0xff, 0x20, 0x1e, 0x1e, 0x9e,
    0x00, 0x00, 0x00, 0x02, 0x01, 0x01, 0x01, 0x00, 0x07, 0x07, 0x07, 0x80, 0x11, 0x10, 0x10, 0xec,
    0x25, 0x22, 0x21, 0xf9, 0x29, 0x27, 0x26, 0xff, 0x24, 0x23, 0x22, 0xff, 0x1a, 0x19, 0x19, 0xfa,
    0x4f, 0x4f, 0x4e, 0xf7, 0x24, 0x24, 0x24, 0xff, 0x11, 0x13, 0x13, 0xad, 0x00, 0x00, 0x00, 0x42,
    0x17, 0x19, 0x18, 0xd1, 0x3c, 0x3d, 0x3d, 0xfd, 0x6c, 0x6b, 0x69, 0xfd, 0xa0, 0x9e, 0x9b, 0xff,
    0x9e, 0x9e, 0x9d, 0xfe, 0x3b, 0x3b, 0x3b, 0xfd, 0x04, 0x04, 0x04, 0xf3, 0x2c, 0x2c, 0x2c, 0xff,
    0x4f, 0x4f, 0x4d, 0xfe, 0x47, 0x48, 0x46, 0xfe, 0x47, 0x47, 0x47, 0xff, 0x24, 0x24, 0x24, 0xff,
    0x35, 0x34, 0x33, 0xfe, 0x3d, 0x3c, 0x3b, 0xff, 0x16, 0x16, 0x16, 0xf9, 0x03, 0x02, 0x03, 0xef,
    0x45, 0x45, 0x45, 0xf3, 0x9b, 0x9c, 0x9c, 0xfd, 0x99, 0x99, 0x99, 0xff, 0x74, 0x76, 0x75, 0xff,
    0x51, 0x53, 0x53, 0xdd, 0x2f, 0x2f, 0x2f, 0x86, 0x13, 0x13, 0x13, 0xa1, 0x0d, 0x0e, 0x0e, 0xaf,
    0x30, 0x30, 0x2e, 0xcf, 0x49, 0x4b, 0x49, 0xf6, 0x14, 0x15, 0x14, 0xec, 0x20, 0x20, 0x21, 0xff,
    0x22, 0x23, 0x23, 0xfb, 0x23, 0x22, 0x22, 0xff, 0x16, 0x16, 0x16, 0x92, 0x00, 0x00, 0x00, 0x01,
    0x00, 0x00, 0x00, 0x07, 0x1d, 0x1f, 0x1d, 0xac, 0x2a, 0x27, 0x26, 0xff, 0x24, 0x1f, 0x1c, 0xfc,
    0x23, 0x20, 0x1f, 0xff, 0x21, 0x1f, 0x1e, 0xff, 0x1d, 0x1c, 0x19, 0xff, 0x1d, 0x1a, 0x19, 0xff,
    0x1d, 0x1b, 0x1b, 0xff, 0x1d, 0x1c, 0x1b, 0xff, 0x1c, 0x19, 0x19, 0xff, 0x19, 0x19, 0x18, 0xff,
    0x27, 0x23, 0x23, 0xff, 0x20, 0x1d, 0x1d, 0xff, 0x1b, 0x19, 0x19, 0xff, 0x1c, 0x1a, 0x19, 0xff,
    0x1b, 0x19, 0x19, 0xff, 0x1b, 0x1a, 0x19, 0xff, 0x1d, 0x1b, 0x1b, 0xfe, 0x29, 0x28, 0x27, 0xff,
    0x20, 0x22, 0x22, 0xd1, 0x01, 0x03, 0x01, 0xa6, 0x08, 0x08, 0x07, 0xad, 0x06, 0x06, 0x06, 0xa0,
    0x06, 0x07, 0x06, 0xa3, 0x06, 0x06, 0x06, 0x98, 0x06, 0x06, 0x06, 0xa3, 0x07, 0x07, 0x07, 0xa5,
    0x05, 0x07, 0x07, 0xac, 0x07, 0x07, 0x04, 0xa7, 0x07, 0x09, 0x06, 0xa9, 0x06, 0x06, 0x08, 0x9f,
    0x08, 0x08, 0x06, 0xbb, 0x08, 0x08, 0x08, 0xc8, 0x05, 0x07, 0x05, 0xb0, 0x07, 0x07, 0x07, 0xa8,
    0x06, 0x06, 0x06, 0xa3, 0x07, 0x07, 0x07, 0xae, 0x07, 0x07, 0x07, 0xae, 0x07, 0x07, 0x07, 0xa8,
    0x06, 0x06, 0x06, 0xa3, 0x08, 0x09, 0x08, 0x9e, 0x00, 0x00, 0x00, 0x81, 0x2b, 0x2b, 0x2b, 0xc2,
    0x2a, 0x29, 0x29, 0xff, 0x18, 0x19, 0x19, 0xfd, 0x1d, 0x1c, 0x1b, 0xff, 0x16, 0x16, 0x16, 0xff,
    0x16, 0x15, 0x14, 0xff, 0x11, 0x0f, 0x0f, 0xff, 0x11, 0x11, 0x10, 0xff, 0x28, 0x25, 0x26, 0xff,
    0x1b, 0x19, 0x18, 0xff, 0x1c, 0x1a, 0x19, 0xff, 0x1f, 0x1e, 0x1d, 0xff, 0x20, 0x1e, 0x1e, 0xff,
    0x20, 0x1e, 0x1e, 0xff, 0x21, 0x1f, 0x1e, 0xff, 0x20, 0x1f, 0x1f, 0xff, 0x1f, 0x1d, 0x1d, 0xff,
    0x1e, 0x1c, 0x1b, 0xff, 0x1c, 0x1a, 0x19, 0xff, 0x1b, 0x19, 0x19, 0xfe, 0x1d, 0x1b, 0x1a, 0xff,
    0x1b, 0x1a, 0x1a, 0xe9, 0x0f, 0x07, 0x07, 0x21, 0x00, 0x00, 0x00, 0x00, 0x00, 0x00, 0x00, 0x04,
    0x19, 0x1b, 0x1b, 0xc6, 0x27, 0x25, 0x25, 0xff, 0x2a, 0x28, 0x28, 0xfc, 0x1d, 0x1d, 0x1c, 0xff,
    0x27, 0x28, 0x27, 0xff, 0x55, 0x55, 0x53, 0xfa, 0x17, 0x17, 0x15, 0xe8, 0x25, 0x26, 0x26, 0xe8,
    0x26, 0x1f, 0x1f, 0x28, 0x00, 0x00, 0x00, 0x00, 0x00, 0x00, 0x00, 0x00, 0x0f, 0x0f, 0x0f, 0x61,
    0x2a, 0x2b, 0x2b, 0xf5, 0x6a, 0x6a, 0x6a, 0xf7, 0x80, 0x80, 0x7f, 0xff, 0x4a, 0x49, 0x49, 0xff,
    0x51, 0x51, 0x50, 0xff, 0xb7, 0xb7, 0xb7, 0xfe, 0xc6, 0xc6, 0xc6, 0xff, 0x3f, 0x3e, 0x3e, 0xff,
    0x4c, 0x4c, 0x4d, 0xff, 0xd1, 0xd0, 0xce, 0xff, 0xc4, 0xc2, 0xc1, 0xff, 0x4f, 0x4e, 0x4e, 0xfe,
    0x34, 0x33, 0x32, 0xfe, 0x7b, 0x7d, 0x7c, 0xff, 0x74, 0x75, 0x75, 0xfb, 0x47, 0x47, 0x46, 0xc7,
    0x1b, 0x1c, 0x1c, 0xbb, 0x1b, 0x1b, 0x1b, 0xdd, 0x00, 0x00, 0x00, 0x2e, 0x00, 0x00, 0x00, 0x10,
    0x12, 0x12, 0x11, 0xa5, 0x24, 0x25, 0x24, 0xff, 0x4e, 0x4f, 0x4e, 0xf6, 0x17, 0x17, 0x17, 0xfa,
    0x1f, 0x20, 0x1f, 0xff, 0x21, 0x21, 0x20, 0xfe, 0x20, 0x1f, 0x1f, 0xfd, 0x11, 0x11, 0x11, 0xc0,
    0x05, 0x08, 0x08, 0x5f, 0x00, 0x00, 0x00, 0x00, 0x0e, 0x0e, 0x15, 0x24, 0x1d, 0x1d, 0x1d, 0xe1,
    0x21, 0x1f, 0x1f, 0xff, 0x1f, 0x1e, 0x1e, 0xfd, 0x21, 0x20, 0x20, 0xff, 0x21, 0x20, 0x1f, 0xff,
    0x21, 0x1f, 0x1e, 0xff, 0x21, 0x1e, 0x1e, 0xff, 0x20, 0x1d, 0x1d, 0xff, 0x1f, 0x1d, 0x1c, 0xff,
    0x1f, 0x1c, 0x1c, 0xff, 0x1d, 0x1b, 0x1a, 0xff, 0x1a, 0x18, 0x17, 0xff, 0x1e, 0x1c, 0x1c, 0xfd,
    0x2c, 0x2a, 0x29, 0xd6, 0x23, 0x23, 0x21, 0xd3, 0x17, 0x16, 0x15, 0xee, 0x16, 0x16, 0x15, 0xff,
    0x1a, 0x19, 0x18, 0xff, 0x1b, 0x19, 0x19, 0xff, 0x19, 0x18, 0x19, 0xfe, 0x19, 0x18, 0x18, 0xfe,
    0x19, 0x17, 0x16, 0xfe, 0x18, 0x16, 0x16, 0xfe, 0x17, 0x15, 0x15, 0xff, 0x17, 0x15, 0x15, 0xff,
    0x17, 0x14, 0x15, 0xff, 0x16, 0x15, 0x14, 0xff, 0x16, 0x15, 0x14, 0xff, 0x16, 0x14, 0x14, 0xff,
    0x15, 0x14, 0x13, 0xff, 0x15, 0x13, 0x12, 0xff, 0x16, 0x13, 0x13, 0xff, 0x16, 0x14, 0x14, 0xff,
    0x16, 0x15, 0x14, 0xff, 0x17, 0x15, 0x14, 0xff, 0x17, 0x16, 0x15, 0xff, 0x17, 0x15, 0x15, 0xff,
    0x18, 0x16, 0x16, 0xff, 0x18, 0x17, 0x17, 0xff, 0x18, 0x17, 0x17, 0xff, 0x19, 0x17, 0x17, 0xff,
    0x1a, 0x18, 0x18, 0xff, 0x1a, 0x18, 0x18, 0xff, 0x1a, 0x19, 0x19, 0xff, 0x1c, 0x1a, 0x19, 0xff,
    0x1c, 0x1a, 0x1a, 0xff, 0x1d, 0x1c, 0x1a, 0xff, 0x1d, 0x1c, 0x1b, 0xff, 0x1e, 0x1d, 0x1b, 0xff,
    0x1e, 0x1c, 0x1c, 0xff, 0x20, 0x1e, 0x1d, 0xff, 0x1f, 0x1e, 0x1e, 0xff, 0x21, 0x20, 0x1e, 0xff,
    0x21, 0x20, 0x1e, 0xff, 0x21, 0x1f, 0x20, 0xff, 0x21, 0x1f, 0x1e, 0xff, 0x22, 0x20, 0x1f, 0xff,
    0x22, 0x1f, 0x1f, 0xff, 0x21, 0x1f, 0x1f, 0xff, 0x21, 0x1f, 0x1f, 0xff, 0x21, 0x1f, 0x1e, 0xff,
    0x22, 0x20, 0x20, 0xff, 0x22, 0x20, 0x20, 0xff, 0x20, 0x1e, 0x1f, 0xff, 0x21, 0x1f, 0x1f, 0xff,
    0x21, 0x1f, 0x1f, 0xff, 0x21, 0x1f, 0x1f, 0xff, 0x21, 0x1f, 0x1f, 0xff, 0x22, 0x21, 0x1f, 0xff,
    0x22, 0x20, 0x20, 0xff, 0x20, 0x1f, 0x20, 0xff, 0x23, 0x22, 0x20, 0xff, 0x23, 0x21, 0x21, 0xff,
    0x23, 0x20, 0x20, 0xff, 0x22, 0x21, 0x20, 0xff, 0x23, 0x21, 0x21, 0xff, 0x22, 0x20, 0x21, 0xff,
    0x22, 0x20, 0x20, 0xff, 0x24, 0x22, 0x22, 0xff, 0x1f, 0x1e, 0x1d, 0xdb, 0x23, 0x21, 0x20, 0xef,
    0x24, 0x21, 0x21, 0xff, 0x23, 0x21, 0x21, 0xfe, 0x22, 0x21, 0x21, 0xff, 0x24, 0x22, 0x22, 0xff,
    0x24, 0x22, 0x21, 0xff, 0x24, 0x22, 0x21, 0xff, 0x23, 0x21, 0x21, 0xff, 0x25, 0x23, 0x23, 0xff,
    0x25, 0x24, 0x23, 0xff, 0x25, 0x24, 0x22, 0xff, 0x25, 0x25, 0x24, 0xff, 0x27, 0x26, 0x23, 0xff,
    0x27, 0x26, 0x21, 0xff, 0x28, 0x25, 0x24, 0xff, 0x26, 0x26, 0x24, 0xff, 0x27, 0x25, 0x22, 0xff,
    0x26, 0x23, 0x24, 0xff, 0x25, 0x24, 0x23, 0xff, 0x24, 0x22, 0x23, 0xff, 0x23, 0x22, 0x22, 0xff,
    0x23, 0x21, 0x21, 0xff, 0x23, 0x20, 0x20, 0xfb, 0x24, 0x24, 0x22, 0xff, 0x19, 0x19, 0x19, 0x76,
    0x00, 0x00, 0x00, 0x00, 0x01, 0x00, 0x00, 0x00, 0x05, 0x07, 0x07, 0x80, 0x13, 0x12, 0x11, 0xf4,
    0x24, 0x22, 0x21, 0xff, 0x28, 0x25, 0x26, 0xfe, 0x20, 0x1f, 0x1f, 0xff, 0x22, 0x22, 0x21, 0xfe,
    0x50, 0x50, 0x50, 0xfc, 0x22, 0x23, 0x23, 0xff, 0x19, 0x19, 0x19, 0x63, 0x04, 0x04, 0x04, 0x34,
    0x2a, 0x2a, 0x2a, 0xf2, 0x3f, 0x3e, 0x40, 0xfe, 0x17, 0x19, 0x17, 0xf6, 0x2f, 0x30, 0x2e, 0xfd,
    0x6a, 0x6a, 0x68, 0xff, 0x6e, 0x6e, 0x6d, 0xff, 0x31, 0x32, 0x31, 0xfd, 0x57, 0x58, 0x58, 0xfd,
    0xcc, 0xcb, 0xcb, 0xff, 0xc8, 0xc7, 0xc7, 0xff, 0x46, 0x47, 0x47, 0xff, 0x45, 0x44, 0x44, 0xff,
    0xc3, 0xc1, 0xc0, 0xff, 0xa9, 0xa9, 0xa7, 0xff, 0x42, 0x41, 0x40, 0xff, 0x44, 0x43, 0x44, 0xff,
    0xa3, 0xa3, 0xa4, 0xff, 0x86, 0x87, 0x86, 0xfb, 0x3d, 0x3e, 0x3f, 0xfe, 0x20, 0x20, 0x20, 0x7f,
    0x00, 0x00, 0x00, 0x0d, 0x00, 0x00, 0x00, 0x00, 0x1e, 0x1e, 0x1e, 0x42, 0x1c, 0x1c, 0x1b, 0xf1,
    0x23, 0x23, 0x23, 0xe9, 0x52, 0x53, 0x52, 0xff, 0x1d, 0x1d, 0x1d, 0xfc, 0x22, 0x21, 0x20, 0xff,
    0x21, 0x23, 0x21, 0xfc, 0x23, 0x24, 0x23, 0xff, 0x19, 0x19, 0x19, 0xa7, 0x00, 0x00, 0x00, 0x04,
    0x00, 0x00, 0x00, 0x00, 0x1d, 0x1b, 0x1b, 0x67, 0x24, 0x21, 0x20, 0xff, 0x23, 0x1f, 0x20, 0xfc,
    0x22, 0x1f, 0x20, 0xff, 0x22, 0x20, 0x20, 0xff, 0x22, 0x21, 0x1e, 0xff, 0x1f, 0x1c, 0x18, 0xff,
    0x1c, 0x19, 0x1a, 0xff, 0x1d, 0x1c, 0x1b, 0xff, 0x1c, 0x1a, 0x1a, 0xff, 0x25, 0x22, 0x22, 0xff,
    0x22, 0x20, 0x20, 0xff, 0x1b, 0x1a, 0x1a, 0xff, 0x1c, 0x1a, 0x1a, 0xff, 0x1a, 0x1a, 0x18, 0xff,
    0x1b, 0x19, 0x19, 0xff, 0x1b, 0x19, 0x19, 0xff, 0x1d, 0x1c, 0x1c, 0xfd, 0x2a, 0x28, 0x28, 0xff,
    0x22, 0x22, 0x22, 0xd6, 0x03, 0x04, 0x03, 0xa7, 0x08, 0x08, 0x08, 0xb7, 0x06, 0x05, 0x05, 0xba,
    0x08, 0x07, 0x07, 0xb5, 0x07, 0x07, 0x07, 0xb4, 0x07, 0x07, 0x07, 0xb2, 0x08, 0x07, 0x07, 0xb4,
    0x08, 0x08, 0x08, 0xb5, 0x07, 0x07, 0x07, 0xb5, 0x06, 0x06, 0x06, 0xbc, 0x05, 0x07, 0x07, 0xb2,
    0x07, 0x07, 0x06, 0xd3, 0x07, 0x07, 0x07, 0xd4, 0x07, 0x07, 0x07, 0xc0, 0x07, 0x07, 0x07, 0xc6,
    0x08, 0x08, 0x08, 0xbf, 0x07, 0x06, 0x06, 0xc1, 0x06, 0x06, 0x08, 0xb9, 0x08, 0x08, 0x06, 0xb8,
    0x07, 0x07, 0x07, 0xb4, 0x08, 0x08, 0x08, 0xb9, 0x06, 0x06, 0x06, 0xbf, 0x0a, 0x0a, 0x0a, 0xd3,
    0x29, 0x28, 0x28, 0xfb, 0x30, 0x30, 0x2f, 0xff, 0x44, 0x43, 0x42, 0xfe, 0x52, 0x4f, 0x4f, 0xff,
    0x47, 0x45, 0x42, 0xff, 0x3f, 0x3d, 0x3c, 0xff, 0x38, 0x35, 0x34, 0xff, 0x3d, 0x3c, 0x3a, 0xff,
    0x46, 0x44, 0x44, 0xff, 0x1f, 0x1d, 0x1c, 0xff, 0x1b, 0x19, 0x18, 0xff, 0x1e, 0x1d, 0x1d, 0xff,
    0x1f, 0x1d, 0x1e, 0xff, 0x20, 0x1f, 0x1e, 0xff, 0x1f, 0x1e, 0x1e, 0xff, 0x1e, 0x1c, 0x1c, 0xff,
    0x1d, 0x1b, 0x1b, 0xff, 0x1b, 0x19, 0x19, 0xff, 0x1a, 0x17, 0x18, 0xfd, 0x1c, 0x19, 0x19, 0xff,
    0x18, 0x15, 0x15, 0xdd, 0x00, 0x00, 0x00, 0x0c, 0x00, 0x00, 0x00, 0x01, 0x0f, 0x0f, 0x0f, 0x10,
    0x1a, 0x1a, 0x1b, 0xd7, 0x27, 0x26, 0x25, 0xff, 0x28, 0x27, 0x27, 0xfd, 0x1d, 0x1c, 0x1c, 0xff,
    0x33, 0x33, 0x33, 0xfe, 0x54, 0x55, 0x55, 0xf5, 0x17, 0x19, 0x17, 0xed, 0x2b, 0x2c, 0x2b, 0xcf,
    0x33, 0x33, 0x33, 0x05, 0x3f, 0x3f, 0x3f, 0x08, 0x17, 0x17, 0x17, 0x0b, 0x16, 0x18, 0x18, 0xa7,
    0x17, 0x1a, 0x1b, 0xff, 0x06, 0x08, 0x08, 0xec, 0x0e, 0x0f, 0x0f, 0xb2, 0x32, 0x32, 0x33, 0xe4,
    0x3c, 0x3b, 0x3b, 0xf2, 0x7a, 0x7a, 0x7a, 0xff, 0x56, 0x57, 0x57, 0xfe, 0x45, 0x45, 0x45, 0xff,
    0x4a, 0x4b, 0x4a, 0xff, 0x7b, 0x7b, 0x7b, 0xff, 0x96, 0x95, 0x95, 0xff, 0x44, 0x44, 0x44, 0xff,
    0x39, 0x39, 0x37, 0xff, 0x1d, 0x1e, 0x1e, 0xb6, 0x14, 0x16, 0x16, 0xc3, 0x00, 0x01, 0x00, 0xcd,
    0x10, 0x11, 0x11, 0xf2, 0x49, 0x4b, 0x4a, 0xf8, 0x23, 0x23, 0x20, 0x74, 0x12, 0x12, 0x12, 0x0e,
    0x19, 0x19, 0x19, 0x6c, 0x20, 0x1f, 0x20, 0xff, 0x52, 0x52, 0x52, 0xef, 0x1f, 0x1f, 0x1f, 0xeb,
    0x1f, 0x1f, 0x1f, 0xff, 0x1f, 0x1f, 0x1f, 0xfe, 0x21, 0x1f, 0x1e, 0xfe, 0x13, 0x12, 0x11, 0xdc,
    0x08, 0x08, 0x06, 0x7b, 0x00, 0x00, 0x00, 0x00, 0x00, 0x00, 0x00, 0x0c, 0x1b, 0x1c, 0x1c, 0xc5,
    0x1f, 0x1e, 0x1e, 0xff, 0x1e, 0x1b, 0x1c, 0xfc, 0x1f, 0x1d, 0x1d, 0xff, 0x20, 0x1e, 0x1e, 0xff,
    0x21, 0x1e, 0x1f, 0xff, 0x21, 0x1e, 0x1e, 0xff, 0x1e, 0x1c, 0x1c, 0xff, 0x1f, 0x1c, 0x1c, 0xff,
    0x1d, 0x1c, 0x1c, 0xff, 0x1c, 0x1a, 0x1a, 0xff, 0x1b, 0x19, 0x18, 0xff, 0x18, 0x16, 0x16, 0xff,
    0x1b, 0x18, 0x18, 0xff, 0x2a, 0x29, 0x27, 0xea, 0x32, 0x30, 0x2f, 0xd8, 0x26, 0x24, 0x24, 0xdd,
    0x19, 0x18, 0x17, 0xe7, 0x14, 0x13, 0x13, 0xf8, 0x17, 0x15, 0x15, 0xff, 0x17, 0x15, 0x14, 0xff,
    0x17, 0x16, 0x15, 0xff, 0x18, 0x16, 0x15, 0xff, 0x19, 0x16, 0x16, 0xff, 0x18, 0x16, 0x17, 0xff,
    0x17, 0x15, 0x16, 0xff, 0x17, 0x16, 0x15, 0xfe, 0x17, 0x14, 0x14, 0xfd, 0x16, 0x14, 0x13, 0xfd,
    0x16, 0x14, 0x14, 0xfd, 0x15, 0x13, 0x13, 0xfe, 0x15, 0x13, 0x13, 0xfe, 0x15, 0x13, 0x13, 0xfe,
    0x15, 0x13, 0x12, 0xfe, 0x15, 0x13, 0x12, 0xfe, 0x13, 0x12, 0x11, 0xfe, 0x13, 0x12, 0x11, 0xfe,
    0x14, 0x12, 0x12, 0xfe, 0x14, 0x12, 0x12, 0xfe, 0x13, 0x11, 0x11, 0xff, 0x14, 0x12, 0x11, 0xff,
    0x13, 0x11, 0x11, 0xff, 0x13, 0x11, 0x11, 0xff, 0x14, 0x12, 0x12, 0xff, 0x14, 0x12, 0x12, 0xff,
    0x14, 0x12, 0x12, 0xff, 0x13, 0x11, 0x12, 0xff, 0x15, 0x13, 0x13, 0xff, 0x15, 0x13, 0x13, 0xff,
    0x15, 0x14, 0x14, 0xff, 0x17, 0x16, 0x15, 0xff, 0x18, 0x16, 0x16, 0xff, 0x19, 0x17, 0x17, 0xff,
    0x1a, 0x18, 0x17, 0xff, 0x1a, 0x18, 0x18, 0xff, 0x1a, 0x19, 0x18, 0xff, 0x1b, 0x1a, 0x1a, 0xff,
    0x1d, 0x1b, 0x1a, 0xff, 0x1d, 0x1b, 0x1a, 0xff, 0x1d, 0x1c, 0x1c, 0xff, 0x1e, 0x1c, 0x1c, 0xff,
    0x1e, 0x1c, 0x1c, 0xff, 0x1f, 0x1d, 0x1c, 0xff, 0x1f, 0x1d, 0x1d, 0xff, 0x20, 0x1e, 0x1d, 0xff,
    0x20, 0x1f, 0x1f, 0xff, 0x21, 0x1e, 0x1e, 0xff, 0x21, 0x1f, 0x1f, 0xff, 0x21, 0x20, 0x1f, 0xff,
    0x22, 0x20, 0x1f, 0xff, 0x21, 0x21, 0x20, 0xff, 0x23, 0x21, 0x20, 0xff, 0x22, 0x21, 0x20, 0xff,
    0x23, 0x21, 0x20, 0xff, 0x23, 0x21, 0x21, 0xff, 0x23, 0x22, 0x21, 0xff, 0x23, 0x21, 0x22, 0xff,
    0x24, 0x22, 0x22, 0xff, 0x23, 0x22, 0x22, 0xfc, 0x1e, 0x1d, 0x1d, 0xd3, 0x22, 0x20, 0x1f, 0xfa,
    0x23, 0x21, 0x20, 0xff, 0x21, 0x20, 0x1f, 0xff, 0x21, 0x20, 0x1f, 0xff, 0x23, 0x20, 0x20, 0xff,
    0x23, 0x21, 0x20, 0xff, 0x24, 0x22, 0x22, 0xff, 0x24, 0x22, 0x22, 0xff, 0x24, 0x23, 0x22, 0xff,
    0x25, 0x24, 0x23, 0xff, 0x25, 0x24, 0x23, 0xff, 0x26, 0x25, 0x25, 0xff, 0x27, 0x25, 0x22, 0xff,
    0x25, 0x23, 0x22, 0xff, 0x25, 0x22, 0x23, 0xff, 0x26, 0x22, 0x22, 0xff, 0x25, 0x22, 0x23, 0xff,
    0x24, 0x22, 0x22, 0xff, 0x24, 0x22, 0x22, 0xff, 0x23, 0x21, 0x21, 0xff, 0x22, 0x20, 0x20, 0xff,
    0x21, 0x1f, 0x1f, 0xff, 0x21, 0x1f, 0x1f, 0xfc, 0x22, 0x21, 0x20, 0xff, 0x17, 0x17, 0x17, 0x56,
    0x00, 0x00, 0x00, 0x00, 0x00, 0x00, 0x00, 0x00, 0x08, 0x09, 0x08, 0x9e, 0x16, 0x14, 0x14, 0xf5,
    0x25, 0x23, 0x22, 0xfe, 0x26, 0x25, 0x24, 0xff, 0x1d, 0x1c, 0x1b, 0xff, 0x29, 0x2b, 0x29, 0xf9,
    0x4e, 0x4f, 0x4e, 0xfa, 0x20, 0x20, 0x20, 0xff, 0x25, 0x25, 0x25, 0x36, 0x00, 0x00, 0x00, 0x12,
    0x40, 0x3f, 0x3f, 0xe5, 0x5b, 0x5b, 0x5c, 0xff, 0x1a, 0x1c, 0x1c, 0xfa, 0x14, 0x14, 0x14, 0xfe,
    0x13, 0x11, 0x12, 0xf0, 0x15, 0x15, 0x15, 0xf4, 0x30, 0x31, 0x30, 0xff, 0x39, 0x3b, 0x3a, 0xfb,
    0x95, 0x96, 0x96, 0xfd, 0x65, 0x66, 0x66, 0xff, 0x45, 0x47, 0x45, 0xff, 0x46, 0x47, 0x47, 0xff,
    0x74, 0x75, 0x74, 0xff, 0x86, 0x86, 0x85, 0xfe, 0x3b, 0x3c, 0x3c, 0xff, 0x3a, 0x3b, 0x3b, 0xe6,
    0x14, 0x14, 0x15, 0xd7, 0x0d, 0x0d, 0x0d, 0xfc, 0x16, 0x18, 0x18, 0xff, 0x12, 0x15, 0x15, 0x79,
    0x00, 0x00, 0x00, 0x00, 0x7f, 0x7f, 0x7f, 0x02, 0x2e, 0x2e, 0x2e, 0x16, 0x1f, 0x1f, 0x1f, 0xe5,
    0x1f, 0x1f, 0x1e, 0xe3, 0x56, 0x56, 0x55, 0xfb, 0x27, 0x26, 0x26, 0xf7, 0x21, 0x21, 0x21, 0xff,
    0x20, 0x21, 0x20, 0xfc, 0x24, 0x24, 0x23, 0xff, 0x18, 0x18, 0x18, 0xb8, 0x00, 0x00, 0x00, 0x09,
    0x00, 0x00, 0x00, 0x00, 0x1d, 0x19, 0x19, 0x46, 0x22, 0x20, 0x1f, 0xff, 0x21, 0x1e, 0x1e, 0xfe,
    0x21, 0x1f, 0x1f, 0xff, 0x22, 0x1f, 0x1f, 0xff, 0x23, 0x20, 0x20, 0xff, 0x23, 0x20, 0x1f, 0xff,
    0x1f, 0x1d, 0x1c, 0xff, 0x1b, 0x19, 0x1a, 0xff, 0x1b, 0x19, 0x19, 0xff, 0x21, 0x1d, 0x1d, 0xff,
    0x19, 0x17, 0x17, 0xff, 0x1c, 0x1b, 0x1a, 0xff, 0x1c, 0x1a, 0x19, 0xff, 0x1b, 0x19, 0x18, 0xff,
    0x1c, 0x1a, 0x19, 0xff, 0x1c, 0x1a, 0x1a, 0xff, 0x1d, 0x1b, 0x1b, 0xfd, 0x29, 0x27, 0x27, 0xff,
    0x26, 0x23, 0x23, 0xcf, 0x03, 0x03, 0x02, 0xc4, 0x07, 0x08, 0x07, 0xd4, 0x07, 0x07, 0x07, 0xc6,
    0x06, 0x06, 0x06, 0xbf, 0x07, 0x07, 0x07, 0xd0, 0x08, 0x08, 0x07, 0xcf, 0x07, 0x07, 0x07, 0xcf,
    0x08, 0x07, 0x07, 0xd1, 0x06, 0x06, 0x06, 0xc7, 0x07, 0x07, 0x07, 0xc7, 0x07, 0x07, 0x07, 0xcd,
    0x08, 0x08, 0x09, 0xd9, 0x08, 0x08, 0x07, 0xcf, 0x07, 0x07, 0x07, 0xca, 0x07, 0x08, 0x07, 0xd3,
    0x07, 0x07, 0x07, 0xce, 0x08, 0x07, 0x07, 0xcf, 0x06, 0x06, 0x07, 0xc9, 0x07, 0x07, 0x08, 0xca,
    0x07, 0x07, 0x06, 0xc6, 0x07, 0x06, 0x06, 0xc6, 0x07, 0x08, 0x07, 0xd2, 0x07, 0x07, 0x07, 0xd6,
    0x09, 0x09, 0x0a, 0xd4, 0x1e, 0x1e, 0x1e, 0xf7, 0x3a, 0x39, 0x38, 0xff, 0x6f, 0x6c, 0x6a, 0xff,
    0x8c, 0x88, 0x84, 0xff, 0x8a, 0x86, 0x82, 0xff, 0x85, 0x83, 0x80, 0xff, 0x82, 0x80, 0x7e, 0xff,
    0x80, 0x7f, 0x7c, 0xff, 0x3c, 0x3a, 0x39, 0xff, 0x11, 0x0f, 0x0f, 0xff, 0x18, 0x16, 0x16, 0xff,
    0x18, 0x16, 0x16, 0xff, 0x19, 0x17, 0x17, 0xff, 0x1a, 0x18, 0x18, 0xff, 0x1a, 0x18, 0x17, 0xff,
    0x1a, 0x18, 0x17, 0xff, 0x19, 0x17, 0x17, 0xff, 0x1a, 0x17, 0x17, 0xfd, 0x1c, 0x19, 0x19, 0xff,
    0x16, 0x14, 0x14, 0xd5, 0x00, 0x00, 0x00, 0x03, 0x00, 0x00, 0x00, 0x00, 0x1a, 0x1a, 0x1a, 0x13,
    0x19, 0x1a, 0x19, 0xd5, 0x21, 0x20, 0x20, 0xff, 0x25, 0x25, 0x25, 0xfd, 0x1d, 0x1d, 0x1c, 0xff,
    0x3a, 0x39, 0x39, 0xfd, 0x56, 0x57, 0x54, 0xf7, 0x18, 0x19, 0x17, 0xfa, 0x24, 0x24, 0x23, 0xd0,
    0x00, 0x00, 0x00, 0x00, 0x00, 0x00, 0x00, 0x00, 0x00, 0x00, 0x00, 0x26, 0x1d, 0x1d, 0x1d, 0xbf,
    0x27, 0x28, 0x2a, 0xff, 0x26, 0x28, 0x29, 0xf4, 0x23, 0x23, 0x23, 0x96, 0x0d, 0x0a, 0x0a, 0xd2,
    0x43, 0x43, 0x43, 0xf6, 0x35, 0x35, 0x36, 0xff, 0x48, 0x48, 0x47, 0xff, 0x68, 0x6a, 0x6b, 0xff,
    0x64, 0x65, 0x64, 0xff, 0x41, 0x41, 0x40, 0xff, 0x1a, 0x19, 0x19, 0xff, 0x4d, 0x4d, 0x4b, 0xfd,
    0x2e, 0x2d, 0x2c, 0xff, 0x10, 0x11, 0x10, 0x9d, 0x3a, 0x3b, 0x3a, 0xce, 0x2a, 0x2b, 0x2c, 0xff,
    0x47, 0x49, 0x4a, 0xfc, 0x69, 0x6a, 0x69, 0xfd, 0x2c, 0x2c, 0x2c, 0xe1, 0x00, 0x00, 0x00, 0x07,
    0x1b, 0x1b, 0x1b, 0x67, 0x1e, 0x1e, 0x1e, 0xff, 0x4e, 0x4e, 0x4d, 0xef, 0x22, 0x20, 0x20, 0xe8,
    0x20, 0x20, 0x1f, 0xff, 0x22, 0x21, 0x20, 0xfe, 0x20, 0x1e, 0x1e, 0xff, 0x12, 0x13, 0x11, 0xdf,
    0x06, 0x06, 0x06, 0x78, 0x00, 0x00, 0x01, 0x00, 0x00, 0x00, 0x00, 0x00, 0x18, 0x18, 0x18, 0xb0,
    0x1f, 0x1e, 0x1d, 0xff, 0x1d, 0x1b, 0x1a, 0xfb, 0x1e, 0x1c, 0x1b, 0xff, 0x1f, 0x1d, 0x1d, 0xff,
    0x1f, 0x1c, 0x1c, 0xff, 0x1f, 0x1c, 0x1d, 0xff, 0x1d, 0x1c, 0x1c, 0xff, 0x1d, 0x1b, 0x1b, 0xff,
    0x1c, 0x1a, 0x1a, 0xff, 0x1b, 0x19, 0x19, 0xff, 0x1a, 0x19, 0x18, 0xff, 0x1a, 0x19, 0x18, 0xff,
    0x19, 0x17, 0x17, 0xfe, 0x17, 0x15, 0x14, 0xff, 0x1d, 0x1d, 0x1c, 0xff, 0x2b, 0x2a, 0x2a, 0xf4,
    0x38, 0x36, 0x33, 0xdd, 0x30, 0x30, 0x2f, 0xd1, 0x27, 0x23, 0x23, 0xcf, 0x1c, 0x1a, 0x1a, 0xd5,
    0x13, 0x12, 0x13, 0xe1, 0x10, 0x0f, 0x0f, 0xe8, 0x0f, 0x0d, 0x0e, 0xf1, 0x0f, 0x0e, 0x0e, 0xf9,
    0x11, 0x0e, 0x0f, 0xfe, 0x12, 0x10, 0x10, 0xff, 0x12, 0x10, 0x10, 0xff, 0x13, 0x11, 0x11, 0xff,
    0x14, 0x13, 0x13, 0xff, 0x15, 0x13, 0x12, 0xff, 0x15, 0x13, 0x13, 0xff, 0x16, 0x13, 0x13, 0xff,
    0x16, 0x14, 0x13, 0xff, 0x15, 0x14, 0x15, 0xff, 0x16, 0x15, 0x14, 0xff, 0x16, 0x15, 0x14, 0xff,
    0x16, 0x15, 0x14, 0xff, 0x15, 0x14, 0x14, 0xff, 0x17, 0x14, 0x14, 0xff, 0x16, 0x13, 0x13, 0xff,
    0x15, 0x14, 0x13, 0xff, 0x14, 0x13, 0x12, 0xff, 0x15, 0x13, 0x12, 0xff, 0x15, 0x13, 0x13, 0xff,
    0x15, 0x12, 0x12, 0xff, 0x15, 0x13, 0x12, 0xfe, 0x15, 0x13, 0x12, 0xff, 0x15, 0x13, 0x12, 0xff,
    0x14, 0x13, 0x12, 0xff, 0x14, 0x12, 0x11, 0xff, 0x13, 0x11, 0x11, 0xff, 0x14, 0x12, 0x11, 0xff,
    0x13, 0x12, 0x11, 0xff, 0x13, 0x12, 0x12, 0xff, 0x14, 0x12, 0x11, 0xfe, 0x13, 0x11, 0x12, 0xfe,
    0x14, 0x12, 0x11, 0xfe, 0x15, 0x12, 0x12, 0xfe, 0x14, 0x13, 0x12, 0xfe, 0x14, 0x13, 0x12, 0xfe,
    0x15, 0x13, 0x13, 0xfe, 0x15, 0x12, 0x12, 0xfe, 0x14, 0x13, 0x13, 0xff, 0x14, 0x14, 0x13, 0xfe,
    0x16, 0x15, 0x15, 0xfe, 0x17, 0x16, 0x16, 0xfe, 0x18, 0x16, 0x16, 0xfe, 0x18, 0x17, 0x17, 0xfe,
    0x19, 0x17, 0x16, 0xfe, 0x19, 0x18, 0x17, 0xfe, 0x19, 0x18, 0x19, 0xfe, 0x1b, 0x1a, 0x18, 0xfe,
    0x1b, 0x1a, 0x19, 0xfe, 0x1d, 0x1c, 0x1a, 0xfe, 0x1b, 0x1b, 0x1a, 0xfe, 0x1d, 0x1c, 0x1b, 0xfe,
    0x1f, 0x1b, 0x1b, 0xfe, 0x1f, 0x1c, 0x1b, 0xf9, 0x1b, 0x1a, 0x1a, 0xd5, 0x20, 0x1d, 0x1d, 0xff,
    0x1f, 0x1c, 0x1c, 0xfe, 0x1f, 0x1d, 0x1d, 0xff, 0x1f, 0x1d, 0x1d, 0xff, 0x20, 0x1e, 0x1e, 0xff,
    0x21, 0x1f, 0x1f, 0xff, 0x23, 0x21, 0x21, 0xff, 0x24, 0x22, 0x21, 0xff, 0x24, 0x21, 0x22, 0xff,
    0x24, 0x23, 0x22, 0xff, 0x24, 0x22, 0x22, 0xff, 0x24, 0x23, 0x23, 0xff, 0x24, 0x22, 0x20, 0xff,
    0x25, 0x23, 0x21, 0xff, 0x24, 0x22, 0x22, 0xff, 0x23, 0x21, 0x21, 0xff, 0x24, 0x22, 0x22, 0xff,
    0x24, 0x21, 0x21, 0xff, 0x22, 0x21, 0x21, 0xff, 0x21, 0x20, 0x20, 0xff, 0x21, 0x1f, 0x1f, 0xff,
    0x21, 0x1f, 0x1f, 0xfe, 0x21, 0x1f, 0x1f, 0xff, 0x20, 0x1d, 0x1d, 0xf7, 0x16, 0x16, 0x16, 0x39,
    0x00, 0x00, 0x00, 0x00, 0x00, 0x00, 0x00, 0x02, 0x08, 0x0a, 0x08, 0xab, 0x14, 0x14, 0x13, 0xf5,
    0x23, 0x21, 0x20, 0xfe, 0x24, 0x24, 0x24, 0xfe, 0x1b, 0x1a, 0x1a, 0xff, 0x31, 0x30, 0x2f, 0xfb,
    0x4d, 0x4d, 0x4d, 0xff, 0x20, 0x20, 0x1f, 0xed, 0x37, 0x37, 0x37, 0x25, 0x00, 0x00, 0x00, 0x02,
    0x43, 0x43, 0x42, 0xd0, 0x52, 0x52, 0x51, 0xff, 0x2e, 0x2f, 0x2f, 0xf9, 0x34, 0x34, 0x34, 0xff,
    0x3c, 0x3c, 0x3d, 0xad, 0x1c, 0x1d, 0x1d, 0xad, 0x3b, 0x3c, 0x3c, 0xfe, 0x3c, 0x3c, 0x3b, 0xf9,
    0x12, 0x13, 0x13, 0xfd, 0x4b, 0x4c, 0x4b, 0xff, 0x5c, 0x5f, 0x5e, 0xff, 0x60, 0x63, 0x62, 0xff,
    0x35, 0x35, 0x34, 0xff, 0x3a, 0x3c, 0x3b, 0xff, 0x37, 0x39, 0x38, 0xf9, 0x08, 0x0a, 0x0a, 0xdf,
    0x21, 0x23, 0x23, 0xcc, 0x2e, 0x30, 0x30, 0xfd, 0x2d, 0x2f, 0x30, 0xff, 0x1e, 0x1e, 0x1f, 0xa1,
    0x00, 0x00, 0x00, 0x01, 0x00, 0x00, 0x00, 0x00, 0x2f, 0x2f, 0x2f, 0x10, 0x21, 0x21, 0x21, 0xcd,
    0x23, 0x21, 0x1f, 0xd3, 0x5b, 0x5a, 0x5b, 0xf5, 0x2a, 0x2a, 0x2a, 0xef, 0x1e, 0x1e, 0x1e, 0xff,
    0x24, 0x26, 0x26, 0xfd, 0x23, 0x23, 0x22, 0xff, 0x18, 0x18, 0x17, 0xcd, 0x0c, 0x0c, 0x0c, 0x14,
    0x00, 0x00, 0x00, 0x00, 0x14, 0x14, 0x14, 0x3f, 0x20, 0x1e, 0x1e, 0xff, 0x22, 0x1e, 0x1e, 0xfe,
    0x20, 0x1e, 0x1d, 0xff, 0x20, 0x1e, 0x1e, 0xff, 0x22, 0x20, 0x1f, 0xff, 0x22, 0x21, 0x21, 0xff,
    0x20, 0x1f, 0x20, 0xff, 0x21, 0x1f, 0x1f, 0xff, 0x4d, 0x4a, 0x47, 0xff, 0x36, 0x34, 0x32, 0xff,
    0x21, 0x1d, 0x1d, 0xff, 0x1b, 0x17, 0x16, 0xff, 0x18, 0x16, 0x16, 0xff, 0x1a, 0x17, 0x18, 0xff,
    0x1d, 0x1b, 0x1a, 0xff, 0x1e, 0x1c, 0x1c, 0xff, 0x1f, 0x1d, 0x1c, 0xfe, 0x29, 0x27, 0x27, 0xff,
    0x26, 0x26, 0x26, 0xd3, 0x05, 0x05, 0x04, 0xdb, 0x09, 0x0a, 0x08, 0xf1, 0x08, 0x0a, 0x08, 0xe3,
    0x09, 0x08, 0x09, 0xdf, 0x09, 0x09, 0x09, 0xe0, 0x08, 0x08, 0x08, 0xe5, 0x09, 0x09, 0x09, 0xdc,
    0x09, 0x07, 0x08, 0xd9, 0x08, 0x08, 0x08, 0xdd, 0x09, 0x09, 0x09, 0xe1, 0x09, 0x09, 0x09, 0xdf,
    0x08, 0x08, 0x08, 0xe9, 0x0a, 0x0a, 0x09, 0xf0, 0x09, 0x0a, 0x08, 0xf2, 0x08, 0x09, 0x08, 0xf3,
    0x09, 0x09, 0x08, 0xf0, 0x09, 0x09, 0x08, 0xee, 0x09, 0x09, 0x09, 0xf1, 0x08, 0x08, 0x09, 0xee,
    0x09, 0x08, 0x09, 0xec, 0x09, 0x09, 0x08, 0xec, 0x08, 0x08, 0x08, 0xea, 0x08, 0x09, 0x09, 0xeb,
    0x07, 0x07, 0x07, 0xd3, 0x09, 0x08, 0x08, 0xd6, 0x14, 0x14, 0x14, 0xf1, 0x21, 0x21, 0x20, 0xff,
    0x38, 0x36, 0x35, 0xff, 0x45, 0x44, 0x43, 0xff, 0x42, 0x40, 0x3f, 0xff, 0x3d, 0x3c, 0x3b, 0xff,
    0x40, 0x40, 0x3f, 0xff, 0x21, 0x1f, 0x1f, 0xff, 0x12, 0x11, 0x10, 0xff, 0x16, 0x13, 0x13, 0xff,
    0x15, 0x14, 0x13, 0xff, 0x16, 0x14, 0x13, 0xff, 0x16, 0x13, 0x14, 0xff, 0x16, 0x14, 0x14, 0xff,
    0x16, 0x14, 0x14, 0xff, 0x16, 0x14, 0x15, 0xff, 0x16, 0x14, 0x15, 0xfd, 0x18, 0x17, 0x16, 0xff,
    0x16, 0x15, 0x15, 0xcc, 0x00, 0x00, 0x00, 0x01, 0x0a, 0x0a, 0x0a, 0x2f, 0x06, 0x06, 0x06, 0x26,
    0x14, 0x14, 0x14, 0xca, 0x1b, 0x1b, 0x1b, 0xff, 0x20, 0x21, 0x20, 0xfc, 0x1a, 0x1a, 0x19, 0xff,
    0x37, 0x38, 0x38, 0xff, 0x51, 0x52, 0x50, 0xfc, 0x1c, 0x1d, 0x1c, 0xff, 0x28, 0x29, 0x29, 0xd0,
    0x2a, 0x2a, 0x2d, 0x54, 0x44, 0x44, 0x44, 0x4e, 0x27, 0x22, 0x27, 0x34, 0x16, 0x19, 0x17, 0xb7,
    0x1b, 0x1d, 0x1e, 0xff, 0x12, 0x14, 0x15, 0xf9, 0x1d, 0x1c, 0x1c, 0xd7, 0x55, 0x54, 0x53, 0xf5,
    0x40, 0x3f, 0x3f, 0xff, 0x55, 0x54, 0x55, 0xff, 0x6d, 0x6d, 0x6d, 0xff, 0x3e, 0x3e, 0x3e, 0xff,
    0x3d, 0x3d, 0x3d, 0xff, 0x60, 0x5f, 0x5f, 0xff, 0x33, 0x33, 0x33, 0xff, 0x50, 0x50, 0x4f, 0xff,
    0x55, 0x55, 0x53, 0xff, 0x06, 0x06, 0x05, 0xbd, 0x2e, 0x2e, 0x2f, 0xcb, 0x2b, 0x2b, 0x2b, 0xdb,
    0x33, 0x34, 0x34, 0xae, 0x3a, 0x3c, 0x3a, 0x99, 0x27, 0x27, 0x27, 0x40, 0x1f, 0x1f, 0x1f, 0x39,
    0x1b, 0x19, 0x19, 0x83, 0x1f, 0x1f, 0x1e, 0xff, 0x4b, 0x4a, 0x4a, 0xed, 0x1d, 0x1d, 0x1d, 0xe2,
    0x1d, 0x1c, 0x1c, 0xff, 0x1f, 0x1e, 0x1e, 0xfd, 0x1a, 0x1b, 0x1a, 0xff, 0x0f, 0x0f, 0x0e, 0xd0,
    0x07, 0x07, 0x07, 0x6d, 0x00, 0x00, 0x00, 0x01, 0x00, 0x00, 0x00, 0x00, 0x16, 0x18, 0x18, 0x93,
    0x1f, 0x1d, 0x1d, 0xff, 0x1c, 0x1b, 0x1b, 0xfb, 0x1d, 0x1b, 0x1b, 0xff, 0x1d, 0x1b, 0x1b, 0xff,
    0x1d, 0x1b, 0x1b, 0xff, 0x1d, 0x1b, 0x1b, 0xff, 0x1c, 0x1a, 0x1a, 0xff, 0x1b, 0x19, 0x19, 0xff,
    0x1b, 0x19, 0x19, 0xff, 0x1b, 0x1a, 0x19, 0xff, 0x1b, 0x18, 0x19, 0xff, 0x19, 0x17, 0x17, 0xff,
    0x1a, 0x18, 0x18, 0xff, 0x19, 0x17, 0x17, 0xfe, 0x17, 0x14, 0x15, 0xfe, 0x15, 0x13, 0x12, 0xff,
    0x19, 0x17, 0x17, 0xff, 0x22, 0x21, 0x20, 0xff, 0x2e, 0x2c, 0x2c, 0xf1, 0x38, 0x35, 0x34, 0xe1,
    0x40, 0x3d, 0x3a, 0xd1, 0x3d, 0x3b, 0x3a, 0xca, 0x38, 0x36, 0x36, 0xcb, 0x32, 0x2f, 0x2d, 0xd3,
    0x2a, 0x28, 0x28, 0xd2, 0x25, 0x22, 0x22, 0xd1, 0x20, 0x1d, 0x1d, 0xd6, 0x1a, 0x17, 0x17, 0xd6,
    0x15, 0x13, 0x13, 0xd1, 0x13, 0x11, 0x10, 0xde, 0x11, 0x0e, 0x0e, 0xe4, 0x0e, 0x0c, 0x0d, 0xde,
    0x0e, 0x0d, 0x0d, 0xe3, 0x0e, 0x0c, 0x0c, 0xec, 0x0d, 0x0b, 0x0d, 0xeb, 0x0c, 0x0b, 0x0b, 0xed,
    0x0b, 0x0a, 0x0a, 0xf1, 0x0b, 0x0b, 0x0a, 0xf0, 0x0c, 0x09, 0x0a, 0xf6, 0x0c, 0x0a, 0x0a, 0xf9,
    0x0b, 0x0b, 0x0a, 0xf9, 0x0c, 0x0b, 0x0a, 0xf9, 0x0d, 0x0b, 0x0c, 0xf9, 0x0d, 0x0b, 0x0b, 0xfa,
    0x0e, 0x0c, 0x0c, 0xfe, 0x0d, 0x0b, 0x0c, 0xff, 0x0d, 0x0c, 0x0c, 0xff, 0x0e, 0x0c, 0x0c, 0xff,
    0x0e, 0x0c, 0x0d, 0xff, 0x0e, 0x0d, 0x0c, 0xff, 0x0f, 0x0d, 0x0d, 0xff, 0x0e, 0x0d, 0x0d, 0xff,
    0x0e, 0x0c, 0x0c, 0xff, 0x0e, 0x0e, 0x0e, 0xff, 0x0f, 0x0e, 0x0e, 0xff, 0x0e, 0x0e, 0x0e, 0xff,
    0x0f, 0x0f, 0x0e, 0xff, 0x10, 0x0f, 0x0e, 0xff, 0x10, 0x0e, 0x0f, 0xff, 0x10, 0x0e, 0x0f, 0xff,
    0x11, 0x0f, 0x0f, 0xff, 0x11, 0x10, 0x10, 0xff, 0x10, 0x10, 0x10, 0xff, 0x10, 0x0f, 0x10, 0xff,
    0x11, 0x10, 0x10, 0xff, 0x12, 0x0f, 0x10, 0xff, 0x13, 0x10, 0x10, 0xff, 0x13, 0x11, 0x11, 0xff,
    0x12, 0x11, 0x10, 0xff, 0x12, 0x11, 0x11, 0xff, 0x12, 0x11, 0x11, 0xff, 0x14, 0x12, 0x12, 0xff,
    0x14, 0x12, 0x13, 0xff, 0x14, 0x13, 0x12, 0xff, 0x15, 0x13, 0x14, 0xff, 0x16, 0x12, 0x13, 0xff,
    0x16, 0x14, 0x14, 0xff, 0x12, 0x12, 0x11, 0xdf, 0x12, 0x12, 0x11, 0xdd, 0x17, 0x14, 0x14, 0xff,
    0x14, 0x12, 0x13, 0xff, 0x16, 0x14, 0x14, 0xff, 0x18, 0x15, 0x15, 0xff, 0x18, 0x16, 0x16, 0xff,
    0x1b, 0x17, 0x18, 0xff, 0x1b, 0x19, 0x19, 0xff, 0x1b, 0x19, 0x19, 0xff, 0x1c, 0x1a, 0x1a, 0xff,
    0x1d, 0x1b, 0x1b, 0xff, 0x1d, 0x1c, 0x1b, 0xff, 0x1e, 0x1d, 0x1d, 0xff, 0x1e, 0x1c, 0x1c, 0xff,
    0x20, 0x1d, 0x1d, 0xff, 0x21, 0x1e, 0x1e, 0xff, 0x21, 0x1e, 0x1f, 0xff, 0x21, 0x1f, 0x1f, 0xff,
    0x21, 0x1f, 0x1f, 0xff, 0x21, 0x1f, 0x1e, 0xff, 0x20, 0x1e, 0x1e, 0xff, 0x1f, 0x1d, 0x1d, 0xff,
    0x1e, 0x1c, 0x1c, 0xfe, 0x1f, 0x1d, 0x1d, 0xfd, 0x1d, 0x1b, 0x1b, 0xff, 0x0e, 0x12, 0x0e, 0x45,
    0x00, 0x00, 0x00, 0x00, 0x00, 0x00, 0x00, 0x02, 0x0a, 0x09, 0x09, 0xc2, 0x14, 0x13, 0x13, 0xfd,
    0x21, 0x1e, 0x1e, 0xfe, 0x22, 0x21, 0x21, 0xff, 0x19, 0x17, 0x17, 0xfe, 0x30, 0x30, 0x2e, 0xfa,
    0x49, 0x48, 0x48, 0xff, 0x1e, 0x1e, 0x1e, 0xf8, 0x1d, 0x1d, 0x1d, 0x3d, 0x03, 0x03, 0x03, 0x45,
    0x43, 0x42, 0x42, 0xf9, 0x6e, 0x6c, 0x6e, 0xfd, 0x4d, 0x4c, 0x4d, 0xfc, 0x25, 0x25, 0x25, 0xfe,
    0x14, 0x14, 0x15, 0xb1, 0x29, 0x28, 0x29, 0xbd, 0x63, 0x63, 0x62, 0xff, 0x42, 0x43, 0x43, 0xff,
    0x48, 0x47, 0x47, 0xff, 0x61, 0x60, 0x5f, 0xff, 0x3f, 0x40, 0x3f, 0xff, 0x43, 0x43, 0x44, 0xff,
    0x63, 0x63, 0x63, 0xff, 0x4b, 0x4c, 0x4b, 0xff, 0x43, 0x44, 0x44, 0xff, 0x3f, 0x3f, 0x40, 0xf5,
    0x0e, 0x0f, 0x0f, 0xec, 0x19, 0x1c, 0x1c, 0xfd, 0x2c, 0x2e, 0x2e, 0xff, 0x1f, 0x21, 0x22, 0xaa,
    0x11, 0x11, 0x11, 0x0f, 0x00, 0x7f, 0x7f, 0x02, 0x3f, 0x2f, 0x3f, 0x10, 0x20, 0x20, 0x21, 0xce,
    0x24, 0x23, 0x22, 0xd7, 0x59, 0x58, 0x59, 0xf6, 0x28, 0x28, 0x28, 0xf0, 0x1e, 0x1e, 0x1d, 0xff,
    0x22, 0x22, 0x21, 0xfc, 0x1f, 0x1e, 0x1e, 0xff, 0x17, 0x17, 0x17, 0xb9, 0x00, 0x00, 0x00, 0x0c,
    0x00, 0x00, 0x00, 0x00, 0x11, 0x11, 0x11, 0x2b, 0x1f, 0x1e, 0x1d, 0xfc, 0x22, 0x1f, 0x1f, 0xfe,
    0x1f, 0x1d, 0x1c, 0xfe, 0x1f, 0x1e, 0x1d, 0xff, 0x22, 0x20, 0x20, 0xff, 0x24, 0x21, 0x22, 0xff,
    0x1c, 0x1b, 0x1b, 0xff, 0x31, 0x2e, 0x2c, 0xff, 0x7e, 0x79, 0x75, 0xff, 0x7b, 0x78, 0x73, 0xff,
    0x6f, 0x6a, 0x68, 0xff, 0x58, 0x55, 0x51, 0xff, 0x42, 0x40, 0x3b, 0xff, 0x2f, 0x2c, 0x2b, 0xff,
    0x20, 0x1e, 0x1d, 0xff, 0x1a, 0x19, 0x18, 0xff, 0x1b, 0x19, 0x19, 0xff, 0x2d, 0x2a, 0x2a, 0xff,
    0x27, 0x27, 0x27, 0xf1, 0x06, 0x08, 0x07, 0xf7, 0x0b, 0x0c, 0x0b, 0xfe, 0x0b, 0x0c, 0x0a, 0xff,
    0x09, 0x0a, 0x0a, 0xf8, 0x0a, 0x0a, 0x0a, 0xfa, 0x0a, 0x0a, 0x0a, 0xfa, 0x08, 0x08, 0x08, 0xed,
    0x09, 0x08, 0x09, 0xef, 0x09, 0x09, 0x09, 0xf4, 0x0a, 0x0a, 0x0a, 0xf8, 0x09, 0x0a, 0x09, 0xf4,
    0x0a, 0x0a, 0x09, 0xf6, 0x0a, 0x0a, 0x0a, 0xf8, 0x0a, 0x0a, 0x0a, 0xff, 0x09, 0x0a, 0x09, 0xf9,
    0x0a, 0x0a, 0x0a, 0xfa, 0x0a, 0x0a, 0x0b, 0xfe, 0x09, 0x0a, 0x0a, 0xfd, 0x0b, 0x0b, 0x0a, 0xfe,
    0x0a, 0x0a, 0x0a, 0xfc, 0x0a, 0x0a, 0x0a, 0xfc, 0x0a, 0x0a, 0x0a, 0xfd, 0x0a, 0x0a, 0x0a, 0xf9,
    0x09, 0x09, 0x09, 0xef, 0x08, 0x09, 0x08, 0xee, 0x07, 0x08, 0x07, 0xeb, 0x10, 0x10, 0x10, 0xf4,
    0x19, 0x19, 0x18, 0xf8, 0x1b, 0x1b, 0x1b, 0xfe, 0x1f, 0x1f, 0x1f, 0xff, 0x28, 0x26, 0x26, 0xff,
    0x22, 0x21, 0x20, 0xff, 0x11, 0x10, 0x10, 0xff, 0x14, 0x12, 0x12, 0xff, 0x14, 0x12, 0x12, 0xff,
    0x14, 0x12, 0x12, 0xff, 0x14, 0x13, 0x12, 0xff, 0x14, 0x12, 0x12, 0xff, 0x16, 0x13, 0x13, 0xff,
    0x16, 0x14, 0x14, 0xff, 0x16, 0x14, 0x14, 0xff, 0x17, 0x15, 0x15, 0xfc, 0x19, 0x17, 0x16, 0xff,
    0x15, 0x14, 0x14, 0xc7, 0x00, 0x00, 0x00, 0x00, 0x0d, 0x0d, 0x0a, 0x62, 0x0f, 0x0c, 0x0f, 0x65,
    0x13, 0x12, 0x13, 0xd9, 0x19, 0x19, 0x19, 0xff, 0x1c, 0x1c, 0x1c, 0xfd, 0x19, 0x18, 0x18, 0xff,
    0x32, 0x32, 0x31, 0xff, 0x58, 0x59, 0x57, 0xfc, 0x24, 0x24, 0x24, 0xfd, 0x2a, 0x2c, 0x2c, 0xd3,
    0x1b, 0x1b, 0x1c, 0xc3, 0x24, 0x24, 0x25, 0xf3, 0x1c, 0x1f, 0x1d, 0xc5, 0x18, 0x1a, 0x18, 0xa6,
    0x3f, 0x40, 0x3f, 0xfd, 0x62, 0x61, 0x5f, 0xff, 0x72, 0x70, 0x71, 0xff, 0x70, 0x70, 0x70, 0xef,
    0x3f, 0x3c, 0x3c, 0xce, 0x2f, 0x2e, 0x30, 0xff, 0x87, 0x87, 0x87, 0xff, 0x66, 0x64, 0x64, 0xff,
    0x5f, 0x5d, 0x5e, 0xff, 0x55, 0x56, 0x55, 0xff, 0x21, 0x21, 0x21, 0xfb, 0x49, 0x4b, 0x4b, 0xe3,
    0x8c, 0x8e, 0x8d, 0xfb, 0x6b, 0x6b, 0x6a, 0xff, 0x43, 0x44, 0x44, 0xf4, 0x1b, 0x1b, 0x1b, 0xf0,
    0x2a, 0x2c, 0x2b, 0xe6, 0x3e, 0x3e, 0x3e, 0xdf, 0x14, 0x12, 0x12, 0x7c, 0x12, 0x12, 0x12, 0x71,
    0x17, 0x17, 0x17, 0xb9, 0x27, 0x28, 0x27, 0xff, 0x50, 0x4e, 0x4e, 0xe8, 0x1e, 0x1d, 0x1d, 0xe1,
    0x1d, 0x1b, 0x1b, 0xff, 0x20, 0x1e, 0x1f, 0xfe, 0x18, 0x18, 0x17, 0xfa, 0x0d, 0x0d, 0x0d, 0xd5,
    0x07, 0x07, 0x07, 0x61, 0x00, 0x00, 0x00, 0x01, 0x00, 0x00, 0x00, 0x00, 0x17, 0x19, 0x19, 0x78,
    0x1e, 0x1d, 0x1d, 0xff, 0x1c, 0x1a, 0x1a, 0xfc, 0x1c, 0x19, 0x19, 0xff, 0x1c, 0x1a, 0x1a, 0xff,
    0x1c, 0x1a, 0x1a, 0xff, 0x1c, 0x19, 0x19, 0xff, 0x1b, 0x19, 0x1a, 0xff, 0x1c, 0x1a, 0x1b, 0xff,
    0x1c, 0x19, 0x1a, 0xff, 0x1a, 0x18, 0x18, 0xff, 0x1b, 0x19, 0x19, 0xff, 0x1a, 0x18, 0x19, 0xff,
    0x19, 0x17, 0x17, 0xff, 0x18, 0x16, 0x16, 0xff, 0x19, 0x17, 0x17, 0xff, 0x18, 0x16, 0x15, 0xff,
    0x16, 0x14, 0x14, 0xfe, 0x13, 0x11, 0x12, 0xfe, 0x13, 0x11, 0x11, 0xff, 0x17, 0x14, 0x14, 0xff,
    0x1d, 0x1b, 0x1a, 0xff, 0x26, 0x23, 0x22, 0xff, 0x2e, 0x2b, 0x2b, 0xfc, 0x37, 0x33, 0x33, 0xf7,
    0x3f, 0x3c, 0x3b, 0xf1, 0x45, 0x41, 0x3f, 0xed, 0x49, 0x47, 0x42, 0xec, 0x4b, 0x48, 0x43, 0xe9,
    0x52, 0x4b, 0x4a, 0xdb, 0x4d, 0x48, 0x45, 0xe1, 0x4a, 0x46, 0x44, 0xe8, 0x4d, 0x48, 0x48, 0xd6,
    0x50, 0x4d, 0x48, 0xcf, 0x4b, 0x48, 0x43, 0xd6, 0x46, 0x45, 0x41, 0xd6, 0x43, 0x40, 0x3d, 0xda,
    0x41, 0x3d, 0x3c, 0xd7, 0x48, 0x45, 0x41, 0xba, 0x41, 0x3d, 0x3c, 0xc6, 0x3c, 0x3b, 0x38, 0xce,
    0x38, 0x38, 0x36, 0xce, 0x37, 0x34, 0x33, 0xcf, 0x34, 0x33, 0x2f, 0xd1, 0x30, 0x2e, 0x2c, 0xd8,
    0x32, 0x2f, 0x2e, 0xc6, 0x31, 0x30, 0x2d, 0xc3, 0x30, 0x2d, 0x2c, 0xcf, 0x2f, 0x2c, 0x2b, 0xcd,
    0x2b, 0x2a, 0x28, 0xd1, 0x27, 0x27, 0x23, 0xd5, 0x2b, 0x28, 0x24, 0xcf, 0x26, 0x25, 0x24, 0xd4,
    0x22, 0x21, 0x20, 0xdd, 0x20, 0x20, 0x1e, 0xe5, 0x22, 0x21, 0x20, 0xd7, 0x20, 0x23, 0x1f, 0xcc,
    0x1f, 0x21, 0x1e, 0xd0, 0x1f, 0x1e, 0x1d, 0xd3, 0x1c, 0x1d, 0x1b, 0xd6, 0x1c, 0x1b, 0x1b, 0xd8,
    0x1b, 0x1b, 0x1b, 0xd9, 0x18, 0x18, 0x17, 0xe1, 0x17, 0x17, 0x15, 0xe5, 0x18, 0x15, 0x17, 0xdd,
    0x19, 0x18, 0x18, 0xd1, 0x15, 0x15, 0x15, 0xdd, 0x16, 0x15, 0x16, 0xdf, 0x18, 0x16, 0x15, 0xdf,
    0x15, 0x14, 0x14, 0xdf, 0x15, 0x14, 0x14, 0xdf, 0x14, 0x13, 0x14, 0xe1, 0x15, 0x13, 0x13, 0xe0,
    0x14, 0x11, 0x12, 0xe5, 0x13, 0x11, 0x11, 0xea, 0x14, 0x10, 0x11, 0xec, 0x12, 0x11, 0x10, 0xea,
    0x12, 0x11, 0x0f, 0xe7, 0x10, 0x10, 0x0f, 0xd4, 0x15, 0x13, 0x13, 0xf5, 0x16, 0x14, 0x14, 0xfd,
    0x15, 0x12, 0x13, 0xfb, 0x16, 0x14, 0x15, 0xfe, 0x15, 0x13, 0x13, 0xfe, 0x15, 0x13, 0x13, 0xff,
    0x16, 0x14, 0x13, 0xff, 0x16, 0x14, 0x14, 0xff, 0x16, 0x14, 0x14, 0xff, 0x16, 0x14, 0x14, 0xff,
    0x18, 0x14, 0x15, 0xff, 0x18, 0x15, 0x16, 0xff, 0x19, 0x17, 0x17, 0xff, 0x19, 0x18, 0x17, 0xff,
    0x19, 0x19, 0x18, 0xff, 0x1b, 0x19, 0x18, 0xfe, 0x1a, 0x18, 0x18, 0xff, 0x1b, 0x1a, 0x1a, 0xff,
    0x1c, 0x1a, 0x19, 0xff, 0x1b, 0x19, 0x19, 0xff, 0x1a, 0x19, 0x19, 0xff, 0x1a, 0x18, 0x18, 0xff,
    0x1b, 0x18, 0x18, 0xfd, 0x1d, 0x1b, 0x1b, 0xff, 0x1c, 0x19, 0x19, 0xe5, 0x0c, 0x0c, 0x0c, 0x28,
    0x00, 0x00, 0x00, 0x01, 0x00, 0x00, 0x00, 0x01, 0x0a, 0x0a, 0x0a, 0xbd, 0x11, 0x10, 0x10, 0xfc,
    0x1d, 0x1c, 0x1b, 0xff, 0x20, 0x1f, 0x1f, 0xff, 0x17, 0x17, 0x16, 0xff, 0x2f, 0x2f, 0x2d, 0xe6,
    0x51, 0x50, 0x4f, 0xf4, 0x24, 0x24, 0x24, 0xff, 0x16, 0x16, 0x14, 0x71, 0x06, 0x06, 0x06, 0x4a,
    0x34, 0x34, 0x34, 0xe5, 0x5c, 0x5c, 0x5d, 0xfe, 0x45, 0x44, 0x45, 0xfe, 0x3e, 0x3c, 0x3d, 0xfc,
    0x59, 0x57, 0x57, 0xff, 0x7d, 0x79, 0x7a, 0xff, 0x7c, 0x7a, 0x7a, 0xe8, 0x36, 0x36, 0x36, 0xd2,
    0x2a, 0x29, 0x2a, 0xff, 0x71, 0x71, 0x71, 0xff, 0x64, 0x64, 0x65, 0xff, 0x6c, 0x6b, 0x6d, 0xff,
    0x6d, 0x6e, 0x6e, 0xff, 0x20, 0x20, 0x20, 0xfa, 0x4a, 0x4c, 0x4d, 0xd8, 0x8c, 0x8d, 0x8e, 0xff,
    0x67, 0x68, 0x69, 0xff, 0x42, 0x42, 0x42, 0xfb, 0x24, 0x25, 0x24, 0xff, 0x05, 0x06, 0x06, 0x92,
    0x00, 0x00, 0x00, 0x00, 0x01, 0x01, 0x01, 0x00, 0x31, 0x29, 0x29, 0x1f, 0x23, 0x24, 0x25, 0xe9,
    0x26, 0x26, 0x26, 0xe7, 0x54, 0x54, 0x53, 0xf5, 0x24, 0x24, 0x24, 0xe8, 0x1b, 0x1b, 0x1a, 0xfe,
    0x1d, 0x1d, 0x1c, 0xfc, 0x1d, 0x1c, 0x1c, 0xff, 0x17, 0x17, 0x17, 0xb7, 0x00, 0x00, 0x00, 0x0a,
    0x00, 0x00, 0x00, 0x00, 0x1d, 0x13, 0x13, 0x1a, 0x20, 0x1d, 0x1d, 0xf2, 0x23, 0x1f, 0x20, 0xff,
    0x1f, 0x1d, 0x1d, 0xfe, 0x1f, 0x1d, 0x1e, 0xff, 0x20, 0x1e, 0x1e, 0xff, 0x21, 0x1f, 0x1f, 0xff,
    0x1d, 0x1a, 0x1b, 0xff, 0x36, 0x32, 0x31, 0xff, 0x3e, 0x39, 0x37, 0xff, 0x40, 0x3d, 0x3a, 0xff,
    0x53, 0x4e, 0x4d, 0xff, 0x62, 0x5e, 0x59, 0xff, 0x64, 0x61, 0x5c, 0xff, 0x5c, 0x58, 0x54, 0xff,
    0x4f, 0x4a, 0x46, 0xff, 0x40, 0x3d, 0x3b, 0xff, 0x2e, 0x2a, 0x2c, 0xff, 0x2b, 0x29, 0x2a, 0xff,
    0x2e, 0x2e, 0x2e, 0xff, 0x08, 0x09, 0x0a, 0xff, 0x0b, 0x0c, 0x0c, 0xfd, 0x0a, 0x0c, 0x0b, 0xfe,
    0x0a, 0x0b, 0x0a, 0xf8, 0x0a, 0x0a, 0x0a, 0xf8, 0x0a, 0x0a, 0x09, 0xf7, 0x0a, 0x0a, 0x0a, 0xf7,
    0x09, 0x0a, 0x0a, 0xfa, 0x0a, 0x0a, 0x0a, 0xff, 0x0a, 0x0a, 0x0a, 0xfb, 0x0a, 0x0a, 0x0a, 0xf6,
    0x0c, 0x0b, 0x0b, 0xff, 0x0b, 0x0c, 0x0b, 0xfc, 0x0b, 0x0b, 0x0b, 0xfe, 0x0a, 0x0b, 0x0b, 0xfe,
    0x0b, 0x0b, 0x0b, 0xfd, 0x0a, 0x0b, 0x0b, 0xfe, 0x0b, 0x0b, 0x0b, 0xfe, 0x0a, 0x0a, 0x0a, 0xfc,
    0x0b, 0x0b, 0x0b, 0xfe, 0x0b, 0x0b, 0x0b, 0xfd, 0x0a, 0x0a, 0x0a, 0xfe, 0x0b, 0x0b, 0x0b, 0xfe,
    0x0a, 0x0b, 0x0a, 0xff, 0x0b, 0x0b, 0x0b, 0xfe, 0x0b, 0x0b, 0x0b, 0xfe, 0x09, 0x08, 0x09, 0xfa,
    0x0d, 0x0c, 0x0d, 0xee, 0x18, 0x17, 0x17, 0xf7, 0x19, 0x19, 0x18, 0xfd, 0x11, 0x11, 0x11, 0xff,
    0x0f, 0x0e, 0x0d, 0xff, 0x14, 0x12, 0x12, 0xff, 0x13, 0x11, 0x12, 0xff, 0x12, 0x10, 0x11, 0xff,
    0x13, 0x10, 0x10, 0xff, 0x14, 0x11, 0x11, 0xff, 0x14, 0x12, 0x12, 0xff, 0x13, 0x11, 0x12, 0xff,
    0x13, 0x11, 0x11, 0xff, 0x14, 0x12, 0x12, 0xff, 0x14, 0x13, 0x13, 0xfd, 0x16, 0x15, 0x15, 0xff,
    0x15, 0x14, 0x14, 0xd7, 0x00, 0x00, 0x00, 0x04, 0x09, 0x09, 0x09, 0x4e, 0x0e, 0x0c, 0x0e, 0x79,
    0x11, 0x10, 0x10, 0xde, 0x19, 0x19, 0x18, 0xff, 0x1c, 0x1c, 0x1c, 0xfd, 0x1b, 0x1a, 0x1b, 0xff,
    0x2a, 0x29, 0x2a, 0xff, 0x67, 0x66, 0x66, 0xfd, 0x2e, 0x2e, 0x2d, 0xfc, 0x3a, 0x3a, 0x3a, 0xea,
    0x0f, 0x0d, 0x0f, 0x75, 0x1c, 0x1c, 0x1c, 0xbe, 0x42, 0x43, 0x41, 0xe9, 0x5e, 0x5e, 0x5e, 0xfc,
    0x68, 0x68, 0x68, 0xff, 0x4f, 0x50, 0x4f, 0xf9, 0x24, 0x24, 0x24, 0xd9, 0x00, 0x00, 0x00, 0x98,
    0x0f, 0x0e, 0x0e, 0xc5, 0x25, 0x24, 0x25, 0xff, 0x19, 0x18, 0x19, 0xfa, 0x3a, 0x39, 0x39, 0xfb,
    0x43, 0x42, 0x42, 0xfe, 0x1a, 0x1b, 0x1c, 0xfd, 0x1e, 0x1d, 0x1d, 0xfb, 0x0b, 0x0b, 0x0b, 0xc4,
    0x10, 0x11, 0x11, 0xab, 0x51, 0x53, 0x52, 0xe5, 0x6a, 0x69, 0x6a, 0xff, 0x69, 0x69, 0x69, 0xff,
    0x49, 0x48, 0x47, 0xff, 0x20, 0x20, 0x1f, 0xc9, 0x00, 0x00, 0x00, 0x25, 0x00, 0x00, 0x00, 0x00,
    0x28, 0x2a, 0x2a, 0xb5, 0x33, 0x34, 0x33, 0xff, 0x4f, 0x4d, 0x4e, 0xf3, 0x1a, 0x1a, 0x19, 0xf9,
    0x1d, 0x1c, 0x1c, 0xff, 0x19, 0x18, 0x18, 0xfe, 0x14, 0x13, 0x13, 0xf8, 0x0b, 0x0b, 0x09, 0xb7,
    0x09, 0x09, 0x09, 0x50, 0x00, 0x00, 0x00, 0x00, 0x00, 0x00, 0x00, 0x00, 0x14, 0x14, 0x14, 0x6e,
    0x1a, 0x1b, 0x1a, 0xff, 0x1b, 0x19, 0x19, 0xfc, 0x1c, 0x19, 0x18, 0xff, 0x1a, 0x19, 0x18, 0xff,
    0x1a, 0x1a, 0x19, 0xff, 0x1b, 0x1a, 0x1a, 0xff, 0x1c, 0x1a, 0x1b, 0xff, 0x1b, 0x1a, 0x19, 0xff,
    0x1b, 0x19, 0x19, 0xff, 0x1c, 0x1a, 0x1a, 0xff, 0x1b, 0x19, 0x19, 0xff, 0x1a, 0x19, 0x19, 0xff,
    0x1a, 0x18, 0x18, 0xff, 0x1a, 0x18, 0x18, 0xff, 0x18, 0x16, 0x16, 0xff, 0x17, 0x15, 0x15, 0xff,
    0x16, 0x15, 0x15, 0xff, 0x17, 0x15, 0x15, 0xff, 0x17, 0x14, 0x14, 0xfe, 0x15, 0x13, 0x14, 0xfe,
    0x14, 0x12, 0x12, 0xfd, 0x12, 0x10, 0x10, 0xfe, 0x11, 0x0f, 0x10, 0xff, 0x10, 0x0d, 0x0f, 0xff,
    0x11, 0x0f, 0x0f, 0xff, 0x12, 0x11, 0x10, 0xff, 0x14, 0x12, 0x11, 0xff, 0x16, 0x15, 0x14, 0xff,
    0x1a, 0x18, 0x17, 0xff, 0x1d, 0x1c, 0x1a, 0xff, 0x21, 0x1e, 0x1e, 0xff, 0x22, 0x20, 0x1f, 0xff,
    0x25, 0x22, 0x20, 0xff, 0x26, 0x23, 0x21, 0xff, 0x26, 0x25, 0x24, 0xff, 0x29, 0x26, 0x24, 0xff,
    0x29, 0x27, 0x24, 0xff, 0x2b, 0x29, 0x26, 0xfe, 0x2c, 0x29, 0x27, 0xfe, 0x2c, 0x29, 0x29, 0xfe,
    0x2c, 0x2a, 0x27, 0xfe, 0x2e, 0x2b, 0x28, 0xfe, 0x2e, 0x2b, 0x29, 0xfe, 0x30, 0x2c, 0x2b, 0xff,
    0x2f, 0x2d, 0x2b, 0xfe, 0x30, 0x2e, 0x2b, 0xfb, 0x34, 0x2e, 0x2d, 0xfa, 0x31, 0x2e, 0x2a, 0xfa,
    0x31, 0x2e, 0x2b, 0xfa, 0x34, 0x2f, 0x2b, 0xfa, 0x34, 0x2f, 0x2c, 0xfa, 0x33, 0x2f, 0x2d, 0xfa,
    0x32, 0x30, 0x2e, 0xfc, 0x32, 0x31, 0x2e, 0xf9, 0x36, 0x31, 0x30, 0xf3, 0x37, 0x33, 0x32, 0xed,
    0x37, 0x33, 0x30, 0xeb, 0x39, 0x34, 0x32, 0xed, 0x37, 0x35, 0x33, 0xed, 0x37, 0x35, 0x32, 0xee,
    0x38, 0x36, 0x34, 0xee, 0x39, 0x34, 0x32, 0xf1, 0x37, 0x35, 0x32, 0xf4, 0x3a, 0x37, 0x36, 0xe7,
    0x3e, 0x3b, 0x3a, 0xd7, 0x3c, 0x38, 0x36, 0xdd, 0x3b, 0x35, 0x34, 0xde, 0x3b, 0x37, 0x35, 0xde,
    0x3b, 0x37, 0x35, 0xde, 0x3a, 0x35, 0x35, 0xde, 0x3b, 0x36, 0x36, 0xdf, 0x3a, 0x38, 0x34, 0xde,
    0x38, 0x35, 0x32, 0xe3, 0x38, 0x35, 0x33, 0xe9, 0x37, 0x33, 0x2f, 0xe9, 0x37, 0x35, 0x31, 0xe2,
    0x3b, 0x39, 0x35, 0xd8, 0x36, 0x34, 0x31, 0xf4, 0x36, 0x33, 0x30, 0xf9, 0x37, 0x35, 0x33, 0xf9,
    0x37, 0x34, 0x31, 0xf6, 0x35, 0x32, 0x30, 0xfc, 0x34, 0x32, 0x2f, 0xfd, 0x34, 0x30, 0x2d, 0xfe,
    0x32, 0x2f, 0x2d, 0xff, 0x31, 0x2e, 0x2e, 0xff, 0x30, 0x2d, 0x2d, 0xff, 0x31, 0x2e, 0x2e, 0xff,
    0x30, 0x2c, 0x2c, 0xff, 0x2e, 0x2c, 0x2b, 0xff, 0x2e, 0x2c, 0x2a, 0xff, 0x2d, 0x2a, 0x2a, 0xfd,
    0x2b, 0x29, 0x28, 0xfe, 0x29, 0x27, 0x25, 0xfc, 0x27, 0x25, 0x24, 0xff, 0x27, 0x24, 0x23, 0xff,
    0x26, 0x22, 0x21, 0xff, 0x25, 0x22, 0x21, 0xff, 0x26, 0x22, 0x21, 0xff, 0x23, 0x22, 0x22, 0xfe,
    0x24, 0x22, 0x22, 0xfa, 0x29, 0x24, 0x24, 0xff, 0x24, 0x22, 0x21, 0xd4, 0x00, 0x0d, 0x00, 0x13,
    0x00, 0x00, 0x00, 0x00, 0x00, 0x00, 0x00, 0x00, 0x0c, 0x0b, 0x0b, 0xa2, 0x0f, 0x0f, 0x0f, 0xea,
    0x1a, 0x17, 0x18, 0xff, 0x21, 0x1f, 0x1f, 0xfe, 0x19, 0x16, 0x17, 0xff, 0x28, 0x27, 0x27, 0xe2,
    0x57, 0x56, 0x54, 0xec, 0x2d, 0x2c, 0x2d, 0xff, 0x2c, 0x2c, 0x2c, 0x78, 0x00, 0x00, 0x00, 0x19,
    0x1b, 0x1b, 0x1a, 0xb8, 0x45, 0x45, 0x44, 0xfd, 0x5e, 0x5d, 0x5d, 0xfa, 0x63, 0x63, 0x63, 0xff,
    0x57, 0x56, 0x56, 0xf8, 0x32, 0x32, 0x32, 0xd8, 0x00, 0x00, 0x00, 0x82, 0x0e, 0x0f, 0x0f, 0xb1,
    0x19, 0x1b, 0x1b, 0xff, 0x1c, 0x1d, 0x1d, 0xfc, 0x42, 0x40, 0x41, 0xfd, 0x2e, 0x2e, 0x2e, 0xe4,
    0x1d, 0x1d, 0x1d, 0xf4, 0x19, 0x16, 0x17, 0xea, 0x03, 0x05, 0x01, 0x90, 0x0d, 0x0f, 0x0f, 0x98,
    0x4a, 0x4a, 0x4a, 0xea, 0x6c, 0x6b, 0x6b, 0xff, 0x63, 0x61, 0x61, 0xff, 0x49, 0x47, 0x47, 0xd5,
    0x25, 0x25, 0x23, 0x82, 0x00, 0x00, 0x00, 0x24, 0x40, 0x3c, 0x3c, 0x3b, 0x30, 0x30, 0x2f, 0xee,
    0x35, 0x34, 0x34, 0xe8, 0x56, 0x56, 0x56, 0xf5, 0x1e, 0x1e, 0x1e, 0xec, 0x1c, 0x1d, 0x1b, 0xff,
    0x18, 0x19, 0x18, 0xfc, 0x19, 0x19, 0x19, 0xfe, 0x16, 0x14, 0x14, 0xa0, 0x00, 0x00, 0x00, 0x00,
    0x00, 0x00, 0x00, 0x00, 0x12, 0x12, 0x12, 0x1c, 0x1f, 0x1d, 0x1e, 0xf1, 0x22, 0x20, 0x1f, 0xff,
    0x20, 0x1d, 0x1d, 0xfe, 0x1e, 0x1c, 0x1c, 0xff, 0x20, 0x1e, 0x1e, 0xff, 0x1d, 0x1b, 0x1b, 0xff,
    0x24, 0x20, 0x20, 0xff, 0x7c, 0x76, 0x74, 0xff, 0x83, 0x7e, 0x79, 0xff, 0x6a, 0x67, 0x63, 0xff,
    0x5e, 0x5a, 0x57, 0xff, 0x5f, 0x59, 0x55, 0xff, 0x5f, 0x5a, 0x56, 0xff, 0x5f, 0x5a, 0x56, 0xff,
    0x64, 0x5e, 0x5a, 0xff, 0x67, 0x62, 0x60, 0xff, 0x76, 0x72, 0x71, 0xff, 0x66, 0x65, 0x65, 0xff,
    0x27, 0x29, 0x27, 0xfd, 0x09, 0x0b, 0x09, 0xfe, 0x0e, 0x0e, 0x0d, 0xff, 0x0b, 0x0b, 0x0c, 0xff,
    0x0c, 0x0c, 0x0c, 0xff, 0x0c, 0x0c, 0x0c, 0xff, 0x0c, 0x0c, 0x0b, 0xfd, 0x0c, 0x0c, 0x0c, 0xfe,
    0x0c, 0x0c, 0x0b, 0xff, 0x0c, 0x0c, 0x0b, 0xfe, 0x0c, 0x0c, 0x0b, 0xff, 0x0b, 0x0b, 0x0b, 0xfd,
    0x0b, 0x0b, 0x0b, 0xfc, 0x0c, 0x0c, 0x0c, 0xff, 0x0b, 0x0c, 0x0b, 0xff, 0x0c, 0x0c, 0x0b, 0xfe,
    0x0b, 0x0c, 0x0b, 0xff, 0x0b, 0x0b, 0x0b, 0xfe, 0x0b, 0x0c, 0x0c, 0xfe, 0x0a, 0x0b, 0x0b, 0xfc,
    0x0a, 0x0b, 0x0b, 0xf9, 0x0b, 0x0b, 0x0b, 0xf9, 0x0b, 0x0b, 0x0b, 0xfb, 0x0b, 0x0b, 0x0b, 0xfc,
    0x0b, 0x0b, 0x0b, 0xfd, 0x0b, 0x0b, 0x0a, 0xfa, 0x0a, 0x0b, 0x0b, 0xfe, 0x0b, 0x0c, 0x0c, 0xfc,
    0x0a, 0x0a, 0x0a, 0xf9, 0x0a, 0x0b, 0x0a, 0xfc, 0x10, 0x10, 0x10, 0xf4, 0x16, 0x16, 0x16, 0xfd,
    0x15, 0x15, 0x14, 0xff, 0x13, 0x13, 0x13, 0xff, 0x14, 0x11, 0x11, 0xff, 0x12, 0x10, 0x10, 0xff,
    0x12, 0x0f, 0x0f, 0xff, 0x12, 0x10, 0x10, 0xff, 0x12, 0x10, 0x10, 0xff, 0x12, 0x11, 0x11, 0xff,
    0x13, 0x11, 0x11, 0xff, 0x13, 0x11, 0x11, 0xff, 0x12, 0x11, 0x10, 0xfd, 0x15, 0x13, 0x13, 0xff,
    0x13, 0x12, 0x12, 0xde, 0x00, 0x00, 0x00, 0x14, 0x0e, 0x0e, 0x0d, 0xbe, 0x0d, 0x0e, 0x0d, 0xe6,
    0x12, 0x12, 0x12, 0xf6, 0x1a, 0x18, 0x18, 0xff, 0x1e, 0x1e, 0x1d, 0xff, 0x1b, 0x1b, 0x1b, 0xff,
    0x20, 0x20, 0x20, 0xfe, 0x62, 0x62, 0x61, 0xff, 0x5f, 0x5f, 0x60, 0xff, 0x4e, 0x4d, 0x4d, 0xff,
    0x60, 0x61, 0x61, 0xed, 0x66, 0x67, 0x66, 0xf8, 0x5c, 0x5b, 0x5a, 0xf8, 0x3c, 0x3d, 0x3d, 0xf1,
    0x19, 0x1a, 0x19, 0xea, 0x09, 0x0d, 0x0d, 0xe6, 0x14, 0x16, 0x16, 0xe2, 0x16, 0x17, 0x17, 0xd5,
    0x06, 0x06, 0x06, 0x99, 0x3b, 0x3a, 0x3a, 0xc1, 0x4d, 0x4d, 0x4c, 0xfa, 0x32, 0x30, 0x30, 0xf8,
    0x4d, 0x4d, 0x4d, 0xff, 0x5f, 0x60, 0x61, 0xfd, 0x14, 0x14, 0x14, 0xf8, 0x0c, 0x0c, 0x0c, 0xb4,
    0x07, 0x07, 0x07, 0xb4, 0x0d, 0x0d, 0x0d, 0xdd, 0x1a, 0x1a, 0x1b, 0xed, 0x3d, 0x3d, 0x3d, 0xf8,
    0x5a, 0x5a, 0x5a, 0xfe, 0x60, 0x61, 0x60, 0xfa, 0x5f, 0x60, 0x5d, 0xc1, 0x2d, 0x2f, 0x2d, 0xa1,
    0x33, 0x33, 0x33, 0xee, 0x4c, 0x4b, 0x4b, 0xff, 0x43, 0x42, 0x42, 0xe9, 0x19, 0x19, 0x18, 0xf7,
    0x1c, 0x1b, 0x1b, 0xff, 0x14, 0x14, 0x14, 0xff, 0x12, 0x12, 0x12, 0xd9, 0x09, 0x09, 0x09, 0xa7,
    0x09, 0x09, 0x09, 0x36, 0x00, 0x00, 0x00, 0x00, 0x00, 0x00, 0x00, 0x00, 0x10, 0x13, 0x16, 0x4e,
    0x18, 0x17, 0x17, 0xfd, 0x17, 0x15, 0x15, 0xfe, 0x17, 0x16, 0x16, 0xff, 0x17, 0x16, 0x15, 0xff,
    0x17, 0x16, 0x17, 0xff, 0x18, 0x17, 0x17, 0xff, 0x18, 0x18, 0x17, 0xff, 0x18, 0x16, 0x16, 0xff,
    0x19, 0x17, 0x16, 0xff, 0x18, 0x17, 0x16, 0xff, 0x19, 0x17, 0x16, 0xff, 0x17, 0x16, 0x16, 0xff,
    0x17, 0x15, 0x15, 0xff, 0x17, 0x15, 0x15, 0xff, 0x17, 0x15, 0x14, 0xff, 0x16, 0x14, 0x15, 0xff,
    0x16, 0x14, 0x13, 0xff, 0x16, 0x14, 0x13, 0xff, 0x15, 0x14, 0x13, 0xff, 0x15, 0x13, 0x13, 0xff,
    0x16, 0x13, 0x13, 0xff, 0x16, 0x14, 0x14, 0xff, 0x15, 0x13, 0x13, 0xff, 0x15, 0x13, 0x13, 0xff,
    0x15, 0x13, 0x12, 0xff, 0x14, 0x12, 0x12, 0xfe, 0x14, 0x11, 0x12, 0xfe, 0x12, 0x10, 0x11, 0xfe,
    0x11, 0x10, 0x10, 0xfe, 0x11, 0x0f, 0x10, 0xfe, 0x10, 0x0f, 0x0f, 0xfe, 0x10, 0x0d, 0x0e, 0xfe,
    0x0e, 0x0d, 0x0d, 0xfe, 0x0f, 0x0d, 0x0d, 0xfe, 0x0d, 0x0c, 0x0c, 0xfe, 0x0d, 0x0c, 0x0b, 0xfe,
    0x0e, 0x0c, 0x0c, 0xfe, 0x0e, 0x0b, 0x0c, 0xfe, 0x0e, 0x0d, 0x0c, 0xfe, 0x0e, 0x0c, 0x0d, 0xfe,
    0x0e, 0x0d, 0x0c, 0xfe, 0x0e, 0x0c, 0x0d, 0xfe, 0x0e, 0x0b, 0x0c, 0xfe, 0x0e, 0x0c, 0x0c, 0xff,
    0x0e, 0x0c, 0x0b, 0xff, 0x0e, 0x0d, 0x0c, 0xff, 0x0f, 0x0c, 0x0d, 0xff, 0x0f, 0x0d, 0x0d, 0xff,
    0x0e, 0x0c, 0x0c, 0xff, 0x0f, 0x0c, 0x0d, 0xff, 0x0e, 0x0c, 0x0c, 0xff, 0x0f, 0x0c, 0x0c, 0xff,
    0x0e, 0x0e, 0x0d, 0xff, 0x0e, 0x0d, 0x0d, 0xff, 0x0f, 0x0d, 0x0d, 0xff, 0x10, 0x0e, 0x0e, 0xff,
    0x11, 0x0e, 0x0f, 0xff, 0x12, 0x10, 0x0e, 0xff, 0x12, 0x0f, 0x0f, 0xff, 0x11, 0x10, 0x11, 0xff,
    0x12, 0x10, 0x10, 0xff, 0x12, 0x11, 0x11, 0xff, 0x13, 0x11, 0x11, 0xff, 0x14, 0x12, 0x12, 0xff,
    0x14, 0x13, 0x13, 0xff, 0x14, 0x13, 0x13, 0xff, 0x15, 0x13, 0x13, 0xff, 0x15, 0x14, 0x12, 0xff,
    0x15, 0x14, 0x13, 0xff, 0x17, 0x15, 0x14, 0xff, 0x16, 0x15, 0x15, 0xff, 0x18, 0x16, 0x16, 0xff,
    0x19, 0x17, 0x16, 0xff, 0x19, 0x17, 0x16, 0xff, 0x1a, 0x18, 0x17, 0xff, 0x1c, 0x19, 0x18, 0xff,
    0x1c, 0x19, 0x18, 0xff, 0x1c, 0x1a, 0x19, 0xff, 0x1c, 0x1a, 0x18, 0xff, 0x1c, 0x1a, 0x1a, 0xff,
    0x1d, 0x1a, 0x19, 0xff, 0x1d, 0x1c, 0x1a, 0xff, 0x1e, 0x1c, 0x1a, 0xff, 0x1e, 0x1c, 0x1b, 0xff,
    0x1e, 0x1c, 0x1c, 0xff, 0x20, 0x1d, 0x1c, 0xff, 0x20, 0x1e, 0x1d, 0xff, 0x20, 0x1e, 0x1e, 0xff,
    0x1f, 0x1e, 0x1d, 0xff, 0x20, 0x1e, 0x1d, 0xff, 0x20, 0x1e, 0x1e, 0xff, 0x1f, 0x1e, 0x1d, 0xff,
    0x1f, 0x1c, 0x1b, 0xff, 0x1f, 0x1c, 0x1c, 0xff, 0x1e, 0x1c, 0x1b, 0xff, 0x1f, 0x1d, 0x1c, 0xff,
    0x1e, 0x1d, 0x1c, 0xff, 0x1d, 0x1d, 0x1c, 0xff, 0x1e, 0x1c, 0x1c, 0xff, 0x1e, 0x1d, 0x1d, 0xff,
    0x1f, 0x1d, 0x1e, 0xfb, 0x22, 0x20, 0x1f, 0xff, 0x1e, 0x1e, 0x1c, 0xcc, 0x00, 0x00, 0x00, 0x0f,
    0x14, 0x14, 0x14, 0x33, 0x19, 0x19, 0x19, 0x0a, 0x0b, 0x0b, 0x0b, 0x86, 0x0f, 0x0f, 0x0f, 0xe9,
    0x18, 0x16, 0x17, 0xfb, 0x20, 0x1e, 0x1e, 0xfe, 0x19, 0x19, 0x18, 0xff, 0x1d, 0x1d, 0x1d, 0xdf,
    0x55, 0x55, 0x53, 0xe4, 0x49, 0x48, 0x48, 0xff, 0x40, 0x41, 0x41, 0xef, 0x4b, 0x4b, 0x4b, 0xea,
    0x5b, 0x5a, 0x59, 0xff, 0x54, 0x54, 0x54, 0xff, 0x3d, 0x3e, 0x3d, 0xfe, 0x1b, 0x1d, 0x1d, 0xfd,
    0x1b, 0x1d, 0x1d, 0xf6, 0x17, 0x17, 0x17, 0xd6, 0x07, 0x07, 0x07, 0x80, 0x09, 0x09, 0x09, 0x82,
    0x2f, 0x2f, 0x2f, 0xf9, 0x55, 0x55, 0x55, 0xff, 0x42, 0x43, 0x42, 0xff, 0x2e, 0x2e, 0x2e, 0xe5,
    0x58, 0x58, 0x58, 0xec, 0x0d, 0x0d, 0x0d, 0xca, 0x11, 0x10, 0x10, 0xcd, 0x1f, 0x1f, 0x1f, 0xd2,
    0x07, 0x09, 0x09, 0xcd, 0x15, 0x16, 0x16, 0xd7, 0x3a, 0x3a, 0x3a, 0xf8, 0x5b, 0x5b, 0x5b, 0xff,
    0x60, 0x60, 0x5f, 0xff, 0x4d, 0x4d, 0x4c, 0xe0, 0x46, 0x46, 0x47, 0xcb, 0x39, 0x3a, 0x39, 0xf0,
    0x59, 0x58, 0x57, 0xf1, 0x4e, 0x4f, 0x4f, 0xf5, 0x19, 0x19, 0x1a, 0xf3, 0x1e, 0x1e, 0x1e, 0xff,
    0x19, 0x19, 0x18, 0xfb, 0x16, 0x16, 0x15, 0xff, 0x11, 0x11, 0x0f, 0x76, 0x00, 0x00, 0x00, 0x00,
    0x00, 0x00, 0x00, 0x00, 0x0f, 0x0f, 0x0f, 0x22, 0x1e, 0x1c, 0x1c, 0xf2, 0x21, 0x1f, 0x1f, 0xff,
    0x20, 0x1e, 0x1e, 0xfe, 0x21, 0x1e, 0x1e, 0xff, 0x21, 0x1f, 0x1f, 0xff, 0x23, 0x21, 0x20, 0xff,
    0x58, 0x54, 0x51, 0xff, 0x91, 0x8c, 0x8a, 0xff, 0x8a, 0x85, 0x81, 0xff, 0x76, 0x71, 0x6e, 0xff,
    0x64, 0x5f, 0x5e, 0xff, 0x54, 0x4f, 0x4c, 0xff, 0x4a, 0x46, 0x43, 0xff, 0x46, 0x40, 0x40, 0xff,
    0x41, 0x3d, 0x3b, 0xff, 0x3c, 0x39, 0x37, 0xff, 0x3a, 0x36, 0x36, 0xff, 0x45, 0x45, 0x45, 0xfc,
    0x1a, 0x1e, 0x1d, 0xf6, 0x0a, 0x0a, 0x09, 0xff, 0x0d, 0x0d, 0x0d, 0xff, 0x0c, 0x0d, 0x0d, 0xff,
    0x0b, 0x0c, 0x0c, 0xff, 0x0b, 0x0c, 0x0b, 0xff, 0x0c, 0x0c, 0x0c, 0xff, 0x0c, 0x0c, 0x0c, 0xff,
    0x0c, 0x0c, 0x0b, 0xfe, 0x0c, 0x0c, 0x0c, 0xff, 0x0c, 0x0c, 0x0c, 0xff, 0x0b, 0x0b, 0x0b, 0xfd,
    0x0d, 0x0d, 0x0d, 0xff, 0x0c, 0x0d, 0x0d, 0xff, 0x0c, 0x0d, 0x0d, 0xff, 0x0d, 0x0c, 0x0c, 0xff,
    0x0c, 0x0d, 0x0d, 0xff, 0x0c, 0x0c, 0x0c, 0xff, 0x0c, 0x0c, 0x0c, 0xff, 0x0d, 0x0d, 0x0d, 0xff,
    0x0c, 0x0d, 0x0d, 0xff, 0x0d, 0x0d, 0x0d, 0xff, 0x0c, 0x0d, 0x0c, 0xff, 0x0d, 0x0d, 0x0d, 0xff,
    0x0c, 0x0c, 0x0c, 0xff, 0x0b, 0x0d, 0x0c, 0xff, 0x0c, 0x0c, 0x0c, 0xff, 0x0c, 0x0c, 0x0c, 0xff,
    0x0c, 0x0d, 0x0d, 0xff, 0x0d, 0x0d, 0x0d, 0xff, 0x0a, 0x0b, 0x0b, 0xff, 0x0c, 0x0b, 0x0b, 0xff,
    0x0d, 0x0d, 0x0d, 0xfe, 0x0e, 0x0f, 0x0e, 0xfe, 0x11, 0x10, 0x10, 0xff, 0x10, 0x10, 0x11, 0xff,
    0x10, 0x0f, 0x0f, 0xff, 0x10, 0x0f, 0x0f, 0xff, 0x10, 0x0e, 0x0d, 0xff, 0x0f, 0x0e, 0x0d, 0xff,
    0x10, 0x0e, 0x0d, 0xff, 0x10, 0x0e, 0x0f, 0xff, 0x11, 0x0f, 0x0f, 0xfe, 0x12, 0x11, 0x10, 0xff,
    0x12, 0x0f, 0x0f, 0xe0, 0x0e, 0x12, 0x0e, 0x46, 0x0f, 0x10, 0x0f, 0xe9, 0x0d, 0x0e, 0x0e, 0xff,
    0x0f, 0x10, 0x10, 0xfe, 0x13, 0x13, 0x13, 0xfe, 0x1f, 0x1e, 0x1e, 0xff, 0x16, 0x15, 0x15, 0xff,
    0x1b, 0x1b, 0x1b, 0xfa, 0x50, 0x52, 0x52, 0xed, 0x8a, 0x8a, 0x8a, 0xff, 0x5b, 0x5c, 0x5c, 0xfb,
    0x49, 0x49, 0x49, 0xe4, 0x2b, 0x2b, 0x2b, 0xc8, 0x12, 0x13, 0x13, 0xb4, 0x00, 0x00, 0x00, 0x51,
    0x07, 0x07, 0x07, 0x88, 0x23, 0x26, 0x25, 0xf9, 0x29, 0x2c, 0x2c, 0xff, 0x28, 0x2a, 0x2b, 0xff,
    0x04, 0x06, 0x06, 0x9d, 0x72, 0x72, 0x72, 0xd2, 0x52, 0x53, 0x52, 0xff, 0x31, 0x30, 0x30, 0xe9,
    0x2e, 0x2e, 0x2e, 0xf1, 0x7f, 0x7f, 0x7f, 0xff, 0x42, 0x42, 0x41, 0xf6, 0x00, 0x00, 0x00, 0xe2,
    0x21, 0x21, 0x21, 0xff, 0x2f, 0x31, 0x30, 0xfe, 0x2a, 0x2b, 0x2b, 0xff, 0x19, 0x19, 0x19, 0xa2,
    0x24, 0x24, 0x24, 0x53, 0x3c, 0x3c, 0x3c, 0xb5, 0x57, 0x57, 0x57, 0xff, 0x66, 0x66, 0x67, 0xff,
    0x6c, 0x6b, 0x6b, 0xff, 0x77, 0x77, 0x76, 0xf9, 0x2b, 0x2b, 0x2a, 0xe5, 0x1c, 0x1b, 0x1a, 0xfc,
    0x19, 0x1a, 0x1a, 0xfe, 0x15, 0x14, 0x14, 0xfd, 0x10, 0x10, 0x10, 0xee, 0x0a, 0x0a, 0x0a, 0xac,
    0x09, 0x09, 0x09, 0x1a, 0x00, 0x00, 0x00, 0x01, 0x00, 0x00, 0x00, 0x00, 0x10, 0x10, 0x10, 0x4c,
    0x15, 0x15, 0x15, 0xfd, 0x15, 0x12, 0x12, 0xfe, 0x14, 0x14, 0x14, 0xff, 0x16, 0x16, 0x15, 0xff,
    0x17, 0x15, 0x15, 0xff, 0x17, 0x15, 0x15, 0xff, 0x17, 0x16, 0x14, 0xff, 0x15, 0x15, 0x14, 0xff,
    0x16, 0x14, 0x14, 0xff, 0x15, 0x13, 0x13, 0xff, 0x13, 0x12, 0x13, 0xff, 0x14, 0x12, 0x12, 0xff,
    0x12, 0x11, 0x11, 0xff, 0x12, 0x11, 0x11, 0xff, 0x13, 0x10, 0x10, 0xff, 0x13, 0x10, 0x11, 0xff,
    0x13, 0x10, 0x11, 0xff, 0x11, 0x11, 0x10, 0xfe, 0x11, 0x12, 0x11, 0xfe, 0x13, 0x11, 0x11, 0xfe,
    0x13, 0x10, 0x11, 0xfe, 0x12, 0x10, 0x10, 0xfe, 0x11, 0x10, 0x0f, 0xfe, 0x12, 0x10, 0x10, 0xfe,
    0x12, 0x10, 0x0f, 0xfe, 0x11, 0x0f, 0x0f, 0xfe, 0x12, 0x11, 0x0f, 0xfe, 0x12, 0x10, 0x10, 0xfe,
    0x12, 0x10, 0x10, 0xfe, 0x13, 0x10, 0x10, 0xfe, 0x12, 0x10, 0x10, 0xfe, 0x12, 0x10, 0x10, 0xfe,
    0x13, 0x12, 0x11, 0xfe, 0x13, 0x11, 0x11, 0xfe, 0x14, 0x12, 0x12, 0xfe, 0x13, 0x11, 0x11, 0xfe,
    0x13, 0x11, 0x11, 0xfe, 0x14, 0x12, 0x12, 0xfe, 0x13, 0x11, 0x11, 0xfe, 0x13, 0x11, 0x11, 0xfe,
    0x13, 0x12, 0x11, 0xfe, 0x13, 0x12, 0x11, 0xfe, 0x14, 0x12, 0x11, 0xfe, 0x13, 0x12, 0x11, 0xfe,
    0x12, 0x10, 0x10, 0xfe, 0x14, 0x10, 0x10, 0xfe, 0x14, 0x12, 0x11, 0xfe, 0x12, 0x11, 0x12, 0xfe,
    0x13, 0x11, 0x11, 0xfe, 0x13, 0x11, 0x10, 0xfe, 0x13, 0x11, 0x10, 0xfe, 0x13, 0x11, 0x11, 0xfe,
    0x13, 0x11, 0x10, 0xff, 0x13, 0x10, 0x10, 0xfe, 0x12, 0x11, 0x10, 0xfe, 0x13, 0x10, 0x11, 0xfe,
    0x13, 0x11, 0x11, 0xfe, 0x13, 0x11, 0x11, 0xfe, 0x14, 0x12, 0x11, 0xfe, 0x12, 0x11, 0x12, 0xfe,
    0x14, 0x10, 0x10, 0xfe, 0x13, 0x11, 0x10, 0xfe, 0x13, 0x10, 0x10, 0xfe, 0x12, 0x10, 0x0f, 0xfe,
    0x11, 0x10, 0x10, 0xfd, 0x11, 0x10, 0x10, 0xfe, 0x12, 0x10, 0x10, 0xfe, 0x0f, 0x10, 0x10, 0xfe,
    0x0f, 0x0f, 0x0f, 0xfe, 0x0f, 0x0f, 0x0e, 0xfe, 0x0f, 0x0f, 0x0e, 0xfe, 0x11, 0x0f, 0x0f, 0xfe,
    0x11, 0x0f, 0x0e, 0xfe, 0x11, 0x0e, 0x0f, 0xfe, 0x10, 0x0e, 0x0e, 0xfe, 0x11, 0x10, 0x0f, 0xfe,
    0x11, 0x0f, 0x0f, 0xfe, 0x10, 0x0f, 0x0e, 0xff, 0x10, 0x0f, 0x0f, 0xff, 0x10, 0x10, 0x0f, 0xff,
    0x11, 0x0f, 0x0f, 0xff, 0x11, 0x0f, 0x0f, 0xff, 0x11, 0x10, 0x10, 0xff, 0x11, 0x0f, 0x10, 0xff,
    0x0f, 0x10, 0x10, 0xff, 0x10, 0x11, 0x10, 0xff, 0x11, 0x12, 0x11, 0xff, 0x11, 0x10, 0x10, 0xff,
    0x10, 0x10, 0x10, 0xff, 0x11, 0x10, 0x10, 0xff, 0x12, 0x11, 0x11, 0xff, 0x12, 0x11, 0x11, 0xff,
    0x12, 0x10, 0x10, 0xff, 0x13, 0x11, 0x11, 0xff, 0x12, 0x12, 0x11, 0xff, 0x14, 0x12, 0x12, 0xff,
    0x14, 0x12, 0x13, 0xff, 0x16, 0x14, 0x13, 0xff, 0x15, 0x14, 0x13, 0xff, 0x17, 0x14, 0x14, 0xff,
    0x16, 0x14, 0x14, 0xfe, 0x17, 0x16, 0x16, 0xff, 0x13, 0x13, 0x13, 0xe6, 0x0e, 0x0e, 0x0d, 0x9c,
    0x0d, 0x0d, 0x0d, 0x4c, 0x00, 0x00, 0x00, 0x01, 0x0b, 0x0b, 0x0b, 0x57, 0x0c, 0x0c, 0x0c, 0xe0,
    0x12, 0x14, 0x12, 0xf2, 0x1e, 0x1e, 0x1e, 0xff, 0x19, 0x18, 0x18, 0xff, 0x16, 0x15, 0x16, 0xec,
    0x4c, 0x4b, 0x4c, 0xce, 0x7b, 0x7a, 0x7b, 0xfe, 0x62, 0x62, 0x62, 0xff, 0x4f, 0x50, 0x50, 0xe9,
    0x34, 0x34, 0x34, 0xba, 0x15, 0x16, 0x16, 0xd9, 0x1f, 0x22, 0x22, 0xf1, 0x25, 0x27, 0x27, 0xfe,
    0x33, 0x36, 0x36, 0xfe, 0x2d, 0x31, 0x30, 0xff, 0x15, 0x16, 0x16, 0xc9, 0x00, 0x00, 0x00, 0x9b,
    0x61, 0x60, 0x5f, 0xfb, 0x5a, 0x5a, 0x5a, 0xf7, 0x2c, 0x2d, 0x2d, 0xed, 0x28, 0x29, 0x28, 0xfe,
    0x85, 0x85, 0x85, 0xff, 0x3e, 0x3e, 0x3e, 0xe4, 0x1a, 0x1b, 0x1c, 0xf3, 0x2e, 0x30, 0x30, 0xff,
    0x2e, 0x30, 0x2f, 0xff, 0x22, 0x23, 0x23, 0xec, 0x00, 0x01, 0x00, 0x94, 0x1f, 0x1d, 0x1f, 0x82,
    0x38, 0x38, 0x3a, 0xce, 0x54, 0x55, 0x55, 0xff, 0x64, 0x64, 0x64, 0xff, 0x62, 0x62, 0x62, 0xff,
    0x86, 0x86, 0x86, 0xfc, 0x35, 0x37, 0x37, 0xe3, 0x1a, 0x1a, 0x1a, 0xfc, 0x1b, 0x1a, 0x1a, 0xff,
    0x18, 0x18, 0x18, 0xfc, 0x13, 0x13, 0x12, 0xf5, 0x11, 0x11, 0x11, 0x59, 0x00, 0x00, 0x00, 0x00,
    0x00, 0x00, 0x00, 0x00, 0x0f, 0x0f, 0x0f, 0x21, 0x1b, 0x1a, 0x19, 0xf3, 0x1a, 0x19, 0x18, 0xff,
    0x18, 0x16, 0x16, 0xfe, 0x18, 0x16, 0x16, 0xff, 0x18, 0x16, 0x16, 0xff, 0x18, 0x16, 0x16, 0xff,
    0x19, 0x15, 0x15, 0xff, 0x13, 0x11, 0x11, 0xff, 0x15, 0x13, 0x12, 0xff, 0x18, 0x16, 0x15, 0xff,
    0x17, 0x15, 0x15, 0xff, 0x16, 0x14, 0x15, 0xff, 0x13, 0x13, 0x12, 0xff, 0x14, 0x13, 0x13, 0xff,
    0x17, 0x16, 0x17, 0xff, 0x18, 0x18, 0x18, 0xff, 0x1d, 0x1c, 0x1c, 0xff, 0x28, 0x27, 0x28, 0xfb,
    0x09, 0x0a, 0x09, 0xfa, 0x08, 0x08, 0x08, 0xff, 0x0e, 0x0d, 0x0e, 0xff, 0x0d, 0x0d, 0x0d, 0xff,
    0x0d, 0x0d, 0x0d, 0xff, 0x0d, 0x0e, 0x0d, 0xff, 0x0c, 0x0e, 0x0d, 0xff, 0x0c, 0x0d, 0x0c, 0xff,
    0x0d, 0x0d, 0x0d, 0xff, 0x0d, 0x0d, 0x0d, 0xff, 0x0d, 0x0d, 0x0d, 0xff, 0x0d, 0x0c, 0x0d, 0xff,
    0x0d, 0x0d, 0x0d, 0xff, 0x0d, 0x0e, 0x0e, 0xff, 0x0d, 0x0e, 0x0e, 0xff, 0x0d, 0x0e, 0x0e, 0xff,
    0x0d, 0x0e, 0x0e, 0xff, 0x0e, 0x0e, 0x0e, 0xff, 0x0e, 0x0e, 0x0e, 0xff, 0x0e, 0x0d, 0x0e, 0xff,
    0x0e, 0x0e, 0x0e, 0xff, 0x0d, 0x0e, 0x0d, 0xff, 0x0e, 0x0e, 0x0d, 0xff, 0x0e, 0x0e, 0x0e, 0xff,
    0x0d, 0x0e, 0x0e, 0xff, 0x0e, 0x0e, 0x0d, 0xff, 0x0e, 0x0e, 0x0e, 0xff, 0x0d, 0x0d, 0x0e, 0xff,
    0x0e, 0x0e, 0x0e, 0xff, 0x0e, 0x0e, 0x0e, 0xff, 0x0e, 0x0e, 0x0e, 0xff, 0x0d, 0x0d, 0x0e, 0xff,
    0x0d, 0x0c, 0x0d, 0xff, 0x0d, 0x0d, 0x0d, 0xff, 0x0d, 0x0d, 0x0d, 0xff, 0x0d, 0x0d, 0x0e, 0xff,
    0x0e, 0x0e, 0x0d, 0xff, 0x0e, 0x0e, 0x0e, 0xff, 0x0e, 0x0f, 0x0e, 0xff, 0x0e, 0x0e, 0x0d, 0xff,
    0x0e, 0x0d, 0x0d, 0xfe, 0x0f, 0x0d, 0x0e, 0xfe, 0x0f, 0x0e, 0x0d, 0xfd, 0x0f, 0x0e, 0x0d, 0xff,
    0x10, 0x0d, 0x0d, 0xe5, 0x0b, 0x0e, 0x0e, 0x58, 0x0f, 0x12, 0x11, 0xe1, 0x0f, 0x0f, 0x0e, 0xfe,
    0x0f, 0x0f, 0x0f, 0xfe, 0x0e, 0x0f, 0x0f, 0xfb, 0x19, 0x1a, 0x19, 0xfc, 0x13, 0x12, 0x12, 0xfe,
    0x1c, 0x1c, 0x1c, 0xfd, 0x35, 0x38, 0x39, 0xe3, 0x69, 0x68, 0x68, 0xfa, 0x27, 0x27, 0x26, 0xed,
    0x16, 0x18, 0x16, 0xd4, 0x0f, 0x0f, 0x0f, 0xb2, 0x09, 0x0a, 0x0a, 0xf6, 0x10, 0x10, 0x10, 0xd7,
    0x0c, 0x0a, 0x0a, 0x90, 0x15, 0x15, 0x15, 0x98, 0x2a, 0x2c, 0x2d, 0xeb, 0x24, 0x25, 0x26, 0xff,
    0x24, 0x25, 0x25, 0xff, 0x61, 0x62, 0x61, 0xff, 0x11, 0x13, 0x11, 0xc9, 0x09, 0x09, 0x09, 0x80,
    0x03, 0x03, 0x02, 0xc7, 0x39, 0x3a, 0x39, 0xf8, 0xa6, 0xa7, 0xa5, 0xff, 0x25, 0x25, 0x24, 0xe1,
    0x0e, 0x0e, 0x0e, 0xc4, 0x2c, 0x2f, 0x2e, 0xff, 0x2b, 0x2b, 0x2b, 0xd5, 0x13, 0x13, 0x13, 0x42,
    0x00, 0x00, 0x00, 0x00, 0x00, 0x00, 0x00, 0x0f, 0x08, 0x08, 0x08, 0x8e, 0x22, 0x22, 0x21, 0xe5,
    0x51, 0x51, 0x50, 0xf6, 0x5f, 0x5f, 0x60, 0xf9, 0x22, 0x21, 0x1f, 0xf3, 0x1e, 0x1e, 0x1d, 0xff,
    0x1c, 0x1d, 0x1d, 0xfe, 0x14, 0x13, 0x13, 0xff, 0x0d, 0x0d, 0x0b, 0xc4, 0x0a, 0x0a, 0x0a, 0xa6,
    0x3f, 0x3f, 0x00, 0x04, 0x00, 0x00, 0x00, 0x05, 0x00, 0x00, 0x00, 0x00, 0x0d, 0x0d, 0x0d, 0x4a,
    0x14, 0x13, 0x14, 0xfc, 0x15, 0x13, 0x13, 0xfe, 0x15, 0x13, 0x13, 0xff, 0x17, 0x14, 0x14, 0xff,
    0x17, 0x14, 0x14, 0xff, 0x16, 0x14, 0x14, 0xff, 0x16, 0x14, 0x13, 0xff, 0x15, 0x14, 0x13, 0xff,
    0x15, 0x13, 0x13, 0xff, 0x14, 0x13, 0x12, 0xff, 0x13, 0x12, 0x11, 0xff, 0x13, 0x12, 0x11, 0xff,
    0x12, 0x11, 0x11, 0xff, 0x11, 0x10, 0x11, 0xff, 0x13, 0x10, 0x10, 0xff, 0x12, 0x11, 0x10, 0xff,
    0x10, 0x11, 0x10, 0xff, 0x10, 0x10, 0x10, 0xff, 0x11, 0x10, 0x10, 0xff, 0x11, 0x11, 0x10, 0xff,
    0x12, 0x10, 0x10, 0xff, 0x12, 0x10, 0x10, 0xff, 0x12, 0x10, 0x10, 0xff, 0x12, 0x10, 0x10, 0xff,
    0x12, 0x10, 0x10, 0xff, 0x12, 0x10, 0x10, 0xff, 0x10, 0x10, 0x0f, 0xff, 0x11, 0x10, 0x10, 0xff,
    0x12, 0x10, 0x10, 0xff, 0x11, 0x10, 0x10, 0xff, 0x11, 0x0f, 0x0f, 0xff, 0x11, 0x0f, 0x0f, 0xff,
    0x11, 0x0f, 0x0f, 0xff, 0x11, 0x0e, 0x0e, 0xff, 0x11, 0x0f, 0x0f, 0xff, 0x12, 0x10, 0x10, 0xff,
    0x12, 0x10, 0x0f, 0xff, 0x12, 0x10, 0x10, 0xff, 0x11, 0x10, 0x10, 0xff, 0x12, 0x10, 0x10, 0xff,
    0x12, 0x11, 0x0f, 0xff, 0x12, 0x11, 0x10, 0xff, 0x11, 0x10, 0x10, 0xff, 0x11, 0x10, 0x10, 0xff,
    0x11, 0x10, 0x10, 0xff, 0x11, 0x0f, 0x0f, 0xff, 0x11, 0x10, 0x10, 0xff, 0x11, 0x10, 0x11, 0xff,
    0x12, 0x10, 0x10, 0xff, 0x12, 0x10, 0x10, 0xff, 0x11, 0x10, 0x0f, 0xff, 0x11, 0x10, 0x10, 0xff,
    0x12, 0x10, 0x0f, 0xff, 0x12, 0x10, 0x10, 0xff, 0x11, 0x10, 0x0f, 0xff, 0x12, 0x10, 0x10, 0xff,
    0x12, 0x10, 0x10, 0xff, 0x11, 0x10, 0x10, 0xff, 0x11, 0x10, 0x10, 0xff, 0x10, 0x10, 0x0f, 0xff,
    0x10, 0x10, 0x10, 0xff, 0x11, 0x11, 0x10, 0xfe, 0x10, 0x10, 0x10, 0xfe, 0x13, 0x10, 0x0f, 0xfe,
    0x11, 0x10, 0x10, 0xfe, 0x10, 0x10, 0x0f, 0xfe, 0x10, 0x0f, 0x0f, 0xfe, 0x10, 0x0f, 0x10, 0xfe,
    0x12, 0x10, 0x10, 0xfe, 0x11, 0x0f, 0x0f, 0xfe, 0x10, 0x10, 0x0f, 0xfe, 0x11, 0x11, 0x10, 0xfe,
    0x11, 0x10, 0x10, 0xfe, 0x12, 0x10, 0x11, 0xfe, 0x10, 0x10, 0x10, 0xfe, 0x12, 0x10, 0x11, 0xfe,
    0x11, 0x11, 0x10, 0xfe, 0x11, 0x11, 0x10, 0xfe, 0x13, 0x11, 0x10, 0xfe, 0x12, 0x11, 0x10, 0xfe,
    0x13, 0x11, 0x10, 0xfe, 0x14, 0x12, 0x11, 0xfe, 0x14, 0x11, 0x11, 0xfe, 0x13, 0x12, 0x11, 0xfe,
    0x13, 0x13, 0x11, 0xfe, 0x13, 0x13, 0x12, 0xfe, 0x13, 0x13, 0x12, 0xff, 0x13, 0x13, 0x11, 0xff,
    0x13, 0x13, 0x12, 0xff, 0x12, 0x13, 0x12, 0xff, 0x12, 0x12, 0x12, 0xff, 0x12, 0x11, 0x12, 0xff,
    0x13, 0x12, 0x12, 0xff, 0x13, 0x12, 0x11, 0xff, 0x13, 0x13, 0x12, 0xff, 0x13, 0x12, 0x12, 0xff,
    0x14, 0x12, 0x12, 0xff, 0x14, 0x13, 0x12, 0xff, 0x16, 0x14, 0x14, 0xff, 0x16, 0x15, 0x14, 0xff,
    0x16, 0x14, 0x14, 0xfd, 0x17, 0x16, 0x16, 0xff, 0x12, 0x12, 0x12, 0xcd, 0x0e, 0x0e, 0x0b, 0x59,
    0x07, 0x07, 0x07, 0x20, 0x00, 0x00, 0x00, 0x04, 0x0a, 0x0a, 0x0a, 0x2f, 0x0c, 0x0c, 0x0c, 0xce,
    0x0c, 0x0c, 0x0b, 0xec, 0x1c, 0x1c, 0x1c, 0xff, 0x1a, 0x1a, 0x1a, 0xfe, 0x19, 0x19, 0x18, 0xfe,
    0x32, 0x32, 0x32, 0xce, 0x5b, 0x5b, 0x5b, 0xf0, 0x20, 0x20, 0x20, 0xd9, 0x0d, 0x0d, 0x0d, 0xa7,
    0x00, 0x00, 0x00, 0x12, 0x00, 0x00, 0x00, 0x29, 0x19, 0x19, 0x19, 0x3b, 0x25, 0x28, 0x2a, 0x66,
    0x26, 0x29, 0x28, 0xff, 0x27, 0x2b, 0x2a, 0xfd, 0x01, 0x01, 0x01, 0x8f, 0x56, 0x55, 0x55, 0xe0,
    0x83, 0x83, 0x83, 0xff, 0x0c, 0x0c, 0x0c, 0xd4, 0x11, 0x11, 0x11, 0xb1, 0x00, 0x00, 0x00, 0xab,
    0x39, 0x39, 0x39, 0xf5, 0x5e, 0x5f, 0x5f, 0xff, 0x1c, 0x1e, 0x20, 0xfe, 0x2e, 0x31, 0x31, 0xff,
    0x2f, 0x30, 0x31, 0xe6, 0x18, 0x18, 0x18, 0x7e, 0x07, 0x07, 0x07, 0x20, 0x00, 0x00, 0x00, 0x00,
    0x00, 0x00, 0x00, 0x2f, 0x09, 0x09, 0x09, 0xcd, 0x21, 0x21, 0x1e, 0xe7, 0x43, 0x43, 0x42, 0xfa,
    0x60, 0x60, 0x60, 0xf7, 0x26, 0x26, 0x22, 0xe3, 0x1b, 0x1c, 0x1b, 0xff, 0x19, 0x1a, 0x1a, 0xfd,
    0x14, 0x13, 0x13, 0xfd, 0x12, 0x12, 0x11, 0xdb, 0x15, 0x0e, 0x0e, 0x23, 0x00, 0x00, 0x00, 0x00,
    0x00, 0x00, 0x00, 0x00, 0x0f, 0x14, 0x14, 0x33, 0x1a, 0x18, 0x18, 0xfc, 0x18, 0x16, 0x16, 0xfe,
    0x19, 0x16, 0x16, 0xff, 0x17, 0x15, 0x15, 0xff, 0x18, 0x17, 0x16, 0xff, 0x18, 0x16, 0x16, 0xff,
    0x17, 0x15, 0x15, 0xff, 0x18, 0x17, 0x16, 0xff, 0x17, 0x16, 0x15, 0xfe, 0x18, 0x16, 0x15, 0xff,
    0x18, 0x16, 0x16, 0xff, 0x18, 0x17, 0x17, 0xff, 0x19, 0x17, 0x18, 0xff, 0x1a, 0x19, 0x19, 0xff,
    0x19, 0x19, 0x18, 0xff, 0x19, 0x1a, 0x18, 0xfb, 0x18, 0x17, 0x17, 0xf6, 0x39, 0x35, 0x35, 0xfc,
    0x43, 0x41, 0x41, 0xfd, 0x1e, 0x1e, 0x1d, 0xfb, 0x0c, 0x0d, 0x0c, 0xfe, 0x0e, 0x0e, 0x0e, 0xff,
    0x0e, 0x0e, 0x0e, 0xff, 0x0e, 0x0e, 0x0e, 0xff, 0x0d, 0x0e, 0x0e, 0xff, 0x0e, 0x0e, 0x0e, 0xff,
    0x0e, 0x0e, 0x0e, 0xff, 0x0e, 0x0e, 0x0e, 0xff, 0x0e, 0x0e, 0x0e, 0xff, 0x0e, 0x0e, 0x0e, 0xff,
    0x0e, 0x0e, 0x0e, 0xff, 0x0e, 0x0e, 0x0e, 0xff, 0x0e, 0x0f, 0x0e, 0xff, 0x0d, 0x0e, 0x0e, 0xff,
    0x0d, 0x0d, 0x0d, 0xff, 0x0f, 0x0e, 0x0e, 0xff, 0x0e, 0x0e, 0x0e, 0xff, 0x0d, 0x0e, 0x0e, 0xff,
    0x0d, 0x0e, 0x0e, 0xff, 0x0d, 0x0e, 0x0e, 0xff, 0x0e, 0x0d, 0x0e, 0xff, 0x0e, 0x0e, 0x0e, 0xff,
    0x0e, 0x0e, 0x0e, 0xff, 0x0f, 0x0f, 0x0e, 0xff, 0x0e, 0x0e, 0x0e, 0xff, 0x0e, 0x0e, 0x0f, 0xff,
    0x0e, 0x0f, 0x0e, 0xff, 0x0d, 0x0e, 0x0d, 0xff, 0x0e, 0x0f, 0x0e, 0xff, 0x0d, 0x0e, 0x0d, 0xff,
    0x0e, 0x0e, 0x0e, 0xff, 0x0e, 0x0f, 0x0f, 0xff, 0x0d, 0x0f, 0x0f, 0xff, 0x0e, 0x0f, 0x0e, 0xff,
    0x0e, 0x0e, 0x0d, 0xff, 0x0e, 0x0e, 0x0d, 0xff, 0x0e, 0x0e, 0x0e, 0xff, 0x0e, 0x0f, 0x0e, 0xff,
    0x0d, 0x0e, 0x0d, 0xff, 0x0e, 0x0e, 0x0e, 0xff, 0x0e, 0x0e, 0x0e, 0xfe, 0x0d, 0x0e, 0x0e, 0xfe,
    0x0d, 0x0d, 0x0c, 0xf6, 0x0c, 0x0d, 0x0d, 0xcf, 0x0d, 0x0e, 0x0d, 0xf5, 0x0e, 0x0f, 0x0d, 0xff,
    0x0e, 0x0f, 0x0d, 0xff, 0x0d, 0x0e, 0x0e, 0xf7, 0x12, 0x13, 0x12, 0xfd, 0x14, 0x15, 0x15, 0xfa,
    0x17, 0x16, 0x16, 0xfb, 0x23, 0x24, 0x24, 0xfa, 0x76, 0x75, 0x75, 0xf8, 0x92, 0x91, 0x90, 0xfd,
    0x3b, 0x3c, 0x3b, 0xff, 0x74, 0x73, 0x73, 0xdd, 0x03, 0x03, 0x03, 0xc2, 0x0f, 0x0f, 0x0f, 0xff,
    0x0d, 0x0d, 0x0c, 0xf8, 0x07, 0x07, 0x07, 0x85, 0x1a, 0x1a, 0x1a, 0x8f, 0x23, 0x24, 0x22, 0xf4,
    0x4e, 0x4e, 0x4e, 0xfd, 0x43, 0x45, 0x44, 0xff, 0x04, 0x05, 0x04, 0xb7, 0x1b, 0x1c, 0x1b, 0xe2,
    0x26, 0x27, 0x27, 0xfa, 0x1d, 0x1e, 0x1e, 0xf9, 0x7d, 0x7c, 0x7d, 0xfe, 0x6a, 0x6b, 0x6b, 0xdc,
    0x00, 0x00, 0x00, 0x58, 0x21, 0x22, 0x21, 0xb8, 0x10, 0x10, 0x10, 0x5e, 0x00, 0x00, 0x00, 0x1c,
    0x36, 0x36, 0x36, 0x0e, 0x00, 0x00, 0x00, 0x0b, 0x2f, 0x2f, 0x2f, 0xa1, 0x1c, 0x1d, 0x1b, 0xfd,
    0x5d, 0x5f, 0x5e, 0xf8, 0x3f, 0x40, 0x3f, 0xfe, 0x1f, 0x1f, 0x1e, 0xff, 0x1d, 0x1d, 0x1d, 0xff,
    0x1c, 0x1c, 0x1c, 0xfe, 0x0e, 0x0f, 0x0f, 0xf4, 0x0b, 0x0b, 0x09, 0xef, 0x0b, 0x09, 0x0b, 0x6f,
    0x00, 0x00, 0x00, 0x00, 0x00, 0x00, 0x00, 0x05, 0x00, 0x00, 0x00, 0x00, 0x0d, 0x0d, 0x0d, 0x39,
    0x12, 0x11, 0x11, 0xf9, 0x14, 0x12, 0x11, 0xff, 0x13, 0x12, 0x12, 0xff, 0x14, 0x12, 0x11, 0xff,
    0x12, 0x11, 0x11, 0xff, 0x13, 0x11, 0x11, 0xfd, 0x11, 0x10, 0x10, 0xfd, 0x0e, 0x0e, 0x0f, 0xfe,
    0x0e, 0x0e, 0x0d, 0xfe, 0x0d, 0x0e, 0x0d, 0xfe, 0x0c, 0x0d, 0x0b, 0xfe, 0x0c, 0x0c, 0x0c, 0xff,
    0x0c, 0x0c, 0x0c, 0xff, 0x0e, 0x0d, 0x0e, 0xff, 0x0f, 0x0d, 0x0d, 0xfd, 0x0e, 0x0d, 0x0d, 0xfb,
    0x0e, 0x0c, 0x0c, 0xf9, 0x0d, 0x0c, 0x0c, 0xf3, 0x0b, 0x0b, 0x0b, 0xef, 0x0c, 0x0b, 0x0c, 0xee,
    0x0d, 0x0b, 0x0b, 0xed, 0x0c, 0x0a, 0x0a, 0xee, 0x0c, 0x0c, 0x0c, 0xe9, 0x0c, 0x0b, 0x0c, 0xe2,
    0x0c, 0x0b, 0x0b, 0xde, 0x0c, 0x0c, 0x0b, 0xdf, 0x0b, 0x0c, 0x0a, 0xe1, 0x0b, 0x0b, 0x0a, 0xda,
    0x0b, 0x0b, 0x0a, 0xdc, 0x0b, 0x0b, 0x0b, 0xdb, 0x0b, 0x0c, 0x0a, 0xe0, 0x0d, 0x0c, 0x0b, 0xe6,
    0x0b, 0x0b, 0x0b, 0xe5, 0x0b, 0x0b, 0x0b, 0xe2, 0x0c, 0x0c, 0x0c, 0xe6, 0x0d, 0x0c, 0x0d, 0xe4,
    0x0d, 0x0c, 0x0b, 0xe3, 0x0e, 0x0d, 0x0d, 0xe8, 0x0d, 0x0d, 0x0d, 0xe8, 0x0e, 0x0d, 0x0e, 0xeb,
    0x0c, 0x0d, 0x0c, 0xed, 0x0d, 0x0e, 0x0d, 0xe8, 0x0d, 0x0d, 0x0a, 0xe8, 0x0d, 0x0d, 0x0b, 0xee,
    0x0e, 0x0e, 0x0e, 0xec, 0x0d, 0x0d, 0x0b, 0xf0, 0x0d, 0x0d, 0x0c, 0xf3, 0x0d, 0x0e, 0x0c, 0xf7,
    0x0d, 0x0d, 0x0d, 0xf6, 0x0e, 0x0d, 0x0d, 0xfa, 0x0c, 0x0d, 0x0c, 0xf9, 0x0d, 0x0e, 0x0d, 0xf9,
    0x0f, 0x0d, 0x0d, 0xfb, 0x0f, 0x0e, 0x0e, 0xf9, 0x0e, 0x0e, 0x0d, 0xf9, 0x10, 0x0e, 0x0d, 0xfa,
    0x0e, 0x0d, 0x0d, 0xfb, 0x0d, 0x0d, 0x0d, 0xfa, 0x0e, 0x0d, 0x0d, 0xfd, 0x0e, 0x0d, 0x0d, 0xfe,
    0x0e, 0x0e, 0x0d, 0xff, 0x10, 0x0f, 0x0e, 0xff, 0x0f, 0x0f, 0x0e, 0xff, 0x0f, 0x10, 0x0f, 0xff,
    0x10, 0x10, 0x0f, 0xff, 0x10, 0x0f, 0x0e, 0xff, 0x0f, 0x0f, 0x0e, 0xff, 0x0e, 0x0f, 0x0f, 0xff,
    0x11, 0x11, 0x0f, 0xff, 0x11, 0x0f, 0x0f, 0xff, 0x11, 0x0f, 0x0e, 0xff, 0x11, 0x0f, 0x0f, 0xff,
    0x10, 0x10, 0x0f, 0xff, 0x10, 0x10, 0x0f, 0xff, 0x10, 0x10, 0x0f, 0xff, 0x12, 0x10, 0x10, 0xff,
    0x12, 0x10, 0x10, 0xff, 0x11, 0x11, 0x10, 0xff, 0x11, 0x10, 0x10, 0xff, 0x11, 0x10, 0x10, 0xff,
    0x12, 0x10, 0x10, 0xff, 0x11, 0x11, 0x10, 0xff, 0x13, 0x11, 0x10, 0xff, 0x13, 0x11, 0x10, 0xff,
    0x12, 0x11, 0x10, 0xff, 0x11, 0x11, 0x10, 0xff, 0x12, 0x11, 0x11, 0xff, 0x13, 0x12, 0x12, 0xff,
    0x13, 0x11, 0x11, 0xff, 0x13, 0x11, 0x11, 0xff, 0x12, 0x10, 0x10, 0xff, 0x13, 0x11, 0x10, 0xff,
    0x12, 0x11, 0x11, 0xff, 0x13, 0x11, 0x11, 0xff, 0x14, 0x11, 0x12, 0xff, 0x14, 0x11, 0x11, 0xff,
    0x12, 0x12, 0x10, 0xff, 0x13, 0x11, 0x11, 0xff, 0x13, 0x12, 0x12, 0xff, 0x14, 0x13, 0x12, 0xff,
    0x13, 0x13, 0x12, 0xfa, 0x14, 0x14, 0x14, 0xff, 0x11, 0x11, 0x11, 0xae, 0x00, 0x00, 0x00, 0x00,
    0x00, 0x00, 0x00, 0x00, 0x00, 0x00, 0x00, 0x00, 0x00, 0x00, 0x00, 0x04, 0x0c, 0x0e, 0x0e, 0xb2,
    0x0a, 0x0b, 0x0b, 0xf3, 0x16, 0x17, 0x15, 0xfc, 0x21, 0x21, 0x20, 0xfe, 0x1d, 0x1c, 0x1c, 0xff,
    0x21, 0x22, 0x21, 0xf5, 0x5e, 0x5e, 0x5d, 0xf0, 0x59, 0x5a, 0x59, 0xfa, 0x3a, 0x3a, 0x3a, 0xf7,
    0x45, 0x42, 0x42, 0x6b, 0x00, 0x00, 0x00, 0x00, 0x02, 0x02, 0x02, 0x00, 0x00, 0x00, 0x00, 0x00,
    0x28, 0x2d, 0x2a, 0x66, 0x1c, 0x1f, 0x1f, 0xcb, 0x14, 0x14, 0x12, 0x87, 0x96, 0x96, 0x94, 0xfc,
    0x4c, 0x4e, 0x4d, 0xf9, 0x1b, 0x1e, 0x1d, 0xf7, 0x2a, 0x2d, 0x2c, 0xf8, 0x14, 0x14, 0x14, 0xdf,
    0x13, 0x14, 0x14, 0xfa, 0x51, 0x52, 0x53, 0xff, 0x3c, 0x3d, 0x3d, 0xff, 0x28, 0x29, 0x2a, 0xe3,
    0x1e, 0x1e, 0x1e, 0x6c, 0x07, 0x08, 0x07, 0xae, 0x0e, 0x0f, 0x0e, 0xc2, 0x09, 0x09, 0x09, 0xda,
    0x14, 0x16, 0x14, 0xc5, 0x54, 0x54, 0x53, 0xec, 0x21, 0x21, 0x1f, 0xfc, 0x88, 0x88, 0x88, 0xfc,
    0x49, 0x49, 0x49, 0xfd, 0x22, 0x21, 0x20, 0xff, 0x19, 0x1a, 0x1a, 0xff, 0x15, 0x16, 0x16, 0xfc,
    0x10, 0x0f, 0x0f, 0xfe, 0x11, 0x0f, 0x0f, 0x92, 0x00, 0x00, 0x00, 0x00, 0x00, 0x00, 0x00, 0x05,
    0x00, 0x00, 0x00, 0x00, 0x12, 0x12, 0x12, 0x51, 0x1a, 0x18, 0x18, 0xff, 0x18, 0x17, 0x17, 0xff,
    0x17, 0x15, 0x14, 0xff, 0x15, 0x13, 0x13, 0xff, 0x13, 0x13, 0x12, 0xff, 0x13, 0x12, 0x12, 0xff,
    0x13, 0x13, 0x12, 0xff, 0x14, 0x13, 0x12, 0xfd, 0x15, 0x14, 0x13, 0xff, 0x16, 0x15, 0x14, 0xff,
    0x18, 0x16, 0x16, 0xff, 0x1c, 0x19, 0x19, 0xfb, 0x20, 0x1e, 0x1d, 0xfe, 0x23, 0x20, 0x1f, 0xff,
    0x25, 0x23, 0x22, 0xff, 0x24, 0x23, 0x22, 0xfa, 0x26, 0x25, 0x25, 0xf8, 0x30, 0x2f, 0x2e, 0xff,
    0x36, 0x35, 0x33, 0xff, 0x24, 0x25, 0x24, 0xfd, 0x0d, 0x0e, 0x0d, 0xfd, 0x0e, 0x0d, 0x0d, 0xff,
    0x0e, 0x0e, 0x0e, 0xff, 0x0d, 0x0e, 0x0e, 0xff, 0x0d, 0x0e, 0x0e, 0xff, 0x0e, 0x0e, 0x0e, 0xff,
    0x0e, 0x0e, 0x0e, 0xff, 0x0e, 0x0e, 0x0e, 0xff, 0x0e, 0x0e, 0x0e, 0xff, 0x0e, 0x0e, 0x0e, 0xff,
    0x0f, 0x0f, 0x0f, 0xff, 0x0f, 0x0f, 0x0f, 0xff, 0x0f, 0x0f, 0x0f, 0xff, 0x0f, 0x0f, 0x0f, 0xff,
    0x0f, 0x0f, 0x0f, 0xff, 0x10, 0x0f, 0x0f, 0xff, 0x0e, 0x0f, 0x0f, 0xff, 0x0e, 0x0f, 0x0f, 0xff,
    0x0f, 0x0f, 0x0f, 0xff, 0x0f, 0x0f, 0x0f, 0xff, 0x0f, 0x0f, 0x0f, 0xff, 0x0f, 0x0f, 0x0f, 0xff,
    0x0f, 0x0f, 0x0f, 0xff, 0x0f, 0x0f, 0x0f, 0xff, 0x0f, 0x0f, 0x0f, 0xff, 0x0f, 0x0f, 0x0f, 0xff,
    0x0e, 0x0f, 0x0f, 0xff, 0x0f, 0x0f, 0x0f, 0xff, 0x0f, 0x0f, 0x0f, 0xff, 0x0e, 0x0f, 0x0f, 0xff,
    0x0f, 0x0f, 0x0f, 0xff, 0x0f, 0x0f, 0x0f, 0xff, 0x0f, 0x0f, 0x0f, 0xff, 0x0f, 0x0f, 0x0f, 0xff,
    0x0f, 0x0f, 0x0f, 0xff, 0x0f, 0x0f, 0x0f, 0xff, 0x0f, 0x0f, 0x0f, 0xff, 0x0f, 0x0f, 0x0f, 0xff,
    0x0f, 0x0f, 0x0f, 0xff, 0x0f, 0x0f, 0x0f, 0xff, 0x0f, 0x0f, 0x0f, 0xff, 0x0f, 0x0f, 0x0f, 0xff,
    0x0f, 0x10, 0x10, 0xff, 0x10, 0x11, 0x10, 0xff, 0x0e, 0x0f, 0x0f, 0xff, 0x0e, 0x0f, 0x0e, 0xff,
    0x0e, 0x0f, 0x0e, 0xff, 0x0e, 0x0f, 0x0f, 0xfe, 0x0e, 0x0e, 0x0e, 0xf9, 0x15, 0x15, 0x15, 0xfc,
    0x11, 0x12, 0x12, 0xfc, 0x2c, 0x2c, 0x2b, 0xff, 0x38, 0x39, 0x38, 0xff, 0xb2, 0xb3, 0xb3, 0xff,
    0x62, 0x63, 0x61, 0xfc, 0x63, 0x62, 0x61, 0xfb, 0x75, 0x75, 0x73, 0xa5, 0x00, 0x00, 0x00, 0xcd,
    0x11, 0x11, 0x11, 0xff, 0x10, 0x10, 0x10, 0xf2, 0x04, 0x04, 0x01, 0xb6, 0x38, 0x39, 0x36, 0xdf,
    0x60, 0x61, 0x60, 0xff, 0x26, 0x28, 0x27, 0xbb, 0x0b, 0x0c, 0x0b, 0xcf, 0x2e, 0x2f, 0x2e, 0xff,
    0x30, 0x33, 0x32, 0xff, 0x26, 0x29, 0x29, 0xff, 0x3e, 0x3f, 0x3f, 0xfd, 0x5d, 0x5f, 0x5e, 0xff,
    0x13, 0x14, 0x13, 0xa0, 0x00, 0x00, 0x00, 0x44, 0x00, 0x0f, 0x0f, 0x11, 0x03, 0x03, 0x03, 0x00,
    0x00, 0x00, 0x00, 0x00, 0x69, 0x69, 0x69, 0x4b, 0x48, 0x47, 0x47, 0xf6, 0x62, 0x63, 0x63, 0xfd,
    0x74, 0x76, 0x75, 0xff, 0x26, 0x27, 0x25, 0xff, 0x1f, 0x20, 0x1f, 0xff, 0x1d, 0x1d, 0x1c, 0xfe,
    0x16, 0x17, 0x16, 0xff, 0x0b, 0x0c, 0x0c, 0xe0, 0x0b, 0x0d, 0x0c, 0xc9, 0x0c, 0x10, 0x10, 0x3e,
    0x00, 0x00, 0x00, 0x02, 0x00, 0x00, 0x00, 0x0d, 0x00, 0x00, 0x00, 0x03, 0x0e, 0x0e, 0x0e, 0x36,
    0x11, 0x11, 0x10, 0xf9, 0x13, 0x12, 0x11, 0xff, 0x13, 0x12, 0x10, 0xfc, 0x13, 0x12, 0x11, 0xff,
    0x11, 0x13, 0x11, 0xff, 0x13, 0x12, 0x11, 0xff, 0x14, 0x14, 0x13, 0xff, 0x16, 0x17, 0x16, 0xfc,
    0x19, 0x19, 0x17, 0xfa, 0x18, 0x1b, 0x19, 0xf8, 0x1a, 0x1a, 0x1a, 0xf9, 0x17, 0x18, 0x17, 0xf3,
    0x14, 0x14, 0x12, 0xf3, 0x12, 0x11, 0x11, 0xf4, 0x0f, 0x10, 0x0f, 0xf2, 0x11, 0x0f, 0x0f, 0xf0,
    0x12, 0x10, 0x0f, 0xe2, 0x11, 0x11, 0x10, 0xd7, 0x11, 0x11, 0x10, 0xcc, 0x11, 0x11, 0x11, 0xce,
    0x0e, 0x0f, 0x0f, 0xd2, 0x0e, 0x0f, 0x0f, 0xd4, 0x0f, 0x0e, 0x0e, 0xd0, 0x0e, 0x0e, 0x0e, 0xc8,
    0x0c, 0x0e, 0x0c, 0xc6, 0x0e, 0x0f, 0x0e, 0xc7, 0x0e, 0x0e, 0x0c, 0xcd, 0x0d, 0x0d, 0x0c, 0xbe,
    0x10, 0x0f, 0x0d, 0xbb, 0x0f, 0x0f, 0x0c, 0xb5, 0x0d, 0x0f, 0x0c, 0xbb, 0x0d, 0x0d, 0x0d, 0xc1,
    0x0d, 0x0d, 0x0c, 0xbf, 0x0d, 0x0d, 0x0d, 0xbe, 0x0d, 0x0d, 0x0c, 0xbb, 0x0c, 0x0d, 0x0b, 0xb9,
    0x0c, 0x0c, 0x0c, 0xb4, 0x0d, 0x0c, 0x0c, 0xba, 0x0c, 0x0c, 0x0a, 0xbf, 0x0d, 0x0b, 0x0a, 0xc4,
    0x0b, 0x0a, 0x0a, 0xc1, 0x0a, 0x09, 0x09, 0xbf, 0x09, 0x0a, 0x07, 0xc0, 0x09, 0x08, 0x09, 0xb9,
    0x08, 0x08, 0x08, 0xba, 0x09, 0x0a, 0x09, 0xc0, 0x0a, 0x0a, 0x09, 0xc3, 0x09, 0x09, 0x09, 0xbe,
    0x0a, 0x0a, 0x08, 0xbc, 0x09, 0x0a, 0x09, 0xc1, 0x08, 0x0a, 0x08, 0xba, 0x09, 0x09, 0x09, 0xbd,
    0x0a, 0x0a, 0x09, 0xc5, 0x09, 0x09, 0x08, 0xba, 0x09, 0x0a, 0x09, 0xc3, 0x09, 0x09, 0x07, 0xc0,
    0x09, 0x09, 0x06, 0xbf, 0x07, 0x09, 0x07, 0xc0, 0x08, 0x08, 0x08, 0xcc, 0x08, 0x09, 0x08, 0xcd,
    0x0a, 0x09, 0x08, 0xd6, 0x09, 0x08, 0x08, 0xcd, 0x09, 0x09, 0x08, 0xcf, 0x08, 0x08, 0x08, 0xd0,
    0x0a, 0x0a, 0x09, 0xd7, 0x0a, 0x09, 0x09, 0xd8, 0x0c, 0x0a, 0x08, 0xd2, 0x0b, 0x09, 0x09, 0xd0,
    0x0a, 0x0a, 0x09, 0xd6, 0x0a, 0x0a, 0x09, 0xdc, 0x09, 0x09, 0x08, 0xe6, 0x0a, 0x0a, 0x08, 0xe5,
    0x0a, 0x0a, 0x08, 0xe9, 0x0a, 0x0a, 0x08, 0xe5, 0x0b, 0x09, 0x09, 0xdd, 0x0b, 0x0a, 0x0a, 0xd6,
    0x0c, 0x0b, 0x0a, 0xda, 0x0a, 0x0b, 0x0b, 0xde, 0x09, 0x0a, 0x0a, 0xdc, 0x0b, 0x0b, 0x0b, 0xe0,
    0x0b, 0x0c, 0x0b, 0xe7, 0x0b, 0x0b, 0x0a, 0xed, 0x0c, 0x0b, 0x0b, 0xec, 0x0c, 0x0a, 0x0a, 0xee,
    0x0a, 0x0a, 0x0a, 0xef, 0x0a, 0x0a, 0x0a, 0xef, 0x0a, 0x0b, 0x0a, 0xf0, 0x0b, 0x0c, 0x0b, 0xf1,
    0x0d, 0x0b, 0x0b, 0xf4, 0x0e, 0x0d, 0x0c, 0xf6, 0x0e, 0x0c, 0x0c, 0xf5, 0x0e, 0x0d, 0x0b, 0xf8,
    0x0f, 0x0d, 0x0d, 0xfd, 0x0e, 0x0d, 0x0c, 0xfc, 0x0f, 0x0c, 0x0d, 0xfc, 0x0e, 0x0d, 0x0d, 0xfc,
    0x0c, 0x0c, 0x0c, 0xfc, 0x0e, 0x0e, 0x0d, 0xfc, 0x0c, 0x0d, 0x0d, 0xfd, 0x0c, 0x0d, 0x0d, 0xfe,
    0x0e, 0x0e, 0x0e, 0xfc, 0x0e, 0x0f, 0x0e, 0xfd, 0x0d, 0x0d, 0x0c, 0xdf, 0x0a, 0x0b, 0x0a, 0x97,
    0x08, 0x0c, 0x08, 0x8f, 0x0b, 0x0b, 0x0b, 0x8b, 0x0a, 0x0a, 0x0a, 0x30, 0x0d, 0x10, 0x10, 0x5c,
    0x0d, 0x0c, 0x0d, 0xe4, 0x10, 0x11, 0x10, 0xf8, 0x20, 0x20, 0x20, 0xff, 0x19, 0x19, 0x19, 0xfe,
    0x24, 0x24, 0x24, 0xfe, 0x32, 0x31, 0x32, 0xee, 0x8d, 0x8c, 0x8b, 0xfe, 0x66, 0x67, 0x66, 0xff,
    0x74, 0x74, 0x74, 0xdf, 0x67, 0x67, 0x67, 0x1b, 0x00, 0x00, 0x00, 0x00, 0x66, 0x66, 0x66, 0x05,
    0x00, 0x00, 0x00, 0x00, 0x00, 0x00, 0x00, 0x51, 0x39, 0x39, 0x38, 0xf9, 0x5f, 0x60, 0x5e, 0xff,
    0x2d, 0x2e, 0x2f, 0xff, 0x2c, 0x2e, 0x2e, 0xff, 0x2f, 0x32, 0x32, 0xff, 0x29, 0x2a, 0x2a, 0xff,
    0x0a, 0x0b, 0x0a, 0xb1, 0x4d, 0x4d, 0x4d, 0xe1, 0x54, 0x53, 0x53, 0xfe, 0x12, 0x10, 0x10, 0xd4,
    0x09, 0x08, 0x08, 0xd6, 0x10, 0x0f, 0x10, 0xff, 0x0d, 0x0e, 0x0d, 0xff, 0x00, 0x00, 0x00, 0xe3,
    0x74, 0x74, 0x74, 0xd0, 0x4b, 0x4b, 0x4a, 0xff, 0x7c, 0x7d, 0x7d, 0xff, 0xa3, 0xa4, 0xa4, 0xff,
    0x2b, 0x2b, 0x2a, 0xff, 0x26, 0x26, 0x26, 0xff, 0x1a, 0x1b, 0x1b, 0xff, 0x14, 0x14, 0x14, 0xfb,
    0x0e, 0x0f, 0x0f, 0xeb, 0x0d, 0x0d, 0x0d, 0xe0, 0x09, 0x09, 0x09, 0x86, 0x00, 0x00, 0x00, 0x0b,
    0x00, 0x00, 0x00, 0x01, 0x11, 0x11, 0x11, 0x73, 0x19, 0x19, 0x18, 0xfc, 0x17, 0x17, 0x17, 0xf5,
    0x1a, 0x19, 0x19, 0xf7, 0x1e, 0x1e, 0x1d, 0xf4, 0x21, 0x20, 0x1f, 0xe9, 0x25, 0x25, 0x25, 0xf1,
    0x28, 0x28, 0x27, 0xe9, 0x2b, 0x2a, 0x2a, 0xdf, 0x29, 0x27, 0x26, 0xec, 0x24, 0x24, 0x23, 0xf2,
    0x24, 0x24, 0x24, 0xf0, 0x23, 0x21, 0x1f, 0xf8, 0x21, 0x20, 0x1e, 0xfe, 0x1c, 0x1c, 0x1b, 0xff,
    0x1b, 0x1a, 0x19, 0xff, 0x16, 0x17, 0x16, 0xff, 0x12, 0x12, 0x12, 0xff, 0x0b, 0x0d, 0x0d, 0xff,
    0x08, 0x08, 0x09, 0xff, 0x09, 0x0a, 0x0a, 0xff, 0x0f, 0x0f, 0x0f, 0xff, 0x0f, 0x0f, 0x0f, 0xff,
    0x0e, 0x0f, 0x0f, 0xff, 0x0f, 0x0f, 0x0f, 0xff, 0x0e, 0x0f, 0x0f, 0xff, 0x0f, 0x0f, 0x0f, 0xff,
    0x0e, 0x0f, 0x0f, 0xff, 0x0f, 0x0f, 0x0f, 0xff, 0x0f, 0x0f, 0x0f, 0xff, 0x0f, 0x10, 0x0f, 0xff,
    0x0f, 0x0f, 0x0f, 0xff, 0x0f, 0x0f, 0x0f, 0xff, 0x0f, 0x0f, 0x0f, 0xff, 0x0f, 0x0f, 0x0f, 0xff,
    0x0f, 0x0f, 0x0f, 0xff, 0x0f, 0x0f, 0x0f, 0xff, 0x0f, 0x0f, 0x0f, 0xff, 0x0f, 0x0f, 0x0f, 0xff,
    0x0f, 0x0f, 0x0f, 0xff, 0x0e, 0x0f, 0x0f, 0xff, 0x0f, 0x0f, 0x0f, 0xff, 0x0f, 0x0f, 0x0f, 0xff,
    0x0f, 0x0f, 0x0f, 0xff, 0x0f, 0x0f, 0x0f, 0xff, 0x0f, 0x10, 0x0f, 0xff, 0x0f, 0x10, 0x0f, 0xff,
    0x0f, 0x0f, 0x0f, 0xff, 0x0f, 0x0f, 0x0f, 0xff, 0x10, 0x10, 0x0f, 0xff, 0x0f, 0x10, 0x0f, 0xff,
    0x0e, 0x0f, 0x0f, 0xff, 0x0f, 0x0f, 0x0f, 0xff, 0x0f, 0x0f, 0x0f, 0xff, 0x0f, 0x0f, 0x0f, 0xff,
    0x0f, 0x0f, 0x0f, 0xff, 0x0f, 0x0f, 0x0f, 0xff, 0x0f, 0x0f, 0x0f, 0xff, 0x0f, 0x0f, 0x0f, 0xff,
    0x0f, 0x0f, 0x0f, 0xff, 0x0f, 0x0f, 0x0f, 0xff, 0x0f, 0x0f, 0x0f, 0xff, 0x0f, 0x0f, 0x0f, 0xff,
    0x0f, 0x0f, 0x0f, 0xfe, 0x0f, 0x10, 0x0e, 0xfd, 0x0e, 0x0f, 0x0f, 0xfe, 0x0f, 0x0f, 0x0f, 0xfe,
    0x0e, 0x0f, 0x0f, 0xfe, 0x0f, 0x10, 0x10, 0xfe, 0x0e, 0x0e, 0x0f, 0xf3, 0x13, 0x13, 0x12, 0xfd,
    0x12, 0x13, 0x13, 0xff, 0x1e, 0x1f, 0x1f, 0xff, 0x30, 0x31, 0x31, 0xff, 0x59, 0x5a, 0x5a, 0xfd,
    0xb8, 0xb8, 0xb6, 0xff, 0x3a, 0x3a, 0x39, 0xfe, 0x72, 0x73, 0x71, 0xfa, 0x51, 0x51, 0x4f, 0xc9,
    0x00, 0x00, 0x00, 0xeb, 0x10, 0x11, 0x10, 0xff, 0x0d, 0x0e, 0x0d, 0xfd, 0x56, 0x57, 0x56, 0xfd,
    0x51, 0x52, 0x52, 0xeb, 0x06, 0x06, 0x0a, 0x49, 0x15, 0x15, 0x15, 0x79, 0x24, 0x24, 0x24, 0x9a,
    0x29, 0x2b, 0x2b, 0x98, 0x17, 0x1a, 0x1a, 0xac, 0x2b, 0x2d, 0x2d, 0xcc, 0x66, 0x66, 0x65, 0xff,
    0x33, 0x32, 0x32, 0xdf, 0x00, 0x00, 0x00, 0x1a, 0x1e, 0x1e, 0x1e, 0x11, 0x00, 0x00, 0x00, 0x15,
    0x85, 0x85, 0x85, 0x3d, 0x6b, 0x6a, 0x6a, 0xe8, 0x5f, 0x5e, 0x5e, 0xff, 0x91, 0x91, 0x91, 0xfb,
    0x31, 0x32, 0x32, 0xf7, 0x22, 0x23, 0x22, 0xfe, 0x19, 0x19, 0x18, 0xff, 0x1a, 0x19, 0x18, 0xff,
    0x11, 0x11, 0x10, 0xed, 0x0b, 0x0b, 0x0b, 0xdc, 0x0d, 0x0d, 0x0e, 0xc0, 0x0b, 0x0b, 0x0b, 0x8b,
    0x09, 0x0c, 0x0c, 0xdf, 0x0b, 0x0b, 0x0b, 0xe3, 0x0b, 0x0c, 0x0b, 0xe1, 0x0a, 0x0a, 0x0a, 0xab,
    0x0b, 0x09, 0x09, 0x6d, 0x0a, 0x0a, 0x0a, 0x78, 0x0c, 0x0c, 0x07, 0x67, 0x0a, 0x0a, 0x0c, 0x7a,
    0x0d, 0x0b, 0x09, 0x89, 0x0d, 0x0b, 0x0b, 0xb0, 0x14, 0x14, 0x13, 0xc7, 0x1f, 0x1f, 0x1e, 0xd1,
    0x2f, 0x2e, 0x2d, 0xd0, 0x3b, 0x3b, 0x3a, 0xd2, 0x3f, 0x40, 0x3e, 0xd0, 0x3c, 0x3c, 0x39, 0xd0,
    0x32, 0x31, 0x30, 0xd8, 0x2f, 0x2b, 0x2b, 0xd8, 0x2a, 0x2a, 0x28, 0xe0, 0x29, 0x2b, 0x28, 0xe1,
    0x29, 0x29, 0x27, 0xe2, 0x2a, 0x2a, 0x2a, 0xe0, 0x2b, 0x2b, 0x29, 0xde, 0x2a, 0x2a, 0x29, 0xdc,
    0x2b, 0x28, 0x27, 0xe0, 0x28, 0x28, 0x27, 0xe1, 0x2b, 0x27, 0x28, 0xe4, 0x28, 0x27, 0x26, 0xe9,
    0x29, 0x28, 0x26, 0xea, 0x28, 0x27, 0x27, 0xe8, 0x29, 0x28, 0x27, 0xe3, 0x29, 0x27, 0x26, 0xe6,
    0x29, 0x27, 0x26, 0xe8, 0x2a, 0x27, 0x25, 0xec, 0x27, 0x26, 0x26, 0xed, 0x26, 0x25, 0x24, 0xec,
    0x27, 0x27, 0x24, 0xe8, 0x27, 0x26, 0x25, 0xe9, 0x26, 0x25, 0x24, 0xe5, 0x27, 0x26, 0x24, 0xe6,
    0x26, 0x26, 0x26, 0xe5, 0x28, 0x26, 0x26, 0xe4, 0x28, 0x27, 0x25, 0xe3, 0x25, 0x26, 0x24, 0xe6,
    0x27, 0x25, 0x25, 0xe3, 0x27, 0x25, 0x23, 0xe3, 0x23, 0x24, 0x22, 0xe4, 0x25, 0x24, 0x23, 0xe0,
    0x24, 0x23, 0x22, 0xe1, 0x22, 0x23, 0x20, 0xe1, 0x23, 0x23, 0x20, 0xe1, 0x22, 0x23, 0x20, 0xdd,
    0x21, 0x20, 0x20, 0xe3, 0x21, 0x21, 0x20, 0xe6, 0x22, 0x22, 0x20, 0xe2, 0x21, 0x21, 0x20, 0xe6,
    0x20, 0x20, 0x1f, 0xec, 0x20, 0x20, 0x1e, 0xef, 0x1f, 0x1f, 0x1e, 0xf1, 0x1f, 0x1e, 0x1e, 0xf4,
    0x1f, 0x1e, 0x1e, 0xf2, 0x1e, 0x1d, 0x1d, 0xf3, 0x1d, 0x1d, 0x1c, 0xf4, 0x1e, 0x1d, 0x1c, 0xf5,
    0x1d, 0x1b, 0x1b, 0xf1, 0x1d, 0x1c, 0x1b, 0xf2, 0x1d, 0x1c, 0x1c, 0xf3, 0x1e, 0x1c, 0x1c, 0xf0,
    0x1e, 0x1d, 0x1c, 0xef, 0x1d, 0x1c, 0x1b, 0xf0, 0x1e, 0x1d, 0x1b, 0xed, 0x1d, 0x1c, 0x1a, 0xeb,
    0x1c, 0x1c, 0x1a, 0xeb, 0x1b, 0x1c, 0x1b, 0xec, 0x1c, 0x1b, 0x19, 0xf0, 0x1c, 0x1b, 0x19, 0xef,
    0x1c, 0x1b, 0x1a, 0xef, 0x1c, 0x1c, 0x1b, 0xeb, 0x1c, 0x1b, 0x1a, 0xe7, 0x1b, 0x1a, 0x1b, 0xe4,
    0x1c, 0x1b, 0x1b, 0xe0, 0x1b, 0x1b, 0x1a, 0xe4, 0x1d, 0x1c, 0x1a, 0xe3, 0x1a, 0x1a, 0x1b, 0xe4,
    0x1b, 0x1c, 0x1a, 0xe7, 0x1c, 0x1b, 0x1a, 0xee, 0x1a, 0x19, 0x1a, 0xee, 0x1a, 0x19, 0x19, 0xf0,
    0x1a, 0x19, 0x19, 0xed, 0x1d, 0x1a, 0x1a, 0xe6, 0x1c, 0x1b, 0x1a, 0xe7, 0x1c, 0x1c, 0x1b, 0xea,
    0x1b, 0x1b, 0x19, 0xec, 0x1b, 0x1a, 0x18, 0xf1, 0x1a, 0x18, 0x18, 0xf0, 0x1a, 0x19, 0x17, 0xfa,
    0x1b, 0x1a, 0x19, 0xff, 0x1b, 0x19, 0x18, 0xf9, 0x1b, 0x19, 0x18, 0xfb, 0x1a, 0x19, 0x19, 0xf7,
    0x19, 0x18, 0x17, 0xf6, 0x18, 0x17, 0x16, 0xfb, 0x18, 0x17, 0x17, 0xff, 0x18, 0x17, 0x17, 0xff,
    0x17, 0x17, 0x16, 0xff, 0x16, 0x16, 0x15, 0xfe, 0x0e, 0x0f, 0x0d, 0xf5, 0x09, 0x0b, 0x0b, 0xff,
    0x0b, 0x0c, 0x0c, 0xff, 0x0c, 0x0c, 0x0b, 0xff, 0x0b, 0x0b, 0x0b, 0xf6, 0x0c, 0x0c, 0x0c, 0x8f,
    0x0e, 0x0f, 0x0e, 0xe4, 0x0d, 0x0c, 0x0c, 0xed, 0x17, 0x17, 0x17, 0xfe, 0x19, 0x1a, 0x19, 0xfe,
    0x1c, 0x1c, 0x1c, 0xff, 0x25, 0x25, 0x25, 0xf1, 0x53, 0x54, 0x53, 0xd7, 0x9a, 0x9b, 0x9a, 0xff,
    0x65, 0x65, 0x65, 0xff, 0x95, 0x97, 0x97, 0xb8, 0x52, 0x52, 0x52, 0x22, 0x00, 0x00, 0x00, 0x11,
    0x7f, 0x7f, 0x7f, 0x02, 0x12, 0x12, 0x12, 0x6e, 0x58, 0x59, 0x59, 0xff, 0x4b, 0x4c, 0x4c, 0xe9,
    0x1b, 0x1d, 0x1b, 0xa5, 0x2b, 0x2c, 0x2b, 0xa0, 0x2d, 0x2d, 0x2d, 0x9d, 0x24, 0x25, 0x25, 0xbc,
    0x07, 0x04, 0x07, 0x68, 0x37, 0x37, 0x37, 0x93, 0x60, 0x60, 0x60, 0xff, 0x25, 0x25, 0x26, 0xff,
    0x0d, 0x0e, 0x0d, 0xff, 0x0f, 0x0f, 0x0f, 0xfe, 0x01, 0x01, 0x01, 0xea, 0x65, 0x65, 0x66, 0xda,
    0x65, 0x65, 0x65, 0xfc, 0x55, 0x55, 0x55, 0xff, 0xb6, 0xb6, 0xb7, 0xff, 0x3e, 0x3e, 0x3e, 0xfd,
    0x2a, 0x2b, 0x2a, 0xff, 0x1c, 0x1e, 0x1d, 0xff, 0x1c, 0x1d, 0x1c, 0xff, 0x11, 0x11, 0x12, 0xfb,
    0x0e, 0x0f, 0x0f, 0xe5, 0x0e, 0x0e, 0x0e, 0xff, 0x0b, 0x0b, 0x0b, 0xea, 0x00, 0x00, 0x00, 0x12,
    0x00, 0x00, 0x00, 0x00, 0x0c, 0x0c, 0x0c, 0x28, 0x0d, 0x0d, 0x0f, 0x86, 0x0c, 0x0d, 0x0d, 0xbe,
    0x0d, 0x0f, 0x0d, 0xc9, 0x10, 0x0f, 0x0f, 0xcb, 0x11, 0x10, 0x0e, 0xcf, 0x12, 0x12, 0x12, 0xcc,
    0x14, 0x11, 0x11, 0xcb, 0x11, 0x12, 0x11, 0xdf, 0x0f, 0x10, 0x10, 0xe7, 0x0d, 0x0e, 0x0e, 0xf4,
    0x0b, 0x0d, 0x0d, 0xf9, 0x0c, 0x0d, 0x0d, 0xfd, 0x0c, 0x0d, 0x0d, 0xff, 0x0b, 0x0c, 0x0c, 0xff,
    0x0d, 0x0d, 0x0d, 0xff, 0x0d, 0x0d, 0x0e, 0xff, 0x0f, 0x0f, 0x0e, 0xff, 0x10, 0x10, 0x10, 0xff,
    0x11, 0x11, 0x11, 0xff, 0x11, 0x11, 0x11, 0xff, 0x0f, 0x0f, 0x0f, 0xff, 0x0f, 0x0f, 0x0f, 0xff,
    0x0f, 0x0f, 0x0f, 0xff, 0x0f, 0x0f, 0x0f, 0xff, 0x0e, 0x0f, 0x0f, 0xff, 0x0f, 0x0f, 0x0f, 0xff,
    0x0f, 0x0f, 0x0f, 0xff, 0x10, 0x10, 0x10, 0xff, 0x0f, 0x0f, 0x0f, 0xff, 0x0f, 0x0f, 0x0f, 0xff,
    0x10, 0x10, 0x10, 0xff, 0x10, 0x10, 0x10, 0xff, 0x10, 0x10, 0x10, 0xff, 0x10, 0x10, 0x10, 0xff,
    0x10, 0x10, 0x10, 0xff, 0x10, 0x10, 0x10, 0xff, 0x10, 0x10, 0x10, 0xff, 0x0f, 0x10, 0x10, 0xff,
    0x10, 0x10, 0x10, 0xff, 0x10, 0x10, 0x10, 0xff, 0x10, 0x10, 0x10, 0xff, 0x0f, 0x0f, 0x10, 0xff,
    0x10, 0x10, 0x10, 0xff, 0x10, 0x10, 0x10, 0xff, 0x10, 0x10, 0x10, 0xff, 0x10, 0x10, 0x10, 0xff,
    0x10, 0x10, 0x10, 0xff, 0x10, 0x10, 0x10, 0xff, 0x10, 0x11, 0x10, 0xff, 0x10, 0x10, 0x10, 0xff,
    0x0f, 0x10, 0x10, 0xff, 0x10, 0x11, 0x10, 0xff, 0x10, 0x10, 0x10, 0xff, 0x0f, 0x10, 0x10, 0xff,
    0x10, 0x10, 0x10, 0xff, 0x10, 0x10, 0x10, 0xff, 0x10, 0x10, 0x10, 0xff, 0x10, 0x10, 0x10, 0xff,
    0x10, 0x10, 0x10, 0xff, 0x10, 0x10, 0x10, 0xfe, 0x10, 0x10, 0x10, 0xfd, 0x10, 0x10, 0x10, 0xfd,
    0x10, 0x10, 0x10, 0xfe, 0x10, 0x10, 0x10, 0xff, 0x0f, 0x10, 0x0f, 0xff, 0x10, 0x10, 0x0f, 0xff,
    0x0f, 0x10, 0x10, 0xff, 0x10, 0x10, 0x10, 0xff, 0x11, 0x11, 0x11, 0xff, 0x0f, 0x0f, 0x0f, 0xf9,
    0x11, 0x11, 0x11, 0xff, 0x11, 0x12, 0x10, 0xff, 0x27, 0x27, 0x27, 0xff, 0x2c, 0x2c, 0x2c, 0xea,
    0x7d, 0x7e, 0x7c, 0xe6, 0xaa, 0xab, 0xaa, 0xff, 0x34, 0x35, 0x34, 0xff, 0x6f, 0x6e, 0x6d, 0xfa,
    0x60, 0x61, 0x61, 0xdb, 0x05, 0x06, 0x05, 0xee, 0x1f, 0x1f, 0x20, 0xeb, 0x65, 0x65, 0x65, 0xfb,
    0x25, 0x24, 0x24, 0xeb, 0x0b, 0x0c, 0x0b, 0xef, 0x10, 0x12, 0x11, 0xdf, 0x05, 0x09, 0x07, 0x8b,
    0x00, 0x00, 0x00, 0x28, 0x00, 0x00, 0x00, 0x17, 0x17, 0x17, 0x13, 0x41, 0x56, 0x56, 0x56, 0xea,
    0x50, 0x51, 0x51, 0xfa, 0x00, 0x00, 0x00, 0x41, 0x08, 0x08, 0x08, 0x1d, 0x52, 0x52, 0x52, 0xa7,
    0x74, 0x75, 0x75, 0xf1, 0x6b, 0x6c, 0x6c, 0xff, 0xa2, 0xa2, 0xa3, 0xfc, 0x46, 0x46, 0x46, 0xe8,
    0x20, 0x20, 0x20, 0xf5, 0x16, 0x15, 0x16, 0xff, 0x18, 0x18, 0x18, 0xfb, 0x10, 0x10, 0x10, 0xf7,
    0x0a, 0x0a, 0x0a, 0xd7, 0x0b, 0x0b, 0x0b, 0xb6, 0x0a, 0x0b, 0x0b, 0xdd, 0x0a, 0x09, 0x09, 0xdc,
    0x0a, 0x0a, 0x0a, 0xdc, 0x09, 0x0a, 0x09, 0xdc, 0x0a, 0x0b, 0x0b, 0xe3, 0x09, 0x09, 0x09, 0xc3,
    0x04, 0x07, 0x07, 0x69, 0x02, 0x04, 0x04, 0x72, 0x06, 0x06, 0x06, 0x77, 0x04, 0x04, 0x04, 0x74,
    0x06, 0x06, 0x06, 0x76, 0x04, 0x04, 0x04, 0x69, 0x02, 0x02, 0x02, 0x67, 0x02, 0x00, 0x02, 0x73,
    0x00, 0x00, 0x00, 0x75, 0x00, 0x00, 0x00, 0x82, 0x00, 0x01, 0x00, 0x87, 0x03, 0x05, 0x03, 0x8b,
    0x06, 0x06, 0x06, 0x96, 0x0a, 0x08, 0x08, 0x93, 0x0a, 0x0a, 0x0a, 0x95, 0x0a, 0x0b, 0x0b, 0xad,
    0x0b, 0x0d, 0x0d, 0xac, 0x0c, 0x0c, 0x0c, 0xa0, 0x0d, 0x0e, 0x0b, 0x9b, 0x0d, 0x0d, 0x0d, 0x97,
    0x0d, 0x0d, 0x0d, 0x92, 0x0d, 0x0f, 0x0d, 0x98, 0x0d, 0x0e, 0x0d, 0x9a, 0x0e, 0x0c, 0x0c, 0xa2,
    0x0d, 0x0d, 0x0d, 0xaa, 0x0d, 0x0d, 0x0d, 0xa6, 0x0f, 0x0f, 0x0d, 0x95, 0x0e, 0x0e, 0x0e, 0x9d,
    0x0f, 0x0e, 0x0e, 0xa2, 0x0e, 0x0f, 0x0e, 0xa0, 0x0e, 0x0e, 0x0e, 0xac, 0x0f, 0x0f, 0x0f, 0xa9,
    0x0e, 0x10, 0x0e, 0xab, 0x0f, 0x0f, 0x0f, 0xa9, 0x0f, 0x0f, 0x0f, 0xa7, 0x10, 0x10, 0x10, 0xa7,
    0x10, 0x11, 0x11, 0x9e, 0x10, 0x10, 0x10, 0x9a, 0x12, 0x12, 0x10, 0x99, 0x11, 0x13, 0x13, 0x8f,
    0x13, 0x13, 0x13, 0x91, 0x14, 0x14, 0x14, 0x86, 0x14, 0x14, 0x14, 0x88, 0x14, 0x14, 0x14, 0x87,
    0x17, 0x15, 0x13, 0x81, 0x15, 0x15, 0x13, 0x82, 0x14, 0x14, 0x14, 0x88, 0x14, 0x15, 0x14, 0x8c,
    0x12, 0x12, 0x12, 0x96, 0x13, 0x11, 0x13, 0xad, 0x13, 0x13, 0x13, 0xac, 0x13, 0x13, 0x13, 0xad,
    0x12, 0x12, 0x12, 0xb5, 0x12, 0x13, 0x12, 0xc1, 0x11, 0x10, 0x10, 0xc8, 0x12, 0x11, 0x11, 0xce,
    0x11, 0x11, 0x11, 0xca, 0x13, 0x11, 0x11, 0xc9, 0x12, 0x11, 0x11, 0xcd, 0x12, 0x12, 0x11, 0xce,
    0x13, 0x13, 0x13, 0xc9, 0x12, 0x12, 0x12, 0xce, 0x13, 0x13, 0x13, 0xd6, 0x14, 0x14, 0x14, 0xd5,
    0x14, 0x14, 0x14, 0xd3, 0x14, 0x14, 0x14, 0xc9, 0x15, 0x14, 0x14, 0xbe, 0x14, 0x14, 0x14, 0xd2,
    0x14, 0x14, 0x14, 0xdc, 0x14, 0x14, 0x13, 0xd2, 0x13, 0x15, 0x13, 0xcd, 0x16, 0x14, 0x14, 0xc3,
    0x16, 0x14, 0x14, 0xc5, 0x17, 0x16, 0x16, 0xc3, 0x15, 0x15, 0x15, 0xc6, 0x16, 0x16, 0x16, 0xbf,
    0x16, 0x16, 0x16, 0xbd, 0x17, 0x17, 0x16, 0xb7, 0x18, 0x16, 0x15, 0xb2, 0x16, 0x16, 0x16, 0xb2,
    0x18, 0x18, 0x17, 0xb1, 0x19, 0x17, 0x17, 0xac, 0x18, 0x18, 0x18, 0xb1, 0x19, 0x16, 0x16, 0xc1,
    0x19, 0x17, 0x17, 0xc0, 0x17, 0x18, 0x17, 0xc4, 0x18, 0x17, 0x17, 0xc4, 0x18, 0x18, 0x16, 0xc9,
    0x17, 0x17, 0x16, 0xcc, 0x19, 0x17, 0x17, 0xcb, 0x19, 0x17, 0x17, 0xca, 0x1b, 0x19, 0x19, 0xbc,
    0x1b, 0x1a, 0x1a, 0xc2, 0x1b, 0x1a, 0x18, 0xc3, 0x1b, 0x1c, 0x1b, 0xbc, 0x1c, 0x1a, 0x19, 0xbf,
    0x1b, 0x1b, 0x1b, 0xb8, 0x1e, 0x1d, 0x1b, 0xb8, 0x1f, 0x1d, 0x1d, 0xb4, 0x1d, 0x1b, 0x1b, 0xb7,
    0x1b, 0x1d, 0x1b, 0xb8, 0x1b, 0x1b, 0x1a, 0xb9, 0x0f, 0x10, 0x0f, 0xc8, 0x09, 0x09, 0x08, 0xd7,
    0x0a, 0x0a, 0x09, 0xd8, 0x08, 0x09, 0x09, 0xd4, 0x09, 0x09, 0x09, 0xd4, 0x08, 0x09, 0x09, 0xdb,
    0x0b, 0x0b, 0x09, 0xd0, 0x0c, 0x0c, 0x0a, 0xe2, 0x0e, 0x0f, 0x0e, 0xfb, 0x14, 0x15, 0x15, 0xff,
    0x14, 0x14, 0x13, 0xfe, 0x20, 0x20, 0x20, 0xff, 0x25, 0x22, 0x24, 0xc6, 0x78, 0x77, 0x77, 0xd6,
    0xa4, 0xa4, 0xa3, 0xfe, 0x6b, 0x6b, 0x6b, 0xff, 0x70, 0x70, 0x70, 0xe1, 0x3a, 0x3a, 0x3a, 0x64,
    0x00, 0x00, 0x00, 0x08, 0x34, 0x34, 0x34, 0xbc, 0x65, 0x65, 0x65, 0xff, 0x31, 0x31, 0x31, 0xae,
    0x00, 0x00, 0x00, 0x57, 0x07, 0x05, 0x07, 0x82, 0x08, 0x08, 0x08, 0x9f, 0x07, 0x08, 0x08, 0xcd,
    0x0c, 0x0d, 0x0c, 0xed, 0x09, 0x09, 0x09, 0x9f, 0x56, 0x57, 0x56, 0xe3, 0x41, 0x41, 0x42, 0xff,
    0x03, 0x04, 0x04, 0xfb, 0x14, 0x14, 0x14, 0xf6, 0x75, 0x75, 0x75, 0xef, 0x6e, 0x6f, 0x6e, 0xfd,
    0x52, 0x52, 0x52, 0xff, 0xb5, 0xb5, 0xb6, 0xfe, 0x56, 0x55, 0x55, 0xf9, 0x24, 0x23, 0x24, 0xfc,
    0x20, 0x1f, 0x1f, 0xff, 0x1d, 0x1c, 0x1c, 0xff, 0x17, 0x17, 0x16, 0xff, 0x0c, 0x0c, 0x0c, 0xf5,
    0x0f, 0x10, 0x10, 0xfb, 0x0f, 0x0f, 0x0e, 0xff, 0x0d, 0x0d, 0x0e, 0xfd, 0x0e, 0x0e, 0x0e, 0xb3,
    0x13, 0x0c, 0x0c, 0x28, 0x00, 0x00, 0x00, 0x00, 0x0d, 0x0d, 0x0d, 0x92, 0x0f, 0x10, 0x0f, 0xff,
    0x0e, 0x0f, 0x0e, 0xfc, 0x0e, 0x0f, 0x0e, 0xff, 0x0e, 0x0f, 0x0e, 0xff, 0x0f, 0x10, 0x10, 0xff,
    0x10, 0x10, 0x10, 0xff, 0x0f, 0x10, 0x10, 0xff, 0x0f, 0x10, 0x10, 0xff, 0x10, 0x10, 0x10, 0xff,
    0x10, 0x10, 0x10, 0xff, 0x10, 0x11, 0x11, 0xff, 0x10, 0x10, 0x10, 0xff, 0x10, 0x11, 0x11, 0xff,
    0x11, 0x11, 0x11, 0xff, 0x11, 0x11, 0x11, 0xff, 0x10, 0x10, 0x10, 0xff, 0x10, 0x10, 0x10, 0xff,
    0x10, 0x10, 0x10, 0xff, 0x10, 0x10, 0x10, 0xff, 0x10, 0x0f, 0x10, 0xff, 0x10, 0x10, 0x10, 0xff,
    0x10, 0x10, 0x10, 0xff, 0x10, 0x10, 0x10, 0xff, 0x0f, 0x10, 0x10, 0xff, 0x0f, 0x10, 0x10, 0xff,
    0x10, 0x10, 0x10, 0xff, 0x10, 0x10, 0x10, 0xff, 0x10, 0x10, 0x10, 0xff, 0x10, 0x10, 0x10, 0xff,
    0x10, 0x10, 0x10, 0xff, 0x10, 0x10, 0x10, 0xff, 0x10, 0x10, 0x10, 0xff, 0x10, 0x10, 0x10, 0xff,
    0x10, 0x10, 0x10, 0xff, 0x10, 0x10, 0x10, 0xff, 0x10, 0x10, 0x10, 0xff, 0x0f, 0x10, 0x10, 0xff,
    0x10, 0x10, 0x10, 0xff, 0x10, 0x10, 0x10, 0xff, 0x10, 0x10, 0x10, 0xff, 0x10, 0x10, 0x10, 0xff,
    0x10, 0x10, 0x10, 0xff, 0x10, 0x10, 0x10, 0xff, 0x10, 0x10, 0x10, 0xff, 0x10, 0x10, 0x10, 0xff,
    0x10, 0x10, 0x10, 0xff, 0x10, 0x10, 0x10, 0xff, 0x10, 0x10, 0x10, 0xff, 0x10, 0x10, 0x10, 0xff,
    0x0f, 0x10, 0x10, 0xff, 0x10, 0x10, 0x10, 0xff, 0x10, 0x10, 0x10, 0xff, 0x0f, 0x10, 0x10, 0xff,
    0x0f, 0x10, 0x10, 0xfe, 0x0f, 0x0f, 0x0f, 0xfe, 0x0f, 0x0f, 0x0f, 0xfe, 0x0f, 0x0f, 0x0e, 0xff,
    0x0f, 0x0f, 0x0e, 0xff, 0x0f, 0x0e, 0x0f, 0xff, 0x0f, 0x0e, 0x0e, 0xff, 0x0e, 0x0e, 0x0d, 0xff,
    0x0d, 0x0e, 0x0d, 0xff, 0x0d, 0x0d, 0x0d, 0xfe, 0x0d, 0x0d, 0x0d, 0xf8, 0x0b, 0x0b, 0x0c, 0xf3,
    0x0a, 0x0a, 0x0a, 0xee, 0x0a, 0x0b, 0x0a, 0xec, 0x0c, 0x0c, 0x0c, 0xde, 0x0c, 0x0d, 0x0c, 0xd4,
    0x0c, 0x0d, 0x0c, 0xed, 0x0f, 0x0f, 0x0f, 0xfc, 0x0f, 0x0f, 0x0e, 0xff, 0x2a, 0x29, 0x29, 0xfb,
    0x2c, 0x2f, 0x2d, 0xde, 0x7e, 0x7e, 0x7d, 0xf0, 0xa7, 0xa8, 0xa8, 0xfe, 0x43, 0x44, 0x44, 0xff,
    0x65, 0x65, 0x65, 0xff, 0x67, 0x67, 0x66, 0xf5, 0x50, 0x50, 0x50, 0xfa, 0x50, 0x50, 0x50, 0xfe,
    0x00, 0x00, 0x00, 0xa9, 0x04, 0x04, 0x04, 0x7b, 0x09, 0x09, 0x09, 0x6f, 0x07, 0x07, 0x05, 0x61,
    0x05, 0x05, 0x05, 0x2f, 0x01, 0x01, 0x01, 0x00, 0x00, 0x00, 0x00, 0x00, 0x3f, 0x41, 0x41, 0x75,
    0x5c, 0x5c, 0x5c, 0xff, 0x33, 0x31, 0x31, 0xb9, 0x5b, 0x5b, 0x5b, 0xa8, 0x59, 0x5a, 0x5a, 0xff,
    0x7c, 0x7b, 0x7c, 0xff, 0xb9, 0xb9, 0xb9, 0xfe, 0x52, 0x53, 0x53, 0xfc, 0x25, 0x23, 0x25, 0xf8,
    0x1a, 0x1a, 0x1a, 0xff, 0x14, 0x14, 0x15, 0xfd, 0x10, 0x10, 0x10, 0xf8, 0x08, 0x08, 0x08, 0xc8,
    0x09, 0x09, 0x09, 0x8c, 0x0c, 0x0c, 0x0c, 0x8a, 0x00, 0x00, 0x00, 0x0f, 0x00, 0x00, 0x00, 0x0c,
    0x00, 0x00, 0x00, 0x0d, 0x00, 0x00, 0x00, 0x13, 0x00, 0x00, 0x00, 0x19, 0x05, 0x05, 0x05, 0x2b,
    0x04, 0x09, 0x09, 0x36, 0x04, 0x04, 0x04, 0x35, 0x0a, 0x0a, 0x05, 0x33, 0x04, 0x04, 0x04, 0x36,
    0x08, 0x08, 0x08, 0x3b, 0x05, 0x05, 0x05, 0x2f, 0x09, 0x04, 0x04, 0x38, 0x09, 0x09, 0x09, 0x38,
    0x09, 0x09, 0x09, 0x36, 0x07, 0x07, 0x07, 0x41, 0x07, 0x07, 0x07, 0x45, 0x07, 0x03, 0x07, 0x44,
    0x04, 0x04, 0x04, 0x3e, 0x00, 0x04, 0x04, 0x34, 0x00, 0x00, 0x00, 0x33, 0x04, 0x04, 0x04, 0x38,
    0x03, 0x00, 0x00, 0x41, 0x00, 0x00, 0x00, 0x3f, 0x00, 0x00, 0x00, 0x3a, 0x00, 0x04, 0x00, 0x3f,
    0x00, 0x00, 0x00, 0x36, 0x04, 0x00, 0x00, 0x3e, 0x00, 0x00, 0x00, 0x3c, 0x00, 0x00, 0x00, 0x40,
    0x00, 0x03, 0x00, 0x46, 0x00, 0x00, 0x00, 0x44, 0x03, 0x00, 0x00, 0x40, 0x00, 0x00, 0x00, 0x3b,
    0x00, 0x00, 0x00, 0x45, 0x00, 0x00, 0x00, 0x3d, 0x00, 0x00, 0x00, 0x3e, 0x00, 0x00, 0x00, 0x31,
    0x00, 0x00, 0x00, 0x37, 0x00, 0x00, 0x00, 0x37, 0x00, 0x00, 0x00, 0x38, 0x00, 0x00, 0x00, 0x42,
    0x00, 0x00, 0x00, 0x38, 0x00, 0x00, 0x00, 0x39, 0x00, 0x00, 0x00, 0x3a, 0x00, 0x00, 0x00, 0x33,
    0x00, 0x00, 0x00, 0x38, 0x00, 0x00, 0x00, 0x39, 0x00, 0x00, 0x00, 0x39, 0x00, 0x00, 0x00, 0x36,
    0x00, 0x00, 0x00, 0x38, 0x00, 0x00, 0x00, 0x3c, 0x00, 0x00, 0x00, 0x3b, 0x00, 0x00, 0x00, 0x3b,
    0x00, 0x00, 0x00, 0x3e, 0x00, 0x00, 0x00, 0x40, 0x00, 0x00, 0x00, 0x45, 0x00, 0x00, 0x00, 0x4a,
    0x00, 0x00, 0x00, 0x3a, 0x00, 0x00, 0x00, 0x40, 0x00, 0x00, 0x00, 0x40, 0x00, 0x00, 0x00, 0x3d,
    0x00, 0x00, 0x00, 0x3f, 0x00, 0x00, 0x00, 0x3f, 0x00, 0x00, 0x00, 0x3d, 0x00, 0x00, 0x00, 0x3e,
    0x00, 0x00, 0x00, 0x36, 0x00, 0x00, 0x00, 0x42, 0x00, 0x00, 0x00, 0x43, 0x00, 0x00, 0x00, 0x3c,
    0x00, 0x00, 0x00, 0x46, 0x00, 0x00, 0x00, 0x42, 0x00, 0x00, 0x00, 0x3e, 0x00, 0x00, 0x00, 0x3f,
    0x00, 0x00, 0x00, 0x44, 0x00, 0x00, 0x00, 0x45, 0x00, 0x00, 0x00, 0x3b, 0x00, 0x00, 0x00, 0x3d,
    0x00, 0x00, 0x00, 0x3f, 0x00, 0x00, 0x00, 0x2c, 0x00, 0x00, 0x00, 0x31, 0x00, 0x00, 0x00, 0x32,
    0x00, 0x00, 0x00, 0x2b, 0x00, 0x00, 0x00, 0x2e, 0x00, 0x00, 0x00, 0x2f, 0x00, 0x00, 0x00, 0x2d,
    0x00, 0x00, 0x00, 0x2d, 0x00, 0x00, 0x00, 0x2e, 0x00, 0x00, 0x00, 0x28, 0x00, 0x00, 0x00, 0x36,
    0x00, 0x00, 0x00, 0x33, 0x00, 0x00, 0x00, 0x2d, 0x00, 0x00, 0x00, 0x29, 0x00, 0x00, 0x00, 0x2b,
    0x00, 0x00, 0x00, 0x2c, 0x00, 0x00, 0x00, 0x2a, 0x00, 0x00, 0x00, 0x2b, 0x00, 0x00, 0x00, 0x20,
    0x00, 0x00, 0x00, 0x21, 0x00, 0x00, 0x00, 0x1e, 0x00, 0x00, 0x00, 0x12, 0x00, 0x00, 0x00, 0x1a,
    0x00, 0x00, 0x00, 0x19, 0x00, 0x00, 0x00, 0x13, 0x00, 0x00, 0x00, 0x14, 0x00, 0x00, 0x00, 0x13,
    0x00, 0x00, 0x00, 0x11, 0x00, 0x00, 0x00, 0x10, 0x00, 0x00, 0x00, 0x16, 0x00, 0x00, 0x00, 0x0d,
    0x00, 0x00, 0x00, 0x10, 0x00, 0x00, 0x00, 0x0d, 0x00, 0x00, 0x00, 0x0a, 0x00, 0x00, 0x00, 0x08,
    0x0a, 0x0a, 0x0a, 0x19, 0x0c, 0x0c, 0x0c, 0xb1, 0x0a, 0x0a, 0x0a, 0xcc, 0x0e, 0x0e, 0x0e, 0xf6,
    0x10, 0x10, 0x10, 0xfe, 0x12, 0x12, 0x12, 0xff, 0x25, 0x25, 0x26, 0xfd, 0x29, 0x29, 0x29, 0xe5,
    0x7f, 0x7d, 0x7d, 0xfc, 0xb6, 0xb6, 0xb6, 0xfc, 0x59, 0x5a, 0x5a, 0xff, 0x5b, 0x5b, 0x5b, 0xed,
    0x41, 0x41, 0x40, 0xa7, 0x52, 0x50, 0x50, 0xf9, 0x51, 0x50, 0x50, 0xdb, 0x00, 0x00, 0x00, 0x2e,
    0x00, 0x00, 0x00, 0x35, 0x0b, 0x07, 0x0b, 0x45, 0x03, 0x07, 0x07, 0x43, 0x0a, 0x0a, 0x0a, 0x4c,
    0x0b, 0x0e, 0x0b, 0x5a, 0x00, 0x00, 0x00, 0x42, 0x41, 0x41, 0x41, 0x89, 0x51, 0x51, 0x51, 0xff,
    0x33, 0x32, 0x32, 0xf1, 0x7d, 0x7d, 0x7d, 0xf5, 0x64, 0x64, 0x65, 0xff, 0x5f, 0x5f, 0x5f, 0xff,
    0xb0, 0xb2, 0xb1, 0xff, 0x5f, 0x5e, 0x5f, 0xf9, 0x26, 0x25, 0x26, 0xf6, 0x22, 0x22, 0x23, 0xff,
    0x15, 0x14, 0x14, 0xfc, 0x14, 0x14, 0x14, 0xf5, 0x0d, 0x0d, 0x0c, 0xfe, 0x0e, 0x0e, 0x0d, 0xeb,
    0x0c, 0x0c, 0x0b, 0xe2, 0x0b, 0x0c, 0x0c, 0xf7, 0x0c, 0x0c, 0x0c, 0xff, 0x0e, 0x0f, 0x0e, 0xff,
    0x0d, 0x0e, 0x0d, 0xf3, 0x0e, 0x0b, 0x0e, 0x6c, 0x0d, 0x0d, 0x0d, 0xac, 0x0f, 0x11, 0x0f, 0xff,
    0x0e, 0x0f, 0x0e, 0xff, 0x0f, 0x0f, 0x0f, 0xff, 0x0f, 0x0f, 0x0f, 0xff, 0x10, 0x10, 0x10, 0xfd,
    0x10, 0x10, 0x10, 0xfd, 0x10, 0x10, 0x10, 0xfe, 0x10, 0x10, 0x10, 0xfe, 0x10, 0x10, 0x10, 0xff,
    0x10, 0x10, 0x10, 0xff, 0x10, 0x10, 0x10, 0xff, 0x10, 0x10, 0x10, 0xff, 0x10, 0x10, 0x10, 0xff,
    0x10, 0x10, 0x10, 0xff, 0x10, 0x10, 0x10, 0xff, 0x10, 0x10, 0x10, 0xff, 0x10, 0x10, 0x10, 0xff,
    0x10, 0x10, 0x10, 0xff, 0x10, 0x10, 0x10, 0xff, 0x10, 0x10, 0x10, 0xff, 0x10, 0x10, 0x10, 0xff,
    0x10, 0x10, 0x10, 0xff, 0x0f, 0x10, 0x10, 0xff, 0x10, 0x10, 0x10, 0xff, 0x10, 0x10, 0x10, 0xff,
    0x10, 0x10, 0x10, 0xff, 0x10, 0x10, 0x10, 0xff, 0x10, 0x10, 0x10, 0xff, 0x10, 0x10, 0x10, 0xff,
    0x12, 0x12, 0x12, 0xff, 0x12, 0x12, 0x12, 0xff, 0x12, 0x12, 0x12, 0xff, 0x11, 0x11, 0x11, 0xff,
    0x11, 0x11, 0x11, 0xff, 0x11, 0x11, 0x11, 0xff, 0x11, 0x12, 0x11, 0xff, 0x10, 0x11, 0x11, 0xff,
    0x10, 0x11, 0x11, 0xff, 0x11, 0x11, 0x11, 0xff, 0x10, 0x11, 0x11, 0xff, 0x11, 0x11, 0x11, 0xff,
    0x11, 0x10, 0x10, 0xff, 0x10, 0x11, 0x11, 0xff, 0x10, 0x11, 0x11, 0xff, 0x10, 0x10, 0x10, 0xff,
    0x0f, 0x0f, 0x0f, 0xff, 0x0f, 0x0f, 0x0f, 0xff, 0x0f, 0x10, 0x0f, 0xff, 0x0e, 0x0e, 0x0f, 0xff,
    0x0e, 0x0e, 0x0e, 0xff, 0x0e, 0x0e, 0x0e, 0xff, 0x0d, 0x0e, 0x0d, 0xff, 0x0e, 0x0e, 0x0d, 0xff,
    0x0d, 0x0d, 0x0d, 0xff, 0x0c, 0x0c, 0x0c, 0xff, 0x0b, 0x0c, 0x0b, 0xff, 0x0b, 0x0b, 0x0b, 0xff,
    0x0a, 0x0a, 0x09, 0xf4, 0x08, 0x09, 0x09, 0xde, 0x09, 0x07, 0x09, 0xc3, 0x05, 0x07, 0x07, 0xac,
    0x06, 0x08, 0x08, 0x9c, 0x07, 0x05, 0x05, 0x8d, 0x06, 0x06, 0x06, 0x7a, 0x05, 0x05, 0x05, 0x64,
    0x03, 0x03, 0x03, 0x53, 0x03, 0x03, 0x03, 0x42, 0x00, 0x00, 0x00, 0x24, 0x09, 0x0c, 0x09, 0x50,
    0x0b, 0x0b, 0x0b, 0xb9, 0x0b, 0x0b, 0x0d, 0xf7, 0x0d, 0x0d, 0x0c, 0xf5, 0x10, 0x10, 0x10, 0xfd,
    0x29, 0x2a, 0x2a, 0xfc, 0x2d, 0x2d, 0x2d, 0xf2, 0x6b, 0x6c, 0x6c, 0xfe, 0xb2, 0xb3, 0xb2, 0xff,
    0x6e, 0x6e, 0x6f, 0xff, 0x52, 0x52, 0x52, 0xff, 0x5e, 0x5e, 0x5d, 0xfe, 0x2c, 0x2c, 0x2c, 0xff,
    0x45, 0x45, 0x45, 0xa4, 0xa2, 0x9d, 0xa2, 0x2f, 0x79, 0x79, 0x79, 0x15, 0x89, 0x89, 0x89, 0x1a,
    0x29, 0x29, 0x29, 0x3e, 0x31, 0x31, 0x31, 0x39, 0x9c, 0x9c, 0x9c, 0x31, 0x41, 0x41, 0x41, 0x95,
    0x47, 0x45, 0x46, 0xff, 0x4e, 0x4d, 0x4e, 0xff, 0x46, 0x47, 0x47, 0xff, 0x93, 0x94, 0x94, 0xff,
    0xb2, 0xb1, 0xb1, 0xfe, 0x50, 0x50, 0x50, 0xff, 0x2d, 0x2d, 0x2e, 0xff, 0x22, 0x22, 0x22, 0xff,
    0x15, 0x15, 0x15, 0xfe, 0x13, 0x13, 0x13, 0xfd, 0x09, 0x09, 0x09, 0xdc, 0x08, 0x08, 0x06, 0x7d,
    0x0c, 0x0c, 0x0c, 0xa0, 0x15, 0x15, 0x15, 0x0c, 0x00, 0x00, 0x00, 0x00, 0x00, 0x00, 0x00, 0x00,
    0x00, 0x00, 0x00, 0x00, 0x00, 0x00, 0x00, 0x00, 0x00, 0x00, 0x00, 0x00, 0x00, 0x00, 0x00, 0x00,
    0x00, 0x00, 0x00, 0x00, 0x00, 0x00, 0x00, 0x00, 0x00, 0x00, 0x00, 0x00, 0x00, 0x00, 0x00, 0x00,
    0x00, 0x00, 0x00, 0x00, 0x00, 0x00, 0x00, 0x00, 0x00, 0x00, 0x00, 0x00, 0x00, 0x00, 0x00, 0x00,
    0x00, 0x00, 0x00, 0x00, 0x00, 0x00, 0x00, 0x00, 0x00, 0x00, 0x00, 0x00, 0x00, 0x00, 0x00, 0x00,
    0x00, 0x00, 0x00, 0x00, 0x00, 0x00, 0x00, 0x00, 0x00, 0x00, 0x00, 0x00, 0x00, 0x00, 0x00, 0x00,
    0x00, 0x00, 0x00, 0x00, 0x00, 0x00, 0x00, 0x00, 0x00, 0x00, 0x00, 0x00, 0x00, 0x00, 0x00, 0x00,
    0x00, 0x00, 0x00, 0x00, 0x00, 0x00, 0x00, 0x00, 0x00, 0x00, 0x00, 0x00, 0x00, 0x00, 0x00, 0x00,
    0x00, 0x00, 0x00, 0x00, 0x00, 0x00, 0x00, 0x00, 0x00, 0x00, 0x00, 0x00, 0x00, 0x00, 0x00, 0x00,
    0x00, 0x00, 0x00, 0x00, 0x00, 0x00, 0x00, 0x00, 0x00, 0x00, 0x00, 0x00, 0x00, 0x00, 0x00, 0x00,
    0x00, 0x00, 0x00, 0x00, 0x00, 0x00, 0x00, 0x00, 0x00, 0x00, 0x00, 0x00, 0x00, 0x00, 0x00, 0x00,
    0x00, 0x00, 0x00, 0x00, 0x00, 0x00, 0x00, 0x00, 0x00, 0x00, 0x00, 0x00, 0x00, 0x00, 0x00, 0x00,
    0x00, 0x00, 0x00, 0x00, 0x00, 0x00, 0x00, 0x00, 0x00, 0x00, 0x00, 0x00, 0x00, 0x00, 0x00, 0x00,
    0x00, 0x00, 0x00, 0x00, 0x00, 0x00, 0x00, 0x00, 0x00, 0x00, 0x00, 0x00, 0x00, 0x00, 0x00, 0x00,
    0x00, 0x00, 0x00, 0x00, 0x00, 0x00, 0x00, 0x00, 0x00, 0x00, 0x00, 0x00, 0x00, 0x00, 0x00, 0x00,
    0x00, 0x00, 0x00, 0x00, 0x00, 0x00, 0x00, 0x00, 0x00, 0x00, 0x00, 0x00, 0x00, 0x00, 0x00, 0x00,
    0x00, 0x00, 0x00, 0x00, 0x00, 0x00, 0x00, 0x00, 0x00, 0x00, 0x00, 0x00, 0x00, 0x00, 0x00, 0x00,
    0x00, 0x00, 0x00, 0x00, 0x00, 0x00, 0x00, 0x00, 0x00, 0x00, 0x00, 0x00, 0x00, 0x00, 0x00, 0x00,
    0x00, 0x00, 0x00, 0x00, 0x00, 0x00, 0x00, 0x00, 0x00, 0x00, 0x00, 0x00, 0x00, 0x00, 0x00, 0x00,
    0x00, 0x00, 0x00, 0x00, 0x00, 0x00, 0x00, 0x00, 0x00, 0x00, 0x00, 0x00, 0x00, 0x00, 0x00, 0x00,
    0x00, 0x00, 0x00, 0x00, 0x00, 0x00, 0x00, 0x00, 0x00, 0x00, 0x00, 0x00, 0x00, 0x00, 0x00, 0x00,
    0x00, 0x00, 0x00, 0x00, 0x00, 0x00, 0x00, 0x00, 0x00, 0x00, 0x00, 0x00, 0x00, 0x00, 0x00, 0x00,
    0x00, 0x00, 0x00, 0x00, 0x00, 0x00, 0x00, 0x00, 0x00, 0x00, 0x00, 0x00, 0x00, 0x00, 0x00, 0x00,
    0x00, 0x00, 0x00, 0x00, 0x00, 0x00, 0x00, 0x00, 0x01, 0x00, 0x00, 0x00, 0x00, 0x00, 0x00, 0x00,
    0x00, 0x00, 0x00, 0x00, 0x00, 0x00, 0x00, 0x00, 0x00, 0x00, 0x00, 0x00, 0x00, 0x00, 0x00, 0x00,
    0x00, 0x00, 0x00, 0x00, 0x00, 0x00, 0x00, 0x00, 0x00, 0x00, 0x00, 0x00, 0x00, 0x00, 0x00, 0x00,
    0x00, 0x00, 0x00, 0x00, 0x00, 0x00, 0x00, 0x00, 0x00, 0x00, 0x00, 0x00, 0x00, 0x00, 0x00, 0x00,
    0x00, 0x00, 0x00, 0x00, 0x00, 0x00, 0x00, 0x00, 0x00, 0x00, 0x00, 0x00, 0x00, 0x00, 0x00, 0x00,
    0x00, 0x00, 0x00, 0x00, 0x00, 0x00, 0x00, 0x00, 0x00, 0x00, 0x00, 0x00, 0x00, 0x00, 0x00, 0x01,
    0x00, 0x00, 0x00, 0x00, 0x0c, 0x0c, 0x0c, 0x3c, 0x0a, 0x0a, 0x0a, 0xad, 0x09, 0x09, 0x07, 0xc1,
    0x0c, 0x0e, 0x0d, 0xff, 0x11, 0x11, 0x11, 0xfb, 0x17, 0x17, 0x17, 0xff, 0x2e, 0x2f, 0x2f, 0xff,
    0x2b, 0x2a, 0x2a, 0xff, 0x73, 0x73, 0x73, 0xff, 0xb8, 0xb9, 0xb9, 0xfd, 0x6b, 0x6c, 0x6b, 0xff,
    0x4a, 0x4a, 0x49, 0xff, 0x59, 0x57, 0x58, 0xff, 0x2e, 0x2d, 0x2e, 0xdf, 0x66, 0x66, 0x66, 0x55,
    0x9a, 0x91, 0x9a, 0x1c, 0x1a, 0x1a, 0x14, 0x26, 0x2d, 0x2d, 0x2d, 0x3d, 0x28, 0x1e, 0x28, 0x19,
    0x7f, 0x71, 0x71, 0x12, 0x6e, 0x6e, 0x6e, 0x3c, 0x2f, 0x2f, 0x2d, 0xc8, 0x4b, 0x4b, 0x4b, 0xff,
    0x53, 0x53, 0x53, 0xfd, 0x4f, 0x50, 0x4f, 0xff, 0x85, 0x85, 0x85, 0xff, 0xac, 0xac, 0xad, 0xff,
    0x58, 0x57, 0x58, 0xff, 0x2e, 0x2d, 0x2e, 0xff, 0x26, 0x26, 0x27, 0xff, 0x14, 0x14, 0x14, 0xfe,
    0x14, 0x14, 0x14, 0xf3, 0x08, 0x08, 0x08, 0xd0, 0x0c, 0x0c, 0x0c, 0xbf, 0x08, 0x08, 0x08, 0x3f,
    0x00, 0x06, 0x00, 0x26, 0x03, 0x03, 0x06, 0x4c, 0x05, 0x07, 0x05, 0x65, 0x06, 0x06, 0x06, 0x7b,
    0x07, 0x07, 0x07, 0x89, 0x08, 0x06, 0x08, 0x9a, 0x07, 0x07, 0x07, 0xa8, 0x08, 0x08, 0x08, 0xbb,
    0x08, 0x09, 0x08, 0xce, 0x0a, 0x0c, 0x0a, 0xe0, 0x0b, 0x0b, 0x0b, 0xf1, 0x0c, 0x0c, 0x0c, 0xff,
    0x0d, 0x0d, 0x0d, 0xff, 0x0f, 0x0f, 0x0f, 0xff, 0x0f, 0x0e, 0x0f, 0xff, 0x0f, 0x0f, 0x0f, 0xff,
    0x10, 0x0f, 0x0f, 0xff, 0x11, 0x11, 0x11, 0xff, 0x11, 0x10, 0x11, 0xff, 0x10, 0x10, 0x10, 0xff,
    0x11, 0x11, 0x11, 0xff, 0x11, 0x11, 0x11, 0xff, 0x10, 0x11, 0x10, 0xff, 0x11, 0x11, 0x12, 0xff,
    0x11, 0x11, 0x11, 0xff, 0x11, 0x11, 0x11, 0xff, 0x11, 0x11, 0x11, 0xff, 0x12, 0x12, 0x11, 0xff,
    0x11, 0x11, 0x11, 0xff, 0x11, 0x11, 0x11, 0xff, 0x11, 0x12, 0x11, 0xff, 0x11, 0x11, 0x11, 0xff,
    0x11, 0x11, 0x11, 0xff, 0x11, 0x11, 0x11, 0xff, 0x11, 0x11, 0x11, 0xff, 0x10, 0x11, 0x11, 0xff,
    0x12, 0x12, 0x12, 0xff, 0x12, 0x12, 0x12, 0xff, 0x12, 0x12, 0x12, 0xff, 0x11, 0x11, 0x11, 0xff,
    0x11, 0x11, 0x11, 0xff, 0x11, 0x11, 0x11, 0xff, 0x12, 0x11, 0x11, 0xff, 0x11, 0x11, 0x11, 0xff,
    0x11, 0x11, 0x11, 0xff, 0x11, 0x11, 0x11, 0xff, 0x11, 0x10, 0x10, 0xff, 0x10, 0x10, 0x10, 0xff,
    0x10, 0x10, 0x10, 0xff, 0x10, 0x10, 0x10, 0xff, 0x10, 0x0f, 0x10, 0xff, 0x0f, 0x0f, 0x0f, 0xff,
    0x0e, 0x0e, 0x0e, 0xff, 0x0e, 0x0e, 0x0e, 0xff, 0x0d, 0x0d, 0x0d, 0xff, 0x0c, 0x0d, 0x0d, 0xff,
    0x0c, 0x0d, 0x0b, 0xff, 0x0b, 0x0c, 0x0b, 0xfc, 0x0b, 0x0b, 0x0b, 0xf8, 0x09, 0x0a, 0x09, 0xf3,
    0x08, 0x08, 0x08, 0xe3, 0x08, 0x08, 0x08, 0xd3, 0x07, 0x08, 0x07, 0xb3, 0x06, 0x07, 0x07, 0xa1,
    0x05, 0x05, 0x05, 0x81, 0x05, 0x05, 0x05, 0x5f, 0x03, 0x03, 0x03, 0x4a, 0x05, 0x05, 0x05, 0x2b,
    0x09, 0x00, 0x00, 0x1a, 0x00, 0x00, 0x00, 0x19, 0x00, 0x00, 0x00, 0x17, 0x00, 0x00, 0x00, 0x03,
    0x00, 0x00, 0x00, 0x00, 0x00, 0x00, 0x00, 0x00, 0x00, 0x00, 0x00, 0x00, 0x00, 0x00, 0x00, 0x00,
    0x09, 0x09, 0x09, 0x54, 0x09, 0x09, 0x09, 0xa2, 0x0a, 0x0b, 0x0a, 0xe1, 0x0b, 0x0b, 0x0b, 0xf5,
    0x11, 0x11, 0x12, 0xfe, 0x2b, 0x2b, 0x2b, 0xff, 0x31, 0x31, 0x30, 0xff, 0x4d, 0x4e, 0x4d, 0xff,
    0xa8, 0xa9, 0xa9, 0xff, 0x87, 0x86, 0x87, 0xff, 0x4f, 0x4f, 0x50, 0xff, 0x40, 0x40, 0x40, 0xff,
    0x45, 0x45, 0x45, 0xff, 0x68, 0x68, 0x68, 0xf8, 0x80, 0x7f, 0x7e, 0xee, 0x46, 0x46, 0x46, 0xef,
    0x4d, 0x4c, 0x4d, 0xf9, 0x77, 0x77, 0x77, 0xf4, 0x65, 0x65, 0x65, 0xf1, 0x42, 0x41, 0x42, 0xff,
    0x36, 0x37, 0x36, 0xff, 0x64, 0x64, 0x64, 0xfd, 0xac, 0xad, 0xac, 0xfb, 0x8c, 0x8d, 0x8c, 0xf9,
    0x3a, 0x3a, 0x3a, 0xfe, 0x2c, 0x2c, 0x2d, 0xff, 0x20, 0x20, 0x21, 0xff, 0x13, 0x13, 0x13, 0xfd,
    0x12, 0x12, 0x11, 0xfc, 0x0b, 0x0b, 0x0b, 0xef, 0x08, 0x08, 0x08, 0xad, 0x0a, 0x0a, 0x0a, 0x8c,
    0x0c, 0x0c, 0x0c, 0x29, 0x00, 0x00, 0x00, 0x00, 0x00, 0x00, 0x00, 0x03, 0x00, 0x00, 0x00, 0x01,
    0x00, 0x00, 0x00, 0x01, 0x00, 0x00, 0x00, 0x01, 0x00, 0x00, 0x00, 0x01, 0x00, 0x00, 0x00, 0x02,
    0x00, 0x00, 0x00, 0x02, 0x00, 0x00, 0x00, 0x02, 0x00, 0x00, 0x00, 0x02, 0x00, 0x00, 0x00, 0x02,
    0x00, 0x00, 0x00, 0x03, 0x00, 0x00, 0x00, 0x02, 0x00, 0x00, 0x00, 0x01, 0x00, 0x00, 0x00, 0x03,
    0x00, 0x00, 0x00, 0x02, 0x00, 0x00, 0x00, 0x02, 0x00, 0x00, 0x00, 0x02, 0x00, 0x00, 0x00, 0x02,
    0x00, 0x00, 0x00, 0x02, 0x00, 0x00, 0x00, 0x01, 0x00, 0x00, 0x00, 0x01, 0x00, 0x00, 0x00, 0x02,
    0x00, 0x00, 0x00, 0x02, 0x00, 0x00, 0x00, 0x02, 0x00, 0x00, 0x00, 0x02, 0x00, 0x00, 0x00, 0x02,
    0x00, 0x00, 0x00, 0x01, 0x00, 0x00, 0x00, 0x02, 0x00, 0x00, 0x00, 0x04, 0x00, 0x00, 0x00, 0x04,
    0x00, 0x00, 0x00, 0x03, 0x00, 0x00, 0x00, 0x03, 0x00, 0x00, 0x00, 0x02, 0x00, 0x00, 0x00, 0x02,
    0x00, 0x00, 0x00, 0x02, 0x00, 0x00, 0x00, 0x02, 0x00, 0x00, 0x00, 0x02, 0x00, 0x00, 0x00, 0x02,
    0x00, 0x00, 0x00, 0x02, 0x00, 0x00, 0x00, 0x02, 0x00, 0x00, 0x00, 0x02, 0x00, 0x00, 0x00, 0x02,
    0x00, 0x00, 0x00, 0x02, 0x00, 0x00, 0x00, 0x02, 0x00, 0x00, 0x00, 0x02, 0x00, 0x00, 0x00, 0x01,
    0x00, 0x00, 0x00, 0x02, 0x00, 0x00, 0x00, 0x02, 0x00, 0x00, 0x00, 0x01, 0x00, 0x00, 0x00, 0x02,
    0x00, 0x00, 0x00, 0x02, 0x00, 0x00, 0x00, 0x02, 0x00, 0x00, 0x00, 0x02, 0x00, 0x00, 0x00, 0x02,
    0x00, 0x00, 0x00, 0x02, 0x00, 0x00, 0x00, 0x02, 0x00, 0x00, 0x00, 0x02, 0x00, 0x00, 0x00, 0x02,
    0x00, 0x00, 0x00, 0x02, 0x00, 0x00, 0x00, 0x02, 0x00, 0x00, 0x00, 0x02, 0x00, 0x00, 0x00, 0x02,
    0x00, 0x00, 0x00, 0x03, 0x00, 0x00, 0x00, 0x02, 0x00, 0x00, 0x00, 0x02, 0x00, 0x00, 0x00, 0x02,
    0x00, 0x00, 0x00, 0x03, 0x00, 0x00, 0x00, 0x02, 0x00, 0x00, 0x00, 0x02, 0x00, 0x00, 0x00, 0x02,
    0x00, 0x00, 0x00, 0x03, 0x00, 0x00, 0x00, 0x02, 0x00, 0x00, 0x00, 0x02, 0x00, 0x00, 0x00, 0x02,
    0x00, 0x00, 0x00, 0x02, 0x00, 0x00, 0x00, 0x03, 0x00, 0x00, 0x00, 0x02, 0x00, 0x00, 0x00, 0x02,
    0x00, 0x00, 0x00, 0x02, 0x00, 0x00, 0x00, 0x02, 0x00, 0x00, 0x00, 0x02, 0x00, 0x00, 0x00, 0x02,
    0x00, 0x00, 0x00, 0x01, 0x00, 0x00, 0x00, 0x02, 0x00, 0x00, 0x00, 0x03, 0x00, 0x00, 0x00, 0x01,
    0x00, 0x00, 0x00, 0x01, 0x00, 0x00, 0x00, 0x02, 0x00, 0x00, 0x00, 0x01, 0x00, 0x00, 0x00, 0x02,
    0x00, 0x00, 0x00, 0x02, 0x00, 0x00, 0x00, 0x02, 0x00, 0x00, 0x00, 0x02, 0x00, 0x00, 0x00, 0x01,
    0x00, 0x00, 0x00, 0x02, 0x00, 0x00, 0x00, 0x02, 0x00, 0x00, 0x00, 0x02, 0x00, 0x00, 0x00, 0x01,
    0x00, 0x00, 0x00, 0x02, 0x00, 0x00, 0x00, 0x01, 0x00, 0x00, 0x00, 0x01, 0x00, 0x00, 0x00, 0x01,
    0x00, 0x00, 0x00, 0x01, 0x00, 0x00, 0x00, 0x01, 0x00, 0x00, 0x00, 0x01, 0x00, 0x00, 0x00, 0x01,
    0x00, 0x00, 0x00, 0x01, 0x00, 0x00, 0x00, 0x01, 0x00, 0x00, 0x00, 0x02, 0x00, 0x00, 0x00, 0x02,
    0x00, 0x00, 0x00, 0x01, 0x00, 0x00, 0x00, 0x01, 0x00, 0x00, 0x00, 0x01, 0x00, 0x00, 0x00, 0x01,
    0x00, 0x00, 0x00, 0x03, 0x00, 0x00, 0x00, 0x00, 0x0e, 0x0e, 0x0b, 0x5a, 0x0a, 0x0a, 0x08, 0x97,
    0x08, 0x09, 0x09, 0xb6, 0x0d, 0x0d, 0x0c, 0xff, 0x11, 0x12, 0x11, 0xf9, 0x16, 0x17, 0x17, 0xfe,
    0x2c, 0x2c, 0x2b, 0xff, 0x2c, 0x2c, 0x2b, 0xff, 0x50, 0x50, 0x50, 0xfd, 0xab, 0xab, 0xab, 0xf8,
    0x84, 0x84, 0x85, 0xfe, 0x44, 0x44, 0x44, 0xff, 0x37, 0x37, 0x37, 0xff, 0x48, 0x49, 0x49, 0xff,
    0x6d, 0x6d, 0x6d, 0xee, 0x70, 0x70, 0x6f, 0xf0, 0x33, 0x34, 0x34, 0xfb, 0x6e, 0x6e, 0x6f, 0xeb,
    0x6d, 0x6d, 0x6c, 0xed, 0x4e, 0x4f, 0x4e, 0xf9, 0x2d, 0x2d, 0x2d, 0xfe, 0x3c, 0x3d, 0x3c, 0xff,
    0x58, 0x58, 0x57, 0xff, 0xa4, 0xa4, 0xa3, 0xff, 0x8c, 0x8c, 0x8c, 0xff, 0x3e, 0x40, 0x40, 0xff,
    0x31, 0x30, 0x31, 0xff, 0x28, 0x28, 0x28, 0xfe, 0x13, 0x13, 0x13, 0xfe, 0x11, 0x11, 0x11, 0xfe,
    0x0b, 0x0b, 0x0b, 0xf0, 0x09, 0x09, 0x09, 0xa7, 0x06, 0x06, 0x06, 0x28, 0x00, 0x00, 0x00, 0x00,
    0x00, 0x00, 0x00, 0x00, 0x00, 0x00, 0x00, 0x00, 0x00, 0x00, 0x00, 0x00, 0x00, 0x00, 0x00, 0x00,
    0x00, 0x00, 0x00, 0x10, 0x00, 0x00, 0x00, 0x1e, 0x00, 0x00, 0x00, 0x26, 0x04, 0x04, 0x00, 0x38,
    0x03, 0x03, 0x03, 0x4f, 0x04, 0x04, 0x04, 0x73, 0x05, 0x05, 0x05, 0x8e, 0x05, 0x08, 0x08, 0xb4,
    0x08, 0x09, 0x09, 0xdc, 0x09, 0x09, 0x09, 0xf1, 0x0c, 0x0b, 0x0b, 0xff, 0x0c, 0x0c, 0x0c, 0xff,
    0x0d, 0x0d, 0x0d, 0xff, 0x0e, 0x0e, 0x0e, 0xff, 0x0f, 0x0e, 0x0e, 0xff, 0x0f, 0x0f, 0x0f, 0xff,
    0x10, 0x10, 0x10, 0xff, 0x10, 0x10, 0x10, 0xff, 0x10, 0x10, 0x10, 0xff, 0x10, 0x11, 0x11, 0xff,
    0x11, 0x11, 0x11, 0xff, 0x11, 0x11, 0x11, 0xff, 0x11, 0x12, 0x12, 0xff, 0x11, 0x12, 0x11, 0xff,
    0x11, 0x11, 0x11, 0xff, 0x11, 0x11, 0x11, 0xff, 0x11, 0x11, 0x11, 0xff, 0x11, 0x11, 0x11, 0xff,
    0x11, 0x11, 0x11, 0xff, 0x12, 0x12, 0x12, 0xff, 0x12, 0x12, 0x13, 0xff, 0x12, 0x12, 0x12, 0xff,
    0x12, 0x11, 0x12, 0xff, 0x12, 0x12, 0x12, 0xff, 0x12, 0x12, 0x12, 0xff, 0x11, 0x11, 0x11, 0xff,
    0x11, 0x11, 0x11, 0xff, 0x12, 0x11, 0x12, 0xff, 0x11, 0x12, 0x11, 0xff, 0x11, 0x11, 0x11, 0xff,
    0x10, 0x10, 0x10, 0xff, 0x10, 0x10, 0x10, 0xff, 0x10, 0x10, 0x10, 0xff, 0x0f, 0x10, 0x0f, 0xff,
    0x10, 0x10, 0x10, 0xff, 0x0f, 0x0f, 0x0f, 0xff, 0x0f, 0x0f, 0x0e, 0xff, 0x0e, 0x0f, 0x0f, 0xff,
    0x0e, 0x0f, 0x0e, 0xff, 0x0c, 0x0c, 0x0c, 0xff, 0x0c, 0x0c, 0x0c, 0xff, 0x0b, 0x0c, 0x0b, 0xfd,
    0x09, 0x09, 0x09, 0xf4, 0x09, 0x0a, 0x09, 0xf5, 0x08, 0x08, 0x08, 0xdd, 0x06, 0x06, 0x06, 0xbb,
    0x07, 0x07, 0x06, 0xa1, 0x06, 0x06, 0x04, 0x7f, 0x05, 0x05, 0x05, 0x58, 0x03, 0x03, 0x03, 0x44,
    0x04, 0x04, 0x04, 0x34, 0x00, 0x00, 0x00, 0x2a, 0x00, 0x06, 0x00, 0x2a, 0x00, 0x09, 0x00, 0x1a,
    0x00, 0x00, 0x00, 0x17, 0x00, 0x00, 0x00, 0x05, 0x00, 0x00, 0x00, 0x05, 0x00, 0x00, 0x00, 0x06,
    0x00, 0x00, 0x00, 0x03, 0x00, 0x00, 0x00, 0x02, 0x00, 0x00, 0x00, 0x02, 0x00, 0x00, 0x00, 0x03,
    0x00, 0x00, 0x00, 0x00, 0x0a, 0x0a, 0x06, 0x49, 0x09, 0x09, 0x09, 0xa4, 0x0a, 0x0a, 0x0a, 0xe1,
    0x0e, 0x0f, 0x0e, 0xff, 0x0f, 0x10, 0x0f, 0xfc, 0x21, 0x22, 0x21, 0xff, 0x29, 0x28, 0x2a, 0xfc,
    0x2f, 0x30, 0x2f, 0xf6, 0x51, 0x51, 0x51, 0xeb, 0x7b, 0x78, 0x79, 0xf9, 0xb2, 0xb0, 0xb0, 0xff,
    0x94, 0x95, 0x95, 0xfd, 0x80, 0x82, 0x81, 0xff, 0x80, 0x80, 0x80, 0xff, 0x61, 0x62, 0x62, 0xff,
    0x66, 0x66, 0x67, 0xff, 0x7a, 0x7b, 0x7b, 0xff, 0x77, 0x78, 0x78, 0xff, 0x97, 0x97, 0x97, 0xfd,
    0x8d, 0x8d, 0x8e, 0xff, 0x59, 0x59, 0x59, 0xfd, 0x4e, 0x4e, 0x4d, 0xf7, 0x27, 0x26, 0x27, 0xef,
    0x28, 0x27, 0x28, 0xfd, 0x1b, 0x1b, 0x1b, 0xff, 0x13, 0x13, 0x13, 0xfd, 0x0f, 0x0f, 0x0f, 0xfe,
    0x0c, 0x0c, 0x0c, 0xf7, 0x08, 0x08, 0x07, 0xb2, 0x08, 0x08, 0x08, 0x90, 0x10, 0x10, 0x10, 0x3f,
    0x00, 0x00, 0x00, 0x00, 0x00, 0x00, 0x00, 0x03, 0x00, 0x00, 0x00, 0x00, 0x00, 0x00, 0x00, 0x00,
    0x00, 0x00, 0x00, 0x00, 0x00, 0x00, 0x00, 0x00, 0x00, 0x00, 0x00, 0x00, 0x00, 0x00, 0x00, 0x00,
    0x00, 0x00, 0x00, 0x00, 0x00, 0x00, 0x00, 0x01, 0x00, 0x00, 0x00, 0x00, 0x00, 0x00, 0x00, 0x00,
    0x00, 0x00, 0x00, 0x00, 0x00, 0x00, 0x00, 0x00, 0x00, 0x00, 0x00, 0x03, 0x00, 0x00, 0x00, 0x00,
    0x00, 0x00, 0x00, 0x00, 0x00, 0x00, 0x00, 0x01, 0x00, 0x00, 0x00, 0x00, 0x00, 0x00, 0x00, 0x00,
    0x00, 0x00, 0x00, 0x00, 0x00, 0x00, 0x00, 0x00, 0x00, 0x00, 0x00, 0x00, 0x00, 0x00, 0x00, 0x00,
    0x00, 0x00, 0x00, 0x00, 0x00, 0x00, 0x00, 0x00, 0x00, 0x00, 0x00, 0x00, 0x00, 0x00, 0x00, 0x00,
    0x00, 0x00, 0x00, 0x00, 0x00, 0x00, 0x00, 0x00, 0x00, 0x00, 0x00, 0x00, 0x00, 0x00, 0x00, 0x00,
    0x00, 0x00, 0x00, 0x01, 0x00, 0x00, 0x00, 0x01, 0x00, 0x00, 0x00, 0x00, 0x00, 0x00, 0x00, 0x00,
    0x00, 0x00, 0x00, 0x00, 0x00, 0x00, 0x00, 0x00, 0x00, 0x00, 0x00, 0x00, 0x00, 0x00, 0x00, 0x00,
    0x00, 0x00, 0x00, 0x00, 0x00, 0x00, 0x00, 0x00, 0x00, 0x00, 0x00, 0x00, 0x00, 0x00, 0x00, 0x00,
    0x00, 0x00, 0x00, 0x00, 0x00, 0x00, 0x00, 0x00, 0x00, 0x00, 0x00, 0x00, 0x00, 0x00, 0x00, 0x00,
    0x00, 0x00, 0x00, 0x00, 0x00, 0x00, 0x00, 0x00, 0x00, 0x00, 0x00, 0x02, 0x00, 0x00, 0x00, 0x01,
    0x00, 0x00, 0x00, 0x01, 0x00, 0x00, 0x00, 0x00, 0x00, 0x00, 0x00, 0x00, 0x00, 0x00, 0x00, 0x00,
    0x00, 0x00, 0x00, 0x00, 0x00, 0x00, 0x00, 0x00, 0x00, 0x00, 0x00, 0x00, 0x00, 0x00, 0x00, 0x00,
    0x00, 0x00, 0x00, 0x00, 0x00, 0x00, 0x00, 0x00, 0x00, 0x00, 0x00, 0x00, 0x00, 0x00, 0x00, 0x00,
    0x00, 0x00, 0x00, 0x01, 0x00, 0x00, 0x00, 0x00, 0x00, 0x00, 0x00, 0x00, 0x00, 0x00, 0x00, 0x00,
    0x00, 0x00, 0x00, 0x00, 0x00, 0x00, 0x00, 0x00, 0x00, 0x00, 0x00, 0x00, 0x00, 0x00, 0x00, 0x02,
    0x00, 0x00, 0x00, 0x01, 0x00, 0x00, 0x00, 0x00, 0x00, 0x00, 0x00, 0x00, 0x00, 0x00, 0x00, 0x00,
    0x00, 0x00, 0x00, 0x00, 0x00, 0x00, 0x00, 0x01, 0x00, 0x00, 0x00, 0x00, 0x00, 0x00, 0x00, 0x00,
    0x00, 0x00, 0x00, 0x00, 0x00, 0x00, 0x00, 0x00, 0x00, 0x00, 0x00, 0x00, 0x00, 0x00, 0x00, 0x00,
    0x00, 0x00, 0x00, 0x00, 0x00, 0x00, 0x00, 0x01, 0x00, 0x00, 0x00, 0x01, 0x00, 0x00, 0x00, 0x00,
    0x00, 0x00, 0x00, 0x00, 0x00, 0x00, 0x00, 0x01, 0x00, 0x00, 0x00, 0x01, 0x00, 0x00, 0x00, 0x00,
    0x00, 0x00, 0x00, 0x00, 0x00, 0x00, 0x00, 0x00, 0x00, 0x00, 0x00, 0x00, 0x00, 0x00, 0x00, 0x00,
    0x00, 0x00, 0x00, 0x00, 0x00, 0x00, 0x00, 0x00, 0x00, 0x00, 0x00, 0x00, 0x00, 0x00, 0x00, 0x00,
    0x00, 0x00, 0x00, 0x00, 0x00, 0x00, 0x00, 0x00, 0x00, 0x00, 0x00, 0x02, 0x00, 0x00, 0x00, 0x00,
    0x00, 0x00, 0x00, 0x00, 0x00, 0x00, 0x00, 0x00, 0x00, 0x00, 0x00, 0x00, 0x00, 0x00, 0x00, 0x00,
    0x00, 0x00, 0x00, 0x00, 0x00, 0x00, 0x00, 0x01, 0x00, 0x00, 0x00, 0x00, 0x00, 0x00, 0x00, 0x00,
    0x00, 0x00, 0x00, 0x00, 0x00, 0x00, 0x00, 0x00, 0x00, 0x00, 0x00, 0x00, 0x00, 0x00, 0x00, 0x01,
    0x00, 0x00, 0x00, 0x00, 0x00, 0x00, 0x00, 0x02, 0x00, 0x00, 0x00, 0x00, 0x0c, 0x0c, 0x0c, 0x54,
    0x0a, 0x08, 0x0a, 0x95, 0x0a, 0x0a, 0x0a, 0xc8, 0x0b, 0x0d, 0x0a, 0xfe, 0x10, 0x10, 0x10, 0xfd,
    0x15, 0x15, 0x15, 0xfd, 0x24, 0x24, 0x23, 0xff, 0x25, 0x25, 0x25, 0xfd, 0x32, 0x31, 0x32, 0xe3,
    0x50, 0x50, 0x50, 0xeb, 0x6f, 0x70, 0x6f, 0xfc, 0xa0, 0xa0, 0xa0, 0xfd, 0x82, 0x81, 0x82, 0xfd,
    0x76, 0x77, 0x77, 0xff, 0x75, 0x76, 0x77, 0xff, 0x5a, 0x5a, 0x59, 0xff, 0x76, 0x76, 0x76, 0xff,
    0x80, 0x81, 0x81, 0xff, 0x80, 0x81, 0x80, 0xfd, 0x9d, 0x9d, 0x9d, 0xf9, 0x8f, 0x90, 0x90, 0xff,
    0x56, 0x56, 0x56, 0xfd, 0x4f, 0x51, 0x50, 0xfd, 0x28, 0x29, 0x29, 0xfd, 0x26, 0x26, 0x27, 0xfb,
    0x1e, 0x20, 0x20, 0xff, 0x15, 0x16, 0x16, 0xfe, 0x0f, 0x0f, 0x0f, 0xfe, 0x0c, 0x0d, 0x0d, 0xf9,
    0x09, 0x09, 0x09, 0xbd, 0x07, 0x07, 0x07, 0x45, 0x00, 0x00, 0x00, 0x00, 0x00, 0x00, 0x00, 0x04,
    0x00, 0x00, 0x00, 0x03, 0x00, 0x00, 0x00, 0x04, 0x00, 0x00, 0x00, 0x05, 0x00, 0x00, 0x00, 0x01,
    0x00, 0x00, 0x00, 0x06, 0x00, 0x00, 0x00, 0x0c, 0x00, 0x00, 0x00, 0x09, 0x00, 0x07, 0x00, 0x20,
    0x05, 0x00, 0x05, 0x33, 0x07, 0x03, 0x07, 0x47, 0x02, 0x05, 0x02, 0x5e, 0x04, 0x07, 0x04, 0x6c,
    0x07, 0x07, 0x07, 0x8c, 0x06, 0x06, 0x06, 0xb7, 0x07, 0x07, 0x09, 0xe1, 0x09, 0x09, 0x0a, 0xf4,
    0x0b, 0x0b, 0x0b, 0xfc, 0x0d, 0x0d, 0x0e, 0xfe, 0x0d, 0x0d, 0x0d, 0xff, 0x0e, 0x0e, 0x0e, 0xff,
    0x0e, 0x0e, 0x0e, 0xff, 0x0e, 0x0f, 0x0f, 0xff, 0x0f, 0x0f, 0x0f, 0xff, 0x10, 0x10, 0x10, 0xff,
    0x10, 0x10, 0x10, 0xff, 0x10, 0x10, 0x10, 0xff, 0x11, 0x11, 0x11, 0xff, 0x11, 0x11, 0x11, 0xff,
    0x11, 0x11, 0x11, 0xff, 0x11, 0x11, 0x11, 0xff, 0x11, 0x11, 0x12, 0xff, 0x11, 0x11, 0x11, 0xff,
    0x12, 0x12, 0x11, 0xff, 0x11, 0x11, 0x11, 0xff, 0x11, 0x11, 0x11, 0xff, 0x11, 0x11, 0x11, 0xff,
    0x12, 0x12, 0x12, 0xff, 0x12, 0x12, 0x12, 0xff, 0x12, 0x12, 0x12, 0xff, 0x12, 0x12, 0x12, 0xff,
    0x12, 0x12, 0x12, 0xff, 0x12, 0x12, 0x12, 0xff, 0x11, 0x12, 0x11, 0xff, 0x11, 0x12, 0x11, 0xff,
    0x10, 0x11, 0x11, 0xff, 0x11, 0x11, 0x11, 0xff, 0x11, 0x11, 0x10, 0xff, 0x10, 0x10, 0x10, 0xff,
    0x10, 0x10, 0x10, 0xff, 0x0f, 0x0f, 0x0f, 0xff, 0x0e, 0x0e, 0x0e, 0xff, 0x0e, 0x0e, 0x0e, 0xff,
    0x0d, 0x0d, 0x0d, 0xff, 0x0d, 0x0c, 0x0d, 0xff, 0x0b, 0x0c, 0x0b, 0xff, 0x0a, 0x0a, 0x0a, 0xfc,
    0x09, 0x09, 0x09, 0xee, 0x07, 0x07, 0x07, 0xd2, 0x05, 0x07, 0x07, 0xb1, 0x07, 0x07, 0x06, 0xa2,
    0x05, 0x07, 0x05, 0x82, 0x02, 0x05, 0x05, 0x57, 0x04, 0x04, 0x04, 0x35, 0x05, 0x05, 0x05, 0x30,
    0x05, 0x05, 0x05, 0x2f, 0x00, 0x00, 0x00, 0x1e, 0x00, 0x00, 0x00, 0x1b, 0x00, 0x08, 0x00, 0x1f,
    0x00, 0x00, 0x00, 0x17, 0x00, 0x00, 0x00, 0x0c, 0x00, 0x00, 0x00, 0x06, 0x00, 0x00, 0x00, 0x01,
    0x00, 0x00, 0x00, 0x02, 0x00, 0x00, 0x00, 0x00, 0x00, 0x00, 0x00, 0x02, 0x00, 0x00, 0x00, 0x01,
    0x00, 0x00, 0x00, 0x02, 0x00, 0x00, 0x00, 0x04, 0x04, 0x04, 0x04, 0x3a, 0x08, 0x08, 0x08, 0x9f,
    0x0c, 0x0c, 0x0c, 0xe8, 0x0d, 0x0d, 0x0c, 0xfb, 0x0c, 0x0e, 0x0e, 0xfa, 0x13, 0x13, 0x13, 0xfa,
    0x1e, 0x1f, 0x1e, 0xf5, 0x28, 0x28, 0x27, 0xf5, 0x33, 0x32, 0x32, 0xf7, 0x45, 0x45, 0x44, 0xfd,
    0x6e, 0x6f, 0x6e, 0xff, 0x8a, 0x8a, 0x8a, 0xff, 0x98, 0x98, 0x99, 0xfe, 0x9d, 0x9d, 0x9d, 0xfe,
    0x97, 0x97, 0x97, 0xff, 0x8c, 0x8c, 0x8c, 0xfe, 0x7d, 0x7d, 0x7c, 0xfe, 0x63, 0x65, 0x64, 0xff,
    0x48, 0x48, 0x49, 0xff, 0x35, 0x35, 0x35, 0xfd, 0x26, 0x27, 0x26, 0xfd, 0x1c, 0x1d, 0x1c, 0xfc,
    0x13, 0x15, 0x14, 0xff, 0x13, 0x13, 0x13, 0xfa, 0x0a, 0x0a, 0x0a, 0xef, 0x09, 0x0a, 0x09, 0xd9,
    0x08, 0x08, 0x08, 0x9f, 0x09, 0x09, 0x07, 0x83, 0x0a, 0x0a, 0x0a, 0x33, 0x00, 0x00, 0x00, 0x00,
    0x00, 0x00, 0x00, 0x03, 0x00, 0x00, 0x00, 0x00, 0x00, 0x00, 0x00, 0x00, 0x00, 0x00, 0x00, 0x00,
    0x00, 0x00, 0x00, 0x00, 0x00, 0x00, 0x00, 0x00, 0x00, 0x00, 0x00, 0x00, 0x00, 0x00, 0x00, 0x00,
    0x00, 0x00, 0x00, 0x00, 0x00, 0x00, 0x00, 0x00, 0x00, 0x00, 0x00, 0x00, 0x00, 0x00, 0x00, 0x00,
    0x00, 0x00, 0x00, 0x00, 0x00, 0x00, 0x00, 0x01, 0x00, 0x00, 0x00, 0x01, 0x00, 0x00, 0x00, 0x00,
    0x00, 0x00, 0x00, 0x00, 0x00, 0x00, 0x00, 0x01, 0x00, 0x00, 0x00, 0x00, 0x00, 0x00, 0x00, 0x00,
    0x00, 0x00, 0x00, 0x00, 0x00, 0x00, 0x00, 0x00, 0x00, 0x00, 0x00, 0x00, 0x00, 0x00, 0x00, 0x00,
    0x00, 0x00, 0x00, 0x00, 0x00, 0x00, 0x00, 0x00, 0x00, 0x00, 0x00, 0x00, 0x00, 0x00, 0x00, 0x00,
    0x00, 0x00, 0x00, 0x00, 0x00, 0x00, 0x00, 0x01, 0x00, 0x00, 0x00, 0x00, 0x00, 0x00, 0x00, 0x00,
    0x00, 0x00, 0x00, 0x01, 0x00, 0x00, 0x00, 0x00, 0x00, 0x00, 0x00, 0x01, 0x00, 0x00, 0x00, 0x00,
    0x00, 0x00, 0x00, 0x00, 0x00, 0x00, 0x00, 0x00, 0x00, 0x00, 0x00, 0x00, 0x00, 0x00, 0x00, 0x00,
    0x00, 0x00, 0x00, 0x00, 0x00, 0x00, 0x00, 0x00, 0x00, 0x00, 0x00, 0x00, 0x00, 0x00, 0x00, 0x00,
    0x00, 0x00, 0x00, 0x00, 0x00, 0x00, 0x00, 0x00, 0x00, 0x00, 0x00, 0x01, 0x00, 0x00, 0x00, 0x00,
    0x00, 0x00, 0x00, 0x00, 0x00, 0x00, 0x00, 0x02, 0x00, 0x00, 0x00, 0x01, 0x00, 0x00, 0x00, 0x00,
    0x00, 0x00, 0x00, 0x00, 0x00, 0x00, 0x00, 0x00, 0x00, 0x00, 0x00, 0x00, 0x00, 0x00, 0x00, 0x00,
    0x00, 0x00, 0x00, 0x01, 0x00, 0x00, 0x00, 0x01, 0x00, 0x00, 0x00, 0x01, 0x00, 0x00, 0x00, 0x01,
    0x00, 0x00, 0x00, 0x00, 0x00, 0x00, 0x00, 0x00, 0x00, 0x00, 0x00, 0x00, 0x00, 0x00, 0x00, 0x00,
    0x00, 0x00, 0x00, 0x00, 0x00, 0x00, 0x00, 0x00, 0x00, 0x00, 0x00, 0x00, 0x00, 0x00, 0x00, 0x00,
    0x00, 0x00, 0x00, 0x00, 0x00, 0x00, 0x00, 0x00, 0x00, 0x00, 0x00, 0x00, 0x00, 0x00, 0x00, 0x01,
    0x00, 0x00, 0x00, 0x00, 0x00, 0x00, 0x00, 0x00, 0x00, 0x00, 0x00, 0x00, 0x00, 0x00, 0x00, 0x00,
    0x00, 0x00, 0x00, 0x01, 0x00, 0x00, 0x00, 0x01, 0x00, 0x00, 0x00, 0x00, 0x00, 0x00, 0x00, 0x00,
    0x00, 0x00, 0x00, 0x00, 0x00, 0x00, 0x00, 0x00, 0x00, 0x00, 0x00, 0x00, 0x00, 0x00, 0x00, 0x00,
    0x00, 0x00, 0x00, 0x00, 0x00, 0x00, 0x00, 0x01, 0x00, 0x00, 0x00, 0x00, 0x00, 0x00, 0x00, 0x00,
    0x00, 0x00, 0x00, 0x00, 0x00, 0x00, 0x00, 0x00, 0x00, 0x00, 0x00, 0x01, 0x00, 0x00, 0x00, 0x00,
    0x00, 0x00, 0x00, 0x01, 0x00, 0x00, 0x00, 0x01, 0x00, 0x00, 0x00, 0x01, 0x00, 0x00, 0x00, 0x01,
    0x00, 0x00, 0x00, 0x00, 0x00, 0x00, 0x00, 0x00, 0x00, 0x00, 0x00, 0x00, 0x00, 0x00, 0x00, 0x00,
    0x00, 0x00, 0x00, 0x00, 0x00, 0x00, 0x00, 0x00, 0x00, 0x00, 0x00, 0x00, 0x00, 0x00, 0x00, 0x00,
    0x00, 0x00, 0x00, 0x01, 0x00, 0x00, 0x00, 0x01, 0x00, 0x00, 0x00, 0x00, 0x00, 0x00, 0x00, 0x00,
    0x00, 0x00, 0x00, 0x00, 0x00, 0x00, 0x00, 0x01, 0x00, 0x00, 0x00, 0x00, 0x00, 0x00, 0x00, 0x00,
    0x00, 0x00, 0x00, 0x00, 0x00, 0x00, 0x00, 0x00, 0x00, 0x00, 0x00, 0x01, 0x00, 0x00, 0x00, 0x01,
    0x00, 0x00, 0x00, 0x00, 0x00, 0x00, 0x00, 0x01, 0x00, 0x00, 0x00, 0x02, 0x00, 0x00, 0x00, 0x03,
    0x0c, 0x0c, 0x0c, 0x51, 0x08, 0x08, 0x08, 0x7b, 0x08, 0x09, 0x08, 0xb4, 0x0b, 0x0b, 0x0a, 0xf6,
    0x0d, 0x0d, 0x0c, 0xfc, 0x11, 0x12, 0x12, 0xf5, 0x1a, 0x1a, 0x1a, 0xfe, 0x21, 0x21, 0x21, 0xfd,
    0x2a, 0x29, 0x2a, 0xf6, 0x35, 0x36, 0x36, 0xfc, 0x4b, 0x4b, 0x4b, 0xff, 0x6d, 0x6d, 0x6d, 0xff,
    0x80, 0x81, 0x81, 0xfe, 0x8f, 0x8f, 0x90, 0xfe, 0x9d, 0x9d, 0x9c, 0xfe, 0x98, 0x98, 0x97, 0xfe,
    0x94, 0x96, 0x96, 0xfe, 0x89, 0x89, 0x8a, 0xff, 0x6c, 0x6c, 0x6d, 0xff, 0x4c, 0x4d, 0x4c, 0xff,
    0x39, 0x39, 0x39, 0xfd, 0x2b, 0x2b, 0x2a, 0xfc, 0x1f, 0x1f, 0x1f, 0xfc, 0x13, 0x13, 0x13, 0xfb,
    0x10, 0x12, 0x11, 0xf8, 0x0a, 0x0c, 0x0b, 0xf1, 0x09, 0x0a, 0x0a, 0xed, 0x08, 0x0a, 0x08, 0xae,
    0x08, 0x08, 0x08, 0x3f, 0x00, 0x00, 0x00, 0x00, 0x00, 0x00, 0x00, 0x03, 0x00, 0x00, 0x00, 0x00,
    0x00, 0x00, 0x00, 0x00, 0x00, 0x00, 0x00, 0x00, 0x00, 0x00, 0x00, 0x00, 0x00, 0x00, 0x00, 0x01,
    0x00, 0x00, 0x00, 0x01, 0x00, 0x00, 0x00, 0x02, 0x00, 0x00, 0x00, 0x03, 0x00, 0x00, 0x00, 0x07,
    0x00, 0x00, 0x00, 0x17, 0x00, 0x00, 0x00, 0x1b, 0x04, 0x04, 0x04, 0x3d, 0x06, 0x06, 0x06, 0x54,
    0x07, 0x04, 0x07, 0x6d, 0x05, 0x07, 0x05, 0x8b, 0x07, 0x07, 0x07, 0xae, 0x06, 0x06, 0x07, 0xc5,
    0x08, 0x09, 0x09, 0xec, 0x0b, 0x0b, 0x0b, 0xfd, 0x0b, 0x0b, 0x0b, 0xfe, 0x0d, 0x0d, 0x0d, 0xff,
    0x0e, 0x0e, 0x0e, 0xff, 0x0f, 0x0e, 0x0e, 0xff, 0x0f, 0x0f, 0x0f, 0xff, 0x0f, 0x10, 0x0f, 0xff,
    0x10, 0x10, 0x10, 0xff, 0x10, 0x10, 0x10, 0xff, 0x11, 0x11, 0x11, 0xff, 0x11, 0x12, 0x12, 0xff,
    0x13, 0x12, 0x12, 0xff, 0x11, 0x12, 0x12, 0xff, 0x12, 0x12, 0x12, 0xff, 0x12, 0x12, 0x12, 0xff,
    0x12, 0x12, 0x12, 0xff, 0x11, 0x11, 0x11, 0xff, 0x11, 0x11, 0x11, 0xff, 0x11, 0x12, 0x12, 0xff,
    0x13, 0x13, 0x13, 0xff, 0x13, 0x13, 0x13, 0xff, 0x13, 0x13, 0x13, 0xff, 0x13, 0x13, 0x13, 0xff,
    0x13, 0x13, 0x13, 0xff, 0x12, 0x12, 0x11, 0xff, 0x11, 0x11, 0x11, 0xff, 0x11, 0x11, 0x11, 0xff,
    0x11, 0x11, 0x12, 0xff, 0x11, 0x11, 0x12, 0xff, 0x11, 0x12, 0x11, 0xff, 0x11, 0x11, 0x11, 0xff,
    0x11, 0x10, 0x11, 0xff, 0x10, 0x0f, 0x10, 0xff, 0x0e, 0x0e, 0x0e, 0xff, 0x0e, 0x0e, 0x0d, 0xff,
    0x0d, 0x0d, 0x0c, 0xff, 0x0b, 0x0c, 0x0c, 0xff, 0x0b, 0x0a, 0x0b, 0xfb, 0x09, 0x09, 0x09, 0xef,
    0x09, 0x08, 0x08, 0xdb, 0x07, 0x07, 0x07, 0xaa, 0x06, 0x06, 0x06, 0x98, 0x05, 0x05, 0x05, 0x88,
    0x07, 0x05, 0x07, 0x60, 0x06, 0x06, 0x06, 0x55, 0x03, 0x03, 0x03, 0x44, 0x04, 0x04, 0x04, 0x36,
    0x00, 0x08, 0x08, 0x1f, 0x00, 0x00, 0x00, 0x1a, 0x00, 0x07, 0x00, 0x21, 0x00, 0x00, 0x00, 0x0d,
    0x00, 0x00, 0x00, 0x0e, 0x00, 0x00, 0x00, 0x13, 0x00, 0x00, 0x00, 0x06, 0x00, 0x00, 0x00, 0x03,
    0x00, 0x00, 0x00, 0x01, 0x00, 0x00, 0x00, 0x02, 0x00, 0x00, 0x00, 0x01, 0x00, 0x00, 0x00, 0x00,
    0x00, 0x00, 0x00, 0x00, 0x00, 0x00, 0x00, 0x00, 0x00, 0x00, 0x00, 0x00, 0x06, 0x06, 0x06, 0x25,
    0x08, 0x08, 0x08, 0x5b, 0x09, 0x0b, 0x09, 0xb4, 0x0a, 0x0b, 0x0a, 0xe5, 0x0b, 0x0c, 0x0c, 0xf5,
    0x0f, 0x10, 0x10, 0xfc, 0x19, 0x1a, 0x19, 0xff, 0x23, 0x24, 0x24, 0xfe, 0x27, 0x29, 0x29, 0xfe,
    0x27, 0x27, 0x27, 0xfd, 0x27, 0x27, 0x26, 0xfd, 0x28, 0x29, 0x28, 0xfd, 0x29, 0x29, 0x29, 0xfe,
    0x29, 0x2a, 0x2a, 0xfe, 0x29, 0x28, 0x29, 0xfe, 0x28, 0x27, 0x27, 0xfe, 0x26, 0x26, 0x26, 0xfe,
    0x26, 0x26, 0x26, 0xff, 0x1f, 0x1e, 0x1f, 0xff, 0x16, 0x16, 0x16, 0xff, 0x12, 0x12, 0x12, 0xfa,
    0x10, 0x10, 0x0f, 0xf1, 0x09, 0x0a, 0x09, 0xdf, 0x07, 0x08, 0x07, 0xb1, 0x03, 0x07, 0x03, 0x43,
    0x09, 0x09, 0x09, 0x54, 0x0a, 0x0a, 0x0a, 0x18, 0x00, 0x00, 0x00, 0x00, 0x00, 0x00, 0x00, 0x03,
    0x00, 0x00, 0x00, 0x01, 0x00, 0x00, 0x00, 0x00, 0x00, 0x00, 0x00, 0x00, 0x00, 0x00, 0x00, 0x00,
    0x00, 0x00, 0x00, 0x00, 0x00, 0x00, 0x00, 0x00, 0x00, 0x00, 0x00, 0x00, 0x00, 0x00, 0x00, 0x00,
    0x00, 0x00, 0x00, 0x00, 0x00, 0x00, 0x00, 0x00, 0x00, 0x00, 0x00, 0x00, 0x00, 0x00, 0x00, 0x00,
    0x00, 0x00, 0x00, 0x00, 0x00, 0x00, 0x00, 0x01, 0x00, 0x00, 0x00, 0x00, 0x00, 0x00, 0x00, 0x00,
    0x00, 0x00, 0x00, 0x00, 0x00, 0x00, 0x00, 0x00, 0x00, 0x00, 0x00, 0x00, 0x00, 0x00, 0x00, 0x00,
    0x00, 0x00, 0x00, 0x00, 0x00, 0x00, 0x00, 0x00, 0x00, 0x00, 0x00, 0x01, 0x00, 0x00, 0x00, 0x00,
    0x00, 0x00, 0x00, 0x00, 0x00, 0x00, 0x00, 0x00, 0x00, 0x00, 0x00, 0x00, 0x00, 0x00, 0x00, 0x00,
    0x00, 0x00, 0x00, 0x00, 0x00, 0x00, 0x00, 0x01, 0x00, 0x00, 0x00, 0x00, 0x00, 0x00, 0x00, 0x00,
    0x00, 0x00, 0x00, 0x00, 0x00, 0x00, 0x00, 0x00, 0x00, 0x00, 0x00, 0x01, 0x00, 0x00, 0x00, 0x00,
    0x00, 0x00, 0x00, 0x00, 0x00, 0x00, 0x00, 0x00, 0x00, 0x00, 0x00, 0x00, 0x00, 0x00, 0x00, 0x00,
    0x00, 0x00, 0x00, 0x00, 0x00, 0x00, 0x00, 0x00, 0x00, 0x00, 0x00, 0x00, 0x00, 0x00, 0x00, 0x00,
    0x00, 0x00, 0x00, 0x00, 0x00, 0x00, 0x00, 0x01, 0x00, 0x00, 0x00, 0x01, 0x00, 0x00, 0x00, 0x00,
    0x00, 0x00, 0x00, 0x00, 0x00, 0x00, 0x00, 0x01, 0x00, 0x00, 0x00, 0x01, 0x00, 0x00, 0x00, 0x01,
    0x00, 0x00, 0x00, 0x01, 0x00, 0x00, 0x00, 0x00, 0x00, 0x00, 0x00, 0x00, 0x00, 0x00, 0x00, 0x02,
    0x00, 0x00, 0x00, 0x00, 0x00, 0x00, 0x00, 0x00, 0x00, 0x00, 0x00, 0x00, 0x00, 0x00, 0x00, 0x00,
    0x00, 0x00, 0x00, 0x00, 0x00, 0x00, 0x00, 0x00, 0x00, 0x00, 0x00, 0x00, 0x00, 0x00, 0x00, 0x00,
    0x00, 0x00, 0x00, 0x00, 0x00, 0x00, 0x00, 0x00, 0x00, 0x00, 0x00, 0x00, 0x00, 0x00, 0x00, 0x00,
    0x00, 0x00, 0x00, 0x00, 0x00, 0x00, 0x00, 0x00, 0x00, 0x00, 0x00, 0x00, 0x00, 0x00, 0x00, 0x00,
    0x00, 0x00, 0x00, 0x00, 0x00, 0x00, 0x00, 0x00, 0x00, 0x00, 0x00, 0x00, 0x00, 0x00, 0x00, 0x00,
    0x00, 0x00, 0x00, 0x00, 0x00, 0x00, 0x00, 0x00, 0x00, 0x00, 0x00, 0x00, 0x00, 0x00, 0x00, 0x00,
    0x00, 0x00, 0x00, 0x00, 0x00, 0x00, 0x00, 0x00, 0x00, 0x00, 0x00, 0x00, 0x00, 0x00, 0x00, 0x00,
    0x00, 0x00, 0x00, 0x00, 0x00, 0x00, 0x00, 0x01, 0x00, 0x00, 0x00, 0x00, 0x00, 0x00, 0x00, 0x00,
    0x00, 0x00, 0x00, 0x01, 0x00, 0x00, 0x00, 0x00, 0x00, 0x00, 0x00, 0x01, 0x00, 0x00, 0x00, 0x01,
    0x00, 0x00, 0x00, 0x04, 0x00, 0x00, 0x00, 0x00, 0x00, 0x00, 0x00, 0x00, 0x00, 0x00, 0x00, 0x00,
    0x00, 0x00, 0x00, 0x00, 0x00, 0x00, 0x00, 0x00, 0x00, 0x00, 0x00, 0x00, 0x00, 0x00, 0x00, 0x00,
    0x00, 0x00, 0x00, 0x00, 0x00, 0x00, 0x00, 0x00, 0x00, 0x00, 0x00, 0x00, 0x00, 0x00, 0x00, 0x00,
    0x00, 0x00, 0x00, 0x00, 0x00, 0x00, 0x00, 0x01, 0x00, 0x00, 0x00, 0x02, 0x00, 0x00, 0x00, 0x00,
    0x00, 0x00, 0x00, 0x00, 0x00, 0x00, 0x00, 0x00, 0x00, 0x00, 0x00, 0x00, 0x00, 0x00, 0x00, 0x00,
    0x00, 0x00, 0x00, 0x00, 0x00, 0x00, 0x00, 0x00, 0x00, 0x00, 0x00, 0x00, 0x00, 0x00, 0x00, 0x00,
    0x00, 0x00, 0x00, 0x00, 0x00, 0x00, 0x00, 0x00, 0x00, 0x00, 0x00, 0x00, 0x00, 0x00, 0x00, 0x00,
    0x00, 0x00, 0x00, 0x00, 0x0d, 0x0d, 0x0d, 0x39, 0x05, 0x05, 0x05, 0x59, 0x08, 0x08, 0x06, 0x75,
    0x07, 0x09, 0x07, 0xc0, 0x0a, 0x0a, 0x09, 0xec, 0x10, 0x10, 0x10, 0xf6, 0x16, 0x16, 0x16, 0xfc,
    0x1c, 0x1d, 0x1b, 0xff, 0x25, 0x25, 0x25, 0xff, 0x28, 0x28, 0x29, 0xfe, 0x27, 0x28, 0x28, 0xfe,
    0x2b, 0x2b, 0x2b, 0xfe, 0x2e, 0x2e, 0x2d, 0xfe, 0x2b, 0x2d, 0x2d, 0xfe, 0x2d, 0x2e, 0x2e, 0xfe,
    0x2a, 0x2b, 0x2b, 0xfe, 0x2b, 0x2a, 0x2b, 0xfd, 0x2c, 0x2c, 0x2c, 0xfe, 0x2a, 0x2c, 0x2b, 0xff,
    0x24, 0x25, 0x24, 0xff, 0x19, 0x19, 0x18, 0xfd, 0x13, 0x12, 0x12, 0xfc, 0x11, 0x11, 0x10, 0xee,
    0x09, 0x09, 0x09, 0xe1, 0x07, 0x07, 0x07, 0xc2, 0x05, 0x08, 0x08, 0x59, 0x06, 0x06, 0x06, 0x26,
    0x00, 0x00, 0x00, 0x00, 0x00, 0x00, 0x00, 0x03, 0x00, 0x00, 0x00, 0x00, 0x00, 0x00, 0x00, 0x00,
    0x00, 0x00, 0x00, 0x00, 0x00, 0x00, 0x00, 0x01, 0x00, 0x00, 0x00, 0x00, 0x00, 0x00, 0x00, 0x01,
    0x00, 0x00, 0x00, 0x02, 0x00, 0x00, 0x00, 0x01, 0x00, 0x00, 0x00, 0x02, 0x00, 0x00, 0x00, 0x02,
    0x00, 0x00, 0x00, 0x08, 0x00, 0x00, 0x00, 0x1b, 0x00, 0x05, 0x00, 0x2b, 0x05, 0x05, 0x05, 0x32,
    0x06, 0x06, 0x06, 0x4a, 0x04, 0x06, 0x06, 0x73, 0x06, 0x08, 0x06, 0x99, 0x07, 0x09, 0x07, 0xa9,
    0x07, 0x08, 0x08, 0xc7, 0x09, 0x09, 0x09, 0xf3, 0x0b, 0x0b, 0x0a, 0xfc, 0x0b, 0x0c, 0x0c, 0xfd,
    0x0d, 0x0d, 0x0d, 0xff, 0x0e, 0x0e, 0x0e, 0xff, 0x0f, 0x0f, 0x0f, 0xff, 0x0f, 0x10, 0x10, 0xff,
    0x0f, 0x10, 0x10, 0xff, 0x10, 0x10, 0x10, 0xff, 0x11, 0x11, 0x11, 0xff, 0x11, 0x12, 0x12, 0xff,
    0x12, 0x12, 0x12, 0xff, 0x12, 0x12, 0x12, 0xff, 0x13, 0x13, 0x13, 0xff, 0x13, 0x13, 0x13, 0xff,
    0x14, 0x13, 0x13, 0xff, 0x12, 0x13, 0x13, 0xff, 0x13, 0x13, 0x13, 0xff, 0x13, 0x13, 0x13, 0xff,
    0x13, 0x13, 0x13, 0xff, 0x13, 0x13, 0x13, 0xff, 0x13, 0x13, 0x13, 0xff, 0x13, 0x13, 0x13, 0xff,
    0x13, 0x13, 0x13, 0xff, 0x13, 0x13, 0x13, 0xff, 0x12, 0x12, 0x12, 0xff, 0x13, 0x12, 0x12, 0xff,
    0x11, 0x10, 0x11, 0xff, 0x11, 0x11, 0x11, 0xff, 0x11, 0x12, 0x11, 0xff, 0x11, 0x11, 0x11, 0xff,
    0x10, 0x11, 0x11, 0xff, 0x10, 0x10, 0x10, 0xff, 0x0e, 0x0f, 0x0f, 0xff, 0x0d, 0x0e, 0x0e, 0xff,
    0x0d, 0x0e, 0x0d, 0xff, 0x0c, 0x0d, 0x0c, 0xff, 0x0b, 0x0b, 0x0b, 0xfd, 0x0a, 0x0a, 0x0a, 0xf7,
    0x07, 0x0a, 0x08, 0xe3, 0x06, 0x07, 0x06, 0xc9, 0x07, 0x05, 0x07, 0xb6, 0x07, 0x05, 0x05, 0x8f,
    0x04, 0x04, 0x04, 0x78, 0x04, 0x04, 0x04, 0x6a, 0x06, 0x06, 0x06, 0x51, 0x04, 0x04, 0x04, 0x3b,
    0x06, 0x00, 0x00, 0x27, 0x00, 0x00, 0x00, 0x19, 0x00, 0x07, 0x00, 0x20, 0x00, 0x09, 0x00, 0x1b,
    0x00, 0x00, 0x00, 0x12, 0x00, 0x00, 0x00, 0x06, 0x00, 0x00, 0x00, 0x06, 0x00, 0x00, 0x00, 0x04,
    0x00, 0x00, 0x00, 0x00, 0x00, 0x00, 0x00, 0x02, 0x00, 0x00, 0x00, 0x01, 0x00, 0x00, 0x00, 0x02,
    0x00, 0x00, 0x00, 0x03, 0x00, 0x00, 0x00, 0x04, 0x00, 0x00, 0x00, 0x02, 0x00, 0x00, 0x00, 0x00,
    0x00, 0x00, 0x00, 0x01, 0x00, 0x05, 0x00, 0x2b, 0x07, 0x09, 0x07, 0x8d, 0x0b, 0x0a, 0x0a, 0xe4,
    0x0a, 0x0c, 0x0b, 0xff, 0x0e, 0x0e, 0x0d, 0xfc, 0x14, 0x15, 0x14, 0xff, 0x16, 0x17, 0x16, 0xff,
    0x1c, 0x1c, 0x1b, 0xff, 0x1d, 0x1e, 0x1c, 0xff, 0x1d, 0x1e, 0x1d, 0xff, 0x1e, 0x1e, 0x1d, 0xff,
    0x1d, 0x1d, 0x1d, 0xff, 0x1e, 0x1f, 0x1e, 0xff, 0x1f, 0x20, 0x1f, 0xff, 0x1a, 0x1a, 0x1a, 0xff,
    0x15, 0x14, 0x13, 0xfd, 0x10, 0x10, 0x10, 0xfa, 0x0e, 0x0d, 0x0e, 0xea, 0x0a, 0x0a, 0x09, 0xd9,
    0x08, 0x08, 0x07, 0xb2, 0x04, 0x04, 0x04, 0x6f, 0x00, 0x05, 0x05, 0x32, 0x0e, 0x0e, 0x0e, 0x12,
    0x00, 0x00, 0x00, 0x00, 0x00, 0x00, 0x00, 0x00, 0x00, 0x00, 0x00, 0x03, 0x00, 0x00, 0x00, 0x01,
    0x00, 0x00, 0x00, 0x02, 0x00, 0x00, 0x00, 0x03, 0x00, 0x00, 0x00, 0x03, 0x00, 0x00, 0x00, 0x03,
    0x00, 0x00, 0x00, 0x02, 0x00, 0x00, 0x00, 0x02, 0x00, 0x00, 0x00, 0x03, 0x00, 0x00, 0x00, 0x03,
    0x00, 0x00, 0x00, 0x03, 0x00, 0x00, 0x00, 0x03, 0x00, 0x00, 0x00, 0x03, 0x00, 0x00, 0x00, 0x03,
    0x00, 0x00, 0x00, 0x03, 0x00, 0x00, 0x00, 0x04, 0x00, 0x00, 0x00, 0x03, 0x00, 0x00, 0x00, 0x04,
    0x00, 0x00, 0x00, 0x03, 0x00, 0x00, 0x00, 0x05, 0x00, 0x00, 0x00, 0x04, 0x00, 0x00, 0x00, 0x06,
    0x00, 0x00, 0x00, 0x05, 0x00, 0x00, 0x00, 0x03, 0x00, 0x00, 0x00, 0x03, 0x00, 0x00, 0x00, 0x03,
    0x00, 0x00, 0x00, 0x03, 0x00, 0x00, 0x00, 0x04, 0x00, 0x00, 0x00, 0x04, 0x00, 0x00, 0x00, 0x03,
    0x00, 0x00, 0x00, 0x03, 0x00, 0x00, 0x00, 0x04, 0x00, 0x00, 0x00, 0x03, 0x00, 0x00, 0x00, 0x05,
    0x00, 0x00, 0x00, 0x04, 0x00, 0x00, 0x00, 0x04, 0x00, 0x00, 0x00, 0x04, 0x00, 0x00, 0x00, 0x04,
    0x00, 0x00, 0x00, 0x04, 0x00, 0x00, 0x00, 0x04, 0x00, 0x00, 0x00, 0x04, 0x00, 0x00, 0x00, 0x04,
    0x00, 0x00, 0x00, 0x04, 0x00, 0x00, 0x00, 0x03, 0x00, 0x00, 0x00, 0x02, 0x00, 0x00, 0x00, 0x02,
    0x00, 0x00, 0x00, 0x02, 0x00, 0x00, 0x00, 0x03, 0x00, 0x00, 0x00, 0x03, 0x00, 0x00, 0x00, 0x03,
    0x00, 0x00, 0x00, 0x03, 0x00, 0x00, 0x00, 0x04, 0x00, 0x00, 0x00, 0x03, 0x00, 0x00, 0x00, 0x03,
    0x00, 0x00, 0x00, 0x05, 0x00, 0x00, 0x00, 0x04, 0x00, 0x00, 0x00, 0x04, 0x00, 0x00, 0x00, 0x04,
    0x00, 0x00, 0x00, 0x05, 0x00, 0x00, 0x00, 0x04, 0x00, 0x00, 0x00, 0x04, 0x00, 0x00, 0x00, 0x04,
    0x00, 0x00, 0x00, 0x04, 0x00, 0x00, 0x00, 0x03, 0x00, 0x00, 0x00, 0x04, 0x00, 0x00, 0x00, 0x04,
    0x00, 0x00, 0x00, 0x04, 0x00, 0x00, 0x00, 0x04, 0x00, 0x00, 0x00, 0x04, 0x00, 0x00, 0x00, 0x03,
    0x00, 0x00, 0x00, 0x04, 0x00, 0x00, 0x00, 0x04, 0x00, 0x00, 0x00, 0x05, 0x00, 0x00, 0x00, 0x04,
    0x00, 0x00, 0x00, 0x04, 0x00, 0x00, 0x00, 0x04, 0x00, 0x00, 0x00, 0x04, 0x00, 0x00, 0x00, 0x03,
    0x00, 0x00, 0x00, 0x03, 0x00, 0x00, 0x00, 0x03, 0x00, 0x00, 0x00, 0x04, 0x00, 0x00, 0x00, 0x03,
    0x00, 0x00, 0x00, 0x03, 0x00, 0x00, 0x00, 0x04, 0x00, 0x00, 0x00, 0x04, 0x00, 0x00, 0x00, 0x03,
    0x00, 0x00, 0x00, 0x05, 0x00, 0x00, 0x00, 0x04, 0x00, 0x00, 0x00, 0x04, 0x00, 0x00, 0x00, 0x05,
    0x00, 0x00, 0x00, 0x04, 0x00, 0x00, 0x00, 0x05, 0x00, 0x00, 0x00, 0x05, 0x00, 0x00, 0x00, 0x04,
    0x00, 0x00, 0x00, 0x05, 0x00, 0x00, 0x00, 0x04, 0x00, 0x00, 0x00, 0x04, 0x00, 0x00, 0x00, 0x04,
    0x00, 0x00, 0x00, 0x03, 0x00, 0x00, 0x00, 0x05, 0x00, 0x00, 0x00, 0x04, 0x00, 0x00, 0x00, 0x04,
    0x00, 0x00, 0x00, 0x03, 0x00, 0x00, 0x00, 0x03, 0x00, 0x00, 0x00, 0x04, 0x00, 0x00, 0x00, 0x04,
    0x00, 0x00, 0x00, 0x03, 0x00, 0x00, 0x00, 0x04, 0x00, 0x00, 0x00, 0x03, 0x00, 0x00, 0x00, 0x04,
    0x00, 0x00, 0x00, 0x03, 0x00, 0x00, 0x00, 0x04, 0x00, 0x00, 0x00, 0x04, 0x00, 0x00, 0x00, 0x03,
    0x00, 0x00, 0x00, 0x03, 0x00, 0x00, 0x00, 0x03, 0x00, 0x00, 0x00, 0x02, 0x00, 0x00, 0x00, 0x02,
    0x00, 0x00, 0x00, 0x02, 0x00, 0x00, 0x00, 0x02, 0x00, 0x00, 0x00, 0x02, 0x00, 0x00, 0x00, 0x02,
    0x00, 0x00, 0x00, 0x03, 0x00, 0x00, 0x00, 0x00, 0x0c, 0x0c, 0x0c, 0x14, 0x00, 0x05, 0x05, 0x2c,
    0x04, 0x04, 0x04, 0x34, 0x07, 0x09, 0x07, 0x84, 0x08, 0x08, 0x08, 0xde, 0x09, 0x09, 0x09, 0xed,
    0x0e, 0x0e, 0x0d, 0xe7, 0x12, 0x12, 0x11, 0xf7, 0x19, 0x19, 0x19, 0xff, 0x1e, 0x1f, 0x1d, 0xff,
    0x1f, 0x20, 0x1f, 0xff, 0x1e, 0x1f, 0x1e, 0xff, 0x1e, 0x20, 0x1e, 0xfe, 0x1e, 0x20, 0x1f, 0xff,
    0x1f, 0x1f, 0x1f, 0xff, 0x20, 0x21, 0x1f, 0xff, 0x20, 0x21, 0x20, 0xff, 0x1a, 0x19, 0x1a, 0xfa,
    0x12, 0x12, 0x12, 0xfa, 0x0e, 0x0f, 0x0e, 0xfe, 0x08, 0x09, 0x0a, 0xe9, 0x08, 0x09, 0x08, 0xb9,
    0x08, 0x08, 0x06, 0x92, 0x04, 0x04, 0x04, 0x35, 0x00, 0x00, 0x00, 0x00, 0x00, 0x00, 0x00, 0x00,
    0x00, 0x00, 0x00, 0x03, 0x00, 0x00, 0x00, 0x02, 0x00, 0x00, 0x00, 0x04, 0x00, 0x00, 0x00, 0x03,
    0x00, 0x00, 0x00, 0x03, 0x00, 0x00, 0x00, 0x04, 0x00, 0x00, 0x00, 0x02, 0x00, 0x00, 0x00, 0x01,
    0x00, 0x00, 0x00, 0x01, 0x00, 0x00, 0x00, 0x01, 0x00, 0x00, 0x00, 0x00, 0x00, 0x00, 0x00, 0x01,
    0x00, 0x00, 0x00, 0x0b, 0x00, 0x00, 0x00, 0x1d, 0x00, 0x00, 0x00, 0x20, 0x03, 0x03, 0x03, 0x42,
    0x07, 0x03, 0x03, 0x47, 0x05, 0x05, 0x02, 0x5c, 0x05, 0x07, 0x05, 0x8a, 0x06, 0x06, 0x06, 0x9a,
    0x05, 0x07, 0x08, 0xb4, 0x07, 0x08, 0x07, 0xe3, 0x09, 0x09, 0x09, 0xf6, 0x09, 0x0a, 0x0a, 0xfc,
    0x0b, 0x0c, 0x0c, 0xff, 0x0d, 0x0d, 0x0d, 0xff, 0x0e, 0x0e, 0x0e, 0xff, 0x0f, 0x0f, 0x0f, 0xff,
    0x10, 0x10, 0x10, 0xff, 0x10, 0x10, 0x10, 0xff, 0x11, 0x11, 0x11, 0xff, 0x12, 0x12, 0x11, 0xff,
    0x11, 0x12, 0x11, 0xff, 0x12, 0x12, 0x12, 0xff, 0x13, 0x13, 0x13, 0xff, 0x13, 0x13, 0x13, 0xff,
    0x13, 0x13, 0x12, 0xff, 0x13, 0x13, 0x13, 0xff, 0x12, 0x12, 0x12, 0xff, 0x12, 0x13, 0x13, 0xff,
    0x13, 0x13, 0x13, 0xff, 0x13, 0x13, 0x13, 0xff, 0x13, 0x13, 0x13, 0xff, 0x13, 0x13, 0x13, 0xff,
    0x13, 0x13, 0x13, 0xff, 0x14, 0x13, 0x13, 0xff, 0x13, 0x13, 0x13, 0xff, 0x13, 0x13, 0x13, 0xff,
    0x12, 0x12, 0x12, 0xff, 0x12, 0x13, 0x12, 0xff, 0x12, 0x13, 0x12, 0xff, 0x12, 0x12, 0x11, 0xff,
    0x12, 0x12, 0x11, 0xff, 0x11, 0x12, 0x11, 0xff, 0x10, 0x11, 0x10, 0xff, 0x10, 0x11, 0x10, 0xff,
    0x10, 0x10, 0x10, 0xff, 0x0f, 0x10, 0x0e, 0xff, 0x0d, 0x0e, 0x0e, 0xff, 0x0d, 0x0e, 0x0e, 0xff,
    0x0d, 0x0c, 0x0c, 0xfc, 0x0b, 0x0c, 0x0c, 0xff, 0x0b, 0x0a, 0x0a, 0xfd, 0x0a, 0x09, 0x09, 0xe9,
    0x09, 0x09, 0x09, 0xda, 0x07, 0x07, 0x07, 0xcb, 0x08, 0x08, 0x08, 0xbc, 0x06, 0x06, 0x06, 0x9b,
    0x05, 0x07, 0x05, 0x87, 0x04, 0x04, 0x04, 0x72, 0x04, 0x06, 0x04, 0x71, 0x05, 0x05, 0x05, 0x60,
    0x00, 0x04, 0x04, 0x3e, 0x00, 0x05, 0x00, 0x2e, 0x00, 0x00, 0x00, 0x18, 0x00, 0x00, 0x00, 0x0f,
    0x00, 0x00, 0x00, 0x09, 0x00, 0x00, 0x00, 0x0a, 0x00, 0x00, 0x00, 0x00, 0x00, 0x00, 0x00, 0x00,
    0x00, 0x00, 0x00, 0x00, 0x00, 0x00, 0x00, 0x00, 0x00, 0x00, 0x00, 0x00, 0x00, 0x00, 0x00, 0x00,
    0x00, 0x00, 0x00, 0x00, 0x00, 0x00, 0x00, 0x00, 0x00, 0x00, 0x00, 0x15, 0x06, 0x06, 0x06, 0x4a,
    0x08, 0x08, 0x08, 0x75, 0x08, 0x08, 0x08, 0x93, 0x07, 0x08, 0x07, 0xae, 0x08, 0x08, 0x08, 0xba,
    0x0b, 0x0b, 0x0b, 0xc4, 0x0d, 0x0e, 0x0d, 0xd2, 0x0a, 0x0b, 0x0a, 0xde, 0x0b, 0x0b, 0x0b, 0xed,
    0x0c, 0x0c, 0x0c, 0xef, 0x0c, 0x0c, 0x0c, 0xf0, 0x0a, 0x0c, 0x0a, 0xe9, 0x0a, 0x0b, 0x09, 0xf3,
    0x0a, 0x0a, 0x0a, 0xc2, 0x07, 0x09, 0x09, 0xa7, 0x05, 0x05, 0x05, 0x8c, 0x06, 0x06, 0x06, 0x4e,
    0x08, 0x08, 0x08, 0x1f, 0x00, 0x00, 0x00, 0x11, 0x00, 0x00, 0x00, 0x0c, 0x00, 0x00, 0x00, 0x01,
    0x00, 0x00, 0x00, 0x02, 0x00, 0x00, 0x00, 0x00, 0x00, 0x00, 0x00, 0x00, 0x00, 0x00, 0x00, 0x00,
    0x00, 0x00, 0x00, 0x00, 0x00, 0x00, 0x00, 0x00, 0x00, 0x00, 0x00, 0x00, 0x00, 0x00, 0x00, 0x00,
    0x00, 0x00, 0x00, 0x00, 0x00, 0x00, 0x00, 0x00, 0x00, 0x00, 0x00, 0x00, 0x00, 0x00, 0x00, 0x00,
    0x00, 0x00, 0x00, 0x00, 0x00, 0x00, 0x00, 0x00, 0x00, 0x00, 0x00, 0x00, 0x00, 0x00, 0x00, 0x00,
    0x00, 0x00, 0x00, 0x00, 0x00, 0x00, 0x00, 0x00, 0x00, 0x00, 0x00, 0x00, 0x00, 0x00, 0x00, 0x00,
    0x00, 0x00, 0x00, 0x00, 0x00, 0x00, 0x00, 0x00, 0x00, 0x00, 0x00, 0x00, 0x00, 0x00, 0x00, 0x00,
    0x00, 0x00, 0x00, 0x00, 0x00, 0x00, 0x00, 0x00, 0x00, 0x00, 0x00, 0x00, 0x00, 0x00, 0x00, 0x00,
    0x00, 0x00, 0x00, 0x00, 0x00, 0x00, 0x00, 0x00, 0x00, 0x00, 0x00, 0x00, 0x00, 0x00, 0x00, 0x00,
    0x00, 0x00, 0x00, 0x00, 0x00, 0x00, 0x00, 0x00, 0x00, 0x00, 0x00, 0x00, 0x00, 0x00, 0x00, 0x00,
    0x00, 0x00, 0x00, 0x00, 0x00, 0x00, 0x00, 0x00, 0x00, 0x00, 0x00, 0x00, 0x00, 0x00, 0x00, 0x00,
    0x00, 0x00, 0x00, 0x00, 0x00, 0x00, 0x00, 0x00, 0x00, 0x00, 0x00, 0x00, 0x00, 0x00, 0x00, 0x00,
    0x00, 0x00, 0x00, 0x00, 0x00, 0x00, 0x00, 0x00, 0x00, 0x00, 0x00, 0x00, 0x00, 0x00, 0x00, 0x00,
    0x00, 0x00, 0x00, 0x00, 0x00, 0x00, 0x00, 0x00, 0x00, 0x00, 0x00, 0x00, 0x00, 0x00, 0x00, 0x00,
    0x00, 0x00, 0x00, 0x00, 0x00, 0x00, 0x00, 0x00, 0x00, 0x00, 0x00, 0x00, 0x00, 0x00, 0x00, 0x00,
    0x00, 0x00, 0x00, 0x00, 0x00, 0x00, 0x00, 0x00, 0x00, 0x00, 0x00, 0x00, 0x00, 0x00, 0x00, 0x00,
    0x00, 0x00, 0x00, 0x00, 0x00, 0x00, 0x00, 0x00, 0x00, 0x00, 0x00, 0x00, 0x00, 0x00, 0x00, 0x00,
    0x00, 0x00, 0x00, 0x00, 0x00, 0x00, 0x00, 0x00, 0x00, 0x00, 0x00, 0x00, 0x00, 0x00, 0x00, 0x00,
    0x00, 0x00, 0x00, 0x00, 0x00, 0x00, 0x00, 0x00, 0x00, 0x00, 0x00, 0x00, 0x00, 0x00, 0x00, 0x00,
    0x00, 0x00, 0x00, 0x00, 0x00, 0x00, 0x00, 0x00, 0x00, 0x00, 0x00, 0x00, 0x00, 0x00, 0x00, 0x00,
    0x00, 0x00, 0x00, 0x00, 0x00, 0x00, 0x00, 0x00, 0x00, 0x00, 0x00, 0x00, 0x00, 0x00, 0x00, 0x00,
    0x00, 0x00, 0x00, 0x00, 0x00, 0x00, 0x00, 0x00, 0x00, 0x00, 0x00, 0x00, 0x00, 0x00, 0x00, 0x00,
    0x00, 0x00, 0x00, 0x00, 0x00, 0x00, 0x00, 0x00, 0x00, 0x00, 0x00, 0x00, 0x00, 0x00, 0x00, 0x00,
    0x00, 0x00, 0x00, 0x00, 0x00, 0x00, 0x00, 0x00, 0x00, 0x00, 0x00, 0x00, 0x00, 0x00, 0x00, 0x00,
    0x00, 0x00, 0x00, 0x00, 0x00, 0x00, 0x00, 0x00, 0x00, 0x00, 0x00, 0x00, 0x00, 0x00, 0x00, 0x00,
    0x00, 0x00, 0x00, 0x00, 0x00, 0x00, 0x00, 0x00, 0x00, 0x00, 0x00, 0x00, 0x00, 0x00, 0x00, 0x00,
    0x00, 0x00, 0x00, 0x00, 0x00, 0x00, 0x00, 0x00, 0x00, 0x00, 0x00, 0x00, 0x00, 0x00, 0x00, 0x00,
    0x00, 0x00, 0x00, 0x00, 0x00, 0x00, 0x00, 0x00, 0x00, 0x00, 0x00, 0x00, 0x00, 0x00, 0x00, 0x00,
    0x00, 0x00, 0x00, 0x00, 0x00, 0x00, 0x00, 0x00, 0x00, 0x00, 0x00, 0x00, 0x00, 0x00, 0x00, 0x00,
    0x00, 0x00, 0x00, 0x00, 0x00, 0x00, 0x00, 0x00, 0x00, 0x00, 0x00, 0x00, 0x00, 0x00, 0x00, 0x00,
    0x00, 0x00, 0x00, 0x00, 0x00, 0x00, 0x00, 0x00, 0x00, 0x00, 0x00, 0x00, 0x00, 0x00, 0x00, 0x00,
    0x00, 0x00, 0x00, 0x00, 0x00, 0x00, 0x00, 0x00, 0x00, 0x00, 0x00, 0x00, 0x00, 0x00, 0x00, 0x00,
    0x00, 0x00, 0x00, 0x00, 0x00, 0x00, 0x00, 0x00, 0x00, 0x00, 0x00, 0x00, 0x00, 0x00, 0x00, 0x02,
    0x00, 0x00, 0x00, 0x08, 0x00, 0x00, 0x00, 0x24, 0x03, 0x07, 0x03, 0x47, 0x07, 0x07, 0x05, 0x82,
    0x06, 0x06, 0x06, 0x9c, 0x05, 0x07, 0x07, 0xb0, 0x08, 0x08, 0x07, 0xd6, 0x09, 0x09, 0x09, 0xe0,
    0x0a, 0x0b, 0x0a, 0xea, 0x0d, 0x0e, 0x0d, 0xfc, 0x0f, 0x0f, 0x0e, 0xff, 0x0d, 0x0e, 0x0d, 0xf7,
    0x0d, 0x0d, 0x0d, 0xed, 0x0b, 0x0b, 0x0a, 0xd7, 0x0b, 0x0d, 0x0d, 0xc2, 0x0b, 0x0d, 0x0d, 0xb0,
    0x0a, 0x0a, 0x08, 0xb2, 0x06, 0x06, 0x06, 0x92, 0x09, 0x09, 0x0c, 0x4f, 0x09, 0x09, 0x09, 0x1c,
    0x00, 0x00, 0x00, 0x06, 0x00, 0x00, 0x00, 0x00, 0x00, 0x00, 0x00, 0x00, 0x00, 0x00, 0x00, 0x00,
    0x00, 0x00, 0x00, 0x00, 0x00, 0x00, 0x00, 0x00, 0x00, 0x00, 0x00, 0x00, 0x00, 0x00, 0x00, 0x00,
    0x00, 0x00, 0x00, 0x00, 0x00, 0x00, 0x00, 0x00, 0x00, 0x00, 0x00, 0x00, 0x00, 0x00, 0x00, 0x00,
    0x00, 0x00, 0x00, 0x02, 0x00, 0x00, 0x00, 0x04, 0x00, 0x00, 0x00, 0x0c, 0x00, 0x00, 0x00, 0x25,
    0x00, 0x04, 0x00, 0x34, 0x00, 0x00, 0x00, 0x42, 0x05, 0x02, 0x05, 0x5c, 0x06, 0x06, 0x06, 0x78,
    0x05, 0x05, 0x03, 0x86, 0x05, 0x08, 0x06, 0x93, 0x05, 0x07, 0x05, 0xb0, 0x08, 0x08, 0x08, 0xcc,
    0x08, 0x0a, 0x09, 0xdc, 0x0a, 0x0a, 0x09, 0xef, 0x0c, 0x0c, 0x0c, 0xfc, 0x0c, 0x0c, 0x0c, 0xfe,
    0x0e, 0x0e, 0x0e, 0xfe, 0x0e, 0x0f, 0x0f, 0xff, 0x0f, 0x10, 0x10, 0xff, 0x10, 0x10, 0x11, 0xff,
    0x11, 0x11, 0x11, 0xff, 0x11, 0x12, 0x12, 0xff, 0x11, 0x12, 0x11, 0xff, 0x12, 0x12, 0x11, 0xff,
    0x13, 0x13, 0x12, 0xff, 0x12, 0x11, 0x12, 0xff, 0x12, 0x12, 0x12, 0xff, 0x13, 0x13, 0x13, 0xff,
    0x13, 0x13, 0x13, 0xff, 0x13, 0x13, 0x13, 0xff, 0x13, 0x13, 0x13, 0xff, 0x12, 0x13, 0x13, 0xff,
    0x14, 0x13, 0x13, 0xff, 0x13, 0x13, 0x13, 0xff, 0x12, 0x13, 0x13, 0xff, 0x13, 0x13, 0x13, 0xff,
    0x13, 0x13, 0x13, 0xff, 0x13, 0x13, 0x13, 0xff, 0x13, 0x13, 0x13, 0xff, 0x13, 0x13, 0x13, 0xff,
    0x13, 0x13, 0x13, 0xff, 0x13, 0x13, 0x13, 0xff, 0x13, 0x13, 0x13, 0xff, 0x13, 0x13, 0x13, 0xff,
    0x12, 0x13, 0x13, 0xff, 0x13, 0x13, 0x13, 0xff, 0x13, 0x13, 0x12, 0xff, 0x12, 0x13, 0x12, 0xff,
    0x12, 0x13, 0x13, 0xff, 0x13, 0x13, 0x12, 0xff, 0x11, 0x12, 0x11, 0xff, 0x11, 0x12, 0x11, 0xff,
    0x11, 0x11, 0x11, 0xff, 0x10, 0x10, 0x11, 0xff, 0x0e, 0x10, 0x10, 0xff, 0x10, 0x10, 0x10, 0xff,
    0x0f, 0x0f, 0x0f, 0xff, 0x0e, 0x0e, 0x0e, 0xff, 0x0d, 0x0e, 0x0d, 0xff, 0x0d, 0x0d, 0x0d, 0xff,
    0x0c, 0x0c, 0x0c, 0xfa, 0x0c, 0x0c, 0x0c, 0xf5, 0x0c, 0x0c, 0x0b, 0xf6, 0x0a, 0x0a, 0x0a, 0xed,
    0x09, 0x0a, 0x0a, 0xdc, 0x09, 0x0a, 0x09, 0xd2, 0x0a, 0x0a, 0x09, 0xc4, 0x08, 0x09, 0x09, 0xb6,
    0x08, 0x08, 0x08, 0x9e, 0x08, 0x08, 0x08, 0x9e, 0x05, 0x05, 0x05, 0x80, 0x07, 0x07, 0x07, 0x66,
    0x05, 0x05, 0x05, 0x58, 0x04, 0x04, 0x04, 0x39, 0x00, 0x00, 0x00, 0x1e, 0x00, 0x00, 0x00, 0x12,
    0x00, 0x00, 0x00, 0x08, 0x00, 0x00, 0x00, 0x05, 0x00, 0x00, 0x00, 0x00, 0x00, 0x00, 0x00, 0x00,
    0x00, 0x00, 0x00, 0x00, 0x00, 0x00, 0x00, 0x00, 0x00, 0x00, 0x00, 0x04, 0x00, 0x00, 0x00, 0x10,
    0x00, 0x00, 0x00, 0x0b, 0x00, 0x00, 0x00, 0x18, 0x00, 0x00, 0x00, 0x34, 0x00, 0x00, 0x00, 0x47,
    0x00, 0x00, 0x00, 0x48, 0x00, 0x00, 0x00, 0x40, 0x00, 0x00, 0x00, 0x36, 0x00, 0x05, 0x00, 0x31,
    0x00, 0x00, 0x00, 0x19, 0x00, 0x00, 0x00, 0x0f, 0x00, 0x00, 0x00, 0x01, 0x00, 0x00, 0x00, 0x00,
    0x00, 0x00, 0x00, 0x00, 0x00, 0x00, 0x00, 0x02, 0x00, 0x00, 0x00, 0x01, 0x00, 0x00, 0x00, 0x04,
    0x00, 0x00, 0x00, 0x06, 0x00, 0x00, 0x00, 0x07, 0x00, 0x00, 0x00, 0x0b, 0x00, 0x00, 0x00, 0x10,
    0x00, 0x00, 0x00, 0x20, 0x05, 0x05, 0x05, 0x2d, 0x00, 0x04, 0x00, 0x34, 0x04, 0x04, 0x04, 0x35,
    0x04, 0x04, 0x04, 0x38, 0x07, 0x07, 0x07, 0x41, 0x06, 0x09, 0x06, 0x51, 0x06, 0x09, 0x06, 0x4f,
    0x09, 0x09, 0x09, 0x51, 0x05, 0x05, 0x05, 0x59, 0x05, 0x08, 0x08, 0x5c, 0x08, 0x08, 0x08, 0x5b,
    0x07, 0x07, 0x07, 0x60, 0x07, 0x07, 0x07, 0x60, 0x08, 0x08, 0x08, 0x5a, 0x07, 0x07, 0x07, 0x63,
    0x0a, 0x0a, 0x08, 0x5f, 0x09, 0x09, 0x07, 0x6c, 0x06, 0x08, 0x08, 0x73, 0x06, 0x08, 0x06, 0x77,
    0x08, 0x08, 0x08, 0x78, 0x06, 0x08, 0x08, 0x75, 0x09, 0x09, 0x09, 0x81, 0x06, 0x08, 0x06, 0x72,
    0x0a, 0x0a, 0x08, 0x78, 0x08, 0x08, 0x08, 0x7c, 0x08, 0x08, 0x08, 0x7a, 0x0a, 0x0a, 0x0a, 0x7f,
    0x0a, 0x08, 0x08, 0x7a, 0x0a, 0x0a, 0x0a, 0x7f, 0x08, 0x08, 0x08, 0x7c, 0x0a, 0x0a, 0x0a, 0x78,
    0x08, 0x08, 0x0a, 0x7e, 0x09, 0x09, 0x07, 0x81, 0x09, 0x09, 0x09, 0x89, 0x09, 0x09, 0x09, 0x8c,
    0x0b, 0x0b, 0x09, 0x86, 0x08, 0x0a, 0x0a, 0x8f, 0x0b, 0x0b, 0x09, 0x88, 0x07, 0x0b, 0x07, 0x85,
    0x09, 0x09, 0x09, 0x8b, 0x0a, 0x0a, 0x08, 0x91, 0x08, 0x08, 0x08, 0x8f, 0x08, 0x08, 0x08, 0x8e,
    0x07, 0x09, 0x09, 0x88, 0x09, 0x09, 0x09, 0x86, 0x09, 0x09, 0x09, 0x8a, 0x07, 0x07, 0x07, 0x82,
    0x07, 0x07, 0x07, 0x86, 0x09, 0x09, 0x09, 0x8c, 0x09, 0x09, 0x09, 0x8d, 0x08, 0x0a, 0x08, 0x8f,
    0x0a, 0x08, 0x0a, 0x8f, 0x09, 0x07, 0x09, 0x80, 0x09, 0x09, 0x09, 0x88, 0x07, 0x09, 0x07, 0x83,
    0x0a, 0x0a, 0x0a, 0x7f, 0x0a, 0x0a, 0x0a, 0x7f, 0x08, 0x0a, 0x08, 0x7b, 0x09, 0x0b, 0x09, 0x80,
    0x09, 0x0b, 0x07, 0x82, 0x08, 0x0a, 0x0a, 0x7e, 0x09, 0x09, 0x09, 0x81, 0x08, 0x0c, 0x0a, 0x7f,
    0x07, 0x0b, 0x09, 0x80, 0x0a, 0x0a, 0x08, 0x7e, 0x08, 0x0a, 0x08, 0x7b, 0x08, 0x0a, 0x0a, 0x7c,
    0x0a, 0x0a, 0x0a, 0x7f, 0x09, 0x09, 0x09, 0x82, 0x09, 0x09, 0x09, 0x8c, 0x09, 0x09, 0x09, 0x89,
    0x07, 0x07, 0x07, 0x84, 0x09, 0x09, 0x09, 0x84, 0x09, 0x09, 0x09, 0x85, 0x09, 0x07, 0x07, 0x84,
    0x09, 0x09, 0x07, 0x88, 0x09, 0x09, 0x0b, 0x87, 0x09, 0x09, 0x09, 0x86, 0x09, 0x09, 0x09, 0x83,
    0x09, 0x09, 0x09, 0x80, 0x08, 0x08, 0x08, 0x7b, 0x08, 0x08, 0x08, 0x7c, 0x07, 0x07, 0x07, 0x82,
    0x08, 0x08, 0x08, 0x7c, 0x06, 0x08, 0x06, 0x7e, 0x06, 0x08, 0x06, 0x76, 0x06, 0x08, 0x06, 0x72,
    0x08, 0x08, 0x08, 0x77, 0x08, 0x08, 0x08, 0x73, 0x09, 0x09, 0x09, 0x71, 0x08, 0x08, 0x08, 0x7a,
    0x0a, 0x0a, 0x0a, 0x7e, 0x0a, 0x0a, 0x0a, 0x7a, 0x0a, 0x0c, 0x0a, 0x7a, 0x0a, 0x0a, 0x0a, 0x7a,
    0x0a, 0x08, 0x0a, 0x7a, 0x08, 0x08, 0x08, 0x78, 0x0a, 0x0a, 0x0a, 0x7d, 0x08, 0x0a, 0x0a, 0x7d,
    0x06, 0x08, 0x08, 0x7a, 0x07, 0x07, 0x07, 0x67, 0x05, 0x07, 0x07, 0x66, 0x07, 0x07, 0x07, 0x67,
    0x07, 0x07, 0x07, 0x63, 0x0a, 0x07, 0x07, 0x61, 0x07, 0x07, 0x07, 0x67, 0x07, 0x07, 0x07, 0x61,
    0x07, 0x07, 0x07, 0x63, 0x07, 0x07, 0x07, 0x6a, 0x07, 0x07, 0x07, 0x60, 0x08, 0x08, 0x08, 0x5f,
    0x06, 0x06, 0x06, 0x53, 0x05, 0x05, 0x05, 0x5d, 0x07, 0x07, 0x07, 0x47, 0x03, 0x07, 0x03, 0x40,
    0x05, 0x05, 0x05, 0x2f, 0x00, 0x05, 0x05, 0x2b, 0x00, 0x00, 0x00, 0x29, 0x00, 0x00, 0x00, 0x1c,
    0x00, 0x00, 0x00, 0x11, 0x00, 0x00, 0x00, 0x0a, 0x00, 0x00, 0x00, 0x08, 0x00, 0x00, 0x00, 0x05,
    0x00, 0x00, 0x00, 0x03, 0x00, 0x00, 0x00, 0x01, 0x00, 0x00, 0x00, 0x01, 0x00, 0x00, 0x00, 0x00,
    0x00, 0x00, 0x00, 0x00, 0x00, 0x0b, 0x0b, 0x16, 0x00, 0x08, 0x00, 0x1e, 0x00, 0x00, 0x00, 0x27,
    0x00, 0x00, 0x00, 0x35, 0x03, 0x03, 0x00, 0x48, 0x03, 0x03, 0x00, 0x4d, 0x00, 0x00, 0x00, 0x3f,
    0x00, 0x00, 0x00, 0x33, 0x00, 0x00, 0x00, 0x28, 0x00, 0x00, 0x00, 0x1b, 0x00, 0x00, 0x00, 0x19,
    0x00, 0x00, 0x00, 0x12, 0x00, 0x00, 0x00, 0x00, 0x00, 0x00, 0x00, 0x00, 0x00, 0x00, 0x00, 0x00,
    0x00, 0x00, 0x00, 0x02, 0x00, 0x00, 0x00, 0x08, 0x00, 0x00, 0x00, 0x08, 0x00, 0x00, 0x00, 0x15,
    0x00, 0x00, 0x00, 0x1c, 0x00, 0x00, 0x00, 0x2b, 0x07, 0x07, 0x03, 0x40, 0x06, 0x09, 0x06, 0x54,
    0x07, 0x07, 0x07, 0x6c, 0x07, 0x07, 0x07, 0x85, 0x08, 0x08, 0x0a, 0x96, 0x07, 0x09, 0x09, 0xa3,
    0x07, 0x0a, 0x08, 0xae, 0x09, 0x09, 0x09, 0xaa, 0x08, 0x08, 0x08, 0xb9, 0x09, 0x09, 0x09, 0xc3,
    0x09, 0x09, 0x09, 0xd0, 0x0b, 0x0b, 0x0b, 0xe2, 0x0b, 0x0b, 0x0a, 0xec, 0x0c, 0x0b, 0x0b, 0xf0,
    0x0c, 0x0d, 0x0d, 0xf4, 0x0d, 0x0e, 0x0d, 0xff, 0x0d, 0x0e, 0x0e, 0xff, 0x0f, 0x0f, 0x0f, 0xff,
    0x10, 0x11, 0x10, 0xff, 0x11, 0x10, 0x11, 0xff, 0x12, 0x12, 0x11, 0xff, 0x12, 0x12, 0x11, 0xff,
    0x12, 0x12, 0x12, 0xff, 0x12, 0x13, 0x12, 0xff, 0x12, 0x13, 0x13, 0xff, 0x13, 0x13, 0x13, 0xff,
    0x13, 0x13, 0x13, 0xff, 0x13, 0x13, 0x13, 0xff, 0x13, 0x13, 0x13, 0xff, 0x13, 0x13, 0x13, 0xff,
    0x13, 0x13, 0x12, 0xff, 0x12, 0x13, 0x13, 0xff, 0x12, 0x13, 0x13, 0xff, 0x13, 0x13, 0x13, 0xff,
    0x13, 0x13, 0x13, 0xff, 0x13, 0x13, 0x13, 0xff, 0x13, 0x13, 0x13, 0xff, 0x12, 0x14, 0x12, 0xff,
    0x13, 0x13, 0x13, 0xff, 0x13, 0x13, 0x13, 0xff, 0x13, 0x13, 0x13, 0xff, 0x13, 0x13, 0x13, 0xff,
    0x12, 0x13, 0x13, 0xff, 0x12, 0x13, 0x13, 0xff, 0x13, 0x13, 0x13, 0xff, 0x13, 0x13, 0x13, 0xff,
    0x13, 0x13, 0x13, 0xff, 0x13, 0x13, 0x13, 0xff, 0x13, 0x13, 0x13, 0xff, 0x13, 0x13, 0x13, 0xff,
    0x12, 0x12, 0x13, 0xff, 0x13, 0x12, 0x13, 0xff, 0x14, 0x13, 0x13, 0xff, 0x12, 0x13, 0x13, 0xff,
    0x13, 0x14, 0x13, 0xff, 0x13, 0x13, 0x13, 0xff, 0x12, 0x13, 0x13, 0xff, 0x13, 0x13, 0x13, 0xff,
    0x13, 0x13, 0x13, 0xff, 0x12, 0x13, 0x12, 0xff, 0x13, 0x12, 0x12, 0xff, 0x12, 0x12, 0x12, 0xfe,
    0x12, 0x12, 0x12, 0xfe, 0x12, 0x12, 0x13, 0xfe, 0x12, 0x13, 0x12, 0xfe, 0x12, 0x12, 0x12, 0xfe,
    0x12, 0x12, 0x12, 0xff, 0x12, 0x12, 0x11, 0xff, 0x12, 0x12, 0x11, 0xff, 0x11, 0x11, 0x11, 0xff,
    0x11, 0x11, 0x11, 0xff, 0x10, 0x11, 0x10, 0xff, 0x11, 0x11, 0x11, 0xff, 0x10, 0x11, 0x11, 0xff,
    0x10, 0x10, 0x10, 0xff, 0x10, 0x10, 0x10, 0xff, 0x10, 0x10, 0x0f, 0xff, 0x0f, 0x0f, 0x0f, 0xff,
    0x0e, 0x0f, 0x0e, 0xff, 0x0d, 0x0e, 0x0e, 0xf4, 0x0d, 0x0e, 0x0e, 0xe8, 0x0d, 0x0f, 0x0f, 0xdc,
    0x0f, 0x10, 0x10, 0xca, 0x0e, 0x0f, 0x0f, 0xc2, 0x0f, 0x0f, 0x0f, 0xba, 0x0f, 0x0f, 0x0f, 0xb6,
    0x0f, 0x0f, 0x0f, 0xaa, 0x11, 0x0f, 0x0f, 0x95, 0x0e, 0x10, 0x0e, 0x8b, 0x11, 0x0f, 0x0f, 0x86,
    0x11, 0x0f, 0x11, 0x86, 0x11, 0x11, 0x0f, 0x85, 0x0f, 0x11, 0x0f, 0x86, 0x11, 0x11, 0x11, 0x81,
    0x11, 0x11, 0x0f, 0x81, 0x10, 0x10, 0x10, 0x7f, 0x0f, 0x11, 0x11, 0x80, 0x10, 0x12, 0x10, 0x7f,
    0x0f, 0x0f, 0x0f, 0x88, 0x0f, 0x0f, 0x0e, 0x91, 0x0f, 0x0f, 0x0f, 0x96, 0x0e, 0x0e, 0x0e, 0xa1,
    0x0f, 0x0f, 0x0f, 0xa9, 0x0e, 0x0e, 0x0e, 0xb3, 0x0d, 0x0d, 0x0d, 0xba, 0x0d, 0x0d, 0x0d, 0xbc,
    0x0e, 0x0e, 0x0e, 0xc6, 0x0d, 0x0d, 0x0d, 0xce, 0x0c, 0x0e, 0x0c, 0xd8, 0x0d, 0x0d, 0x0d, 0xdd,
    0x0e, 0x0c, 0x0c, 0xec, 0x0c, 0x0d, 0x0c, 0xf4, 0x0c, 0x0c, 0x0c, 0xf5, 0x0c, 0x0d, 0x0d, 0xfb,
    0x0d, 0x0d, 0x0d, 0xfd, 0x0e, 0x0e, 0x0e, 0xff, 0x0e, 0x0e, 0x0e, 0xff, 0x0e, 0x0f, 0x0e, 0xff,
    0x0e, 0x0f, 0x0e, 0xff, 0x0e, 0x0f, 0x0e, 0xff, 0x0f, 0x0f, 0x0e, 0xff, 0x0e, 0x0f, 0x0f, 0xff,
    0x0f, 0x0f, 0x0f, 0xff, 0x0f, 0x0e, 0x0e, 0xff, 0x0f, 0x0f, 0x0f, 0xff, 0x0f, 0x0e, 0x0f, 0xff,
    0x0f, 0x0f, 0x0e, 0xff, 0x10, 0x0f, 0x0f, 0xff, 0x0e, 0x0f, 0x0f, 0xff, 0x0e, 0x0f, 0x0f, 0xff,
    0x0f, 0x10, 0x0f, 0xff, 0x0e, 0x10, 0x0f, 0xff, 0x0f, 0x10, 0x0f, 0xff, 0x0f, 0x10, 0x0f, 0xff,
    0x0e, 0x0f, 0x0f, 0xff, 0x10, 0x10, 0x10, 0xff, 0x10, 0x0f, 0x10, 0xff, 0x10, 0x10, 0x10, 0xff,
    0x0f, 0x10, 0x10, 0xff, 0x10, 0x10, 0x10, 0xff, 0x10, 0x10, 0x10, 0xff, 0x11, 0x11, 0x11, 0xff,
    0x10, 0x10, 0x10, 0xff, 0x0f, 0x10, 0x10, 0xff, 0x10, 0x0f, 0x10, 0xff, 0x10, 0x10, 0x0f, 0xff,
    0x11, 0x12, 0x11, 0xff, 0x10, 0x10, 0x11, 0xff, 0x10, 0x10, 0x10, 0xff, 0x10, 0x11, 0x10, 0xff,
    0x11, 0x11, 0x11, 0xff, 0x10, 0x10, 0x10, 0xff, 0x10, 0x11, 0x10, 0xff, 0x10, 0x12, 0x11, 0xff,
    0x10, 0x11, 0x11, 0xff, 0x11, 0x11, 0x11, 0xff, 0x0f, 0x10, 0x10, 0xff, 0x10, 0x11, 0x10, 0xff,
    0x10, 0x10, 0x10, 0xff, 0x10, 0x11, 0x10, 0xff, 0x10, 0x10, 0x11, 0xff, 0x11, 0x11, 0x11, 0xff,
    0x11, 0x10, 0x11, 0xff, 0x11, 0x10, 0x10, 0xff, 0x10, 0x11, 0x10, 0xff, 0x10, 0x10, 0x10, 0xff,
    0x10, 0x11, 0x10, 0xff, 0x10, 0x10, 0x11, 0xff, 0x10, 0x11, 0x10, 0xff, 0x11, 0x11, 0x10, 0xff,
    0x10, 0x12, 0x10, 0xff, 0x11, 0x11, 0x11, 0xff, 0x11, 0x11, 0x11, 0xff, 0x10, 0x11, 0x11, 0xff,
    0x10, 0x11, 0x10, 0xff, 0x10, 0x11, 0x11, 0xff, 0x10, 0x10, 0x10, 0xff, 0x0f, 0x0f, 0x10, 0xff,
    0x10, 0x10, 0x10, 0xff, 0x10, 0x10, 0x10, 0xff, 0x11, 0x11, 0x10, 0xff, 0x11, 0x11, 0x10, 0xff,
    0x0f, 0x10, 0x0f, 0xff, 0x10, 0x10, 0x10, 0xff, 0x10, 0x10, 0x0f, 0xff, 0x10, 0x10, 0x10, 0xff,
    0x0f, 0x10, 0x10, 0xff, 0x10, 0x10, 0x11, 0xff, 0x0f, 0x11, 0x10, 0xff, 0x10, 0x10, 0x10, 0xff,
    0x10, 0x10, 0x10, 0xff, 0x10, 0x10, 0x10, 0xff, 0x10, 0x10, 0x10, 0xff, 0x10, 0x10, 0x10, 0xff,
    0x11, 0x10, 0x0f, 0xff, 0x10, 0x10, 0x10, 0xff, 0x0f, 0x10, 0x0f, 0xff, 0x10, 0x10, 0x0f, 0xff,
    0x10, 0x10, 0x10, 0xff, 0x10, 0x10, 0x10, 0xff, 0x10, 0x10, 0x10, 0xff, 0x10, 0x0f, 0x10, 0xff,
    0x10, 0x10, 0x0f, 0xff, 0x10, 0x10, 0x10, 0xff, 0x10, 0x11, 0x10, 0xff, 0x10, 0x10, 0x10, 0xff,
    0x10, 0x10, 0x10, 0xff, 0x10, 0x10, 0x10, 0xff, 0x10, 0x11, 0x0f, 0xff, 0x10, 0x10, 0x10, 0xff,
    0x0f, 0x10, 0x10, 0xff, 0x0f, 0x0f, 0x0f, 0xff, 0x0e, 0x0f, 0x0f, 0xff, 0x0e, 0x0f, 0x0f, 0xff,
    0x0e, 0x0e, 0x0e, 0xff, 0x10, 0x0f, 0x0f, 0xff, 0x0f, 0x0f, 0x0f, 0xff, 0x0f, 0x0f, 0x0f, 0xff,
    0x0f, 0x0f, 0x0f, 0xff, 0x0e, 0x0f, 0x0f, 0xff, 0x0e, 0x0f, 0x0f, 0xff, 0x0f, 0x0f, 0x0f, 0xff,
    0x0f, 0x0e, 0x0e, 0xff, 0x0e, 0x0e, 0x0e, 0xff, 0x0e, 0x0e, 0x0d, 0xfd, 0x0c, 0x0f, 0x0e, 0xfe,
    0x0c, 0x0d, 0x0e, 0xf9, 0x0d, 0x0d, 0x0d, 0xf7, 0x0c, 0x0d, 0x0c, 0xf4, 0x0b, 0x0e, 0x0d, 0xea,
    0x0d, 0x0d, 0x0d, 0xe3, 0x0f, 0x0f, 0x0f, 0xd7, 0x0d, 0x0f, 0x0f, 0xcc, 0x0e, 0x0e, 0x0e, 0xc3,
    0x0f, 0x0f, 0x0f, 0xba, 0x0d, 0x0d, 0x0d, 0xbd, 0x0f, 0x0f, 0x0f, 0xb2, 0x0f, 0x0f, 0x0f, 0xa8,
    0x0e, 0x0e, 0x0e, 0x9a, 0x0f, 0x0f, 0x0f, 0x95, 0x0e, 0x10, 0x10, 0x89, 0x0f, 0x0f, 0x0f, 0x86,
    0x0f, 0x11, 0x11, 0x86, 0x0f, 0x0f, 0x0f, 0x83, 0x0f, 0x0f, 0x0f, 0x87, 0x10, 0x10, 0x10, 0x88,
    0x12, 0x12, 0x12, 0x8d, 0x0e, 0x10, 0x10, 0x8a, 0x0e, 0x10, 0x10, 0x8b, 0x0f, 0x11, 0x0f, 0x93,
    0x0e, 0x0e, 0x0e, 0x9a, 0x0f, 0x0d, 0x0f, 0xa5, 0x0d, 0x0d, 0x0d, 0xa9, 0x0f, 0x0f, 0x0f, 0xaa,
    0x0d, 0x0d, 0x0d, 0xb8, 0x0e, 0x0e, 0x0e, 0xc6, 0x0e, 0x0e, 0x0d, 0xcf, 0x0e, 0x0e, 0x0e, 0xe3,
    0x0d, 0x0d, 0x0d, 0xe6, 0x0d, 0x0d, 0x0d, 0xf2, 0x0e, 0x0f, 0x0e, 0xff, 0x0e, 0x0f, 0x0e, 0xff,
    0x0f, 0x10, 0x0f, 0xff, 0x10, 0x10, 0x10, 0xff, 0x10, 0x10, 0x10, 0xff, 0x0f, 0x11, 0x11, 0xff,
    0x0f, 0x10, 0x10, 0xff, 0x11, 0x11, 0x11, 0xff, 0x11, 0x12, 0x12, 0xff, 0x12, 0x12, 0x12, 0xff,
    0x12, 0x12, 0x12, 0xff, 0x12, 0x12, 0x12, 0xff, 0x12, 0x12, 0x12, 0xff, 0x13, 0x13, 0x13, 0xff,
    0x13, 0x13, 0x13, 0xff, 0x13, 0x13, 0x13, 0xfe, 0x12, 0x13, 0x13, 0xfe, 0x12, 0x12, 0x13, 0xfe,
    0x12, 0x12, 0x13, 0xfe, 0x12, 0x12, 0x13, 0xfe, 0x12, 0x13, 0x12, 0xff, 0x11, 0x13, 0x12, 0xff,
    0x12, 0x13, 0x13, 0xff, 0x13, 0x13, 0x13, 0xff, 0x13, 0x13, 0x13, 0xff, 0x12, 0x13, 0x12, 0xff,
    0x13, 0x13, 0x13, 0xff, 0x13, 0x13, 0x13, 0xff, 0x13, 0x13, 0x13, 0xff, 0x13, 0x13, 0x13, 0xff,
    0x13, 0x13, 0x12, 0xff, 0x12, 0x14, 0x13, 0xff, 0x13, 0x12, 0x13, 0xff, 0x13, 0x13, 0x13, 0xff,
    0x13, 0x13, 0x13, 0xff, 0x13, 0x13, 0x13, 0xff, 0x13, 0x13, 0x13, 0xff, 0x12, 0x14, 0x13, 0xff,
    0x12, 0x13, 0x13, 0xff, 0x13, 0x13, 0x13, 0xff, 0x13, 0x13, 0x13, 0xff, 0x13, 0x13, 0x13, 0xff,
    0x13, 0x13, 0x13, 0xff, 0x13, 0x13, 0x13, 0xff, 0x13, 0x12, 0x13, 0xff, 0x13, 0x14, 0x13, 0xff,
    0x13, 0x13, 0x13, 0xff, 0x13, 0x13, 0x13, 0xff, 0x13, 0x13, 0x13, 0xff, 0x13, 0x13, 0x13, 0xff,
    0x13, 0x13, 0x13, 0xff, 0x13, 0x13, 0x13, 0xff, 0x13, 0x13, 0x13, 0xff, 0x13, 0x13, 0x12, 0xff,
    0x12, 0x13, 0x12, 0xff, 0x13, 0x13, 0x13, 0xff, 0x12, 0x12, 0x12, 0xff, 0x12, 0x12, 0x12, 0xff,
    0x12, 0x13, 0x12, 0xff, 0x12, 0x12, 0x12, 0xff, 0x12, 0x12, 0x12, 0xff, 0x12, 0x12, 0x12, 0xff,
    0x12, 0x12, 0x13, 0xff, 0x13, 0x14, 0x12, 0xff, 0x13, 0x13, 0x13, 0xff, 0x13, 0x13, 0x13, 0xff,
    0x12, 0x12, 0x13, 0xfe, 0x12, 0x13, 0x12, 0xfe, 0x12, 0x12, 0x12, 0xfe, 0x12, 0x12, 0x12, 0xfe,
    0x12, 0x12, 0x12, 0xfd, 0x12, 0x12, 0x12, 0xfd, 0x12, 0x12, 0x12, 0xfd, 0x12, 0x12, 0x12, 0xfc,
    0x12, 0x12, 0x12, 0xfd, 0x12, 0x12, 0x12, 0xfd, 0x12, 0x12, 0x12, 0xfd, 0x12, 0x12, 0x12, 0xfd,
    0x12, 0x12, 0x11, 0xfe, 0x12, 0x13, 0x13, 0xff, 0x12, 0x13, 0x13, 0xff, 0x12, 0x12, 0x13, 0xff,
    0x12, 0x13, 0x13, 0xff, 0x13, 0x13, 0x13, 0xff, 0x13, 0x13, 0x13, 0xff, 0x13, 0x12, 0x12, 0xff,
    0x12, 0x12, 0x12, 0xff, 0x13, 0x12, 0x12, 0xff, 0x12, 0x13, 0x12, 0xff, 0x12, 0x12, 0x13, 0xff,
    0x13, 0x13, 0x13, 0xff, 0x13, 0x13, 0x13, 0xff, 0x13, 0x13, 0x13, 0xff, 0x13, 0x13, 0x13, 0xff,
    0x13, 0x13, 0x13, 0xff, 0x13, 0x13, 0x13, 0xff, 0x13, 0x13, 0x13, 0xff, 0x13, 0x13, 0x13, 0xff,
    0x12, 0x13, 0x12, 0xff, 0x12, 0x13, 0x12, 0xff, 0x12, 0x13, 0x12, 0xff, 0x12, 0x12, 0x12, 0xff,
    0x12, 0x12, 0x12, 0xff, 0x12, 0x12, 0x12, 0xff, 0x12, 0x12, 0x12, 0xff, 0x12, 0x12, 0x12, 0xff,
    0x13, 0x12, 0x13, 0xff, 0x13, 0x12, 0x12, 0xff, 0x12, 0x12, 0x12, 0xff, 0x12, 0x12, 0x12, 0xff,
    0x12, 0x12, 0x11, 0xff, 0x12, 0x13, 0x13, 0xff, 0x12, 0x13, 0x12, 0xff, 0x13, 0x13, 0x12, 0xff,
    0x13, 0x13, 0x13, 0xff, 0x12, 0x12, 0x12, 0xff, 0x13, 0x13, 0x13, 0xfe, 0x13, 0x13, 0x12, 0xfe,
    0x13, 0x13, 0x13, 0xfe, 0x13, 0x13, 0x13, 0xfe, 0x13, 0x13, 0x12, 0xfe, 0x13, 0x13, 0x13, 0xfe,
    0x13, 0x13, 0x13, 0xfd, 0x12, 0x12, 0x12, 0xfd, 0x13, 0x13, 0x13, 0xfe, 0x13, 0x13, 0x13, 0xfd,
    0x12, 0x12, 0x12, 0xfd, 0x13, 0x12, 0x13, 0xfd, 0x12, 0x12, 0x12, 0xfc, 0x12, 0x12, 0x12, 0xfc,
    0x13, 0x13, 0x13, 0xfc, 0x13, 0x13, 0x13, 0xfc, 0x13, 0x13, 0x13, 0xfc, 0x13, 0x13, 0x13, 0xfc,
    0x12, 0x12, 0x12, 0xfc, 0x12, 0x12, 0x12, 0xfc, 0x12, 0x13, 0x13, 0xfd, 0x13, 0x13, 0x13, 0xfc,
    0x12, 0x13, 0x13, 0xfc, 0x13, 0x13, 0x13, 0xfc, 0x13, 0x13, 0x13, 0xfc, 0x13, 0x13, 0x13, 0xfc,
    0x12, 0x12, 0x12, 0xfc, 0x12, 0x13, 0x12, 0xfc, 0x11, 0x12, 0x12, 0xfc, 0x12, 0x12, 0x12, 0xfc,
    0x13, 0x13, 0x13, 0xfc, 0x13, 0x13, 0x13, 0xfc, 0x12, 0x12, 0x13, 0xfc, 0x13, 0x13, 0x13, 0xfc,
    0x13, 0x13, 0x13, 0xfc, 0x12, 0x12, 0x13, 0xfc, 0x12, 0x13, 0x13, 0xfc, 0x12, 0x12, 0x12, 0xfc,
    0x12, 0x13, 0x12, 0xfd, 0x12, 0x13, 0x12, 0xfc, 0x11, 0x12, 0x12, 0xfc, 0x12, 0x12, 0x12, 0xfd,
    0x12, 0x12, 0x12, 0xfc, 0x12, 0x12, 0x12, 0xfc, 0x12, 0x12, 0x12, 0xfc, 0x12, 0x12, 0x12, 0xfc,
    0x13, 0x13, 0x13, 0xfc, 0x12, 0x12, 0x12, 0xfc, 0x12, 0x13, 0x13, 0xfc, 0x12, 0x12, 0x12, 0xfc,
    0x12, 0x12, 0x12, 0xfc, 0x12, 0x12, 0x12, 0xfc, 0x12, 0x12, 0x12, 0xfc, 0x12, 0x12, 0x12, 0xfc,
    0x12, 0x13, 0x12, 0xfc, 0x13, 0x13, 0x13, 0xfc, 0x13, 0x13, 0x13, 0xfc, 0x13, 0x12, 0x13, 0xfc,
    0x13, 0x13, 0x13, 0xfc, 0x12, 0x13, 0x13, 0xfc, 0x12, 0x12, 0x12, 0xfd, 0x11, 0x11, 0x12, 0xfc,
    0x12, 0x12, 0x13, 0xfd, 0x13, 0x12, 0x13, 0xfc, 0x13, 0x13, 0x13, 0xfc, 0x13, 0x13, 0x13, 0xfc,
    0x13, 0x13, 0x13, 0xfc, 0x13, 0x13, 0x12, 0xfc, 0x12, 0x12, 0x11, 0xfc, 0x13, 0x13, 0x13, 0xfc,
    0x13, 0x12, 0x12, 0xfc, 0x12, 0x13, 0x13, 0xfc, 0x12, 0x13, 0x13, 0xfc, 0x13, 0x13, 0x13, 0xfc,
    0x12, 0x13, 0x13, 0xfc, 0x13, 0x12, 0x12, 0xfd, 0x12, 0x13, 0x13, 0xfd, 0x13, 0x13, 0x13, 0xfc,
    0x13, 0x13, 0x13, 0xfd, 0x13, 0x13, 0x13, 0xfd, 0x13, 0x13, 0x13, 0xfc, 0x13, 0x13, 0x13, 0xfc,
    0x13, 0x13, 0x13, 0xfc, 0x13, 0x12, 0x13, 0xfc, 0x13, 0x12, 0x12, 0xfd, 0x12, 0x12, 0x12, 0xfc,
    0x12, 0x12, 0x11, 0xfc, 0x12, 0x12, 0x12, 0xfc, 0x12, 0x12, 0x12, 0xfc, 0x12, 0x12, 0x12, 0xfc,
    0x13, 0x13, 0x13, 0xfc, 0x13, 0x13, 0x13, 0xfc, 0x12, 0x13, 0x13, 0xfc, 0x13, 0x13, 0x13, 0xfc,
    0x13, 0x12, 0x12, 0xfc, 0x13, 0x12, 0x12, 0xfd, 0x13, 0x12, 0x12, 0xfd, 0x13, 0x13, 0x13, 0xfd,
    0x12, 0x13, 0x13, 0xfe, 0x12, 0x12, 0x12, 0xfd, 0x13, 0x12, 0x12, 0xfd, 0x13, 0x13, 0x13, 0xfd,
    0x13, 0x13, 0x13, 0xfd, 0x13, 0x13, 0x13, 0xfd, 0x13, 0x13, 0x13, 0xfd, 0x12, 0x12, 0x12, 0xfd,
    0x13, 0x13, 0x13, 0xfe, 0x13, 0x12, 0x13, 0xfe, 0x12, 0x13, 0x12, 0xff, 0x12, 0x12, 0x13, 0xff,
    0x12, 0x13, 0x13, 0xff, 0x12, 0x12, 0x12, 0xff, 0x12, 0x12, 0x12, 0xff, 0x12, 0x13, 0x12, 0xff,
    0x12, 0x12, 0x12, 0xff, 0x13, 0x13, 0x13, 0xff, 0x12, 0x12, 0x12, 0xff, 0x12, 0x12, 0x13, 0xff,
    0x12, 0x12, 0x12, 0xff, 0x12, 0x12, 0x12, 0xff, 0x12, 0x12, 0x12, 0xff, 0x13, 0x13, 0x13, 0xff,
    0x13, 0x13, 0x13, 0xff, 0x12, 0x13, 0x13, 0xff, 0x12, 0x12, 0x12, 0xff, 0x13, 0x12, 0x12, 0xff,
    0x13, 0x13, 0x13, 0xff, 0x13, 0x13, 0x13, 0xff, 0x13, 0x13, 0x13, 0xff, 0x13, 0x14, 0x13, 0xff,
    0x14, 0x14, 0x13, 0xff, 0x13, 0x14, 0x14, 0xff, 0x13, 0x14, 0x13, 0xff, 0x13, 0x14, 0x14, 0xff,
    0x12, 0x12, 0x13, 0xff, 0x13, 0x12, 0x13, 0xff, 0x12, 0x12, 0x12, 0xff, 0x12, 0x12, 0x12, 0xff,
    0x12, 0x12, 0x12, 0xff, 0x13, 0x13, 0x13, 0xff, 0x12, 0x12, 0x12, 0xff, 0x12, 0x12, 0x12, 0xff,
    0x12, 0x12, 0x12, 0xff, 0x12, 0x12, 0x12, 0xff, 0x12, 0x12, 0x12, 0xff, 0x13, 0x13, 0x12, 0xfe,
    0x12, 0x13, 0x12, 0xfd, 0x12, 0x12, 0x12, 0xfc, 0x13, 0x12, 0x12, 0xfc, 0x12, 0x12, 0x13, 0xfc,
    0x12, 0x12, 0x12, 0xfc, 0x12, 0x12, 0x12, 0xfc, 0x12, 0x12, 0x12, 0xfc, 0x12, 0x12, 0x12, 0xfd,
    0x13, 0x13, 0x13, 0xfd, 0x12, 0x13, 0x12, 0xfd, 0x12, 0x13, 0x13, 0xfe, 0x13, 0x13, 0x13, 0xfe,
    0x13, 0x13, 0x13, 0xfe, 0x13, 0x13, 0x13, 0xff, 0x13, 0x13, 0x13, 0xff, 0x12, 0x12, 0x13, 0xff,
    0x13, 0x13, 0x13, 0xff, 0x13, 0x13, 0x13, 0xff, 0x12, 0x13, 0x13, 0xff, 0x12, 0x13, 0x13, 0xff,
    0x12, 0x13, 0x12, 0xff, 0x12, 0x13, 0x12, 0xff, 0x13, 0x13, 0x13, 0xff, 0x13, 0x13, 0x13, 0xff,
    0x13, 0x13, 0x13, 0xff, 0x13, 0x13, 0x13, 0xff, 0x13, 0x13, 0x13, 0xff, 0x13, 0x13, 0x13, 0xff,
    0x13, 0x13, 0x13, 0xff, 0x13, 0x13, 0x13, 0xff, 0x13, 0x13, 0x13, 0xff, 0x13, 0x13, 0x13, 0xff,
    0x13, 0x13, 0x13, 0xff, 0x13, 0x13, 0x13, 0xff, 0x13, 0x13, 0x13, 0xff, 0x12, 0x13, 0x13, 0xff,
    0x13, 0x13, 0x13, 0xff, 0x13, 0x13, 0x13, 0xff, 0x13, 0x13, 0x13, 0xff, 0x13, 0x13, 0x13, 0xff,
    0x13, 0x13, 0x13, 0xff, 0x13, 0x13, 0x13, 0xff, 0x13, 0x13, 0x12, 0xff, 0x13, 0x14, 0x13, 0xff,
    0x13, 0x13, 0x13, 0xff, 0x13, 0x13, 0x12, 0xff, 0x13, 0x13, 0x13, 0xff, 0x13, 0x12, 0x12, 0xff,
    0x13, 0x13, 0x13, 0xff, 0x13, 0x13, 0x13, 0xff, 0x13, 0x13, 0x13, 0xff, 0x13, 0x13, 0x13, 0xff,
    0x12, 0x12, 0x12, 0xff, 0x13, 0x13, 0x13, 0xff, 0x12, 0x12, 0x13, 0xff, 0x12, 0x12, 0x12, 0xff,
    0x12, 0x13, 0x12, 0xff, 0x12, 0x12, 0x12, 0xff, 0x12, 0x12, 0x12, 0xff, 0x12, 0x13, 0x12, 0xff,
    0x12, 0x12, 0x12, 0xff, 0x12, 0x13, 0x12, 0xff, 0x13, 0x13, 0x13, 0xff, 0x13, 0x13, 0x13, 0xff,
    0x12, 0x12, 0x12, 0xff, 0x12, 0x13, 0x12, 0xff, 0x11, 0x12, 0x12, 0xff, 0x12, 0x12, 0x12, 0xff,
    0x12, 0x12, 0x12, 0xff, 0x12, 0x11, 0x12, 0xff, 0x12, 0x12, 0x12, 0xff, 0x11, 0x11, 0x11, 0xff,
    0x12, 0x12, 0x12, 0xff, 0x12, 0x12, 0x12, 0xff, 0x12, 0x12, 0x12, 0xff, 0x12, 0x12, 0x12, 0xff,
    0x12, 0x12, 0x12, 0xff, 0x12, 0x12, 0x12, 0xfe, 0x12, 0x12, 0x11, 0xfe, 0x12, 0x12, 0x12, 0xfe,
    0x13, 0x13, 0x12, 0xfd, 0x12, 0x13, 0x12, 0xfd, 0x12, 0x12, 0x12, 0xfc, 0x12, 0x12, 0x12, 0xfc,
    0x12, 0x12, 0x12, 0xfc, 0x12, 0x11, 0x12, 0xfb, 0x12, 0x11, 0x12, 0xfb, 0x12, 0x12, 0x12, 0xfb,
    0x12, 0x12, 0x12, 0xfb, 0x12, 0x11, 0x12, 0xfb, 0x12, 0x11, 0x12, 0xfb, 0x12, 0x12, 0x11, 0xfb,
    0x12, 0x12, 0x12, 0xfb, 0x12, 0x12, 0x12, 0xfb, 0x12, 0x12, 0x12, 0xfb, 0x12, 0x12, 0x12, 0xfb,
    0x12, 0x12, 0x12, 0xfb, 0x12, 0x12, 0x13, 0xfb, 0x12, 0x12, 0x12, 0xfb, 0x12, 0x12, 0x12, 0xfc,
    0x12, 0x12, 0x12, 0xfc, 0x12, 0x12, 0x12, 0xfc, 0x12, 0x12, 0x12, 0xfc, 0x12, 0x12, 0x12, 0xfc,
    0x12, 0x12, 0x12, 0xfd, 0x12, 0x12, 0x11, 0xfd, 0x11, 0x11, 0x11, 0xfd, 0x12, 0x12, 0x12, 0xfe,
    0x12, 0x12, 0x12, 0xfe, 0x12, 0x12, 0x13, 0xfe, 0x13, 0x13, 0x13, 0xfe, 0x13, 0x13, 0x13, 0xff,
    0x13, 0x13, 0x13, 0xff, 0x13, 0x13, 0x13, 0xff, 0x13, 0x13, 0x13, 0xff, 0x13, 0x13, 0x13, 0xff,
    0x13, 0x13, 0x13, 0xff, 0x13, 0x13, 0x13, 0xff, 0x13, 0x13, 0x13, 0xff, 0x13, 0x13, 0x13, 0xff,
    0x13, 0x13, 0x13, 0xff, 0x12, 0x12, 0x12, 0xff, 0x13, 0x13, 0x13, 0xff, 0x13, 0x13, 0x13, 0xff,
    0x12, 0x13, 0x12, 0xff, 0x12, 0x13, 0x13, 0xff, 0x13, 0x13, 0x13, 0xff, 0x13, 0x13, 0x13, 0xff,
    0x13, 0x13, 0x13, 0xff, 0x13, 0x13, 0x13, 0xff, 0x13, 0x13, 0x13, 0xff, 0x13, 0x13, 0x13, 0xff,
    0x13, 0x13, 0x13, 0xff, 0x13, 0x13, 0x13, 0xff, 0x12, 0x13, 0x13, 0xff, 0x13, 0x13, 0x13, 0xff,
    0x13, 0x13, 0x13, 0xff, 0x13, 0x13, 0x13, 0xff, 0x13, 0x13, 0x13, 0xff, 0x13, 0x13, 0x13, 0xff,
    0x13, 0x13, 0x13, 0xff, 0x13, 0x13, 0x13, 0xff, 0x13, 0x13, 0x13, 0xff, 0x12, 0x12, 0x13, 0xff,
    0x13, 0x13, 0x13, 0xff, 0x13, 0x13, 0x13, 0xff, 0x13, 0x13, 0x13, 0xff, 0x13, 0x13, 0x13, 0xff,
    0x13, 0x13, 0x13, 0xff, 0x13, 0x13, 0x13, 0xff, 0x13, 0x13, 0x13, 0xff, 0x13, 0x12, 0x13, 0xff,
    0x12, 0x13, 0x13, 0xff, 0x13, 0x13, 0x12, 0xff, 0x12, 0x12, 0x12, 0xff, 0x12, 0x12, 0x13, 0xff,
    0x12, 0x12, 0x12, 0xff, 0x12, 0x12, 0x13, 0xff, 0x13, 0x12, 0x12, 0xff, 0x13, 0x13, 0x12, 0xff,
    0x13, 0x13, 0x12, 0xff, 0x12, 0x12, 0x13, 0xff, 0x13, 0x13, 0x13, 0xff, 0x12, 0x13, 0x12, 0xff,
    0x11, 0x11, 0x12, 0xff, 0x12, 0x12, 0x12, 0xff, 0x12, 0x12, 0x12, 0xff, 0x11, 0x13, 0x12, 0xff,
    0x12, 0x14, 0x12, 0xff, 0x13, 0x14, 0x13, 0xff, 0x13, 0x13, 0x12, 0xff, 0x13, 0x13, 0x12, 0xff,
    0x13, 0x13, 0x13, 0xff, 0x13, 0x13, 0x13, 0xff, 0x13, 0x13, 0x13, 0xff, 0x12, 0x12, 0x12, 0xff,
    0x13, 0x13, 0x13, 0xff, 0x14, 0x13, 0x13, 0xff, 0x12, 0x12, 0x12, 0xff, 0x13, 0x13, 0x13, 0xff,
    0x13, 0x13, 0x13, 0xff, 0x12, 0x12, 0x12, 0xff, 0x13, 0x13, 0x13, 0xff, 0x13, 0x13, 0x13, 0xff,
    0x13, 0x13, 0x13, 0xff, 0x13, 0x13, 0x13, 0xff, 0x13, 0x13, 0x13, 0xff, 0x13, 0x13, 0x13, 0xff,
    0x13, 0x13, 0x13, 0xff, 0x13, 0x12, 0x12, 0xff, 0x13, 0x13, 0x13, 0xff, 0x13, 0x13, 0x13, 0xff,
    0x13, 0x13, 0x13, 0xff, 0x13, 0x13, 0x13, 0xff, 0x12, 0x12, 0x12, 0xff, 0x12, 0x12, 0x12, 0xff,
    0x12, 0x12, 0x12, 0xff, 0x13, 0x12, 0x13, 0xff, 0x13, 0x12, 0x13, 0xff, 0x12, 0x12, 0x13, 0xff,
    0x12, 0x12, 0x12, 0xff, 0x12, 0x12, 0x12, 0xff, 0x13, 0x13, 0x12, 0xff, 0x13, 0x13, 0x13, 0xff,
    0x13, 0x13, 0x13, 0xff, 0x13, 0x13, 0x13, 0xff, 0x13, 0x13, 0x13, 0xff, 0x13, 0x13, 0x13, 0xff,
    0x12, 0x13, 0x13, 0xff, 0x12, 0x12, 0x12, 0xff, 0x12, 0x13, 0x12, 0xff, 0x13, 0x13, 0x13, 0xff,
    0x13, 0x13, 0x13, 0xff, 0x13, 0x13, 0x13, 0xff, 0x12, 0x12, 0x13, 0xff, 0x13, 0x13, 0x13, 0xff,
    0x13, 0x13, 0x13, 0xff, 0x12, 0x12, 0x12, 0xff, 0x12, 0x13, 0x12, 0xff, 0x13, 0x13, 0x13, 0xff,
    0x13, 0x13, 0x13, 0xff, 0x12, 0x12, 0x12, 0xff, 0x13, 0x13, 0x12, 0xff, 0x13, 0x12, 0x13, 0xff,
    0x12, 0x12, 0x12, 0xfe, 0x12, 0x12, 0x12, 0xfe, 0x12, 0x12, 0x13, 0xfe, 0x11, 0x13, 0x13, 0xfe,
    0x12, 0x12, 0x12, 0xfe, 0x12, 0x12, 0x12, 0xfd, 0x12, 0x12, 0x12, 0xfd, 0x12, 0x12, 0x11, 0xfd,
    0x12, 0x12, 0x12, 0xfc, 0x12, 0x12, 0x12, 0xfc, 0x12, 0x12, 0x12, 0xfc, 0x12, 0x12, 0x12, 0xfc,
    0x12, 0x12, 0x12, 0xfb, 0x12, 0x12, 0x12, 0xfb, 0x12, 0x12, 0x12, 0xfb, 0x12, 0x11, 0x11, 0xfb,
    0x11, 0x11, 0x11, 0xfb, 0x12, 0x12, 0x12, 0xfb, 0x12, 0x12, 0x12, 0xfb, 0x12, 0x12, 0x12, 0xfb,
    0x12, 0x11, 0x12, 0xfb, 0x13, 0x13, 0x13, 0xfb, 0x13, 0x13, 0x13, 0xfb, 0x12, 0x12, 0x13, 0xfb,
    0x12, 0x12, 0x12, 0xfc, 0x12, 0x12, 0x12, 0xfc, 0x12, 0x12, 0x12, 0xfc, 0x12, 0x11, 0x12, 0xfc,
    0x11, 0x12, 0x11, 0xfc, 0x12, 0x12, 0x12, 0xfd, 0x11, 0x11, 0x11, 0xfd, 0x11, 0x11, 0x11, 0xfe,
    0x12, 0x12, 0x12, 0xfe, 0x12, 0x12, 0x12, 0xfe, 0x12, 0x12, 0x13, 0xff, 0x12, 0x12, 0x12, 0xff,
    0x12, 0x13, 0x12, 0xff, 0x13, 0x13, 0x13, 0xff, 0x12, 0x13, 0x13, 0xff, 0x13, 0x13, 0x12, 0xff,
    0x12, 0x12, 0x12, 0xff, 0x12, 0x12, 0x12, 0xff, 0x12, 0x12, 0x12, 0xff, 0x12, 0x12, 0x12, 0xff,
    0x12, 0x12, 0x12, 0xff, 0x13, 0x13, 0x12, 0xff, 0x12, 0x13, 0x13, 0xff, 0x12, 0x13, 0x13, 0xff,
    0x13, 0x13, 0x13, 0xff, 0x13, 0x13, 0x13, 0xff, 0x12, 0x12, 0x12, 0xff, 0x13, 0x13, 0x13, 0xff,
    0x13, 0x13, 0x13, 0xff, 0x12, 0x13, 0x13, 0xff, 0x13, 0x13, 0x13, 0xff, 0x13, 0x13, 0x13, 0xff,
    0x13, 0x14, 0x13, 0xff, 0x13, 0x13, 0x13, 0xff, 0x13, 0x13, 0x13, 0xff, 0x13, 0x13, 0x13, 0xff,
    0x13, 0x13, 0x13, 0xff, 0x14, 0x14, 0x14, 0xff, 0x13, 0x13, 0x13, 0xff, 0x13, 0x13, 0x13, 0xff,
    0x13, 0x13, 0x13, 0xff, 0x13, 0x13, 0x13, 0xff, 0x13, 0x13, 0x13, 0xff, 0x13, 0x13, 0x13, 0xff,
    0x12, 0x12, 0x12, 0xff, 0x13, 0x13, 0x13, 0xff, 0x13, 0x12, 0x14, 0xff, 0x12, 0x13, 0x13, 0xff,
    0x13, 0x13, 0x13, 0xff, 0x13, 0x13, 0x13, 0xff, 0x13, 0x13, 0x13, 0xff, 0x13, 0x13, 0x13, 0xff,
    0x13, 0x13, 0x13, 0xff, 0x13, 0x13, 0x13, 0xff, 0x13, 0x13, 0x14, 0xff, 0x13, 0x14, 0x14, 0xff,
    0x13, 0x13, 0x13, 0xff, 0x12, 0x13, 0x13, 0xff, 0x13, 0x12, 0x12, 0xff, 0x13, 0x13, 0x12, 0xff,
    0x12, 0x13, 0x13, 0xff, 0x13, 0x13, 0x12, 0xff, 0x12, 0x12, 0x12, 0xff, 0x13, 0x13, 0x13, 0xff,
    0x13, 0x13, 0x13, 0xff, 0x13, 0x13, 0x13, 0xff, 0x13, 0x13, 0x12, 0xff, 0x13, 0x13, 0x13, 0xff,
    0x13, 0x12, 0x13, 0xff, 0x12, 0x13, 0x12, 0xff, 0x13, 0x14, 0x12, 0xff, 0x12, 0x13, 0x13, 0xff,
    0x13, 0x13, 0x12, 0xff, 0x13, 0x13, 0x13, 0xff, 0x12, 0x13, 0x13, 0xff, 0x13, 0x13, 0x13, 0xff,
    0x13, 0x13, 0x12, 0xff, 0x12, 0x13, 0x12, 0xff, 0x12, 0x12, 0x12, 0xff, 0x12, 0x11, 0x12, 0xff,
    0x12, 0x12, 0x12, 0xff, 0x12, 0x12, 0x11, 0xff, 0x12, 0x12, 0x12, 0xff, 0x12, 0x11, 0x12, 0xff,
    0x13, 0x12, 0x12, 0xff, 0x12, 0x12, 0x12, 0xff, 0x12, 0x12, 0x12, 0xff, 0x12, 0x12, 0x12, 0xff,
    0x13, 0x13, 0x12, 0xff, 0x13, 0x13, 0x13, 0xff, 0x13, 0x13, 0x12, 0xff, 0x12, 0x14, 0x12, 0xff,
    0x12, 0x13, 0x12, 0xff, 0x13, 0x14, 0x13, 0xff, 0x12, 0x13, 0x13, 0xff, 0x12, 0x12, 0x13, 0xff,
    0x12, 0x12, 0x12, 0xff, 0x13, 0x12, 0x11, 0xff, 0x12, 0x13, 0x12, 0xff, 0x13, 0x13, 0x13, 0xff,
    0x12, 0x12, 0x13, 0xff, 0x12, 0x12, 0x12, 0xff, 0x13, 0x12, 0x13, 0xff, 0x12, 0x12, 0x12, 0xff,
    0x12, 0x12, 0x13, 0xff, 0x13, 0x13, 0x13, 0xff, 0x12, 0x12, 0x12, 0xff, 0x12, 0x12, 0x12, 0xff,
    0x12, 0x12, 0x12, 0xff, 0x12, 0x12, 0x12, 0xff, 0x13, 0x12, 0x12, 0xff, 0x12, 0x12, 0x12, 0xff,
    0x12, 0x12, 0x12, 0xff, 0x12, 0x12, 0x12, 0xff, 0x13, 0x12, 0x12, 0xff, 0x12, 0x12, 0x12, 0xff,
    0x12, 0x11, 0x12, 0xff, 0x12, 0x12, 0x11, 0xff, 0x12, 0x12, 0x12, 0xff, 0x11, 0x11, 0x11, 0xff,
    0x12, 0x12, 0x12, 0xff, 0x13, 0x13, 0x12, 0xff, 0x13, 0x13, 0x13, 0xff, 0x12, 0x12, 0x13, 0xff,
    0x13, 0x13, 0x13, 0xff, 0x13, 0x13, 0x13, 0xff, 0x13, 0x13, 0x13, 0xff, 0x13, 0x13, 0x13, 0xff,
    0x13, 0x13, 0x13, 0xff, 0x13, 0x13, 0x13, 0xff, 0x13, 0x13, 0x13, 0xff, 0x13, 0x13, 0x13, 0xff,
    0x13, 0x14, 0x13, 0xff, 0x13, 0x12, 0x12, 0xff, 0x13, 0x13, 0x13, 0xff, 0x13, 0x12, 0x13, 0xff,
    0x12, 0x12, 0x12, 0xff, 0x13, 0x13, 0x13, 0xff, 0x13, 0x12, 0x13, 0xff, 0x13, 0x12, 0x13, 0xff,
    0x12, 0x13, 0x13, 0xff, 0x13, 0x13, 0x13, 0xff, 0x13, 0x13, 0x13, 0xff, 0x13, 0x13, 0x13, 0xff,
    0x13, 0x13, 0x13, 0xff, 0x13, 0x13, 0x13, 0xff, 0x12, 0x13, 0x13, 0xff, 0x13, 0x13, 0x13, 0xff,
    0x13, 0x13, 0x13, 0xff, 0x13, 0x13, 0x13, 0xff, 0x13, 0x13, 0x13, 0xff, 0x13, 0x13, 0x13, 0xff,
    0x13, 0x13, 0x13, 0xff, 0x13, 0x13, 0x13, 0xff, 0x13, 0x13, 0x13, 0xff, 0x13, 0x13, 0x13, 0xff,
    0x13, 0x13, 0x13, 0xff, 0x13, 0x12, 0x13, 0xff, 0x13, 0x13, 0x13, 0xff, 0x12, 0x12, 0x12, 0xff,
    0x13, 0x13, 0x13, 0xff, 0x13, 0x13, 0x13, 0xff, 0x12, 0x13, 0x13, 0xff, 0x13, 0x13, 0x13, 0xff,
    0x13, 0x13, 0x13, 0xff, 0x13, 0x13, 0x13, 0xff, 0x13, 0x13, 0x12, 0xff, 0x13, 0x13, 0x12, 0xff,
    0x13, 0x13, 0x13, 0xff, 0x13, 0x14, 0x12, 0xff, 0x13, 0x13, 0x12, 0xff, 0x13, 0x13, 0x13, 0xff,
    0x13, 0x13, 0x12, 0xff, 0x13, 0x13, 0x13, 0xff, 0x13, 0x12, 0x13, 0xff, 0x13, 0x13, 0x12, 0xff,
    0x13, 0x13, 0x12, 0xff, 0x12, 0x12, 0x13, 0xff, 0x13, 0x13, 0x12, 0xff, 0x13, 0x13, 0x12, 0xff,
    0x12, 0x13, 0x12, 0xff, 0x13, 0x14, 0x13, 0xff, 0x13, 0x13, 0x13, 0xff, 0x13, 0x13, 0x13, 0xff,
    0x13, 0x13, 0x13, 0xff, 0x13, 0x13, 0x13, 0xff, 0x13, 0x13, 0x13, 0xff, 0x13, 0x13, 0x13, 0xff,
    0x12, 0x13, 0x13, 0xff, 0x13, 0x13, 0x13, 0xff, 0x13, 0x13, 0x13, 0xff, 0x12, 0x12, 0x12, 0xff,
    0x12, 0x12, 0x12, 0xff, 0x13, 0x13, 0x13, 0xff, 0x12, 0x12, 0x12, 0xff, 0x13, 0x13, 0x13, 0xff,
    0x13, 0x13, 0x13, 0xff, 0x13, 0x13, 0x13, 0xff, 0x13, 0x13, 0x13, 0xff, 0x12, 0x13, 0x13, 0xff,
    0x13, 0x13, 0x13, 0xff, 0x12, 0x13, 0x13, 0xff, 0x13, 0x13, 0x13, 0xff, 0x12, 0x12, 0x12, 0xff,
    0x13, 0x13, 0x13, 0xff, 0x13, 0x13, 0x13, 0xff, 0x13, 0x13, 0x13, 0xff, 0x13, 0x13, 0x13, 0xff,
    0x13, 0x13, 0x13, 0xff, 0x13, 0x13, 0x13, 0xff, 0x13, 0x13, 0x13, 0xff, 0x13, 0x12, 0x13, 0xff,
    0x13, 0x13, 0x13, 0xff, 0x12, 0x12, 0x12, 0xff, 0x13, 0x12, 0x13, 0xff, 0x13, 0x13, 0x12, 0xff,
    0x13, 0x13, 0x13, 0xff, 0x13, 0x13, 0x13, 0xff, 0x13, 0x13, 0x13, 0xff, 0x13, 0x13, 0x13, 0xff,
    0x13, 0x13, 0x13, 0xff, 0x11, 0x13, 0x13, 0xff, 0x13, 0x13, 0x13, 0xff, 0x13, 0x13, 0x13, 0xff,
    0x13, 0x12, 0x12, 0xff, 0x12, 0x12, 0x12, 0xff, 0x13, 0x13, 0x13, 0xff, 0x13, 0x13, 0x13, 0xff,
    0x13, 0x13, 0x13, 0xff, 0x12, 0x13, 0x13, 0xff, 0x13, 0x13, 0x13, 0xff, 0x13, 0x13, 0x13, 0xff,
    0x13, 0x13, 0x13, 0xff, 0x12, 0x12, 0x12, 0xff, 0x13, 0x13, 0x13, 0xff, 0x13, 0x13, 0x12, 0xff,
    0x12, 0x12, 0x13, 0xff, 0x12, 0x12, 0x13, 0xff, 0x13, 0x13, 0x12, 0xff, 0x13, 0x13, 0x13, 0xff,
    0x13, 0x12, 0x13, 0xff, 0x13, 0x12, 0x12, 0xff, 0x13, 0x13, 0x13, 0xff, 0x12, 0x12, 0x12, 0xff,
    0x13, 0x13, 0x13, 0xff, 0x13, 0x13, 0x12, 0xff, 0x12, 0x13, 0x13, 0xff, 0x11, 0x12, 0x12, 0xff,
    0x12, 0x11, 0x12, 0xff, 0x12, 0x11, 0x11, 0xff, 0x12, 0x12, 0x11, 0xff, 0x12, 0x12, 0x12, 0xff,
    0x12, 0x12, 0x12, 0xff, 0x12, 0x12, 0x12, 0xff, 0x12, 0x12, 0x12, 0xff, 0x12, 0x12, 0x12, 0xff,
    0x12, 0x13, 0x12, 0xff, 0x12, 0x13, 0x12, 0xff, 0x13, 0x13, 0x13, 0xff, 0x12, 0x12, 0x12, 0xff,
    0x12, 0x13, 0x13, 0xff, 0x13, 0x12, 0x13, 0xff, 0x13, 0x12, 0x12, 0xff, 0x12, 0x12, 0x12, 0xff,
    0x12, 0x12, 0x12, 0xff, 0x12, 0x12, 0x12, 0xff, 0x12, 0x12, 0x12, 0xff, 0x12, 0x12, 0x12, 0xff,
    0x11, 0x11, 0x11, 0xff, 0x12, 0x12, 0x12, 0xff, 0x12, 0x12, 0x12, 0xff, 0x13, 0x13, 0x13, 0xff,
    0x13, 0x13, 0x13, 0xff, 0x12, 0x12, 0x12, 0xff, 0x12, 0x12, 0x12, 0xff, 0x12, 0x12, 0x12, 0xff,
    0x12, 0x12, 0x12, 0xff, 0x12, 0x12, 0x12, 0xff, 0x12, 0x12, 0x11, 0xff, 0x12, 0x12, 0x12, 0xff,
    0x13, 0x13, 0x13, 0xff, 0x13, 0x13, 0x13, 0xff, 0x13, 0x13, 0x13, 0xff, 0x13, 0x13, 0x13, 0xff,
    0x13, 0x13, 0x13, 0xff, 0x13, 0x13, 0x13, 0xff, 0x13, 0x13, 0x13, 0xff, 0x12, 0x13, 0x12, 0xff,
    0x13, 0x13, 0x13, 0xff, 0x13, 0x12, 0x12, 0xff, 0x13, 0x13, 0x13, 0xff, 0x12, 0x12, 0x13, 0xff,
    0x13, 0x13, 0x13, 0xff, 0x13, 0x13, 0x13, 0xff, 0x13, 0x13, 0x13, 0xff, 0x13, 0x13, 0x13, 0xff,
    0x13, 0x13, 0x13, 0xff, 0x13, 0x13, 0x13, 0xff, 0x13, 0x13, 0x13, 0xff, 0x13, 0x13, 0x13, 0xff,
    0x13, 0x13, 0x13, 0xff, 0x13, 0x13, 0x13, 0xff, 0x13, 0x13, 0x13, 0xff, 0x13, 0x13, 0x13, 0xff,
    0x13, 0x13, 0x13, 0xff, 0x13, 0x13, 0x13, 0xff, 0x13, 0x14, 0x12, 0xff, 0x12, 0x13, 0x13, 0xff,
    0x13, 0x13, 0x13, 0xff, 0x13, 0x13, 0x13, 0xff, 0x13, 0x13, 0x13, 0xff, 0x13, 0x13, 0x13, 0xff,
    0x13, 0x13, 0x13, 0xff, 0x13, 0x13, 0x13, 0xff, 0x13, 0x13, 0x13, 0xff, 0x13, 0x13, 0x13, 0xff,
    0x13, 0x13, 0x13, 0xff, 0x12, 0x13, 0x13, 0xff, 0x13, 0x14, 0x13, 0xff, 0x13, 0x13, 0x12, 0xff,
    0x13, 0x13, 0x13, 0xff, 0x13, 0x14, 0x12, 0xff, 0x13, 0x13, 0x13, 0xff, 0x13, 0x13, 0x13, 0xff,
    0x13, 0x13, 0x13, 0xff, 0x13, 0x13, 0x13, 0xff, 0x12, 0x13, 0x12, 0xff, 0x13, 0x13, 0x13, 0xff,
    0x12, 0x13, 0x12, 0xff, 0x13, 0x13, 0x13, 0xff, 0x13, 0x13, 0x13, 0xff, 0x13, 0x13, 0x13, 0xff,
    0x13, 0x14, 0x12, 0xff, 0x13, 0x14, 0x12, 0xff, 0x13, 0x13, 0x13, 0xff, 0x13, 0x13, 0x14, 0xff,
    0x12, 0x13, 0x13, 0xff, 0x13, 0x13, 0x12, 0xff, 0x12, 0x12, 0x13, 0xff, 0x13, 0x13, 0x12, 0xff,
    0x12, 0x13, 0x12, 0xff, 0x12, 0x12, 0x12, 0xff, 0x13, 0x12, 0x13, 0xff, 0x13, 0x13, 0x13, 0xff,
    0x13, 0x13, 0x13, 0xff, 0x13, 0x13, 0x12, 0xff, 0x13, 0x13, 0x13, 0xff, 0x12, 0x12, 0x12, 0xff,
    0x13, 0x13, 0x12, 0xff, 0x13, 0x13, 0x13, 0xff, 0x13, 0x13, 0x13, 0xff, 0x13, 0x14, 0x13, 0xff,
    0x14, 0x14, 0x13, 0xff, 0x12, 0x13, 0x12, 0xff, 0x13, 0x13, 0x13, 0xff, 0x13, 0x13, 0x12, 0xff,
    0x12, 0x13, 0x12, 0xff, 0x11, 0x13, 0x12, 0xff, 0x12, 0x13, 0x12, 0xff, 0x13, 0x13, 0x13, 0xff,
    0x13, 0x13, 0x13, 0xff, 0x13, 0x13, 0x13, 0xff, 0x13, 0x13, 0x13, 0xff, 0x13, 0x13, 0x13, 0xff,
    0x12, 0x12, 0x12, 0xff, 0x13, 0x13, 0x13, 0xff, 0x12, 0x12, 0x12, 0xff, 0x13, 0x13, 0x12, 0xff,
    0x13, 0x13, 0x12, 0xff, 0x12, 0x12, 0x12, 0xff, 0x12, 0x12, 0x12, 0xff, 0x12, 0x12, 0x12, 0xff,
    0x12, 0x12, 0x12, 0xff, 0x12, 0x12, 0x12, 0xff, 0x12, 0x12, 0x12, 0xff, 0x12, 0x12, 0x12, 0xff,
    0x12, 0x12, 0x12, 0xff, 0x12, 0x12, 0x12, 0xff, 0x11, 0x12, 0x11, 0xff, 0x12, 0x11, 0x12, 0xff,
    0x12, 0x12, 0x12, 0xff, 0x13, 0x13, 0x12, 0xff, 0x13, 0x13, 0x13, 0xff, 0x13, 0x13, 0x13, 0xff,
    0x13, 0x13, 0x13, 0xff, 0x13, 0x13, 0x13, 0xff, 0x13, 0x13, 0x13, 0xff, 0x13, 0x13, 0x13, 0xff,
    0x13, 0x13, 0x13, 0xff, 0x13, 0x13, 0x13, 0xff, 0x13, 0x13, 0x13, 0xff, 0x13, 0x13, 0x13, 0xff,
    0x13, 0x13, 0x13, 0xff, 0x12, 0x13, 0x13, 0xff, 0x13, 0x13, 0x13, 0xff, 0x13, 0x13, 0x13, 0xff,
    0x13, 0x13, 0x13, 0xff, 0x13, 0x13, 0x13, 0xff, 0x13, 0x13, 0x13, 0xff, 0x12, 0x13, 0x13, 0xff,
    0x11, 0x13, 0x13, 0xff, 0x13, 0x13, 0x13, 0xff, 0x12, 0x12, 0x12, 0xff, 0x13, 0x13, 0x13, 0xff,
    0x13, 0x13, 0x13, 0xff, 0x13, 0x13, 0x13, 0xff, 0x13, 0x13, 0x13, 0xff, 0x13, 0x13, 0x13, 0xff,
    0x13, 0x13, 0x13, 0xff, 0x13, 0x13, 0x13, 0xff, 0x13, 0x13, 0x13, 0xff, 0x12, 0x13, 0x13, 0xff,
    0x13, 0x13, 0x13, 0xff, 0x14, 0x13, 0x13, 0xff, 0x13, 0x13, 0x13, 0xff, 0x13, 0x13, 0x13, 0xff,
    0x13, 0x13, 0x13, 0xff, 0x13, 0x13, 0x13, 0xff, 0x13, 0x13, 0x13, 0xff, 0x13, 0x13, 0x13, 0xff,
    0x13, 0x13, 0x13, 0xff, 0x13, 0x13, 0x13, 0xff, 0x12, 0x12, 0x12, 0xff, 0x13, 0x13, 0x13, 0xff,
    0x13, 0x13, 0x13, 0xff, 0x13, 0x13, 0x13, 0xff, 0x13, 0x14, 0x13, 0xff, 0x13, 0x14, 0x13, 0xff,
    0x13, 0x13, 0x13, 0xff, 0x13, 0x14, 0x13, 0xff, 0x13, 0x14, 0x13, 0xff, 0x13, 0x13, 0x13, 0xff,
    0x13, 0x13, 0x13, 0xff, 0x13, 0x13, 0x13, 0xff, 0x13, 0x13, 0x13, 0xff, 0x13, 0x13, 0x13, 0xff,
    0x13, 0x14, 0x13, 0xff, 0x13, 0x13, 0x13, 0xff, 0x12, 0x12, 0x13, 0xff, 0x13, 0x13, 0x13, 0xff,
    0x13, 0x13, 0x13, 0xff, 0x13, 0x13, 0x13, 0xff, 0x13, 0x13, 0x12, 0xff, 0x13, 0x13, 0x13, 0xff,
    0x13, 0x13, 0x13, 0xff, 0x13, 0x13, 0x13, 0xff, 0x13, 0x13, 0x13, 0xff, 0x13, 0x13, 0x13, 0xff,
    0x13, 0x13, 0x13, 0xff, 0x12, 0x13, 0x13, 0xff, 0x13, 0x13, 0x13, 0xff, 0x13, 0x13, 0x13, 0xff,
    0x13, 0x13, 0x13, 0xff, 0x13, 0x13, 0x13, 0xff, 0x13, 0x13, 0x13, 0xff, 0x13, 0x13, 0x13, 0xff,
    0x13, 0x13, 0x13, 0xff, 0x13, 0x13, 0x13, 0xff, 0x13, 0x13, 0x13, 0xff, 0x13, 0x13, 0x13, 0xff,
    0x13, 0x13, 0x13, 0xff, 0x13, 0x13, 0x13, 0xff, 0x13, 0x13, 0x13, 0xff, 0x13, 0x13, 0x13, 0xff,
    0x13, 0x13, 0x13, 0xff, 0x13, 0x13, 0x13, 0xff, 0x13, 0x13, 0x13, 0xff, 0x13, 0x13, 0x13, 0xff,
    0x13, 0x13, 0x13, 0xff, 0x13, 0x13, 0x13, 0xff, 0x13, 0x13, 0x13, 0xff, 0x13, 0x13, 0x13, 0xff,
    0x13, 0x13, 0x13, 0xff, 0x12, 0x12, 0x13, 0xff, 0x13, 0x13, 0x13, 0xff, 0x13, 0x13, 0x13, 0xff,
    0x13, 0x13, 0x13, 0xff, 0x12, 0x12, 0x12, 0xff, 0x13, 0x13, 0x13, 0xff, 0x13, 0x13, 0x13, 0xff,
    0x13, 0x13, 0x12, 0xff, 0x13, 0x13, 0x13, 0xff, 0x13, 0x13, 0x13, 0xff, 0x13, 0x13, 0x13, 0xff,
    0x13, 0x13, 0x13, 0xff, 0x13, 0x13, 0x13, 0xff, 0x13, 0x13, 0x13, 0xff, 0x13, 0x13, 0x13, 0xff,
    0x13, 0x13, 0x13, 0xff, 0x13, 0x13, 0x13, 0xff, 0x13, 0x13, 0x13, 0xff, 0x13, 0x13, 0x13, 0xff,
    0x13, 0x13, 0x13, 0xff, 0x12, 0x12, 0x12, 0xff, 0x13, 0x13, 0x13, 0xff, 0x13, 0x13, 0x13, 0xff,
    0x13, 0x13, 0x13, 0xff, 0x13, 0x13, 0x13, 0xff, 0x13, 0x13, 0x12, 0xff, 0x13, 0x13, 0x13, 0xff,
    0x13, 0x13, 0x13, 0xff, 0x12, 0x13, 0x12, 0xff, 0x12, 0x13, 0x12, 0xff, 0x13, 0x13, 0x13, 0xff,
    0x12, 0x13, 0x12, 0xff, 0x12, 0x13, 0x12, 0xff, 0x13, 0x13, 0x13, 0xff, 0x12, 0x13, 0x13, 0xff,
    0x11, 0x12, 0x13, 0xff, 0x12, 0x12, 0x12, 0xff, 0x13, 0x12, 0x12, 0xff, 0x12, 0x12, 0x12, 0xff,
    0x12, 0x12, 0x12, 0xff, 0x12, 0x12, 0x12, 0xff, 0x12, 0x12, 0x12, 0xff, 0x12, 0x12, 0x12, 0xff,
    0x12, 0x12, 0x12, 0xff, 0x13, 0x13, 0x12, 0xff, 0x13, 0x13, 0x13, 0xff, 0x13, 0x13, 0x13, 0xff,
    0x12, 0x14, 0x13, 0xff, 0x13, 0x14, 0x12, 0xff, 0x12, 0x13, 0x12, 0xff, 0x12, 0x12, 0x12, 0xff,
    0x12, 0x12, 0x12, 0xff, 0x12, 0x12, 0x12, 0xff, 0x12, 0x12, 0x12, 0xff, 0x12, 0x12, 0x12, 0xff,
    0x12, 0x12, 0x12, 0xff, 0x12, 0x12, 0x12, 0xff, 0x13, 0x13, 0x13, 0xff, 0x13, 0x13, 0x13, 0xff,
    0x12, 0x12, 0x13, 0xff, 0x13, 0x13, 0x12, 0xff, 0x12, 0x13, 0x12, 0xff, 0x12, 0x12, 0x12, 0xff,
    0x12, 0x12, 0x12, 0xff, 0x12, 0x12, 0x12, 0xff, 0x12, 0x12, 0x11, 0xff, 0x12, 0x13, 0x13, 0xff,
    0x12, 0x13, 0x13, 0xff, 0x13, 0x13, 0x13, 0xff, 0x12, 0x12, 0x12, 0xff, 0x13, 0x13, 0x13, 0xff,
    0x13, 0x13, 0x13, 0xff, 0x13, 0x13, 0x13, 0xff, 0x13, 0x13, 0x13, 0xff, 0x13, 0x13, 0x13, 0xff,
    0x13, 0x13, 0x13, 0xff, 0x13, 0x12, 0x12, 0xff, 0x12, 0x13, 0x13, 0xff, 0x12, 0x13, 0x13, 0xff,
    0x13, 0x13, 0x13, 0xff, 0x13, 0x13, 0x13, 0xff, 0x13, 0x13, 0x13, 0xff, 0x13, 0x13, 0x13, 0xff,
    0x13, 0x13, 0x13, 0xff, 0x13, 0x13, 0x13, 0xff, 0x13, 0x13, 0x13, 0xff, 0x13, 0x13, 0x13, 0xff,
    0x13, 0x13, 0x13, 0xff, 0x13, 0x13, 0x13, 0xff, 0x13, 0x14, 0x13, 0xff, 0x13, 0x13, 0x13, 0xff,
    0x13, 0x13, 0x13, 0xff, 0x13, 0x13, 0x13, 0xff, 0x14, 0x13, 0x13, 0xff, 0x13, 0x13, 0x13, 0xff,
    0x13, 0x13, 0x13, 0xff, 0x13, 0x13, 0x13, 0xff, 0x13, 0x13, 0x13, 0xff, 0x13, 0x13, 0x13, 0xff,
    0x13, 0x13, 0x13, 0xff, 0x13, 0x13, 0x13, 0xff, 0x12, 0x13, 0x13, 0xff, 0x13, 0x14, 0x12, 0xff,
    0x13, 0x13, 0x13, 0xff, 0x13, 0x13, 0x13, 0xff, 0x13, 0x14, 0x12, 0xff, 0x13, 0x14, 0x12, 0xff,
    0x13, 0x13, 0x13, 0xff, 0x13, 0x13, 0x13, 0xff, 0x13, 0x13, 0x13, 0xff, 0x13, 0x13, 0x13, 0xff,
    0x13, 0x13, 0x13, 0xff, 0x13, 0x13, 0x13, 0xff, 0x13, 0x13, 0x13, 0xff, 0x13, 0x13, 0x13, 0xff,
    0x13, 0x13, 0x13, 0xff, 0x13, 0x13, 0x13, 0xff, 0x13, 0x13, 0x13, 0xff, 0x13, 0x13, 0x12, 0xff,
    0x13, 0x13, 0x13, 0xff, 0x13, 0x13, 0x13, 0xff, 0x13, 0x13, 0x13, 0xff, 0x13, 0x14, 0x13, 0xff,
    0x12, 0x13, 0x12, 0xff, 0x13, 0x14, 0x12, 0xff, 0x13, 0x14, 0x12, 0xff, 0x12, 0x13, 0x12, 0xff,
    0x13, 0x13, 0x13, 0xff, 0x13, 0x13, 0x13, 0xff, 0x13, 0x13, 0x13, 0xff, 0x13, 0x13, 0x13, 0xff,
    0x13, 0x14, 0x13, 0xff, 0x13, 0x13, 0x13, 0xff, 0x13, 0x13, 0x12, 0xff, 0x13, 0x13, 0x13, 0xff,
    0x13, 0x13, 0x13, 0xff, 0x13, 0x13, 0x13, 0xff, 0x13, 0x13, 0x13, 0xff, 0x13, 0x13, 0x13, 0xff,
    0x13, 0x13, 0x13, 0xff, 0x13, 0x13, 0x13, 0xff, 0x13, 0x13, 0x13, 0xff, 0x12, 0x14, 0x13, 0xff,
    0x13, 0x13, 0x13, 0xff, 0x13, 0x14, 0x13, 0xff, 0x13, 0x13, 0x12, 0xff, 0x13, 0x13, 0x13, 0xff,
    0x13, 0x13, 0x13, 0xff, 0x13, 0x13, 0x13, 0xff, 0x12, 0x13, 0x13, 0xff, 0x13, 0x13, 0x13, 0xff,
    0x13, 0x13, 0x13, 0xff, 0x13, 0x13, 0x13, 0xff, 0x13, 0x13, 0x13, 0xff, 0x13, 0x13, 0x13, 0xff,
    0x13, 0x13, 0x13, 0xff, 0x12, 0x12, 0x12, 0xff, 0x13, 0x13, 0x13, 0xff, 0x13, 0x13, 0x13, 0xff,
    0x13, 0x13, 0x13, 0xff, 0x11, 0x13, 0x13, 0xff, 0x12, 0x13, 0x13, 0xff, 0x11, 0x12, 0x12, 0xff,
    0x12, 0x13, 0x13, 0xff, 0x13, 0x13, 0x12, 0xff, 0x12, 0x12, 0x12, 0xff, 0x13, 0x13, 0x13, 0xff,
    0x13, 0x14, 0x13, 0xff, 0x13, 0x12, 0x13, 0xff, 0x13, 0x13, 0x13, 0xff, 0x13, 0x13, 0x13, 0xff,
    0x13, 0x13, 0x13, 0xff, 0x13, 0x13, 0x13, 0xff, 0x13, 0x13, 0x13, 0xff, 0x13, 0x13, 0x13, 0xff,
    0x13, 0x13, 0x13, 0xff, 0x13, 0x13, 0x13, 0xff, 0x13, 0x13, 0x13, 0xff, 0x13, 0x13, 0x13, 0xff,
    0x13, 0x13, 0x13, 0xff, 0x13, 0x13, 0x13, 0xff, 0x13, 0x13, 0x13, 0xff, 0x13, 0x13, 0x13, 0xff,
    0x13, 0x13, 0x13, 0xff, 0x13, 0x13, 0x13, 0xff, 0x13, 0x13, 0x13, 0xff, 0x13, 0x13, 0x13, 0xff,
    0x13, 0x13, 0x12, 0xff, 0x13, 0x13, 0x13, 0xff, 0x12, 0x13, 0x13, 0xff, 0x13, 0x13, 0x13, 0xff,
    0x13, 0x13, 0x13, 0xff, 0x13, 0x13, 0x13, 0xff, 0x13, 0x13, 0x13, 0xff, 0x13, 0x13, 0x13, 0xff,
    0x13, 0x13, 0x13, 0xff, 0x13, 0x13, 0x13, 0xff, 0x13, 0x13, 0x13, 0xff, 0x13, 0x13, 0x13, 0xff,
    0x13, 0x13, 0x13, 0xff, 0x12, 0x12, 0x12, 0xff, 0x13, 0x13, 0x13, 0xff, 0x13, 0x13, 0x13, 0xff,
    0x13, 0x13, 0x13, 0xff, 0x12, 0x13, 0x13, 0xff, 0x13, 0x13, 0x13, 0xff, 0x13, 0x13, 0x13, 0xff,
    0x13, 0x13, 0x13, 0xff, 0x13, 0x13, 0x13, 0xff, 0x13, 0x13, 0x13, 0xff, 0x12, 0x13, 0x13, 0xff,
    0x13, 0x13, 0x13, 0xff, 0x13, 0x13, 0x13, 0xff, 0x12, 0x12, 0x12, 0xff, 0x13, 0x13, 0x13, 0xff,
    0x13, 0x13, 0x14, 0xff, 0x13, 0x13, 0x13, 0xff, 0x13, 0x13, 0x13, 0xff, 0x13, 0x13, 0x13, 0xff,
    0x13, 0x13, 0x13, 0xff, 0x13, 0x13, 0x13, 0xff, 0x13, 0x13, 0x13, 0xff, 0x13, 0x13, 0x13, 0xff,
    0x13, 0x12, 0x13, 0xff, 0x13, 0x13, 0x13, 0xff, 0x13, 0x13, 0x13, 0xff, 0x13, 0x13, 0x13, 0xff,
    0x13, 0x13, 0x13, 0xff, 0x13, 0x12, 0x13, 0xff, 0x13, 0x13, 0x13, 0xff, 0x13, 0x13, 0x13, 0xff,
    0x13, 0x13, 0x13, 0xff, 0x13, 0x13, 0x13, 0xff, 0x13, 0x13, 0x13, 0xff, 0x13, 0x13, 0x13, 0xff,
    0x13, 0x13, 0x13, 0xff, 0x13, 0x13, 0x13, 0xff, 0x12, 0x13, 0x13, 0xff, 0x13, 0x13, 0x13, 0xff,
    0x13, 0x13, 0x13, 0xff, 0x13, 0x13, 0x13, 0xff, 0x13, 0x13, 0x13, 0xff, 0x13, 0x13, 0x13, 0xff,
    0x13, 0x13, 0x13, 0xff, 0x13, 0x13, 0x13, 0xff, 0x13, 0x13, 0x13, 0xff, 0x13, 0x13, 0x13, 0xff,
    0x13, 0x13, 0x13, 0xff, 0x12, 0x12, 0x12, 0xff, 0x12, 0x12, 0x12, 0xff, 0x13, 0x13, 0x13, 0xff,
    0x13, 0x13, 0x13, 0xff, 0x13, 0x13, 0x13, 0xff, 0x13, 0x13, 0x13, 0xff, 0x13, 0x13, 0x13, 0xff,
    0x13, 0x13, 0x13, 0xff, 0x13, 0x13, 0x13, 0xff, 0x13, 0x13, 0x13, 0xff, 0x13, 0x13, 0x13, 0xff,
    0x13, 0x13, 0x13, 0xff, 0x13, 0x13, 0x13, 0xff, 0x13, 0x13, 0x13, 0xff, 0x13, 0x13, 0x13, 0xff,
    0x13, 0x13, 0x13, 0xff, 0x12, 0x12, 0x12, 0xff, 0x13, 0x13, 0x13, 0xff, 0x13, 0x13, 0x13, 0xff,
    0x13, 0x13, 0x13, 0xff, 0x13, 0x13, 0x13, 0xff, 0x13, 0x13, 0x13, 0xff, 0x13, 0x13, 0x13, 0xff,
    0x13, 0x13, 0x13, 0xff, 0x13, 0x13, 0x13, 0xff, 0x13, 0x13, 0x13, 0xff, 0x13, 0x13, 0x13, 0xff,
    0x13, 0x13, 0x12, 0xff, 0x13, 0x13, 0x13, 0xff, 0x13, 0x13, 0x13, 0xff, 0x13, 0x13, 0x13, 0xff,
    0x12, 0x13, 0x13, 0xff, 0x13, 0x13, 0x13, 0xff, 0x13, 0x12, 0x12, 0xff, 0x13, 0x13, 0x13, 0xff,
    0x13, 0x13, 0x13, 0xff, 0x12, 0x12, 0x12, 0xff, 0x13, 0x13, 0x13, 0xff, 0x13, 0x13, 0x14, 0xff,
    0x13, 0x14, 0x12, 0xff, 0x13, 0x14, 0x13, 0xff, 0x13, 0x13, 0x13, 0xff, 0x14, 0x14, 0x13, 0xff,
    0x13, 0x13, 0x13, 0xff, 0x13, 0x13, 0x13, 0xff, 0x13, 0x13, 0x13, 0xff, 0x13, 0x13, 0x13, 0xff,
    0x12, 0x13, 0x13, 0xff, 0x12, 0x13, 0x13, 0xff, 0x13, 0x13, 0x13, 0xff, 0x13, 0x13, 0x13, 0xff,
    0x12, 0x12, 0x12, 0xff, 0x12, 0x12, 0x12, 0xff, 0x12, 0x12, 0x12, 0xff, 0x12, 0x12, 0x13, 0xff,
    0x13, 0x13, 0x13, 0xff, 0x13, 0x13, 0x13, 0xff, 0x13, 0x13, 0x13, 0xff, 0x14, 0x13, 0x13, 0xff,
    0x13, 0x14, 0x13, 0xff, 0x12, 0x13, 0x14, 0xff, 0x13, 0x14, 0x13, 0xff, 0x13, 0x12, 0x13, 0xff,
    0x13, 0x13, 0x12, 0xff, 0x12, 0x13, 0x12, 0xff, 0x13, 0x13, 0x13, 0xff, 0x13, 0x13, 0x13, 0xff,
    0x13, 0x13, 0x13, 0xff, 0x12, 0x13, 0x13, 0xff, 0x13, 0x13, 0x13, 0xff, 0x13, 0x13, 0x13, 0xff,
    0x13, 0x13, 0x13, 0xff, 0x13, 0x13, 0x13, 0xff, 0x13, 0x13, 0x13, 0xff, 0x12, 0x12, 0x12, 0xff,
    0x13, 0x13, 0x13, 0xff, 0x13, 0x13, 0x13, 0xff, 0x13, 0x13, 0x13, 0xff, 0x13, 0x13, 0x13, 0xff,
    0x13, 0x13, 0x13, 0xff, 0x14, 0x13, 0x13, 0xff, 0x13, 0x13, 0x13, 0xff, 0x13, 0x13, 0x13, 0xff,
    0x13, 0x13, 0x13, 0xff, 0x12, 0x13, 0x13, 0xff, 0x13, 0x13, 0x13, 0xff, 0x13, 0x13, 0x12, 0xff,
    0x12, 0x12, 0x13, 0xff, 0x13, 0x13, 0x12, 0xff, 0x13, 0x13, 0x13, 0xff, 0x13, 0x13, 0x13, 0xff,
    0x13, 0x13, 0x13, 0xff, 0x13, 0x13, 0x13, 0xff, 0x13, 0x13, 0x13, 0xff, 0x13, 0x13, 0x13, 0xff,
    0x13, 0x13, 0x13, 0xff, 0x13, 0x13, 0x13, 0xff, 0x13, 0x13, 0x13, 0xff, 0x13, 0x13, 0x13, 0xff,
    0x13, 0x13, 0x13, 0xff, 0x13, 0x13, 0x13, 0xff, 0x13, 0x13, 0x13, 0xff, 0x13, 0x13, 0x13, 0xff,
    0x13, 0x13, 0x13, 0xff, 0x13, 0x13, 0x13, 0xff, 0x13, 0x13, 0x13, 0xff, 0x13, 0x13, 0x13, 0xff,
    0x13, 0x13, 0x13, 0xff, 0x13, 0x13, 0x13, 0xff, 0x13, 0x13, 0x13, 0xff, 0x13, 0x13, 0x13, 0xff,
    0x13, 0x13, 0x13, 0xff, 0x12, 0x12, 0x13, 0xff, 0x12, 0x13, 0x12, 0xff, 0x13, 0x13, 0x12, 0xff,
    0x13, 0x13, 0x12, 0xff, 0x13, 0x13, 0x13, 0xff, 0x12, 0x13, 0x13, 0xff, 0x13, 0x13, 0x13, 0xff,
    0x13, 0x13, 0x13, 0xff, 0x13, 0x13, 0x13, 0xff, 0x13, 0x13, 0x13, 0xff, 0x13, 0x13, 0x13, 0xff,
    0x13, 0x13, 0x13, 0xff, 0x13, 0x13, 0x13, 0xff, 0x13, 0x13, 0x13, 0xff, 0x13, 0x13, 0x13, 0xff,
    0x13, 0x13, 0x13, 0xff, 0x13, 0x13, 0x13, 0xff, 0x13, 0x12, 0x13, 0xff, 0x13, 0x13, 0x13, 0xff,
    0x13, 0x14, 0x12, 0xff, 0x13, 0x13, 0x13, 0xff, 0x13, 0x13, 0x13, 0xff, 0x13, 0x14, 0x13, 0xff,
    0x12, 0x12, 0x12, 0xff, 0x12, 0x14, 0x13, 0xff, 0x13, 0x14, 0x12, 0xff, 0x13, 0x14, 0x13, 0xff,
    0x13, 0x13, 0x13, 0xff, 0x14, 0x13, 0x13, 0xff, 0x13, 0x13, 0x13, 0xff, 0x13, 0x14, 0x13, 0xff,
    0x13, 0x13, 0x13, 0xff, 0x13, 0x13, 0x13, 0xff, 0x13, 0x13, 0x12, 0xff, 0x13, 0x13, 0x13, 0xff,
    0x13, 0x13, 0x12, 0xff, 0x13, 0x13, 0x13, 0xff, 0x13, 0x13, 0x13, 0xff, 0x13, 0x12, 0x13, 0xff,
    0x12, 0x13, 0x13, 0xff, 0x13, 0x13, 0x13, 0xff, 0x14, 0x14, 0x14, 0xff, 0x13, 0x13, 0x13, 0xff,
    0x13, 0x13, 0x13, 0xff, 0x13, 0x13, 0x13, 0xff, 0x12, 0x13, 0x13, 0xff, 0x13, 0x13, 0x13, 0xff,
    0x13, 0x13, 0x13, 0xff, 0x13, 0x13, 0x13, 0xff, 0x13, 0x13, 0x13, 0xff, 0x13, 0x13, 0x13, 0xff,
    0x12, 0x12, 0x12, 0xff, 0x13, 0x13, 0x13, 0xff, 0x13, 0x13, 0x13, 0xff, 0x13, 0x13, 0x13, 0xff,
    0x13, 0x13, 0x13, 0xff, 0x13, 0x13, 0x13, 0xff, 0x13, 0x13, 0x13, 0xff, 0x13, 0x13, 0x13, 0xff,
    0x13, 0x13, 0x13, 0xff, 0x13, 0x13, 0x13, 0xff, 0x14, 0x14, 0x14, 0xff, 0x13, 0x14, 0x13, 0xff,
    0x12, 0x13, 0x13, 0xff, 0x13, 0x14, 0x13, 0xff, 0x13, 0x13, 0x12, 0xff, 0x13, 0x13, 0x13, 0xff,
    0x13, 0x13, 0x13, 0xff, 0x13, 0x13, 0x13, 0xff, 0x13, 0x13, 0x13, 0xff, 0x13, 0x13, 0x13, 0xff,
    0x13, 0x13, 0x13, 0xff, 0x13, 0x13, 0x13, 0xff, 0x13, 0x13, 0x13, 0xff, 0x13, 0x13, 0x13, 0xff,
    0x13, 0x13, 0x13, 0xff, 0x13, 0x13, 0x13, 0xff, 0x13, 0x13, 0x13, 0xff, 0x13, 0x13, 0x13, 0xff,
    0x13, 0x13, 0x13, 0xff, 0x13, 0x13, 0x13, 0xff, 0x13, 0x13, 0x13, 0xff, 0x14, 0x14, 0x14, 0xff,
    0x13, 0x13, 0x13, 0xff, 0x13, 0x13, 0x13, 0xff, 0x14, 0x13, 0x13, 0xff, 0x13, 0x13, 0x13, 0xff,
    0x13, 0x13, 0x13, 0xff, 0x13, 0x13, 0x13, 0xff, 0x12, 0x12, 0x12, 0xff, 0x12, 0x12, 0x12, 0xff,
    0x13, 0x13, 0x13, 0xff, 0x13, 0x13, 0x13, 0xff, 0x13, 0x13, 0x13, 0xff, 0x13, 0x13, 0x13, 0xff,
    0x13, 0x13, 0x13, 0xff, 0x13, 0x13, 0x13, 0xff, 0x13, 0x13, 0x13, 0xff, 0x14, 0x13, 0x13, 0xff,
    0x13, 0x13, 0x13, 0xff, 0x13, 0x13, 0x13, 0xff, 0x13, 0x13, 0x13, 0xff, 0x13, 0x13, 0x13, 0xff,
    0x13, 0x14, 0x13, 0xff, 0x13, 0x13, 0x13, 0xff, 0x13, 0x13, 0x13, 0xff, 0x13, 0x13, 0x13, 0xff,
    0x13, 0x13, 0x13, 0xff, 0x13, 0x13, 0x13, 0xff, 0x13, 0x13, 0x13, 0xff, 0x13, 0x13, 0x13, 0xff,
    0x13, 0x13, 0x13, 0xff, 0x13, 0x13, 0x13, 0xff, 0x13, 0x13, 0x13, 0xff, 0x13, 0x13, 0x13, 0xff,
    0x13, 0x13, 0x13, 0xff, 0x13, 0x13, 0x13, 0xff, 0x13, 0x13, 0x13, 0xff, 0x13, 0x13, 0x13, 0xff,
    0x13, 0x14, 0x13, 0xff, 0x13, 0x13, 0x13, 0xff, 0x14, 0x14, 0x14, 0xff, 0x13, 0x13, 0x13, 0xff,
    0x13, 0x13, 0x13, 0xff, 0x13, 0x13, 0x13, 0xff, 0x13, 0x13, 0x13, 0xff, 0x13, 0x13, 0x13, 0xff,
    0x13, 0x13, 0x13, 0xff, 0x13, 0x13, 0x13, 0xff, 0x13, 0x13, 0x13, 0xff, 0x13, 0x13, 0x12, 0xff,
    0x13, 0x13, 0x13, 0xff, 0x13, 0x13, 0x13, 0xff, 0x13, 0x13, 0x13, 0xff, 0x13, 0x13, 0x13, 0xff,
    0x13, 0x13, 0x13, 0xff, 0x13, 0x14, 0x14, 0xff, 0x11, 0x13, 0x13, 0xff, 0x12, 0x13, 0x13, 0xff,
    0x13, 0x13, 0x13, 0xff, 0x13, 0x13, 0x13, 0xff, 0x13, 0x13, 0x13, 0xff, 0x13, 0x13, 0x13, 0xff,
    0x13, 0x13, 0x13, 0xff, 0x13, 0x13, 0x13, 0xff, 0x13, 0x13, 0x13, 0xff, 0x13, 0x13, 0x13, 0xff,
    0x13, 0x13, 0x13, 0xff, 0x13, 0x13, 0x13, 0xff, 0x12, 0x12, 0x12, 0xff, 0x13, 0x13, 0x13, 0xff,
    0x13, 0x13, 0x13, 0xff, 0x13, 0x13, 0x13, 0xff, 0x13, 0x13, 0x13, 0xff, 0x13, 0x13, 0x13, 0xff,
    0x14, 0x14, 0x14, 0xff, 0x13, 0x13, 0x13, 0xff, 0x13, 0x13, 0x13, 0xff, 0x13, 0x13, 0x13, 0xff,
    0x13, 0x13, 0x13, 0xff, 0x13, 0x13, 0x13, 0xff, 0x13, 0x13, 0x13, 0xff, 0x13, 0x12, 0x13, 0xff,
    0x13, 0x13, 0x13, 0xff, 0x12, 0x12, 0x12, 0xff, 0x13, 0x13, 0x13, 0xff, 0x13, 0x13, 0x13, 0xff,
    0x12, 0x13, 0x12, 0xff, 0x13, 0x13, 0x13, 0xff, 0x13, 0x14, 0x13, 0xff, 0x13, 0x13, 0x13, 0xff,
    0x13, 0x13, 0x13, 0xff, 0x13, 0x13, 0x13, 0xff, 0x13, 0x13, 0x13, 0xff, 0x13, 0x13, 0x13, 0xff,
    0x13, 0x13, 0x13, 0xff, 0x13, 0x13, 0x13, 0xff, 0x12, 0x13, 0x13, 0xff, 0x13, 0x13, 0x13, 0xff,
    0x12, 0x13, 0x13, 0xff, 0x13, 0x13, 0x13, 0xff, 0x13, 0x13, 0x13, 0xff, 0x13, 0x13, 0x13, 0xff,
    0x13, 0x13, 0x13, 0xff, 0x13, 0x13, 0x13, 0xff, 0x13, 0x13, 0x13, 0xff, 0x13, 0x13, 0x13, 0xff,
    0x13, 0x13, 0x13, 0xff, 0x13, 0x13, 0x13, 0xff, 0x13, 0x13, 0x13, 0xff, 0x13, 0x14, 0x13, 0xff,
    0x13, 0x13, 0x13, 0xff, 0x13, 0x13, 0x13, 0xff, 0x13, 0x13, 0x13, 0xff, 0x13, 0x14, 0x13, 0xff,
    0x12, 0x13, 0x13, 0xff, 0x12, 0x13, 0x13, 0xff, 0x13, 0x13, 0x13, 0xff, 0x12, 0x13, 0x13, 0xff,
    0x13, 0x13, 0x13, 0xff, 0x13, 0x13, 0x12, 0xff, 0x12, 0x13, 0x13, 0xff, 0x12, 0x12, 0x12, 0xff,
    0x13, 0x13, 0x13, 0xff, 0x13, 0x13, 0x13, 0xff, 0x13, 0x13, 0x13, 0xff, 0x13, 0x13, 0x13, 0xff,
    0x13, 0x13, 0x13, 0xff, 0x13, 0x13, 0x13, 0xff, 0x13, 0x13, 0x13, 0xff, 0x14, 0x13, 0x13, 0xff,
    0x13, 0x13, 0x13, 0xff, 0x12, 0x13, 0x13, 0xff, 0x13, 0x13, 0x13, 0xff, 0x13, 0x13, 0x13, 0xff,
    0x13, 0x13, 0x13, 0xff, 0x13, 0x13, 0x13, 0xff, 0x13, 0x13, 0x13, 0xff, 0x13, 0x13, 0x13, 0xff,
    0x13, 0x13, 0x13, 0xff, 0x13, 0x13, 0x13, 0xff, 0x12, 0x12, 0x12, 0xff, 0x13, 0x13, 0x13, 0xff,
    0x13, 0x13, 0x13, 0xff, 0x13, 0x13, 0x13, 0xff, 0x13, 0x14, 0x13, 0xff, 0x13, 0x13, 0x13, 0xff,
    0x13, 0x14, 0x13, 0xff, 0x13, 0x13, 0x13, 0xff, 0x13, 0x13, 0x13, 0xff, 0x12, 0x13, 0x13, 0xff,
    0x13, 0x13, 0x13, 0xff, 0x12, 0x13, 0x13, 0xff, 0x13, 0x13, 0x13, 0xff, 0x13, 0x14, 0x12, 0xff,
    0x13, 0x12, 0x13, 0xff, 0x12, 0x12, 0x12, 0xff, 0x13, 0x13, 0x13, 0xff, 0x12, 0x13, 0x12, 0xff,
    0x13, 0x13, 0x13, 0xff, 0x13, 0x13, 0x13, 0xff, 0x13, 0x13, 0x13, 0xff, 0x13, 0x13, 0x13, 0xff,
    0x13, 0x13, 0x13, 0xff, 0x13, 0x13, 0x13, 0xff, 0x13, 0x13, 0x13, 0xff, 0x13, 0x13, 0x13, 0xff,
    0x13, 0x13, 0x13, 0xff, 0x13, 0x13, 0x13, 0xff, 0x13, 0x13, 0x13, 0xff, 0x13, 0x13, 0x13, 0xff,
    0x13, 0x13, 0x13, 0xff, 0x13, 0x13, 0x13, 0xff, 0x13, 0x13, 0x13, 0xff, 0x12, 0x12, 0x12, 0xff,
    0x14, 0x14, 0x14, 0xff, 0x13, 0x13, 0x13, 0xff, 0x13, 0x13, 0x13, 0xff, 0x12, 0x12, 0x13, 0xff,
    0x13, 0x12, 0x13, 0xff, 0x12, 0x14, 0x12, 0xff, 0x13, 0x14, 0x13, 0xff, 0x13, 0x13, 0x12, 0xff,
    0x13, 0x13, 0x12, 0xff, 0x13, 0x13, 0x13, 0xff, 0x12, 0x13, 0x13, 0xff, 0x13, 0x13, 0x13, 0xff,
    0x13, 0x14, 0x13, 0xff, 0x13, 0x13, 0x13, 0xff, 0x13, 0x14, 0x13, 0xff, 0x13, 0x14, 0x13, 0xff,
    0x14, 0x14, 0x14, 0xff, 0x13, 0x13, 0x13, 0xff, 0x13, 0x13, 0x13, 0xff, 0x13, 0x13, 0x13, 0xff,
    0x13, 0x13, 0x13, 0xff, 0x13, 0x13, 0x13, 0xff, 0x13, 0x14, 0x13, 0xff, 0x12, 0x13, 0x13, 0xff,
    0x12, 0x13, 0x12, 0xff, 0x13, 0x13, 0x12, 0xff, 0x13, 0x14, 0x13, 0xff, 0x13, 0x13, 0x13, 0xff,
    0x13, 0x12, 0x13, 0xff, 0x13, 0x13, 0x13, 0xff, 0x14, 0x13, 0x13, 0xff, 0x13, 0x14, 0x14, 0xff,
    0x13, 0x14, 0x13, 0xff, 0x13, 0x13, 0x13, 0xff, 0x13, 0x14, 0x13, 0xff, 0x12, 0x14, 0x13, 0xff,
    0x12, 0x13, 0x13, 0xff, 0x12, 0x13, 0x13, 0xff, 0x13, 0x13, 0x13, 0xff, 0x13, 0x13, 0x13, 0xff,
    0x13, 0x13, 0x13, 0xff, 0x12, 0x13, 0x13, 0xff, 0x13, 0x13, 0x13, 0xff, 0x13, 0x13, 0x13, 0xff,
    0x13, 0x13, 0x13, 0xff, 0x13, 0x13, 0x13, 0xff, 0x13, 0x13, 0x13, 0xff, 0x14, 0x13, 0x13, 0xff,
    0x13, 0x13, 0x13, 0xff, 0x14, 0x14, 0x13, 0xff, 0x13, 0x13, 0x13, 0xff, 0x13, 0x13, 0x13, 0xff,
    0x13, 0x13, 0x13, 0xff, 0x13, 0x13, 0x13, 0xff, 0x13, 0x14, 0x13, 0xff, 0x14, 0x14, 0x14, 0xff,
    0x12, 0x13, 0x13, 0xff, 0x12, 0x13, 0x13, 0xff, 0x13, 0x13, 0x13, 0xff, 0x13, 0x13, 0x13, 0xff,
    0x13, 0x13, 0x13, 0xff, 0x13, 0x13, 0x13, 0xff, 0x13, 0x13, 0x13, 0xff, 0x13, 0x13, 0x13, 0xff,
    0x13, 0x13, 0x13, 0xff, 0x13, 0x13, 0x14, 0xff, 0x13, 0x14, 0x13, 0xff, 0x13, 0x13, 0x13, 0xff,
    0x13, 0x13, 0x13, 0xff, 0x14, 0x13, 0x14, 0xff, 0x14, 0x14, 0x14, 0xff, 0x13, 0x14, 0x13, 0xff,
    0x14, 0x14, 0x13, 0xff, 0x13, 0x13, 0x12, 0xff, 0x13, 0x13, 0x13, 0xff, 0x13, 0x13, 0x13, 0xff,
    0x13, 0x13, 0x13, 0xff, 0x12, 0x13, 0x13, 0xff, 0x13, 0x13, 0x13, 0xff, 0x13, 0x13, 0x13, 0xff,
    0x13, 0x13, 0x13, 0xff, 0x13, 0x13, 0x13, 0xff, 0x13, 0x13, 0x13, 0xff, 0x13, 0x14, 0x13, 0xff,
    0x13, 0x13, 0x13, 0xff, 0x13, 0x13, 0x12, 0xff, 0x13, 0x13, 0x14, 0xff, 0x13, 0x14, 0x13, 0xff,
    0x13, 0x13, 0x13, 0xff, 0x13, 0x13, 0x13, 0xff, 0x13, 0x13, 0x13, 0xff, 0x14, 0x13, 0x13, 0xff,
    0x12, 0x13, 0x13, 0xff, 0x12, 0x13, 0x13, 0xff, 0x13, 0x13, 0x13, 0xff, 0x13, 0x13, 0x13, 0xff,
    0x13, 0x13, 0x13, 0xff, 0x14, 0x13, 0x13, 0xff, 0x13, 0x13, 0x13, 0xff, 0x14, 0x13, 0x13, 0xff,
    0x13, 0x13, 0x13, 0xff, 0x13, 0x13, 0x13, 0xff, 0x13, 0x13, 0x13, 0xff, 0x13, 0x13, 0x13, 0xff,
    0x14, 0x14, 0x14, 0xff, 0x13, 0x13, 0x13, 0xff, 0x13, 0x14, 0x13, 0xff, 0x14, 0x14, 0x13, 0xff,
    0x14, 0x14, 0x14, 0xff, 0x12, 0x14, 0x13, 0xff, 0x13, 0x14, 0x13, 0xff, 0x13, 0x13, 0x13, 0xff,
    0x13, 0x13, 0x13, 0xff, 0x12, 0x13, 0x13, 0xff, 0x12, 0x13, 0x13, 0xff, 0x13, 0x13, 0x13, 0xff,
    0x13, 0x13, 0x13, 0xff, 0x12, 0x13, 0x13, 0xff, 0x13, 0x13, 0x13, 0xff, 0x13, 0x13, 0x13, 0xff,
    0x13, 0x13, 0x13, 0xff, 0x13, 0x14, 0x13, 0xff, 0x13, 0x13, 0x13, 0xff, 0x13, 0x14, 0x13, 0xff,
    0x12, 0x13, 0x13, 0xff, 0x14, 0x14, 0x14, 0xff, 0x13, 0x14, 0x13, 0xff, 0x14, 0x13, 0x13, 0xff,
    0x14, 0x14, 0x14, 0xff, 0x13, 0x14, 0x13, 0xff, 0x13, 0x13, 0x13, 0xff, 0x13, 0x13, 0x13, 0xff,
    0x13, 0x13, 0x13, 0xff, 0x13, 0x13, 0x13, 0xff, 0x13, 0x13, 0x13, 0xff, 0x13, 0x13, 0x13, 0xff,
    0x13, 0x13, 0x13, 0xff, 0x13, 0x13, 0x13, 0xff, 0x13, 0x13, 0x13, 0xff, 0x13, 0x13, 0x13, 0xff,
    0x13, 0x13, 0x13, 0xff, 0x13, 0x13, 0x13, 0xff, 0x14, 0x13, 0x12, 0xff, 0x13, 0x14, 0x12, 0xff,
    0x13, 0x13, 0x14, 0xff, 0x13, 0x13, 0x14, 0xff, 0x13, 0x14, 0x13, 0xff, 0x13, 0x13, 0x13, 0xff,
    0x12, 0x13, 0x13, 0xff, 0x12, 0x13, 0x13, 0xff, 0x13, 0x13, 0x13, 0xff, 0x13, 0x13, 0x13, 0xff,
    0x13, 0x13, 0x13, 0xff, 0x13, 0x13, 0x13, 0xff, 0x13, 0x13, 0x13, 0xff, 0x13, 0x14, 0x13, 0xff,
    0x13, 0x14, 0x13, 0xff, 0x13, 0x13, 0x13, 0xff, 0x13, 0x13, 0x13, 0xff, 0x13, 0x14, 0x13, 0xff,
    0x14, 0x14, 0x13, 0xff, 0x14, 0x14, 0x13, 0xff, 0x13, 0x14, 0x13, 0xff, 0x13, 0x13, 0x13, 0xff,
    0x13, 0x14, 0x13, 0xff, 0x13, 0x13, 0x13, 0xff, 0x13, 0x13, 0x13, 0xff, 0x12, 0x13, 0x12, 0xff,
    0x13, 0x13, 0x13, 0xff, 0x13, 0x13, 0x13, 0xff, 0x13, 0x13, 0x13, 0xff, 0x13, 0x13, 0x13, 0xff,
    0x13, 0x13, 0x13, 0xff, 0x13, 0x13, 0x13, 0xff, 0x13, 0x14, 0x12, 0xff, 0x13, 0x13, 0x13, 0xff,
    0x13, 0x13, 0x13, 0xff, 0x13, 0x14, 0x13, 0xff, 0x13, 0x13, 0x13, 0xff, 0x13, 0x13, 0x13, 0xff,
    0x13, 0x14, 0x12, 0xff, 0x13, 0x14, 0x12, 0xff, 0x12, 0x13, 0x12, 0xff, 0x13, 0x14, 0x13, 0xff,
    0x13, 0x14, 0x13, 0xff, 0x13, 0x13, 0x13, 0xff, 0x12, 0x13, 0x13, 0xff, 0x13, 0x13, 0x13, 0xff,
    0x13, 0x13, 0x13, 0xff, 0x13, 0x13, 0x13, 0xff, 0x13, 0x13, 0x13, 0xff, 0x13, 0x13, 0x13, 0xff,
    0x13, 0x13, 0x13, 0xff, 0x13, 0x13, 0x13, 0xff, 0x13, 0x13, 0x13, 0xff, 0x13, 0x13, 0x13, 0xff,
    0x13, 0x13, 0x13, 0xff, 0x13, 0x14, 0x13, 0xff, 0x14, 0x14, 0x14, 0xff, 0x13, 0x13, 0x13, 0xff,
    0x13, 0x14, 0x13, 0xff, 0x13, 0x13, 0x13, 0xff, 0x13, 0x14, 0x12, 0xff, 0x12, 0x13, 0x13, 0xff,
    0x12, 0x13, 0x14, 0xff, 0x12, 0x13, 0x13, 0xff, 0x13, 0x13, 0x12, 0xff, 0x13, 0x12, 0x12, 0xff,
    0x13, 0x13, 0x13, 0xff, 0x12, 0x14, 0x14, 0xff, 0x13, 0x13, 0x13, 0xff, 0x13, 0x13, 0x13, 0xff,
    0x13, 0x13, 0x13, 0xff, 0x14, 0x14, 0x13, 0xff, 0x13, 0x13, 0x13, 0xff, 0x13, 0x14, 0x13, 0xff,
    0x13, 0x13, 0x13, 0xff, 0x14, 0x13, 0x13, 0xff, 0x13, 0x14, 0x13, 0xff, 0x12, 0x14, 0x13, 0xff,
    0x12, 0x13, 0x13, 0xff, 0x13, 0x13, 0x13, 0xff, 0x13, 0x14, 0x14, 0xff, 0x12, 0x13, 0x13, 0xff,
    0x13, 0x13, 0x13, 0xff, 0x13, 0x13, 0x13, 0xff, 0x12, 0x13, 0x13, 0xff, 0x12, 0x13, 0x13, 0xff,
    0x13, 0x13, 0x13, 0xff, 0x13, 0x13, 0x13, 0xff, 0x13, 0x13, 0x13, 0xff, 0x13, 0x13, 0x13, 0xff,
    0x13, 0x12, 0x12, 0xff, 0x13, 0x13, 0x13, 0xff, 0x13, 0x13, 0x13, 0xff, 0x13, 0x13, 0x13, 0xff,
    0x13, 0x13, 0x13, 0xff, 0x13, 0x13, 0x13, 0xff, 0x13, 0x14, 0x13, 0xff, 0x13, 0x13, 0x13, 0xff,
    0x14, 0x14, 0x12, 0xff, 0x13, 0x13, 0x13, 0xff, 0x13, 0x13, 0x13, 0xff, 0x13, 0x13, 0x13, 0xff,
    0x13, 0x13, 0x13, 0xff, 0x13, 0x13, 0x13, 0xff, 0x13, 0x13, 0x13, 0xff, 0x13, 0x13, 0x13, 0xff,
    0x13, 0x13, 0x13, 0xff, 0x13, 0x13, 0x13, 0xff, 0x13, 0x13, 0x13, 0xff, 0x13, 0x13, 0x13, 0xff,
    0x13, 0x13, 0x13, 0xff, 0x13, 0x13, 0x13, 0xff, 0x13, 0x13, 0x13, 0xff, 0x13, 0x13, 0x13, 0xff,
    0x13, 0x13, 0x13, 0xff, 0x13, 0x13, 0x13, 0xff, 0x13, 0x13, 0x13, 0xff, 0x13, 0x13, 0x13, 0xff,
    0x13, 0x13, 0x13, 0xff, 0x13, 0x13, 0x13, 0xff, 0x13, 0x13, 0x13, 0xff, 0x13, 0x14, 0x13, 0xff,
    0x13, 0x13, 0x13, 0xff, 0x13, 0x13, 0x13, 0xff, 0x13, 0x13, 0x13, 0xff, 0x12, 0x13, 0x12, 0xff,
    0x13, 0x13, 0x13, 0xff, 0x12, 0x13, 0x13, 0xff, 0x13, 0x13, 0x13, 0xff, 0x13, 0x13, 0x13, 0xff,
    0x13, 0x14, 0x13, 0xff, 0x12, 0x13, 0x12, 0xff, 0x13, 0x13, 0x13, 0xff, 0x13, 0x13, 0x13, 0xff,
    0x13, 0x13, 0x13, 0xff, 0x13, 0x14, 0x12, 0xff, 0x13, 0x13, 0x13, 0xff, 0x13, 0x13, 0x13, 0xff,
    0x13, 0x13, 0x13, 0xff, 0x13, 0x13, 0x13, 0xff, 0x13, 0x13, 0x12, 0xff, 0x13, 0x13, 0x13, 0xff,
    0x13, 0x14, 0x13, 0xff, 0x13, 0x13, 0x13, 0xff, 0x13, 0x13, 0x13, 0xff, 0x13, 0x13, 0x13, 0xff,
    0x13, 0x14, 0x12, 0xff, 0x13, 0x13, 0x13, 0xff, 0x13, 0x13, 0x12, 0xff, 0x13, 0x14, 0x13, 0xff,
    0x13, 0x13, 0x13, 0xff, 0x13, 0x13, 0x14, 0xff, 0x13, 0x14, 0x13, 0xff, 0x13, 0x14, 0x13, 0xff,
    0x13, 0x14, 0x13, 0xff, 0x13, 0x13, 0x13, 0xff, 0x13, 0x13, 0x13, 0xff, 0x13, 0x13, 0x13, 0xff,
    0x12, 0x13, 0x13, 0xff, 0x13, 0x13, 0x13, 0xff, 0x13, 0x13, 0x13, 0xff, 0x13, 0x13, 0x13, 0xff,
    0x13, 0x13, 0x13, 0xff, 0x13, 0x13, 0x12, 0xff, 0x13, 0x13, 0x13, 0xff, 0x13, 0x13, 0x13, 0xff,
    0x13, 0x13, 0x13, 0xff, 0x13, 0x13, 0x13, 0xff, 0x13, 0x13, 0x13, 0xff, 0x13, 0x13, 0x13, 0xff,
    0x13, 0x13, 0x14, 0xff, 0x13, 0x13, 0x13, 0xff, 0x13, 0x13, 0x13, 0xff, 0x13, 0x14, 0x14, 0xff,
    0x13, 0x13, 0x13, 0xff, 0x12, 0x14, 0x14, 0xff, 0x13, 0x13, 0x13, 0xff, 0x13, 0x13, 0x13, 0xff,
    0x13, 0x13, 0x13, 0xff, 0x13, 0x13, 0x13, 0xff, 0x13, 0x13, 0x13, 0xff, 0x13, 0x13, 0x13, 0xff,
    0x13, 0x13, 0x13, 0xff, 0x13, 0x14, 0x13, 0xff, 0x13, 0x13, 0x13, 0xff, 0x13, 0x13, 0x13, 0xff,
    0x13, 0x13, 0x13, 0xff, 0x13, 0x13, 0x13, 0xff, 0x13, 0x13, 0x13, 0xff, 0x13, 0x13, 0x12, 0xff,
    0x13, 0x14, 0x13, 0xff, 0x13, 0x14, 0x13, 0xff, 0x13, 0x14, 0x13, 0xff, 0x13, 0x13, 0x13, 0xff,
    0x13, 0x13, 0x13, 0xff, 0x12, 0x13, 0x13, 0xff, 0x13, 0x13, 0x13, 0xff, 0x13, 0x13, 0x13, 0xff,
    0x13, 0x13, 0x13, 0xff, 0x13, 0x13, 0x13, 0xff, 0x13, 0x13, 0x13, 0xff, 0x13, 0x13, 0x12, 0xff,
    0x13, 0x14, 0x13, 0xff, 0x13, 0x13, 0x13, 0xff, 0x13, 0x14, 0x14, 0xff, 0x14, 0x14, 0x13, 0xff,
    0x13, 0x13, 0x13, 0xff, 0x13, 0x13, 0x12, 0xff, 0x12, 0x14, 0x13, 0xff, 0x13, 0x13, 0x13, 0xff,
    0x14, 0x13, 0x13, 0xff, 0x13, 0x13, 0x13, 0xff, 0x13, 0x13, 0x13, 0xff, 0x13, 0x13, 0x13, 0xff,
    0x13, 0x13, 0x13, 0xff, 0x13, 0x13, 0x13, 0xff, 0x12, 0x12, 0x12, 0xff, 0x13, 0x13, 0x13, 0xff,
    0x13, 0x13, 0x13, 0xff, 0x13, 0x13, 0x13, 0xff, 0x13, 0x13, 0x13, 0xff, 0x13, 0x13, 0x13, 0xff,
    0x13, 0x13, 0x13, 0xff, 0x13, 0x13, 0x13, 0xff, 0x13, 0x13, 0x13, 0xff, 0x14, 0x14, 0x13, 0xff,
    0x14, 0x14, 0x13, 0xff, 0x13, 0x13, 0x13, 0xff, 0x14, 0x14, 0x13, 0xff, 0x12, 0x13, 0x13, 0xff,
    0x13, 0x13, 0x13, 0xff, 0x13, 0x13, 0x13, 0xff, 0x13, 0x13, 0x13, 0xff, 0x12, 0x13, 0x13, 0xff,
    0x13, 0x13, 0x13, 0xff, 0x13, 0x13, 0x13, 0xff, 0x13, 0x13, 0x13, 0xff, 0x13, 0x13, 0x13, 0xff,
    0x13, 0x13, 0x13, 0xff, 0x13, 0x13, 0x13, 0xff, 0x13, 0x13, 0x13, 0xff, 0x13, 0x13, 0x13, 0xff,
    0x13, 0x13, 0x13, 0xff, 0x13, 0x13, 0x13, 0xff, 0x13, 0x13, 0x13, 0xff, 0x14, 0x14, 0x13, 0xff,
    0x13, 0x13, 0x13, 0xff, 0x13, 0x13, 0x13, 0xff, 0x13, 0x13, 0x13, 0xff, 0x13, 0x13, 0x13, 0xff,
    0x13, 0x13, 0x13, 0xff, 0x13, 0x13, 0x13, 0xff, 0x13, 0x13, 0x13, 0xff, 0x13, 0x13, 0x13, 0xff,
    0x13, 0x13, 0x13, 0xff, 0x13, 0x13, 0x13, 0xff, 0x13, 0x13, 0x13, 0xff, 0x13, 0x13, 0x13, 0xff,
    0x13, 0x13, 0x13, 0xff, 0x13, 0x13, 0x13, 0xff, 0x13, 0x13, 0x13, 0xff, 0x13, 0x14, 0x13, 0xff,
    0x14, 0x14, 0x13, 0xff, 0x14, 0x13, 0x13, 0xff, 0x13, 0x13, 0x13, 0xff, 0x13, 0x13, 0x13, 0xff,
    0x12, 0x13, 0x13, 0xff, 0x13, 0x14, 0x14, 0xff, 0x13, 0x13, 0x13, 0xff, 0x13, 0x13, 0x13, 0xff,
    0x13, 0x13, 0x13, 0xff, 0x13, 0x13, 0x13, 0xff, 0x13, 0x13, 0x12, 0xff, 0x13, 0x13, 0x13, 0xff,
    0x13, 0x13, 0x12, 0xff, 0x13, 0x13, 0x13, 0xff, 0x13, 0x14, 0x13, 0xff, 0x13, 0x13, 0x13, 0xff,
    0x14, 0x14, 0x13, 0xff, 0x13, 0x13, 0x13, 0xff, 0x13, 0x13, 0x13, 0xff, 0x13, 0x13, 0x13, 0xff,
    0x13, 0x14, 0x13, 0xff, 0x13, 0x14, 0x13, 0xff, 0x13, 0x14, 0x13, 0xff, 0x13, 0x13, 0x13, 0xff,
    0x13, 0x13, 0x13, 0xff, 0x13, 0x13, 0x13, 0xff, 0x13, 0x13, 0x13, 0xff, 0x13, 0x13, 0x13, 0xff,
    0x13, 0x13, 0x13, 0xff, 0x13, 0x13, 0x13, 0xff, 0x13, 0x13, 0x13, 0xff, 0x13, 0x13, 0x13, 0xff,
    0x13, 0x13, 0x13, 0xff, 0x13, 0x13, 0x13, 0xff, 0x13, 0x13, 0x13, 0xff, 0x13, 0x13, 0x13, 0xff,
    0x13, 0x13, 0x13, 0xff, 0x13, 0x13, 0x13, 0xff, 0x13, 0x14, 0x13, 0xff, 0x13, 0x13, 0x13, 0xff,
    0x13, 0x13, 0x14, 0xff, 0x13, 0x13, 0x13, 0xff, 0x14, 0x14, 0x13, 0xff, 0x13, 0x13, 0x13, 0xff,
    0x13, 0x13, 0x13, 0xff, 0x13, 0x13, 0x13, 0xff, 0x13, 0x13, 0x13, 0xff, 0x13, 0x13, 0x13, 0xff,
    0x13, 0x13, 0x13, 0xff, 0x12, 0x12, 0x12, 0xff, 0x13, 0x13, 0x13, 0xff, 0x13, 0x13, 0x13, 0xff,
    0x13, 0x13, 0x13, 0xff, 0x13, 0x13, 0x13, 0xff, 0x13, 0x13, 0x13, 0xff, 0x13, 0x13, 0x13, 0xff,
    0x13, 0x13, 0x13, 0xff, 0x13, 0x13, 0x13, 0xff, 0x13, 0x13, 0x13, 0xff, 0x13, 0x14, 0x12, 0xff,
    0x13, 0x14, 0x13, 0xff, 0x13, 0x13, 0x13, 0xff, 0x13, 0x13, 0x13, 0xff, 0x13, 0x13, 0x13, 0xff,
    0x13, 0x13, 0x13, 0xff, 0x13, 0x13, 0x13, 0xff, 0x13, 0x13, 0x13, 0xff, 0x13, 0x13, 0x13, 0xff,
    0x13, 0x13, 0x13, 0xff, 0x13, 0x13, 0x13, 0xff, 0x13, 0x13, 0x13, 0xff, 0x13, 0x13, 0x13, 0xff,
    0x13, 0x13, 0x13, 0xff, 0x13, 0x13, 0x13, 0xff, 0x13, 0x14, 0x13, 0xff, 0x14, 0x13, 0x14, 0xff,
    0x13, 0x13, 0x13, 0xff, 0x13, 0x13, 0x13, 0xff, 0x13, 0x13, 0x13, 0xff, 0x13, 0x13, 0x13, 0xff,
    0x12, 0x13, 0x13, 0xff, 0x13, 0x13, 0x13, 0xff, 0x13, 0x13, 0x13, 0xff, 0x13, 0x13, 0x13, 0xff,
    0x13, 0x13, 0x13, 0xff, 0x13, 0x13, 0x13, 0xff, 0x13, 0x13, 0x13, 0xff, 0x13, 0x13, 0x13, 0xff,
    0x13, 0x13, 0x13, 0xff, 0x13, 0x13, 0x13, 0xff, 0x13, 0x13, 0x13, 0xff, 0x13, 0x13, 0x13, 0xff,
    0x13, 0x14, 0x13, 0xff, 0x13, 0x13, 0x13, 0xff, 0x13, 0x13, 0x13, 0xff, 0x13, 0x13, 0x13, 0xff,
    0x13, 0x13, 0x13, 0xff, 0x13, 0x14, 0x14, 0xff, 0x13, 0x13, 0x13, 0xff, 0x12, 0x13, 0x13, 0xff,
    0x13, 0x13, 0x13, 0xff, 0x13, 0x13, 0x13, 0xff, 0x13, 0x13, 0x13, 0xff, 0x13, 0x13, 0x13, 0xff,
    0x13, 0x13, 0x13, 0xff, 0x13, 0x13, 0x13, 0xff, 0x13, 0x13, 0x13, 0xff, 0x13, 0x13, 0x13, 0xff,
    0x13, 0x13, 0x13, 0xff, 0x13, 0x13, 0x13, 0xff, 0x13, 0x13, 0x13, 0xff, 0x13, 0x13, 0x13, 0xff,
    0x13, 0x13, 0x13, 0xff, 0x13, 0x13, 0x13, 0xff, 0x13, 0x13, 0x13, 0xff, 0x13, 0x13, 0x13, 0xff,
    0x13, 0x13, 0x13, 0xff, 0x13, 0x13, 0x13, 0xff, 0x13, 0x13, 0x13, 0xff, 0x12, 0x13, 0x13, 0xff,
    0x13, 0x13, 0x13, 0xff, 0x13, 0x13, 0x12, 0xff, 0x13, 0x13, 0x12, 0xff, 0x13, 0x13, 0x13, 0xff,
    0x13, 0x13, 0x13, 0xff, 0x13, 0x13, 0x13, 0xff, 0x13, 0x13, 0x13, 0xff, 0x13, 0x13, 0x13, 0xff,
    0x13, 0x14, 0x13, 0xff, 0x13, 0x13, 0x13, 0xff, 0x13, 0x14, 0x13, 0xff, 0x13, 0x14, 0x13, 0xff,
    0x13, 0x13, 0x13, 0xff, 0x13, 0x13, 0x13, 0xff, 0x14, 0x13, 0x13, 0xff, 0x12, 0x13, 0x13, 0xff,
    0x13, 0x13, 0x13, 0xff, 0x12, 0x13, 0x13, 0xff, 0x13, 0x13, 0x13, 0xff, 0x13, 0x13, 0x13, 0xff,
    0x13, 0x13, 0x13, 0xff, 0x13, 0x14, 0x12, 0xff, 0x13, 0x14, 0x13, 0xff, 0x13, 0x14, 0x12, 0xff,
    0x13, 0x13, 0x13, 0xff, 0x13, 0x13, 0x13, 0xff, 0x13, 0x13, 0x13, 0xff, 0x13, 0x13, 0x13, 0xff,
    0x13, 0x13, 0x13, 0xff, 0x13, 0x14, 0x13, 0xff, 0x12, 0x13, 0x13, 0xff, 0x12, 0x13, 0x13, 0xff,
    0x13, 0x13, 0x13, 0xff, 0x13, 0x14, 0x13, 0xff, 0x13, 0x13, 0x13, 0xff, 0x13, 0x13, 0x13, 0xff,
    0x14, 0x13, 0x13, 0xff, 0x13, 0x13, 0x13, 0xff, 0x13, 0x13, 0x12, 0xff, 0x13, 0x13, 0x13, 0xff,
    0x13, 0x14, 0x12, 0xff, 0x13, 0x13, 0x13, 0xff, 0x13, 0x13, 0x13, 0xff, 0x13, 0x13, 0x13, 0xff,
    0x13, 0x13, 0x13, 0xff, 0x13, 0x13, 0x13, 0xff, 0x13, 0x13, 0x13, 0xff, 0x14, 0x14, 0x13, 0xff,
    0x13, 0x14, 0x13, 0xff, 0x13, 0x14, 0x13, 0xff, 0x13, 0x13, 0x13, 0xff, 0x13, 0x14, 0x13, 0xff,
    0x14, 0x14, 0x13, 0xff, 0x14, 0x14, 0x14, 0xff, 0x14, 0x13, 0x13, 0xff, 0x13, 0x13, 0x13, 0xff,
    0x13, 0x13, 0x13, 0xff, 0x13, 0x13, 0x13, 0xff, 0x13, 0x13, 0x13, 0xff, 0x13, 0x13, 0x13, 0xff,
    0x13, 0x13, 0x13, 0xff, 0x13, 0x13, 0x13, 0xff, 0x13, 0x13, 0x13, 0xff, 0x12, 0x12, 0x12, 0xff,
    0x13, 0x13, 0x13, 0xff, 0x13, 0x13, 0x13, 0xff, 0x13, 0x14, 0x12, 0xff, 0x13, 0x13, 0x13, 0xff,
    0x14, 0x13, 0x13, 0xff, 0x12, 0x14, 0x13, 0xff, 0x13, 0x14, 0x13, 0xff, 0x13, 0x14, 0x13, 0xff,
    0x12, 0x13, 0x13, 0xff, 0x13, 0x13, 0x13, 0xff, 0x13, 0x13, 0x13, 0xff, 0x13, 0x13, 0x13, 0xff,
    0x13, 0x13, 0x13, 0xff, 0x13, 0x13, 0x13, 0xff, 0x13, 0x13, 0x13, 0xff, 0x13, 0x13, 0x12, 0xff,
    0x13, 0x13, 0x13, 0xff, 0x13, 0x13, 0x12, 0xff, 0x13, 0x13, 0x13, 0xff, 0x13, 0x13, 0x13, 0xff,
    0x13, 0x13, 0x13, 0xff, 0x13, 0x13, 0x13, 0xff, 0x13, 0x13, 0x13, 0xff, 0x13, 0x13, 0x13, 0xff,
    0x14, 0x14, 0x13, 0xff, 0x12, 0x13, 0x13, 0xff, 0x13, 0x13, 0x13, 0xff, 0x13, 0x13, 0x13, 0xff,
    0x14, 0x13, 0x13, 0xff, 0x13, 0x13, 0x13, 0xff, 0x13, 0x13, 0x13, 0xff, 0x13, 0x13, 0x13, 0xff,
    0x13, 0x13, 0x13, 0xff, 0x13, 0x13, 0x13, 0xff, 0x13, 0x13, 0x13, 0xff, 0x13, 0x13, 0x13, 0xff,
    0x13, 0x13, 0x13, 0xff, 0x13, 0x13, 0x13, 0xff, 0x13, 0x13, 0x13, 0xff, 0x13, 0x14, 0x13, 0xff,
    0x13, 0x13, 0x13, 0xff, 0x14, 0x14, 0x14, 0xff, 0x14, 0x14, 0x13, 0xff, 0x13, 0x13, 0x14, 0xff,
    0x13, 0x13, 0x13, 0xff, 0x13, 0x13, 0x13, 0xff, 0x13, 0x14, 0x13, 0xff, 0x13, 0x13, 0x13, 0xff,
    0x13, 0x13, 0x13, 0xff, 0x13, 0x13, 0x13, 0xff, 0x13, 0x13, 0x13, 0xff, 0x13, 0x13, 0x13, 0xff,
    0x13, 0x13, 0x13, 0xff, 0x13, 0x13, 0x13, 0xff, 0x13, 0x13, 0x13, 0xff, 0x13, 0x13, 0x13, 0xff,
    0x12, 0x14, 0x14, 0xff, 0x13, 0x13, 0x13, 0xff, 0x13, 0x13, 0x13, 0xff, 0x13, 0x13, 0x13, 0xff,
    0x13, 0x13, 0x13, 0xff, 0x13, 0x13, 0x13, 0xff, 0x13, 0x14, 0x13, 0xff, 0x13, 0x13, 0x13, 0xff,
    0x13, 0x13, 0x13, 0xff, 0x13, 0x13, 0x13, 0xff, 0x13, 0x13, 0x13, 0xff, 0x13, 0x13, 0x13, 0xff,
    0x12, 0x12, 0x12, 0xff, 0x12, 0x12, 0x12, 0xff, 0x13, 0x13, 0x13, 0xff, 0x13, 0x13, 0x12, 0xff,
    0x13, 0x14, 0x13, 0xff, 0x13, 0x13, 0x13, 0xff, 0x13, 0x13, 0x13, 0xff, 0x13, 0x13, 0x13, 0xff,
    0x14, 0x14, 0x13, 0xff, 0x13, 0x14, 0x13, 0xff, 0x12, 0x13, 0x13, 0xff, 0x13, 0x14, 0x13, 0xff,
    0x12, 0x14, 0x13, 0xff, 0x13, 0x13, 0x13, 0xff, 0x13, 0x13, 0x13, 0xff, 0x13, 0x13, 0x13, 0xff,
    0x13, 0x13, 0x13, 0xff, 0x13, 0x13, 0x13, 0xff, 0x13, 0x13, 0x13, 0xff, 0x13, 0x13, 0x13, 0xff,
    0x13, 0x13, 0x13, 0xff, 0x13, 0x13, 0x12, 0xff, 0x13, 0x13, 0x13, 0xff, 0x14, 0x14, 0x14, 0xff,
    0x13, 0x13, 0x13, 0xff, 0x13, 0x13, 0x13, 0xff, 0x13, 0x13, 0x13, 0xff, 0x13, 0x14, 0x13, 0xff,
    0x13, 0x13, 0x13, 0xff, 0x13, 0x13, 0x12, 0xff, 0x13, 0x14, 0x13, 0xff, 0x13, 0x14, 0x14, 0xff,
    0x12, 0x13, 0x13, 0xff, 0x13, 0x13, 0x13, 0xff, 0x13, 0x13, 0x13, 0xff, 0x12, 0x13, 0x13, 0xff,
    0x13, 0x13, 0x13, 0xff, 0x13, 0x13, 0x13, 0xff, 0x13, 0x13, 0x13, 0xff, 0x13, 0x13, 0x13, 0xff,
    0x14, 0x14, 0x14, 0xff, 0x12, 0x12, 0x12, 0xff, 0x12, 0x12, 0x12, 0xff, 0x13, 0x13, 0x13, 0xff,
    0x13, 0x13, 0x13, 0xff, 0x13, 0x14, 0x14, 0xff, 0x13, 0x14, 0x13, 0xff, 0x13, 0x13, 0x13, 0xff,
    0x14, 0x13, 0x13, 0xff, 0x13, 0x14, 0x13, 0xff, 0x13, 0x14, 0x13, 0xff, 0x12, 0x14, 0x13, 0xff,
    0x13, 0x13, 0x13, 0xff, 0x13, 0x13, 0x13, 0xff, 0x13, 0x13, 0x13, 0xff, 0x13, 0x13, 0x13, 0xff,
    0x13, 0x13, 0x13, 0xff, 0x13, 0x13, 0x13, 0xff, 0x13, 0x13, 0x13, 0xff, 0x13, 0x13, 0x13, 0xff,
    0x13, 0x13, 0x13, 0xff, 0x13, 0x13, 0x13, 0xff, 0x13, 0x13, 0x13, 0xff, 0x14, 0x13, 0x14, 0xff,
    0x13, 0x13, 0x13, 0xff, 0x13, 0x13, 0x13, 0xff, 0x14, 0x13, 0x14, 0xff, 0x13, 0x14, 0x13, 0xff,
    0x13, 0x14, 0x13, 0xff, 0x14, 0x14, 0x13, 0xff, 0x13, 0x13, 0x13, 0xff, 0x14, 0x14, 0x14, 0xff,
    0x13, 0x13, 0x13, 0xff, 0x13, 0x13, 0x13, 0xff, 0x13, 0x13, 0x13, 0xff, 0x13, 0x13, 0x13, 0xff,
    0x13, 0x13, 0x13, 0xff, 0x13, 0x13, 0x13, 0xff, 0x13, 0x13, 0x13, 0xff, 0x13, 0x13, 0x12, 0xff,
    0x13, 0x13, 0x13, 0xff, 0x13, 0x13, 0x14, 0xff, 0x13, 0x13, 0x13, 0xff, 0x13, 0x13, 0x13, 0xff,
    0x13, 0x13, 0x13, 0xff, 0x13, 0x13, 0x13, 0xff, 0x12, 0x13, 0x13, 0xff, 0x13, 0x13, 0x13, 0xff,
    0x12, 0x13, 0x13, 0xff, 0x13, 0x13, 0x13, 0xff, 0x13, 0x13, 0x13, 0xff, 0x13, 0x13, 0x13, 0xff,
    0x13, 0x13, 0x13, 0xff, 0x13, 0x13, 0x13, 0xff, 0x13, 0x13, 0x13, 0xff, 0x13, 0x13, 0x13, 0xff,
    0x13, 0x13, 0x13, 0xff, 0x13, 0x13, 0x13, 0xff, 0x13, 0x13, 0x13, 0xff, 0x13, 0x13, 0x13, 0xff,
    0x13, 0x13, 0x13, 0xff, 0x13, 0x13, 0x13, 0xff, 0x13, 0x13, 0x13, 0xff, 0x14, 0x14, 0x13, 0xff,
    0x13, 0x14, 0x13, 0xff, 0x13, 0x13, 0x13, 0xff, 0x12, 0x13, 0x13, 0xff, 0x13, 0x13, 0x13, 0xff,
    0x12, 0x13, 0x13, 0xff, 0x13, 0x13, 0x13, 0xff, 0x13, 0x13, 0x13, 0xff, 0x13, 0x13, 0x13, 0xff,
    0x13, 0x13, 0x13, 0xff, 0x12, 0x12, 0x12, 0xff, 0x13, 0x13, 0x13, 0xff, 0x13, 0x13, 0x13, 0xff,
    0x13, 0x13, 0x13, 0xff, 0x13, 0x13, 0x13, 0xff, 0x13, 0x13, 0x13, 0xff, 0x13, 0x13, 0x13, 0xff,
    0x13, 0x13, 0x13, 0xff, 0x13, 0x13, 0x13, 0xff, 0x13, 0x13, 0x13, 0xff, 0x13, 0x13, 0x13, 0xff,
    0x13, 0x13, 0x13, 0xff, 0x13, 0x13, 0x13, 0xff, 0x13, 0x13, 0x13, 0xff, 0x13, 0x13, 0x13, 0xff,
    0x13, 0x13, 0x13, 0xff, 0x13, 0x13, 0x13, 0xff, 0x13, 0x13, 0x13, 0xff, 0x13, 0x14, 0x12, 0xff,
    0x13, 0x13, 0x13, 0xff, 0x13, 0x13, 0x13, 0xff, 0x13, 0x13, 0x13, 0xff, 0x13, 0x13, 0x13, 0xff,
    0x13, 0x13, 0x13, 0xff, 0x13, 0x13, 0x13, 0xff, 0x13, 0x14, 0x13, 0xff, 0x13, 0x13, 0x13, 0xff,
    0x13, 0x13, 0x13, 0xff, 0x13, 0x13, 0x13, 0xff, 0x13, 0x13, 0x13, 0xff, 0x13, 0x13, 0x13, 0xff,
    0x13, 0x13, 0x13, 0xff, 0x13, 0x13, 0x13, 0xff, 0x13, 0x14, 0x13, 0xff, 0x13, 0x13, 0x13, 0xff,
    0x13, 0x14, 0x13, 0xff, 0x13, 0x13, 0x12, 0xff, 0x13, 0x14, 0x12, 0xff, 0x12, 0x13, 0x12, 0xff,
    0x13, 0x13, 0x13, 0xff, 0x13, 0x13, 0x13, 0xff, 0x13, 0x13, 0x13, 0xff, 0x13, 0x13, 0x13, 0xff,
    0x13, 0x13, 0x13, 0xff, 0x13, 0x13, 0x13, 0xff, 0x13, 0x13, 0x13, 0xff, 0x13, 0x13, 0x13, 0xff,
    0x13, 0x13, 0x13, 0xff, 0x13, 0x13, 0x13, 0xff, 0x13, 0x13, 0x13, 0xff, 0x13, 0x13, 0x13, 0xff,
    0x13, 0x14, 0x13, 0xff, 0x13, 0x13, 0x13, 0xff, 0x13, 0x13, 0x13, 0xff, 0x13, 0x13, 0x13, 0xff,
    0x13, 0x13, 0x13, 0xff, 0x13, 0x13, 0x13, 0xff, 0x13, 0x13, 0x13, 0xff, 0x13, 0x13, 0x13, 0xff,
    0x13, 0x13, 0x13, 0xff, 0x13, 0x13, 0x13, 0xff, 0x13, 0x13, 0x13, 0xff, 0x13, 0x13, 0x13, 0xff,
    0x13, 0x13, 0x13, 0xff, 0x13, 0x13, 0x13, 0xff, 0x13, 0x13, 0x13, 0xff, 0x13, 0x13, 0x13, 0xff,
    0x13, 0x13, 0x13, 0xff, 0x13, 0x14, 0x14, 0xff, 0x13, 0x13, 0x13, 0xff, 0x12, 0x13, 0x13, 0xff,
    0x13, 0x13, 0x13, 0xff, 0x13, 0x13, 0x13, 0xff, 0x13, 0x13, 0x13, 0xff, 0x13, 0x13, 0x13, 0xff,
    0x13, 0x13, 0x13, 0xff, 0x12, 0x12, 0x12, 0xff, 0x13, 0x13, 0x13, 0xff, 0x13, 0x13, 0x13, 0xff,
    0x13, 0x13, 0x13, 0xff, 0x13, 0x13, 0x13, 0xff, 0x13, 0x13, 0x13, 0xff, 0x13, 0x13, 0x13, 0xff,
    0x13, 0x13, 0x13, 0xff, 0x13, 0x13, 0x13, 0xff, 0x14, 0x14, 0x14, 0xff, 0x13, 0x13, 0x14, 0xff,
    0x13, 0x13, 0x13, 0xff, 0x13, 0x13, 0x13, 0xff, 0x13, 0x13, 0x13, 0xff, 0x13, 0x13, 0x13, 0xff,
    0x13, 0x13, 0x13, 0xff, 0x13, 0x13, 0x13, 0xff, 0x13, 0x13, 0x13, 0xff, 0x13, 0x13, 0x13, 0xff,
    0x12, 0x12, 0x12, 0xff, 0x13, 0x12, 0x13, 0xff, 0x12, 0x13, 0x12, 0xff, 0x13, 0x13, 0x13, 0xff,
    0x13, 0x13, 0x13, 0xff, 0x13, 0x13, 0x13, 0xff, 0x13, 0x13, 0x13, 0xff, 0x14, 0x14, 0x13, 0xff,
    0x13, 0x13, 0x13, 0xff, 0x13, 0x13, 0x13, 0xff, 0x13, 0x13, 0x13, 0xff, 0x13, 0x13, 0x13, 0xff,
    0x13, 0x13, 0x13, 0xff, 0x13, 0x13, 0x13, 0xff, 0x12, 0x13, 0x13, 0xff, 0x13, 0x13, 0x13, 0xff,
    0x13, 0x13, 0x13, 0xff, 0x13, 0x13, 0x13, 0xff, 0x13, 0x13, 0x13, 0xff, 0x13, 0x13, 0x13, 0xff,
    0x13, 0x13, 0x13, 0xff, 0x13, 0x13, 0x13, 0xff, 0x13, 0x13, 0x13, 0xff, 0x13, 0x13, 0x13, 0xff,
    0x13, 0x13, 0x13, 0xff, 0x13, 0x14, 0x13, 0xff, 0x12, 0x13, 0x13, 0xff, 0x13, 0x13, 0x13, 0xff,
    0x13, 0x13, 0x14, 0xff, 0x13, 0x13, 0x13, 0xff, 0x13, 0x13, 0x13, 0xff, 0x13, 0x13, 0x13, 0xff,
    0x13, 0x13, 0x13, 0xff, 0x13, 0x13, 0x13, 0xff, 0x13, 0x13, 0x13, 0xff, 0x13, 0x13, 0x13, 0xff,
    0x12, 0x13, 0x13, 0xff, 0x13, 0x13, 0x13, 0xff, 0x13, 0x13, 0x13, 0xff, 0x13, 0x13, 0x13, 0xff,
    0x13, 0x13, 0x13, 0xff, 0x13, 0x13, 0x13, 0xff, 0x13, 0x13, 0x13, 0xff, 0x13, 0x13, 0x13, 0xff,
    0x13, 0x13, 0x13, 0xff, 0x13, 0x13, 0x13, 0xff, 0x13, 0x13, 0x12, 0xff, 0x13, 0x13, 0x13, 0xff,
    0x14, 0x14, 0x13, 0xff, 0x13, 0x13, 0x13, 0xff, 0x13, 0x13, 0x13, 0xff, 0x12, 0x14, 0x13, 0xff,
    0x13, 0x13, 0x13, 0xff, 0x13, 0x13, 0x13, 0xff, 0x13, 0x13, 0x13, 0xff, 0x13, 0x13, 0x13, 0xff,
    0x13, 0x13, 0x13, 0xff, 0x13, 0x13, 0x13, 0xff, 0x13, 0x13, 0x13, 0xff, 0x13, 0x13, 0x13, 0xff,
    0x13, 0x13, 0x13, 0xff, 0x13, 0x13, 0x13, 0xff, 0x13, 0x13, 0x13, 0xff, 0x13, 0x13, 0x13, 0xff,
    0x13, 0x13, 0x14, 0xff, 0x13, 0x13, 0x13, 0xff, 0x13, 0x14, 0x13, 0xff, 0x13, 0x13, 0x13, 0xff,
    0x13, 0x13, 0x13, 0xff, 0x13, 0x13, 0x13, 0xff, 0x13, 0x13, 0x13, 0xff, 0x13, 0x13, 0x13, 0xff,
    0x13, 0x13, 0x13, 0xff, 0x13, 0x13, 0x13, 0xff, 0x13, 0x13, 0x13, 0xff, 0x13, 0x13, 0x13, 0xff,
    0x13, 0x13, 0x13, 0xff, 0x13, 0x13, 0x13, 0xff, 0x13, 0x13, 0x13, 0xff, 0x13, 0x13, 0x13, 0xff,
    0x13, 0x13, 0x13, 0xff, 0x13, 0x13, 0x13, 0xff, 0x13, 0x14, 0x13, 0xff, 0x13, 0x14, 0x13, 0xff,
    0x12, 0x13, 0x13, 0xff, 0x13, 0x13, 0x13, 0xff, 0x13, 0x13, 0x13, 0xff, 0x13, 0x13, 0x13, 0xff,
    0x14, 0x13, 0x13, 0xff, 0x13, 0x13, 0x13, 0xff, 0x13, 0x13, 0x13, 0xff, 0x13, 0x13, 0x13, 0xff,
    0x13, 0x13, 0x13, 0xff, 0x13, 0x13, 0x13, 0xff, 0x13, 0x13, 0x13, 0xff, 0x13, 0x13, 0x13, 0xff,
    0x13, 0x13, 0x13, 0xff, 0x13, 0x13, 0x13, 0xff, 0x13, 0x13, 0x13, 0xff, 0x13, 0x13, 0x13, 0xff,
    0x13, 0x13, 0x13, 0xff, 0x13, 0x13, 0x13, 0xff, 0x13, 0x13, 0x13, 0xff, 0x13, 0x13, 0x13, 0xff,
    0x13, 0x13, 0x13, 0xff, 0x13, 0x13, 0x13, 0xff, 0x13, 0x13, 0x13, 0xff, 0x13, 0x13, 0x13, 0xff,
    0x13, 0x13, 0x13, 0xff, 0x13, 0x13, 0x13, 0xff, 0x13, 0x13, 0x13, 0xff, 0x12, 0x12, 0x12, 0xff,
    0x13, 0x13, 0x13, 0xff, 0x13, 0x13, 0x13, 0xff, 0x13, 0x13, 0x13, 0xff, 0x13, 0x13, 0x13, 0xff,
    0x13, 0x13, 0x13, 0xff, 0x13, 0x13, 0x13, 0xff, 0x13, 0x13, 0x13, 0xff, 0x13, 0x13, 0x13, 0xff,
    0x13, 0x13, 0x13, 0xff, 0x13, 0x13, 0x13, 0xff, 0x13, 0x13, 0x13, 0xff, 0x13, 0x13, 0x13, 0xff,
    0x13, 0x13, 0x13, 0xff, 0x13, 0x13, 0x13, 0xff, 0x13, 0x13, 0x13, 0xff, 0x13, 0x13, 0x13, 0xff,
    0x13, 0x13, 0x13, 0xff, 0x13, 0x13, 0x13, 0xff, 0x13, 0x13, 0x13, 0xff, 0x13, 0x13, 0x13, 0xff,
    0x13, 0x13, 0x13, 0xff, 0x13, 0x13, 0x13, 0xff, 0x13, 0x13, 0x13, 0xff, 0x13, 0x13, 0x13, 0xff,
    0x13, 0x13, 0x13, 0xff, 0x13, 0x13, 0x13, 0xff, 0x13, 0x13, 0x13, 0xff, 0x13, 0x13, 0x13, 0xff,
    0x13, 0x13, 0x13, 0xff, 0x14, 0x14, 0x14, 0xff, 0x13, 0x13, 0x13, 0xff, 0x13, 0x13, 0x13, 0xff,
    0x13, 0x13, 0x13, 0xff, 0x13, 0x13, 0x13, 0xff, 0x13, 0x13, 0x13, 0xff, 0x13, 0x13, 0x13, 0xff,
    0x13, 0x13, 0x13, 0xff, 0x13, 0x13, 0x13, 0xff, 0x13, 0x13, 0x13, 0xff, 0x13, 0x13, 0x13, 0xff,
    0x13, 0x13, 0x13, 0xff, 0x13, 0x13, 0x13, 0xff, 0x13, 0x13, 0x13, 0xff, 0x13, 0x13, 0x13, 0xff,
    0x13, 0x13, 0x13, 0xff, 0x13, 0x14, 0x13, 0xff, 0x13, 0x13, 0x13, 0xff, 0x13, 0x13, 0x13, 0xff,
    0x13, 0x13, 0x13, 0xff, 0x13, 0x13, 0x13, 0xff, 0x13, 0x13, 0x13, 0xff, 0x13, 0x13, 0x13, 0xff,
    0x13, 0x13, 0x13, 0xff, 0x13, 0x13, 0x13, 0xff, 0x13, 0x13, 0x13, 0xff, 0x13, 0x13, 0x13, 0xff,
    0x13, 0x13, 0x13, 0xff, 0x13, 0x13, 0x13, 0xff, 0x13, 0x13, 0x13, 0xff, 0x13, 0x13, 0x13, 0xff,
    0x13, 0x13, 0x13, 0xff, 0x13, 0x13, 0x13, 0xff, 0x13, 0x13, 0x13, 0xff, 0x13, 0x13, 0x13, 0xff,
    0x13, 0x13, 0x13, 0xff, 0x13, 0x13, 0x13, 0xff, 0x13, 0x13, 0x13, 0xff, 0x13, 0x13, 0x13, 0xff,
    0x13, 0x13, 0x13, 0xff, 0x13, 0x13, 0x13, 0xff, 0x13, 0x13, 0x13, 0xff, 0x13, 0x13, 0x13, 0xff,
    0x13, 0x13, 0x13, 0xff, 0x13, 0x13, 0x13, 0xff, 0x13, 0x13, 0x13, 0xff, 0x13, 0x13, 0x13, 0xff,
    0x13, 0x13, 0x13, 0xff, 0x13, 0x13, 0x13, 0xff, 0x13, 0x13, 0x13, 0xff, 0x13, 0x13, 0x13, 0xff,
    0x13, 0x13, 0x13, 0xff, 0x13, 0x13, 0x13, 0xff, 0x13, 0x13, 0x13, 0xff, 0x13, 0x13, 0x13, 0xff,
    0x13, 0x13, 0x13, 0xff, 0x13, 0x13, 0x13, 0xff, 0x13, 0x13, 0x13, 0xff, 0x13, 0x13, 0x13, 0xff,
    0x13, 0x13, 0x13, 0xff, 0x13, 0x13, 0x12, 0xff, 0x13, 0x13, 0x12, 0xff, 0x13, 0x13, 0x13, 0xff,
    0x13, 0x13, 0x13, 0xff, 0x13, 0x13, 0x13, 0xff, 0x13, 0x13, 0x13, 0xff, 0x12, 0x12, 0x12, 0xff,
    0x13, 0x13, 0x13, 0xff, 0x13, 0x13, 0x13, 0xff, 0x13, 0x13, 0x13, 0xff, 0x13, 0x13, 0x13, 0xff,
    0x13, 0x13, 0x13, 0xff, 0x13, 0x13, 0x13, 0xff, 0x13, 0x13, 0x13, 0xff, 0x13, 0x13, 0x13, 0xff,
    0x13, 0x13, 0x13, 0xff, 0x13, 0x13, 0x13, 0xff, 0x13, 0x13, 0x13, 0xff, 0x13, 0x13, 0x13, 0xff,
    0x13, 0x13, 0x13, 0xff, 0x13, 0x13, 0x13, 0xff, 0x12, 0x12, 0x12, 0xff, 0x13, 0x13, 0x13, 0xff,
    0x13, 0x13, 0x13, 0xff, 0x13, 0x13, 0x13, 0xff, 0x13, 0x13, 0x13, 0xff, 0x13, 0x13, 0x13, 0xff,
    0x13, 0x13, 0x13, 0xff, 0x13, 0x13, 0x13, 0xff, 0x13, 0x13, 0x13, 0xff, 0x13, 0x13, 0x13, 0xff,
    0x13, 0x13, 0x13, 0xff, 0x13, 0x13, 0x13, 0xff, 0x12, 0x14, 0x13, 0xff, 0x13, 0x13, 0x13, 0xff,
    0x13, 0x13, 0x13, 0xff, 0x13, 0x13, 0x13, 0xff, 0x13, 0x13, 0x13, 0xff, 0x13, 0x13, 0x13, 0xff,
    0x13, 0x13, 0x13, 0xff, 0x13, 0x13, 0x13, 0xff, 0x13, 0x13, 0x13, 0xff, 0x13, 0x13, 0x13, 0xff,
    0x13, 0x13, 0x13, 0xff, 0x13, 0x13, 0x13, 0xff, 0x13, 0x13, 0x13, 0xff, 0x13, 0x13, 0x13, 0xff,
    0x13, 0x13, 0x13, 0xff, 0x13, 0x13, 0x13, 0xff, 0x13, 0x13, 0x13, 0xff, 0x13, 0x13, 0x13, 0xff,
    0x13, 0x13, 0x13, 0xff, 0x13, 0x13, 0x13, 0xff, 0x13, 0x13, 0x13, 0xff, 0x13, 0x13, 0x13, 0xff,
    0x13, 0x13, 0x13, 0xff, 0x13, 0x13, 0x13, 0xff, 0x13, 0x13, 0x13, 0xff, 0x13, 0x13, 0x13, 0xff,
    0x13, 0x13, 0x13, 0xff, 0x13, 0x13, 0x13, 0xff, 0x13, 0x13, 0x13, 0xff, 0x13, 0x13, 0x13, 0xff,
    0x13, 0x13, 0x13, 0xff, 0x13, 0x13, 0x13, 0xff, 0x13, 0x13, 0x13, 0xff, 0x13, 0x13, 0x13, 0xff,
    0x14, 0x13, 0x13, 0xff, 0x13, 0x13, 0x13, 0xff, 0x12, 0x13, 0x13, 0xff, 0x13, 0x13, 0x13, 0xff,
    0x13, 0x13, 0x13, 0xff, 0x13, 0x13, 0x13, 0xff, 0x12, 0x13, 0x13, 0xff, 0x13, 0x13, 0x13, 0xff,
    0x13, 0x13, 0x13, 0xff, 0x13, 0x13, 0x13, 0xff, 0x13, 0x13, 0x13, 0xff, 0x12, 0x13, 0x13, 0xff,
    0x13, 0x13, 0x13, 0xff, 0x13, 0x13, 0x13, 0xff, 0x13, 0x13, 0x13, 0xff, 0x13, 0x13, 0x13, 0xff,
    0x13, 0x13, 0x13, 0xff, 0x13, 0x13, 0x13, 0xff, 0x13, 0x13, 0x13, 0xff, 0x13, 0x13, 0x13, 0xff,
    0x13, 0x13, 0x13, 0xff, 0x13, 0x13, 0x13, 0xff, 0x13, 0x13, 0x13, 0xff, 0x13, 0x13, 0x13, 0xff,
    0x13, 0x13, 0x13, 0xff, 0x13, 0x13, 0x13, 0xff, 0x13, 0x13, 0x13, 0xff, 0x13, 0x13, 0x13, 0xff,
    0x13, 0x13, 0x13, 0xff, 0x13, 0x13, 0x13, 0xff, 0x13, 0x13, 0x13, 0xff, 0x13, 0x13, 0x13, 0xff,
    0x13, 0x13, 0x13, 0xff, 0x13, 0x13, 0x13, 0xff, 0x13, 0x13, 0x13, 0xff, 0x13, 0x13, 0x13, 0xff,
    0x13, 0x13, 0x13, 0xff, 0x13, 0x13, 0x13, 0xff, 0x13, 0x13, 0x13, 0xff, 0x13, 0x13, 0x13, 0xff,
    0x13, 0x13, 0x13, 0xff, 0x12, 0x13, 0x13, 0xff, 0x12, 0x13, 0x13, 0xff, 0x13, 0x12, 0x13, 0xff,
    0x13, 0x13, 0x13, 0xff, 0x13, 0x13, 0x13, 0xff, 0x13, 0x13, 0x13, 0xff, 0x13, 0x13, 0x13, 0xff,
    0x13, 0x13, 0x13, 0xff, 0x13, 0x13, 0x13, 0xff, 0x13, 0x13, 0x13, 0xff, 0x13, 0x13, 0x13, 0xff,
    0x13, 0x13, 0x13, 0xff, 0x13, 0x13, 0x13, 0xff, 0x13, 0x13, 0x13, 0xff, 0x13, 0x13, 0x13, 0xff,
    0x13, 0x13, 0x13, 0xff, 0x13, 0x13, 0x13, 0xff, 0x13, 0x14, 0x13, 0xff, 0x13, 0x13, 0x13, 0xff,
    0x13, 0x13, 0x13, 0xff, 0x13, 0x13, 0x13, 0xff, 0x12, 0x13, 0x13, 0xff, 0x13, 0x13, 0x13, 0xff,
    0x13, 0x13, 0x13, 0xff, 0x13, 0x13, 0x13, 0xff, 0x13, 0x13, 0x13, 0xff, 0x13, 0x13, 0x13, 0xff,
    0x13, 0x13, 0x13, 0xff, 0x13, 0x13, 0x13, 0xff, 0x13, 0x13, 0x13, 0xff, 0x13, 0x13, 0x13, 0xff,
    0x13, 0x13, 0x13, 0xff, 0x13, 0x13, 0x13, 0xff, 0x13, 0x13, 0x13, 0xff, 0x13, 0x13, 0x13, 0xff,
    0x13, 0x13, 0x13, 0xff, 0x13, 0x13, 0x13, 0xff, 0x13, 0x14, 0x13, 0xff, 0x13, 0x14, 0x13, 0xff,
    0x13, 0x13, 0x13, 0xff, 0x13, 0x13, 0x13, 0xff, 0x13, 0x13, 0x13, 0xff, 0x13, 0x13, 0x13, 0xff,
    0x13, 0x13, 0x13, 0xff, 0x13, 0x13, 0x13, 0xff, 0x13, 0x13, 0x13, 0xff, 0x13, 0x13, 0x13, 0xff,
    0x13, 0x13, 0x13, 0xff, 0x13, 0x13, 0x13, 0xff, 0x13, 0x13, 0x13, 0xff, 0x13, 0x13, 0x13, 0xff,
    0x13, 0x13, 0x13, 0xff, 0x13, 0x13, 0x13, 0xff, 0x13, 0x13, 0x13, 0xff, 0x12, 0x13, 0x13, 0xff,
    0x13, 0x13, 0x13, 0xff, 0x13, 0x13, 0x13, 0xff, 0x13, 0x13, 0x13, 0xff, 0x13, 0x13, 0x13, 0xff,
    0x13, 0x13, 0x13, 0xff, 0x13, 0x13, 0x13, 0xff, 0x13, 0x13, 0x13, 0xff, 0x13, 0x13, 0x13, 0xff,
    0x13, 0x13, 0x13, 0xff, 0x12, 0x13, 0x12, 0xff, 0x13, 0x12, 0x13, 0xff, 0x13, 0x13, 0x13, 0xff,
    0x13, 0x13, 0x13, 0xff, 0x12, 0x13, 0x13, 0xff, 0x13, 0x13, 0x13, 0xff, 0x13, 0x13, 0x13, 0xff,
    0x13, 0x13, 0x13, 0xff, 0x13, 0x13, 0x13, 0xff, 0x13, 0x14, 0x13, 0xff, 0x13, 0x13, 0x13, 0xff,
    0x13, 0x13, 0x13, 0xff, 0x13, 0x13, 0x13, 0xff, 0x13, 0x13, 0x13, 0xff, 0x13, 0x13, 0x13, 0xff,
    0x13, 0x13, 0x13, 0xff, 0x13, 0x13, 0x13, 0xff, 0x13, 0x13, 0x13, 0xff, 0x13, 0x13, 0x13, 0xff,
    0x13, 0x13, 0x13, 0xff, 0x13, 0x13, 0x13, 0xff, 0x13, 0x13, 0x13, 0xff, 0x13, 0x13, 0x13, 0xff,
    0x13, 0x13, 0x13, 0xff, 0x13, 0x13, 0x13, 0xff, 0x13, 0x13, 0x13, 0xff, 0x13, 0x13, 0x13, 0xff,
    0x13, 0x14, 0x12, 0xff, 0x13, 0x13, 0x13, 0xff, 0x13, 0x14, 0x13, 0xff, 0x13, 0x13, 0x13, 0xff,
    0x13, 0x13, 0x13, 0xff, 0x13, 0x13, 0x13, 0xff, 0x13, 0x13, 0x13, 0xff, 0x13, 0x13, 0x13, 0xff,
    0x13, 0x13, 0x13, 0xff, 0x13, 0x13, 0x13, 0xff, 0x13, 0x13, 0x13, 0xff, 0x13, 0x13, 0x13, 0xff,
    0x13, 0x13, 0x13, 0xff, 0x13, 0x13, 0x13, 0xff, 0x13, 0x13, 0x13, 0xff, 0x13, 0x13, 0x13, 0xff,
    0x13, 0x13, 0x13, 0xff, 0x13, 0x14, 0x13, 0xff, 0x13, 0x13, 0x13, 0xff, 0x13, 0x13, 0x13, 0xff,
    0x13, 0x13, 0x13, 0xff, 0x13, 0x13, 0x13, 0xff, 0x14, 0x14, 0x14, 0xff, 0x13, 0x13, 0x13, 0xff,
    0x13, 0x13, 0x13, 0xff, 0x13, 0x13, 0x13, 0xff, 0x13, 0x13, 0x13, 0xff, 0x13, 0x13, 0x13, 0xff,
    0x13, 0x13, 0x13, 0xff, 0x13, 0x13, 0x13, 0xff, 0x13, 0x13, 0x13, 0xff, 0x13, 0x13, 0x13, 0xff,
    0x13, 0x13, 0x13, 0xff, 0x13, 0x13, 0x13, 0xff, 0x13, 0x13, 0x13, 0xff, 0x13, 0x13, 0x13, 0xff,
    0x13, 0x13, 0x13, 0xff, 0x13, 0x13, 0x13, 0xff, 0x13, 0x13, 0x13, 0xff, 0x13, 0x13, 0x13, 0xff,
    0x13, 0x13, 0x13, 0xff, 0x13, 0x13, 0x13, 0xff, 0x13, 0x13, 0x13, 0xff, 0x13, 0x13, 0x13, 0xff,
    0x13, 0x13, 0x13, 0xff, 0x13, 0x13, 0x13, 0xff, 0x13, 0x13, 0x13, 0xff, 0x13, 0x13, 0x13, 0xff,
    0x13, 0x13, 0x13, 0xff, 0x12, 0x12, 0x12, 0xff, 0x13, 0x13, 0x12, 0xff, 0x13, 0x13, 0x13, 0xff,
    0x13, 0x13, 0x13, 0xff, 0x13, 0x13, 0x13, 0xff, 0x12, 0x12, 0x12, 0xff, 0x12, 0x13, 0x13, 0xff,
    0x13, 0x13, 0x13, 0xff, 0x13, 0x14, 0x13, 0xff, 0x13, 0x13, 0x13, 0xff, 0x13, 0x13, 0x13, 0xff,
    0x13, 0x13, 0x13, 0xff, 0x13, 0x13, 0x13, 0xff, 0x13, 0x13, 0x13, 0xff, 0x13, 0x13, 0x13, 0xff,
    0x12, 0x12, 0x12, 0xff, 0x13, 0x13, 0x13, 0xff, 0x13, 0x13, 0x13, 0xff, 0x13, 0x13, 0x13, 0xff,
    0x13, 0x13, 0x13, 0xff, 0x13, 0x13, 0x13, 0xff, 0x12, 0x12, 0x12, 0xff, 0x13, 0x13, 0x13, 0xff,
    0x13, 0x13, 0x13, 0xff, 0x13, 0x13, 0x13, 0xff, 0x13, 0x13, 0x13, 0xff, 0x13, 0x13, 0x13, 0xff,
    0x13, 0x13, 0x13, 0xff, 0x13, 0x13, 0x13, 0xff, 0x13, 0x13, 0x13, 0xff, 0x13, 0x13, 0x13, 0xff,
    0x13, 0x13, 0x13, 0xff, 0x13, 0x13, 0x13, 0xff, 0x13, 0x13, 0x13, 0xff, 0x12, 0x12, 0x12, 0xff,
    0x13, 0x13, 0x13, 0xff, 0x12, 0x12, 0x12, 0xff, 0x13, 0x13, 0x13, 0xff, 0x12, 0x12, 0x12, 0xff,
    0x12, 0x12, 0x12, 0xff, 0x13, 0x13, 0x13, 0xff, 0x12, 0x12, 0x12, 0xff, 0x13, 0x13, 0x13, 0xff,
    0x13, 0x13, 0x13, 0xff, 0x13, 0x13, 0x13, 0xff, 0x13, 0x13, 0x13, 0xff, 0x12, 0x13, 0x13, 0xff,
    0x13, 0x13, 0x13, 0xff, 0x13, 0x13, 0x13, 0xff, 0x12, 0x13, 0x13, 0xff, 0x13, 0x13, 0x13, 0xff,
    0x13, 0x13, 0x13, 0xff, 0x13, 0x13, 0x13, 0xff, 0x13, 0x13, 0x13, 0xff, 0x13, 0x13, 0x13, 0xff,
    0x12, 0x12, 0x12, 0xff, 0x12, 0x12, 0x12, 0xff, 0x13, 0x13, 0x13, 0xff, 0x13, 0x13, 0x13, 0xff,
    0x13, 0x13, 0x13, 0xff, 0x13, 0x13, 0x13, 0xff, 0x13, 0x13, 0x13, 0xff, 0x13, 0x13, 0x13, 0xff,
    0x13, 0x13, 0x13, 0xff, 0x13, 0x13, 0x13, 0xff, 0x13, 0x13, 0x13, 0xff, 0x13, 0x13, 0x13, 0xff,
    0x13, 0x13, 0x13, 0xff, 0x13, 0x13, 0x13, 0xff, 0x13, 0x13, 0x13, 0xff, 0x12, 0x12, 0x12, 0xff,
    0x13, 0x13, 0x13, 0xff, 0x13, 0x13, 0x13, 0xff, 0x13, 0x13, 0x13, 0xff, 0x13, 0x13, 0x13, 0xff,
    0x12, 0x12, 0x12, 0xff, 0x13, 0x13, 0x12, 0xff, 0x13, 0x12, 0x13, 0xff, 0x13, 0x13, 0x13, 0xff,
    0x13, 0x12, 0x13, 0xff, 0x13, 0x12, 0x13, 0xff, 0x13, 0x13, 0x13, 0xff, 0x13, 0x13, 0x13, 0xff,
    0x13, 0x13, 0x13, 0xff, 0x12, 0x13, 0x13, 0xff, 0x13, 0x13, 0x13, 0xff, 0x13, 0x13, 0x13, 0xff,
    0x13, 0x13, 0x13, 0xff, 0x13, 0x13, 0x13, 0xff, 0x12, 0x12, 0x12, 0xff, 0x13, 0x13, 0x13, 0xff,
    0x13, 0x13, 0x13, 0xff, 0x13, 0x13, 0x13, 0xff, 0x13, 0x13, 0x13, 0xff, 0x12, 0x13, 0x12, 0xff,
    0x13, 0x12, 0x13, 0xff, 0x14, 0x12, 0x12, 0xff, 0x13, 0x13, 0x13, 0xff, 0x13, 0x13, 0x13, 0xff,
    0x13, 0x13, 0x13, 0xff, 0x13, 0x13, 0x13, 0xff, 0x13, 0x13, 0x13, 0xff, 0x13, 0x13, 0x13, 0xff,
    0x13, 0x13, 0x13, 0xff, 0x13, 0x13, 0x13, 0xff, 0x13, 0x13, 0x13, 0xff, 0x13, 0x13, 0x13, 0xff,
    0x13, 0x13, 0x13, 0xff, 0x13, 0x13, 0x13, 0xff, 0x13, 0x13, 0x13, 0xff, 0x13, 0x13, 0x13, 0xff,
    0x13, 0x13, 0x13, 0xff, 0x12, 0x12, 0x12, 0xff, 0x13, 0x13, 0x13, 0xff, 0x12, 0x12, 0x12, 0xff,
    0x12, 0x12, 0x12, 0xff, 0x13, 0x13, 0x13, 0xff, 0x13, 0x13, 0x13, 0xff, 0x13, 0x13, 0x13, 0xff,
    0x13, 0x13, 0x13, 0xff, 0x13, 0x13, 0x13, 0xff, 0x14, 0x14, 0x14, 0xff, 0x13, 0x14, 0x13, 0xff,
    0x13, 0x13, 0x13, 0xff, 0x13, 0x13, 0x13, 0xff, 0x13, 0x13, 0x13, 0xff, 0x13, 0x13, 0x13, 0xff,
    0x13, 0x13, 0x13, 0xff, 0x13, 0x13, 0x13, 0xff, 0x12, 0x12, 0x12, 0xff, 0x12, 0x12, 0x12, 0xff,
    0x13, 0x13, 0x13, 0xff, 0x13, 0x13, 0x13, 0xff, 0x12, 0x12, 0x12, 0xff, 0x13, 0x13, 0x13, 0xff,
    0x13, 0x13, 0x13, 0xff, 0x13, 0x13, 0x13, 0xff, 0x13, 0x13, 0x13, 0xff, 0x13, 0x13, 0x13, 0xff,
    0x13, 0x13, 0x13, 0xff, 0x13, 0x13, 0x13, 0xff, 0x13, 0x13, 0x13, 0xff, 0x13, 0x13, 0x13, 0xff,
    0x13, 0x13, 0x13, 0xff, 0x13, 0x13, 0x13, 0xff, 0x13, 0x13, 0x13, 0xff, 0x13, 0x13, 0x13, 0xff,
    0x13, 0x13, 0x13, 0xff, 0x13, 0x13, 0x13, 0xff, 0x12, 0x12, 0x12, 0xff, 0x12, 0x12, 0x12, 0xff,
    0x13, 0x13, 0x13, 0xff, 0x13, 0x13, 0x13, 0xff, 0x13, 0x13, 0x13, 0xff, 0x13, 0x13, 0x13, 0xff,
    0x13, 0x13, 0x13, 0xff, 0x13, 0x13, 0x13, 0xff, 0x13, 0x13, 0x13, 0xff, 0x13, 0x13, 0x13, 0xff,
    0x13, 0x13, 0x13, 0xff, 0x13, 0x13, 0x13, 0xff, 0x13, 0x13, 0x13, 0xff, 0x13, 0x13, 0x13, 0xff,
    0x13, 0x13, 0x13, 0xff, 0x13, 0x13, 0x13, 0xff, 0x12, 0x12, 0x12, 0xff, 0x13, 0x13, 0x13, 0xff,
    0x13, 0x13, 0x13, 0xff, 0x13, 0x13, 0x13, 0xff, 0x12, 0x12, 0x12, 0xff, 0x13, 0x13, 0x13, 0xff,
    0x13, 0x13, 0x13, 0xff, 0x12, 0x13, 0x13, 0xff, 0x13, 0x13, 0x13, 0xff, 0x13, 0x13, 0x13, 0xff,
    0x13, 0x13, 0x13, 0xff, 0x13, 0x13, 0x13, 0xff, 0x13, 0x13, 0x13, 0xff, 0x13, 0x13, 0x13, 0xff,
    0x13, 0x13, 0x13, 0xff, 0x13, 0x13, 0x13, 0xff, 0x13, 0x13, 0x13, 0xff, 0x13, 0x13, 0x13, 0xff,
    0x13, 0x13, 0x13, 0xff, 0x13, 0x13, 0x13, 0xff, 0x13, 0x13, 0x13, 0xff, 0x13, 0x13, 0x13, 0xff,
    0x13, 0x13, 0x13, 0xff, 0x13, 0x13, 0x13, 0xff, 0x12, 0x12, 0x12, 0xff, 0x13, 0x13, 0x12, 0xff,
    0x13, 0x13, 0x13, 0xff, 0x13, 0x13, 0x13, 0xff, 0x13, 0x13, 0x13, 0xff, 0x13, 0x13, 0x13, 0xff,
    0x13, 0x13, 0x13, 0xff, 0x13, 0x14, 0x13, 0xff, 0x13, 0x13, 0x13, 0xff, 0x13, 0x13, 0x13, 0xff,
    0x13, 0x13, 0x13, 0xff, 0x13, 0x13, 0x13, 0xff, 0x13, 0x13, 0x13, 0xff, 0x13, 0x13, 0x13, 0xff,
    0x13, 0x13, 0x13, 0xff, 0x13, 0x13, 0x13, 0xff, 0x12, 0x12, 0x13, 0xff, 0x13, 0x12, 0x13, 0xff,
    0x13, 0x13, 0x13, 0xff, 0x13, 0x13, 0x13, 0xff, 0x13, 0x13, 0x13, 0xff, 0x13, 0x13, 0x13, 0xff,
    0x13, 0x13, 0x13, 0xff, 0x13, 0x13, 0x13, 0xff, 0x13, 0x13, 0x13, 0xff, 0x13, 0x13, 0x13, 0xff,
    0x13, 0x13, 0x13, 0xff, 0x13, 0x13, 0x13, 0xff, 0x13, 0x13, 0x13, 0xff, 0x13, 0x13, 0x13, 0xff,
    0x12, 0x12, 0x12, 0xff, 0x13, 0x13, 0x13, 0xff, 0x13, 0x13, 0x13, 0xff, 0x12, 0x12, 0x12, 0xff,
    0x13, 0x13, 0x13, 0xff, 0x13, 0x13, 0x13, 0xff, 0x13, 0x13, 0x13, 0xff, 0x12, 0x12, 0x12, 0xff,
    0x13, 0x13, 0x13, 0xff, 0x12, 0x13, 0x12, 0xff, 0x13, 0x13, 0x13, 0xff, 0x13, 0x13, 0x13, 0xff,
    0x13, 0x13, 0x13, 0xff, 0x13, 0x13, 0x13, 0xff, 0x13, 0x13, 0x13, 0xff, 0x13, 0x13, 0x13, 0xff,
    0x13, 0x13, 0x13, 0xff, 0x13, 0x13, 0x13, 0xff, 0x13, 0x13, 0x13, 0xff, 0x13, 0x13, 0x13, 0xff,
    0x13, 0x13, 0x13, 0xff, 0x13, 0x13, 0x13, 0xff, 0x13, 0x13, 0x13, 0xff, 0x13, 0x13, 0x13, 0xff,
    0x13, 0x13, 0x13, 0xff, 0x13, 0x13, 0x13, 0xff, 0x13, 0x13, 0x13, 0xff, 0x13, 0x13, 0x13, 0xff,
    0x13, 0x13, 0x13, 0xff, 0x13, 0x13, 0x13, 0xff, 0x13, 0x13, 0x13, 0xff, 0x13, 0x13, 0x13, 0xff,
    0x13, 0x13, 0x13, 0xff, 0x13, 0x13, 0x13, 0xff, 0x14, 0x14, 0x14, 0xff, 0x13, 0x13, 0x13, 0xff,
    0x13, 0x13, 0x13, 0xff, 0x13, 0x13, 0x13, 0xff, 0x13, 0x13, 0x13, 0xff, 0x13, 0x13, 0x13, 0xff,
    0x13, 0x13, 0x13, 0xff, 0x13, 0x13, 0x13, 0xff, 0x13, 0x13, 0x13, 0xff, 0x13, 0x13, 0x13, 0xff,
    0x13, 0x13, 0x13, 0xff, 0x13, 0x13, 0x13, 0xff, 0x13, 0x13, 0x13, 0xff, 0x13, 0x13, 0x13, 0xff,
    0x13, 0x13, 0x13, 0xff, 0x13, 0x13, 0x13, 0xff, 0x13, 0x13, 0x13, 0xff, 0x13, 0x13, 0x13, 0xff,
    0x13, 0x13, 0x13, 0xff, 0x13, 0x13, 0x13, 0xff, 0x13, 0x13, 0x13, 0xff, 0x12, 0x13, 0x13, 0xff,
    0x12, 0x12, 0x12, 0xff, 0x13, 0x13, 0x13, 0xff, 0x13, 0x13, 0x13, 0xff, 0x13, 0x13, 0x13, 0xff,
    0x13, 0x13, 0x13, 0xff, 0x13, 0x13, 0x13, 0xff, 0x12, 0x12, 0x12, 0xff, 0x13, 0x13, 0x13, 0xff,
    0x13, 0x13, 0x13, 0xff, 0x13, 0x13, 0x13, 0xff, 0x13, 0x13, 0x13, 0xff, 0x13, 0x13, 0x13, 0xff,
    0x13, 0x13, 0x13, 0xff, 0x13, 0x13, 0x13, 0xff, 0x13, 0x13, 0x13, 0xff, 0x13, 0x13, 0x13, 0xff,
    0x13, 0x13, 0x13, 0xff, 0x13, 0x13, 0x13, 0xff, 0x13, 0x13, 0x13, 0xff, 0x13, 0x13, 0x13, 0xff,
    0x13, 0x13, 0x13, 0xff, 0x13, 0x13, 0x13, 0xff, 0x13, 0x13, 0x13, 0xff, 0x13, 0x13, 0x13, 0xff,
    0x13, 0x13, 0x13, 0xff, 0x13, 0x13, 0x13, 0xff, 0x13, 0x13, 0x13, 0xff, 0x13, 0x13, 0x13, 0xff,
    0x13, 0x13, 0x13, 0xff, 0x13, 0x13, 0x13, 0xff, 0x13, 0x13, 0x13, 0xff, 0x13, 0x13, 0x13, 0xff,
    0x13, 0x13, 0x13, 0xff, 0x13, 0x13, 0x13, 0xff, 0x13, 0x13, 0x13, 0xff, 0x13, 0x13, 0x13, 0xff,
    0x13, 0x13, 0x13, 0xff, 0x13, 0x13, 0x13, 0xff, 0x13, 0x13, 0x13, 0xff, 0x13, 0x13, 0x13, 0xff,
    0x13, 0x13, 0x13, 0xff, 0x13, 0x13, 0x13, 0xff, 0x13, 0x13, 0x13, 0xff, 0x13, 0x13, 0x13, 0xff,
    0x13, 0x13, 0x13, 0xff, 0x13, 0x13, 0x13, 0xff, 0x13, 0x13, 0x13, 0xff, 0x13, 0x13, 0x13, 0xff,
    0x13, 0x13, 0x13, 0xff, 0x13, 0x13, 0x13, 0xff, 0x13, 0x13, 0x13, 0xff, 0x13, 0x13, 0x13, 0xff,
    0x13, 0x13, 0x13, 0xff, 0x13, 0x13, 0x13, 0xff, 0x13, 0x13, 0x13, 0xff, 0x13, 0x13, 0x13, 0xff,
    0x13, 0x13, 0x13, 0xff, 0x13, 0x13, 0x13, 0xff, 0x13, 0x13, 0x13, 0xff, 0x13, 0x13, 0x13, 0xff,
    0x13, 0x13, 0x13, 0xff, 0x13, 0x13, 0x13, 0xff, 0x13, 0x12, 0x13, 0xff, 0x13, 0x12, 0x13, 0xff,
    0x13, 0x13, 0x13, 0xff, 0x13, 0x13, 0x13, 0xff, 0x13, 0x13, 0x13, 0xff, 0x13, 0x13, 0x13, 0xff,
    0x13, 0x13, 0x13, 0xff, 0x13, 0x13, 0x13, 0xff, 0x13, 0x13, 0x13, 0xff, 0x13, 0x13, 0x13, 0xff,
    0x12, 0x13, 0x13, 0xff, 0x12, 0x13, 0x13, 0xff, 0x12, 0x12, 0x12, 0xff, 0x13, 0x13, 0x13, 0xff,
    0x12, 0x13, 0x13, 0xff, 0x13, 0x13, 0x13, 0xff, 0x13, 0x13, 0x13, 0xff, 0x13, 0x13, 0x13, 0xff,
    0x13, 0x13, 0x13, 0xff, 0x13, 0x13, 0x13, 0xff, 0x13, 0x13, 0x13, 0xff, 0x13, 0x13, 0x13, 0xff,
    0x13, 0x13, 0x13, 0xff, 0x13, 0x13, 0x13, 0xff, 0x13, 0x13, 0x13, 0xff, 0x13, 0x13, 0x13, 0xff,
    0x13, 0x13, 0x13, 0xff, 0x13, 0x13, 0x13, 0xff, 0x13, 0x13, 0x13, 0xff, 0x13, 0x13, 0x13, 0xff,
    0x13, 0x13, 0x13, 0xff, 0x13, 0x13, 0x13, 0xff, 0x13, 0x13, 0x13, 0xff, 0x13, 0x13, 0x13, 0xff,
    0x13, 0x13, 0x13, 0xff, 0x12, 0x12, 0x12, 0xff, 0x13, 0x13, 0x13, 0xff, 0x12, 0x12, 0x12, 0xff,
    0x13, 0x13, 0x13, 0xff, 0x13, 0x13, 0x13, 0xff, 0x13, 0x13, 0x13, 0xff, 0x13, 0x13, 0x13, 0xff,
    0x13, 0x13, 0x13, 0xff, 0x13, 0x13, 0x13, 0xff, 0x13, 0x13, 0x13, 0xff, 0x13, 0x13, 0x13, 0xff,
    0x13, 0x13, 0x13, 0xff, 0x13, 0x13, 0x13, 0xff, 0x13, 0x13, 0x13, 0xff, 0x13, 0x13, 0x13, 0xff,
    0x13, 0x13, 0x13, 0xff, 0x13, 0x13, 0x13, 0xff, 0x13, 0x13, 0x13, 0xff, 0x13, 0x13, 0x13, 0xff,
    0x13, 0x13, 0x13, 0xff, 0x13, 0x13, 0x13, 0xff, 0x13, 0x12, 0x13, 0xff, 0x13, 0x12, 0x13, 0xff,
    0x13, 0x13, 0x13, 0xff, 0x13, 0x13, 0x13, 0xff, 0x13, 0x13, 0x13, 0xff, 0x13, 0x13, 0x13, 0xff,
    0x13, 0x13, 0x13, 0xff, 0x13, 0x13, 0x13, 0xff, 0x13, 0x13, 0x13, 0xff, 0x13, 0x13, 0x13, 0xff,
    0x13, 0x13, 0x13, 0xff, 0x13, 0x13, 0x13, 0xff, 0x13, 0x13, 0x13, 0xff, 0x12, 0x12, 0x12, 0xff,
    0x12, 0x12, 0x12, 0xff, 0x13, 0x13, 0x13, 0xff, 0x13, 0x13, 0x13, 0xff, 0x12, 0x12, 0x12, 0xff,
    0x13, 0x13, 0x13, 0xff, 0x13, 0x13, 0x13, 0xff, 0x13, 0x13, 0x13, 0xff, 0x13, 0x13, 0x13, 0xff,
    0x13, 0x13, 0x13, 0xff, 0x13, 0x13, 0x13, 0xff, 0x13, 0x13, 0x13, 0xff, 0x13, 0x13, 0x13, 0xff,
    0x13, 0x13, 0x13, 0xff, 0x13, 0x13, 0x13, 0xff, 0x13, 0x13, 0x13, 0xff, 0x14, 0x13, 0x13, 0xff,
    0x13, 0x13, 0x13, 0xff, 0x12, 0x13, 0x13, 0xff, 0x13, 0x13, 0x13, 0xff, 0x13, 0x13, 0x13, 0xff,
    0x13, 0x13, 0x13, 0xff, 0x13, 0x13, 0x13, 0xff, 0x12, 0x12, 0x12, 0xff, 0x13, 0x13, 0x13, 0xff,
    0x13, 0x13, 0x13, 0xff, 0x12, 0x12, 0x12, 0xff, 0x13, 0x13, 0x13, 0xff, 0x13, 0x13, 0x13, 0xff,
    0x13, 0x13, 0x13, 0xff, 0x13, 0x13, 0x13, 0xff, 0x13, 0x13, 0x13, 0xff, 0x13, 0x13, 0x13, 0xff,
    0x13, 0x13, 0x14, 0xff, 0x13, 0x13, 0x13, 0xff, 0x13, 0x13, 0x13, 0xff, 0x13, 0x13, 0x13, 0xff,
    0x12, 0x12, 0x12, 0xff, 0x13, 0x13, 0x13, 0xff, 0x13, 0x13, 0x13, 0xff, 0x13, 0x13, 0x13, 0xff,
    0x13, 0x13, 0x13, 0xff, 0x13, 0x13, 0x13, 0xff, 0x12, 0x12, 0x12, 0xff, 0x13, 0x13, 0x13, 0xff,
    0x13, 0x13, 0x13, 0xff, 0x13, 0x13, 0x13, 0xff, 0x13, 0x13, 0x13, 0xff, 0x13, 0x13, 0x13, 0xff,
    0x13, 0x13, 0x13, 0xff, 0x13, 0x14, 0x13, 0xff, 0x13, 0x13, 0x14, 0xff, 0x13, 0x13, 0x13, 0xff,
    0x13, 0x13, 0x13, 0xff, 0x13, 0x13, 0x13, 0xff, 0x13, 0x13, 0x13, 0xff, 0x13, 0x13, 0x13, 0xff,
    0x13, 0x13, 0x13, 0xff, 0x13, 0x13, 0x13, 0xff, 0x13, 0x13, 0x13, 0xff, 0x13, 0x13, 0x13, 0xff,
    0x13, 0x13, 0x13, 0xff, 0x13, 0x13, 0x13, 0xff, 0x13, 0x13, 0x13, 0xff, 0x13, 0x13, 0x13, 0xff,
    0x13, 0x13, 0x13, 0xff, 0x13, 0x13, 0x13, 0xff, 0x13, 0x13, 0x13, 0xff, 0x13, 0x13, 0x13, 0xff,
    0x13, 0x13, 0x13, 0xff, 0x13, 0x13, 0x13, 0xff, 0x13, 0x13, 0x13, 0xff, 0x13, 0x13, 0x13, 0xff,
    0x13, 0x13, 0x13, 0xff, 0x13, 0x13, 0x13, 0xff, 0x13, 0x13, 0x13, 0xff, 0x13, 0x13, 0x13, 0xff,
    0x13, 0x13, 0x13, 0xff, 0x13, 0x13, 0x13, 0xff, 0x13, 0x13, 0x13, 0xff, 0x12, 0x12, 0x12, 0xff,
    0x13, 0x13, 0x13, 0xff, 0x13, 0x13, 0x13, 0xff, 0x13, 0x13, 0x13, 0xff, 0x13, 0x13, 0x13, 0xff,
    0x13, 0x13, 0x13, 0xff, 0x13, 0x13, 0x13, 0xff, 0x13, 0x13, 0x13, 0xff, 0x13, 0x13, 0x13, 0xff,
    0x13, 0x13, 0x13, 0xff, 0x13, 0x13, 0x13, 0xff, 0x13, 0x13, 0x13, 0xff, 0x13, 0x13, 0x13, 0xff,
    0x13, 0x13, 0x13, 0xff, 0x13, 0x13, 0x13, 0xff, 0x13, 0x13, 0x13, 0xff, 0x13, 0x13, 0x13, 0xff,
    0x13, 0x13, 0x13, 0xff, 0x13, 0x13, 0x13, 0xff, 0x13, 0x13, 0x13, 0xff, 0x13, 0x13, 0x13, 0xff,
    0x13, 0x13, 0x13, 0xff, 0x13, 0x13, 0x13, 0xff, 0x13, 0x13, 0x13, 0xff, 0x13, 0x13, 0x13, 0xff,
    0x13, 0x13, 0x13, 0xff, 0x13, 0x13, 0x13, 0xff, 0x13, 0x13, 0x13, 0xff, 0x13, 0x13, 0x13, 0xff,
    0x13, 0x13, 0x13, 0xff, 0x13, 0x13, 0x13, 0xff, 0x13, 0x13, 0x13, 0xff, 0x13, 0x13, 0x13, 0xff,
    0x13, 0x13, 0x13, 0xff, 0x13, 0x13, 0x13, 0xff, 0x13, 0x13, 0x13, 0xff, 0x13, 0x13, 0x13, 0xff,
    0x13, 0x13, 0x13, 0xff, 0x13, 0x13, 0x13, 0xff, 0x13, 0x13, 0x13, 0xff, 0x13, 0x13, 0x13, 0xff,
    0x13, 0x13, 0x13, 0xff, 0x13, 0x13, 0x13, 0xff, 0x13, 0x13, 0x13, 0xff, 0x13, 0x13, 0x13, 0xff,
    0x13, 0x13, 0x13, 0xff, 0x12, 0x13, 0x13, 0xff, 0x13, 0x13, 0x13, 0xff, 0x13, 0x13, 0x13, 0xff,
    0x13, 0x13, 0x13, 0xff, 0x13, 0x13, 0x13, 0xff, 0x13, 0x13, 0x13, 0xff, 0x13, 0x13, 0x13, 0xff,
    0x13, 0x13, 0x13, 0xff, 0x13, 0x13, 0x13, 0xff, 0x13, 0x13, 0x13, 0xff, 0x13, 0x13, 0x13, 0xff,
    0x13, 0x13, 0x13, 0xff, 0x13, 0x13, 0x13, 0xff, 0x13, 0x13, 0x13, 0xff, 0x13, 0x13, 0x13, 0xff,
    0x13, 0x13, 0x13, 0xff, 0x13, 0x13, 0x13, 0xff, 0x13, 0x13, 0x13, 0xff, 0x13, 0x13, 0x13, 0xff,
    0x13, 0x13, 0x13, 0xff, 0x13, 0x14, 0x13, 0xff, 0x13, 0x13, 0x12, 0xff, 0x13, 0x14, 0x12, 0xff,
    0x13, 0x13, 0x13, 0xff, 0x13, 0x13, 0x13, 0xff, 0x13, 0x13, 0x13, 0xff, 0x13, 0x13, 0x13, 0xff,
    0x13, 0x13, 0x13, 0xff, 0x12, 0x12, 0x12, 0xff, 0x13, 0x13, 0x13, 0xff, 0x13, 0x13, 0x13, 0xff,
    0x13, 0x13, 0x13, 0xff, 0x13, 0x13, 0x13, 0xff, 0x13, 0x13, 0x13, 0xff, 0x13, 0x13, 0x13, 0xff,
    0x13, 0x13, 0x13, 0xff, 0x13, 0x13, 0x13, 0xff, 0x13, 0x13, 0x13, 0xff, 0x13, 0x13, 0x13, 0xff,
    0x13, 0x13, 0x13, 0xff, 0x13, 0x13, 0x13, 0xff, 0x13, 0x13, 0x13, 0xff, 0x12, 0x13, 0x13, 0xff,
    0x12, 0x13, 0x13, 0xff, 0x13, 0x13, 0x13, 0xff, 0x13, 0x13, 0x13, 0xff, 0x13, 0x13, 0x13, 0xff,
    0x13, 0x13, 0x13, 0xff, 0x13, 0x13, 0x13, 0xff, 0x13, 0x13, 0x13, 0xff, 0x13, 0x13, 0x13, 0xff,
    0x13, 0x13, 0x13, 0xff, 0x13, 0x13, 0x13, 0xff, 0x13, 0x13, 0x13, 0xff, 0x13, 0x13, 0x13, 0xff,
    0x13, 0x13, 0x13, 0xff, 0x13, 0x13, 0x13, 0xff, 0x13, 0x13, 0x13, 0xff, 0x13, 0x13, 0x13, 0xff,
    0x13, 0x13, 0x13, 0xff, 0x13, 0x13, 0x13, 0xff, 0x13, 0x13, 0x13, 0xff, 0x13, 0x13, 0x13, 0xff,
    0x13, 0x13, 0x13, 0xff, 0x13, 0x13, 0x13, 0xff, 0x13, 0x13, 0x13, 0xff, 0x13, 0x13, 0x13, 0xff,
    0x13, 0x13, 0x13, 0xff, 0x13, 0x13, 0x13, 0xff, 0x13, 0x13, 0x13, 0xff, 0x13, 0x13, 0x13, 0xff,
    0x12, 0x12, 0x12, 0xff, 0x13, 0x13, 0x13, 0xff, 0x13, 0x13, 0x13, 0xff, 0x13, 0x13, 0x13, 0xff,
    0x13, 0x13, 0x13, 0xff, 0x13, 0x13, 0x13, 0xff, 0x13, 0x13, 0x13, 0xff, 0x13, 0x13, 0x13, 0xff,
    0x13, 0x13, 0x13, 0xff, 0x13, 0x13, 0x13, 0xff, 0x13, 0x13, 0x13, 0xff, 0x13, 0x13, 0x13, 0xff,
    0x13, 0x13, 0x13, 0xff, 0x12, 0x12, 0x12, 0xff, 0x13, 0x13, 0x13, 0xff, 0x12, 0x12, 0x12, 0xff,
    0x13, 0x13, 0x13, 0xff, 0x13, 0x13, 0x13, 0xff, 0x13, 0x13, 0x13, 0xff, 0x13, 0x13, 0x13, 0xff,
    0x13, 0x13, 0x13, 0xff, 0x13, 0x13, 0x13, 0xff, 0x13, 0x13, 0x13, 0xff, 0x13, 0x13, 0x13, 0xff,
    0x13, 0x13, 0x13, 0xff, 0x13, 0x13, 0x13, 0xff, 0x13, 0x13, 0x13, 0xff, 0x13, 0x13, 0x13, 0xff,
    0x13, 0x13, 0x13, 0xff, 0x13, 0x13, 0x13, 0xff, 0x13, 0x13, 0x13, 0xff, 0x13, 0x13, 0x13, 0xff,
    0x13, 0x13, 0x13, 0xff, 0x13, 0x13, 0x13, 0xff, 0x13, 0x13, 0x13, 0xff, 0x13, 0x13, 0x13, 0xff,
    0x13, 0x13, 0x13, 0xff, 0x13, 0x13, 0x13, 0xff, 0x13, 0x13, 0x13, 0xff, 0x13, 0x13, 0x13, 0xff,
    0x13, 0x14, 0x13, 0xff, 0x13, 0x13, 0x13, 0xff, 0x13, 0x13, 0x13, 0xff, 0x13, 0x13, 0x13, 0xff,
    0x13, 0x13, 0x13, 0xff, 0x13, 0x13, 0x13, 0xff, 0x13, 0x13, 0x13, 0xff, 0x13, 0x13, 0x13, 0xff,
    0x13, 0x13, 0x13, 0xff, 0x13, 0x13, 0x13, 0xff, 0x13, 0x13, 0x13, 0xff, 0x13, 0x13, 0x13, 0xff,
    0x12, 0x12, 0x12, 0xff, 0x12, 0x12, 0x12, 0xff, 0x13, 0x13, 0x13, 0xff, 0x13, 0x13, 0x13, 0xff,
    0x13, 0x13, 0x13, 0xff, 0x13, 0x13, 0x13, 0xff, 0x13, 0x13, 0x13, 0xff, 0x13, 0x13, 0x13, 0xff,
    0x13, 0x13, 0x13, 0xff, 0x13, 0x13, 0x13, 0xff, 0x13, 0x13, 0x13, 0xff, 0x13, 0x13, 0x13, 0xff,
    0x13, 0x13, 0x13, 0xff, 0x13, 0x13, 0x13, 0xff, 0x13, 0x13, 0x13, 0xff, 0x13, 0x13, 0x13, 0xff,
    0x13, 0x13, 0x13, 0xff, 0x13, 0x13, 0x13, 0xff, 0x13, 0x13, 0x13, 0xff, 0x13, 0x13, 0x13, 0xff,
    0x13, 0x13, 0x13, 0xff, 0x13, 0x13, 0x13, 0xff, 0x13, 0x13, 0x13, 0xff, 0x13, 0x13, 0x13, 0xff,
    0x13, 0x13, 0x13, 0xff, 0x13, 0x13, 0x13, 0xff, 0x13, 0x13, 0x13, 0xff, 0x13, 0x13, 0x13, 0xff,
    0x13, 0x13, 0x13, 0xff, 0x13, 0x13, 0x13, 0xff, 0x13, 0x13, 0x13, 0xff, 0x13, 0x13, 0x13, 0xff,
    0x13, 0x13, 0x13, 0xff, 0x13, 0x13, 0x13, 0xff, 0x13, 0x13, 0x13, 0xff, 0x13, 0x13, 0x13, 0xff,
    0x13, 0x13, 0x13, 0xff, 0x13, 0x13, 0x13, 0xff, 0x13, 0x13, 0x13, 0xff, 0x13, 0x13, 0x13, 0xff,
    0x13, 0x13, 0x13, 0xff, 0x13, 0x13, 0x13, 0xff, 0x13, 0x13, 0x13, 0xff, 0x13, 0x13, 0x13, 0xff,
    0x13, 0x13, 0x13, 0xff, 0x13, 0x13, 0x13, 0xff, 0x13, 0x13, 0x13, 0xff, 0x13, 0x13, 0x13, 0xff,
    0x13, 0x13, 0x13, 0xff, 0x13, 0x13, 0x13, 0xff, 0x13, 0x13, 0x13, 0xff, 0x13, 0x13, 0x13, 0xff,
    0x13, 0x13, 0x13, 0xff, 0x13, 0x13, 0x13, 0xff, 0x13, 0x13, 0x13, 0xff, 0x13, 0x13, 0x13, 0xff,
    0x13, 0x13, 0x13, 0xff, 0x13, 0x13, 0x13, 0xff, 0x13, 0x13, 0x13, 0xff, 0x13, 0x13, 0x13, 0xff,
    0x13, 0x13, 0x13, 0xff, 0x13, 0x13, 0x13, 0xff, 0x13, 0x13, 0x13, 0xff, 0x13, 0x13, 0x13, 0xff,
    0x13, 0x13, 0x13, 0xff, 0x13, 0x13, 0x13, 0xff, 0x13, 0x13, 0x13, 0xff, 0x13, 0x13, 0x13, 0xff,
    0x13, 0x13, 0x13, 0xff, 0x13, 0x13, 0x13, 0xff, 0x13, 0x13, 0x13, 0xff, 0x13, 0x13, 0x13, 0xff,
    0x13, 0x13, 0x13, 0xff, 0x13, 0x13, 0x13, 0xff, 0x13, 0x13, 0x13, 0xff, 0x13, 0x13, 0x13, 0xff,
    0x13, 0x13, 0x13, 0xff, 0x13, 0x13, 0x13, 0xff, 0x13, 0x13, 0x13, 0xff, 0x13, 0x13, 0x13, 0xff,
    0x13, 0x13, 0x13, 0xff, 0x13, 0x13, 0x13, 0xff, 0x13, 0x13, 0x13, 0xff, 0x13, 0x13, 0x13, 0xff,
    0x13, 0x13, 0x13, 0xff, 0x13, 0x13, 0x13, 0xff, 0x13, 0x13, 0x13, 0xff, 0x13, 0x13, 0x13, 0xff,
    0x13, 0x13, 0x13, 0xff, 0x13, 0x13, 0x13, 0xff, 0x13, 0x13, 0x13, 0xff, 0x13, 0x13, 0x13, 0xff,
    0x13, 0x13, 0x13, 0xff, 0x13, 0x13, 0x13, 0xff, 0x13, 0x13, 0x13, 0xff, 0x13, 0x13, 0x13, 0xff,
    0x13, 0x13, 0x13, 0xff, 0x13, 0x13, 0x13, 0xff, 0x13, 0x13, 0x13, 0xff, 0x13, 0x13, 0x13, 0xff,
    0x13, 0x13, 0x13, 0xff, 0x13, 0x13, 0x13, 0xff, 0x13, 0x13, 0x13, 0xff, 0x13, 0x13, 0x13, 0xff,
    0x13, 0x13, 0x13, 0xff, 0x13, 0x13, 0x13, 0xff, 0x13, 0x13, 0x13, 0xff, 0x13, 0x13, 0x13, 0xff,
    0x13, 0x13, 0x13, 0xff, 0x13, 0x13, 0x13, 0xff, 0x13, 0x13, 0x13, 0xff, 0x13, 0x13, 0x13, 0xff,
    0x13, 0x13, 0x13, 0xff, 0x13, 0x13, 0x13, 0xff, 0x13, 0x13, 0x13, 0xff, 0x13, 0x13, 0x13, 0xff,
    0x13, 0x13, 0x13, 0xff, 0x13, 0x13, 0x13, 0xff, 0x13, 0x13, 0x13, 0xff, 0x13, 0x13, 0x13, 0xff,
    0x13, 0x13, 0x13, 0xff, 0x13, 0x13, 0x13, 0xff, 0x13, 0x13, 0x13, 0xff, 0x13, 0x13, 0x13, 0xff,
    0x13, 0x13, 0x13, 0xff, 0x12, 0x12, 0x12, 0xff, 0x13, 0x13, 0x13, 0xff, 0x13, 0x13, 0x13, 0xff,
    0x13, 0x13, 0x13, 0xff, 0x13, 0x13, 0x13, 0xff, 0x13, 0x13, 0x13, 0xff, 0x13, 0x13, 0x13, 0xff,
    0x12, 0x12, 0x12, 0xff, 0x13, 0x13, 0x13, 0xff, 0x13, 0x13, 0x13, 0xff, 0x13, 0x13, 0x13, 0xff,
    0x13, 0x13, 0x13, 0xff, 0x12, 0x13, 0x13, 0xff, 0x13, 0x13, 0x13, 0xff, 0x13, 0x13, 0x13, 0xff,
    0x13, 0x13, 0x13, 0xff, 0x13, 0x13, 0x13, 0xff, 0x13, 0x13, 0x13, 0xff, 0x13, 0x13, 0x13, 0xff,
    0x13, 0x13, 0x13, 0xff, 0x13, 0x13, 0x13, 0xff, 0x13, 0x13, 0x13, 0xff, 0x13, 0x13, 0x13, 0xff,
    0x13, 0x13, 0x13, 0xff, 0x13, 0x13, 0x13, 0xff, 0x13, 0x13, 0x13, 0xff, 0x13, 0x13, 0x13, 0xff,
    0x13, 0x13, 0x13, 0xff, 0x13, 0x13, 0x13, 0xff, 0x13, 0x13, 0x13, 0xff, 0x13, 0x13, 0x13, 0xff,
    0x13, 0x13, 0x13, 0xff, 0x13, 0x13, 0x13, 0xff, 0x13, 0x13, 0x13, 0xff, 0x13, 0x14, 0x12, 0xff,
    0x13, 0x13, 0x12, 0xff, 0x13, 0x13, 0x13, 0xff, 0x13, 0x13, 0x13, 0xff, 0x13, 0x13, 0x13, 0xff,
    0x13, 0x13, 0x13, 0xff, 0x12, 0x12, 0x12, 0xff, 0x13, 0x13, 0x13, 0xff, 0x13, 0x13, 0x13, 0xff,
    0x13, 0x13, 0x13, 0xff, 0x13, 0x13, 0x13, 0xff, 0x13, 0x13, 0x13, 0xff, 0x13, 0x13, 0x13, 0xff,
    0x12, 0x12, 0x12, 0xff, 0x12, 0x12, 0x12, 0xff, 0x13, 0x13, 0x13, 0xff, 0x13, 0x13, 0x13, 0xff,
    0x13, 0x13, 0x13, 0xff, 0x13, 0x13, 0x13, 0xff, 0x13, 0x13, 0x13, 0xff, 0x12, 0x13, 0x13, 0xff,
    0x12, 0x13, 0x13, 0xff, 0x13, 0x13, 0x13, 0xff, 0x13, 0x13, 0x13, 0xff, 0x13, 0x13, 0x13, 0xff,
    0x13, 0x13, 0x13, 0xff, 0x13, 0x13, 0x13, 0xff, 0x13, 0x13, 0x13, 0xff, 0x12, 0x12, 0x12, 0xff,
    0x13, 0x13, 0x13, 0xff, 0x13, 0x13, 0x13, 0xff, 0x13, 0x13, 0x13, 0xff, 0x13, 0x13, 0x13, 0xff,
    0x13, 0x13, 0x13, 0xff, 0x13, 0x13, 0x13, 0xff, 0x13, 0x13, 0x13, 0xff, 0x13, 0x13, 0x13, 0xff,
    0x13, 0x13, 0x13, 0xff, 0x13, 0x13, 0x13, 0xff, 0x13, 0x13, 0x13, 0xff, 0x13, 0x13, 0x13, 0xff,
    0x13, 0x12, 0x12, 0xff, 0x13, 0x13, 0x13, 0xff, 0x13, 0x13, 0x13, 0xff, 0x13, 0x13, 0x12, 0xff,
    0x13, 0x13, 0x13, 0xff, 0x13, 0x13, 0x13, 0xff, 0x13, 0x13, 0x13, 0xff, 0x13, 0x13, 0x13, 0xff,
    0x13, 0x13, 0x13, 0xff, 0x13, 0x13, 0x13, 0xff, 0x13, 0x13, 0x13, 0xff, 0x13, 0x13, 0x13, 0xff,
    0x12, 0x13, 0x13, 0xff, 0x13, 0x13, 0x13, 0xff, 0x13, 0x13, 0x13, 0xff, 0x13, 0x13, 0x13, 0xff,
    0x12, 0x13, 0x13, 0xff, 0x13, 0x13, 0x13, 0xff, 0x13, 0x13, 0x13, 0xff, 0x13, 0x13, 0x13, 0xff,
    0x13, 0x13, 0x13, 0xff, 0x12, 0x12, 0x12, 0xff, 0x13, 0x13, 0x13, 0xff, 0x13, 0x13, 0x13, 0xff,
    0x13, 0x13, 0x13, 0xff, 0x12, 0x12, 0x12, 0xff, 0x13, 0x13, 0x13, 0xff, 0x13, 0x13, 0x13, 0xff,
    0x13, 0x13, 0x13, 0xff, 0x13, 0x13, 0x13, 0xff, 0x13, 0x13, 0x13, 0xff, 0x13, 0x13, 0x13, 0xff,
    0x13, 0x13, 0x13, 0xff, 0x13, 0x13, 0x13, 0xff, 0x13, 0x13, 0x13, 0xff, 0x13, 0x13, 0x13, 0xff,
    0x13, 0x13, 0x13, 0xff, 0x12, 0x12, 0x12, 0xff, 0x13, 0x13, 0x13, 0xff, 0x13, 0x13, 0x13, 0xff,
    0x12, 0x12, 0x12, 0xff, 0x13, 0x13, 0x13, 0xff, 0x13, 0x13, 0x13, 0xff, 0x13, 0x13, 0x13, 0xff,
    0x13, 0x13, 0x13, 0xff, 0x13, 0x13, 0x13, 0xff, 0x13, 0x13, 0x13, 0xff, 0x13, 0x13, 0x13, 0xff,
    0x13, 0x13, 0x13, 0xff, 0x13, 0x13, 0x13, 0xff, 0x13, 0x13, 0x13, 0xff, 0x13, 0x13, 0x13, 0xff,
    0x12, 0x13, 0x13, 0xff, 0x13, 0x13, 0x13, 0xff, 0x12, 0x12, 0x12, 0xff, 0x13, 0x13, 0x13, 0xff,
    0x13, 0x13, 0x13, 0xff, 0x13, 0x13, 0x13, 0xff, 0x12, 0x12, 0x12, 0xff, 0x13, 0x13, 0x13, 0xff,
    0x13, 0x12, 0x12, 0xff, 0x13, 0x13, 0x13, 0xff, 0x12, 0x12, 0x12, 0xff, 0x13, 0x13, 0x13, 0xff,
    0x13, 0x13, 0x13, 0xff, 0x13, 0x13, 0x13, 0xff, 0x13, 0x13, 0x13, 0xff, 0x13, 0x13, 0x13, 0xff,
    0x13, 0x13, 0x13, 0xff, 0x13, 0x13, 0x13, 0xff, 0x13, 0x13, 0x13, 0xff, 0x13, 0x13, 0x13, 0xff,
    0x13, 0x13, 0x13, 0xff, 0x13, 0x13, 0x13, 0xff, 0x13, 0x13, 0x13, 0xff, 0x13, 0x13, 0x13, 0xff,
    0x13, 0x12, 0x13, 0xff, 0x12, 0x12, 0x12, 0xff, 0x13, 0x13, 0x13, 0xff, 0x12, 0x12, 0x12, 0xff,
    0x12, 0x12, 0x12, 0xff, 0x13, 0x13, 0x13, 0xff, 0x13, 0x13, 0x13, 0xff, 0x13, 0x13, 0x13, 0xff,
    0x13, 0x13, 0x13, 0xff, 0x13, 0x13, 0x13, 0xff, 0x14, 0x14, 0x14, 0xff, 0x13, 0x13, 0x13, 0xff,
    0x13, 0x13, 0x13, 0xff, 0x13, 0x13, 0x13, 0xff, 0x13, 0x13, 0x13, 0xff, 0x13, 0x13, 0x13, 0xff,
    0x13, 0x13, 0x13, 0xff, 0x13, 0x13, 0x13, 0xff, 0x13, 0x13, 0x13, 0xff, 0x12, 0x12, 0x12, 0xff,
    0x12, 0x12, 0x12, 0xff, 0x13, 0x13, 0x13, 0xff, 0x12, 0x12, 0x12, 0xff, 0x12, 0x12, 0x12, 0xff,
    0x13, 0x13, 0x13, 0xff, 0x13, 0x13, 0x13, 0xff, 0x13, 0x13, 0x13, 0xff, 0x13, 0x13, 0x13, 0xff,
    0x13, 0x14, 0x12, 0xff, 0x13, 0x13, 0x13, 0xff, 0x13, 0x13, 0x13, 0xff, 0x13, 0x13, 0x13, 0xff,
    0x13, 0x13, 0x13, 0xff, 0x13, 0x13, 0x13, 0xff, 0x13, 0x13, 0x13, 0xff, 0x12, 0x13, 0x13, 0xff,
    0x12, 0x13, 0x13, 0xff, 0x13, 0x13, 0x13, 0xff, 0x13, 0x13, 0x13, 0xff, 0x12, 0x12, 0x12, 0xff,
    0x12, 0x12, 0x12, 0xff, 0x13, 0x13, 0x13, 0xff, 0x13, 0x13, 0x13, 0xff, 0x12, 0x12, 0x12, 0xff,
    0x13, 0x13, 0x13, 0xff, 0x13, 0x13, 0x13, 0xff, 0x13, 0x13, 0x13, 0xff, 0x13, 0x13, 0x13, 0xff,
    0x13, 0x13, 0x13, 0xff, 0x13, 0x13, 0x13, 0xff, 0x13, 0x13, 0x13, 0xff, 0x13, 0x13, 0x13, 0xff,
    0x13, 0x13, 0x13, 0xff, 0x13, 0x13, 0x13, 0xff, 0x13, 0x13, 0x13, 0xff, 0x13, 0x13, 0x13, 0xff,
    0x13, 0x13, 0x13, 0xff, 0x13, 0x13, 0x13, 0xff, 0x13, 0x13, 0x13, 0xff, 0x13, 0x13, 0x13, 0xff,
    0x12, 0x12, 0x12, 0xff, 0x12, 0x12, 0x12, 0xff, 0x13, 0x13, 0x13, 0xff, 0x13, 0x13, 0x13, 0xff,
    0x13, 0x13, 0x13, 0xff, 0x13, 0x13, 0x13, 0xff, 0x13, 0x13, 0x13, 0xff, 0x13, 0x13, 0x13, 0xff,
    0x13, 0x13, 0x13, 0xff, 0x13, 0x13, 0x13, 0xff, 0x13, 0x13, 0x13, 0xff, 0x13, 0x13, 0x13, 0xff,
    0x13, 0x13, 0x13, 0xff, 0x13, 0x13, 0x13, 0xff, 0x13, 0x13, 0x13, 0xff, 0x13, 0x13, 0x13, 0xff,
    0x13, 0x13, 0x13, 0xff, 0x12, 0x12, 0x12, 0xff, 0x12, 0x12, 0x12, 0xff, 0x13, 0x13, 0x13, 0xff,
    0x13, 0x13, 0x13, 0xff, 0x13, 0x13, 0x13, 0xff, 0x13, 0x13, 0x13, 0xff, 0x13, 0x13, 0x13, 0xff,
    0x13, 0x13, 0x13, 0xff, 0x13, 0x13, 0x13, 0xff, 0x13, 0x13, 0x13, 0xff, 0x13, 0x13, 0x13, 0xff,
    0x13, 0x13, 0x13, 0xff, 0x13, 0x13, 0x13, 0xff, 0x13, 0x13, 0x13, 0xff, 0x13, 0x13, 0x13, 0xff,
    0x13, 0x13, 0x13, 0xff, 0x13, 0x13, 0x13, 0xff, 0x13, 0x13, 0x13, 0xff, 0x13, 0x13, 0x13, 0xff,
    0x12, 0x13, 0x12, 0xff, 0x13, 0x13, 0x13, 0xff, 0x13, 0x13, 0x13, 0xff, 0x13, 0x13, 0x13, 0xff,
    0x13, 0x13, 0x13, 0xff, 0x13, 0x13, 0x13, 0xff, 0x13, 0x13, 0x13, 0xff, 0x13, 0x13, 0x13, 0xff,
    0x13, 0x13, 0x13, 0xff, 0x13, 0x13, 0x13, 0xff, 0x13, 0x13, 0x13, 0xff, 0x13, 0x13, 0x13, 0xff,
    0x13, 0x13, 0x13, 0xff, 0x13, 0x14, 0x12, 0xff, 0x13, 0x13, 0x13, 0xff, 0x13, 0x13, 0x13, 0xff,
    0x13, 0x13, 0x13, 0xff, 0x13, 0x13, 0x13, 0xff, 0x13, 0x12, 0x13, 0xff, 0x13, 0x13, 0x13, 0xff,
    0x13, 0x13, 0x13, 0xff, 0x13, 0x13, 0x13, 0xff, 0x12, 0x12, 0x12, 0xff, 0x13, 0x13, 0x13, 0xff,
    0x13, 0x13, 0x13, 0xff, 0x13, 0x13, 0x13, 0xff, 0x13, 0x13, 0x13, 0xff, 0x13, 0x13, 0x13, 0xff,
    0x13, 0x13, 0x13, 0xff, 0x13, 0x13, 0x13, 0xff, 0x13, 0x13, 0x13, 0xff, 0x13, 0x14, 0x13, 0xff,
    0x13, 0x13, 0x13, 0xff, 0x13, 0x13, 0x12, 0xff, 0x13, 0x13, 0x13, 0xff, 0x13, 0x13, 0x13, 0xff,
    0x13, 0x13, 0x13, 0xff, 0x13, 0x13, 0x13, 0xff, 0x13, 0x13, 0x13, 0xff, 0x13, 0x13, 0x13, 0xff,
    0x13, 0x13, 0x13, 0xff, 0x13, 0x13, 0x13, 0xff, 0x13, 0x13, 0x13, 0xff, 0x13, 0x13, 0x13, 0xff,
    0x13, 0x13, 0x13, 0xff, 0x13, 0x13, 0x13, 0xff, 0x13, 0x13, 0x13, 0xff, 0x13, 0x13, 0x13, 0xff,
    0x13, 0x13, 0x13, 0xff, 0x13, 0x14, 0x13, 0xff, 0x13, 0x13, 0x13, 0xff, 0x13, 0x13, 0x13, 0xff,
    0x13, 0x13, 0x13, 0xff, 0x13, 0x13, 0x13, 0xff, 0x13, 0x13, 0x13, 0xff, 0x13, 0x13, 0x13, 0xff,
    0x12, 0x12, 0x12, 0xff, 0x13, 0x13, 0x13, 0xff, 0x12, 0x12, 0x12, 0xff, 0x13, 0x13, 0x13, 0xff,
    0x13, 0x13, 0x13, 0xff, 0x13, 0x13, 0x13, 0xff, 0x13, 0x13, 0x13, 0xff, 0x13, 0x13, 0x13, 0xff,
    0x13, 0x13, 0x13, 0xff, 0x13, 0x14, 0x13, 0xff, 0x13, 0x13, 0x13, 0xff, 0x14, 0x14, 0x14, 0xff,
    0x13, 0x13, 0x13, 0xff, 0x13, 0x13, 0x13, 0xff, 0x13, 0x13, 0x13, 0xff, 0x12, 0x12, 0x12, 0xff,
    0x13, 0x13, 0x13, 0xff, 0x12, 0x13, 0x13, 0xff, 0x13, 0x13, 0x13, 0xff, 0x13, 0x13, 0x13, 0xff,
    0x13, 0x13, 0x13, 0xff, 0x13, 0x13, 0x13, 0xff, 0x13, 0x13, 0x13, 0xff, 0x13, 0x13, 0x13, 0xff,
    0x13, 0x13, 0x13, 0xff, 0x13, 0x13, 0x13, 0xff, 0x13, 0x13, 0x13, 0xff, 0x13, 0x13, 0x13, 0xff,
    0x13, 0x13, 0x13, 0xff, 0x12, 0x13, 0x13, 0xff, 0x13, 0x13, 0x13, 0xff, 0x13, 0x13, 0x13, 0xff,
    0x13, 0x13, 0x13, 0xff, 0x13, 0x13, 0x13, 0xff, 0x13, 0x13, 0x13, 0xff, 0x13, 0x13, 0x13, 0xff,
    0x12, 0x13, 0x13, 0xff, 0x13, 0x13, 0x13, 0xff, 0x13, 0x13, 0x13, 0xff, 0x13, 0x13, 0x13, 0xff,
    0x13, 0x13, 0x13, 0xff, 0x13, 0x13, 0x13, 0xff, 0x13, 0x13, 0x13, 0xff, 0x13, 0x13, 0x13, 0xff,
    0x13, 0x13, 0x13, 0xff, 0x13, 0x13, 0x13, 0xff, 0x13, 0x13, 0x13, 0xff, 0x13, 0x13, 0x13, 0xff,
    0x13, 0x13, 0x13, 0xff, 0x13, 0x13, 0x13, 0xff, 0x13, 0x13, 0x13, 0xff, 0x12, 0x13, 0x13, 0xff,
    0x13, 0x13, 0x13, 0xff, 0x13, 0x13, 0x13, 0xff, 0x13, 0x13, 0x13, 0xff, 0x13, 0x13, 0x13, 0xff,
    0x13, 0x13, 0x13, 0xff, 0x13, 0x13, 0x13, 0xff, 0x13, 0x13, 0x13, 0xff, 0x13, 0x13, 0x13, 0xff,
    0x13, 0x13, 0x13, 0xff, 0x13, 0x13, 0x13, 0xff, 0x13, 0x13, 0x13, 0xff, 0x13, 0x13, 0x13, 0xff,
    0x13, 0x13, 0x13, 0xff, 0x14, 0x14, 0x14, 0xff, 0x13, 0x13, 0x13, 0xff, 0x13, 0x13, 0x13, 0xff,
    0x12, 0x13, 0x13, 0xff, 0x13, 0x13, 0x13, 0xff, 0x13, 0x13, 0x13, 0xff, 0x13, 0x13, 0x13, 0xff,
    0x13, 0x13, 0x13, 0xff, 0x13, 0x13, 0x13, 0xff, 0x13, 0x13, 0x13, 0xff, 0x13, 0x13, 0x13, 0xff,
    0x13, 0x13, 0x13, 0xff, 0x13, 0x13, 0x12, 0xff, 0x13, 0x13, 0x13, 0xff, 0x13, 0x13, 0x13, 0xff,
    0x13, 0x13, 0x13, 0xff, 0x13, 0x13, 0x13, 0xff, 0x13, 0x13, 0x13, 0xff, 0x13, 0x13, 0x13, 0xff,
    0x13, 0x13, 0x13, 0xff, 0x13, 0x13, 0x13, 0xff, 0x13, 0x13, 0x13, 0xff, 0x13, 0x13, 0x13, 0xff,
    0x12, 0x13, 0x13, 0xff, 0x13, 0x13, 0x13, 0xff, 0x13, 0x13, 0x13, 0xff, 0x13, 0x13, 0x13, 0xff,
    0x13, 0x13, 0x13, 0xff, 0x13, 0x13, 0x13, 0xff, 0x13, 0x13, 0x13, 0xff, 0x13, 0x13, 0x13, 0xff,
    0x13, 0x13, 0x13, 0xff, 0x13, 0x13, 0x13, 0xff, 0x13, 0x13, 0x13, 0xff, 0x13, 0x13, 0x13, 0xff,
    0x13, 0x13, 0x13, 0xff, 0x13, 0x13, 0x13, 0xff, 0x13, 0x13, 0x13, 0xff, 0x13, 0x13, 0x13, 0xff,
    0x13, 0x13, 0x13, 0xff, 0x13, 0x13, 0x13, 0xff, 0x13, 0x13, 0x13, 0xff, 0x12, 0x13, 0x13, 0xff,
    0x14, 0x13, 0x14, 0xff, 0x13, 0x13, 0x13, 0xff, 0x13, 0x13, 0x13, 0xff, 0x13, 0x13, 0x13, 0xff,
    0x13, 0x13, 0x13, 0xff, 0x13, 0x13, 0x13, 0xff, 0x13, 0x12, 0x13, 0xff, 0x13, 0x13, 0x13, 0xff,
    0x13, 0x13, 0x13, 0xff, 0x13, 0x13, 0x13, 0xff, 0x13, 0x13, 0x13, 0xff, 0x13, 0x13, 0x13, 0xff,
    0x13, 0x13, 0x13, 0xff, 0x13, 0x13, 0x13, 0xff, 0x13, 0x13, 0x13, 0xff, 0x12, 0x13, 0x13, 0xff,
    0x13, 0x14, 0x13, 0xff, 0x13, 0x13, 0x14, 0xff, 0x13, 0x13, 0x12, 0xff, 0x13, 0x13, 0x13, 0xff,
    0x12, 0x13, 0x13, 0xff, 0x13, 0x13, 0x13, 0xff, 0x13, 0x13, 0x13, 0xff, 0x13, 0x13, 0x13, 0xff,
    0x13, 0x13, 0x13, 0xff, 0x13, 0x13, 0x13, 0xff, 0x13, 0x13, 0x13, 0xff, 0x13, 0x13, 0x13, 0xff,
    0x13, 0x13, 0x13, 0xff, 0x12, 0x12, 0x12, 0xff, 0x13, 0x13, 0x13, 0xff, 0x13, 0x13, 0x13, 0xff,
    0x13, 0x13, 0x13, 0xff, 0x14, 0x14, 0x13, 0xff, 0x13, 0x13, 0x13, 0xff, 0x13, 0x13, 0x13, 0xff,
    0x13, 0x14, 0x14, 0xff, 0x13, 0x13, 0x13, 0xff, 0x13, 0x13, 0x13, 0xff, 0x13, 0x13, 0x13, 0xff,
    0x13, 0x13, 0x13, 0xff, 0x13, 0x13, 0x13, 0xff, 0x13, 0x13, 0x13, 0xff, 0x13, 0x13, 0x13, 0xff,
    0x13, 0x13, 0x13, 0xff, 0x13, 0x13, 0x13, 0xff, 0x13, 0x13, 0x13, 0xff, 0x13, 0x13, 0x13, 0xff,
    0x13, 0x13, 0x13, 0xff, 0x13, 0x13, 0x13, 0xff, 0x13, 0x13, 0x13, 0xff, 0x13, 0x14, 0x12, 0xff,
    0x13, 0x13, 0x13, 0xff, 0x12, 0x13, 0x13, 0xff, 0x13, 0x13, 0x13, 0xff, 0x13, 0x13, 0x13, 0xff,
    0x13, 0x13, 0x13, 0xff, 0x13, 0x13, 0x13, 0xff, 0x13, 0x13, 0x13, 0xff, 0x13, 0x13, 0x13, 0xff,
    0x13, 0x13, 0x13, 0xff, 0x12, 0x12, 0x12, 0xff, 0x13, 0x13, 0x13, 0xff, 0x12, 0x12, 0x12, 0xff,
    0x13, 0x13, 0x13, 0xff, 0x13, 0x13, 0x13, 0xff, 0x13, 0x13, 0x13, 0xff, 0x13, 0x13, 0x13, 0xff,
    0x13, 0x13, 0x13, 0xff, 0x13, 0x14, 0x12, 0xff, 0x13, 0x13, 0x13, 0xff, 0x13, 0x13, 0x13, 0xff,
    0x13, 0x13, 0x13, 0xff, 0x13, 0x13, 0x13, 0xff, 0x13, 0x13, 0x13, 0xff, 0x13, 0x13, 0x13, 0xff,
    0x13, 0x13, 0x13, 0xff, 0x13, 0x13, 0x13, 0xff, 0x13, 0x13, 0x13, 0xff, 0x13, 0x13, 0x13, 0xff,
    0x13, 0x13, 0x13, 0xff, 0x13, 0x13, 0x13, 0xff, 0x13, 0x13, 0x13, 0xff, 0x13, 0x13, 0x13, 0xff,
    0x13, 0x13, 0x13, 0xff, 0x13, 0x13, 0x13, 0xff, 0x13, 0x13, 0x13, 0xff, 0x13, 0x13, 0x13, 0xff,
    0x13, 0x13, 0x13, 0xff, 0x13, 0x13, 0x13, 0xff, 0x13, 0x14, 0x12, 0xff, 0x13, 0x13, 0x13, 0xff,
    0x13, 0x13, 0x13, 0xff, 0x13, 0x13, 0x13, 0xff, 0x13, 0x13, 0x13, 0xff, 0x13, 0x13, 0x13, 0xff,
    0x13, 0x13, 0x13, 0xff, 0x13, 0x13, 0x13, 0xff, 0x13, 0x13, 0x13, 0xff, 0x13, 0x13, 0x13, 0xff,
    0x13, 0x13, 0x13, 0xff, 0x13, 0x13, 0x13, 0xff, 0x13, 0x13, 0x13, 0xff, 0x12, 0x13, 0x13, 0xff,
    0x13, 0x13, 0x13, 0xff, 0x13, 0x13, 0x13, 0xff, 0x13, 0x13, 0x13, 0xff, 0x13, 0x13, 0x13, 0xff,
    0x13, 0x13, 0x12, 0xff, 0x13, 0x13, 0x13, 0xff, 0x13, 0x13, 0x13, 0xff, 0x13, 0x13, 0x13, 0xff,
    0x13, 0x13, 0x13, 0xff, 0x13, 0x13, 0x13, 0xff, 0x13, 0x13, 0x13, 0xff, 0x13, 0x13, 0x13, 0xff,
    0x13, 0x13, 0x13, 0xff, 0x13, 0x13, 0x13, 0xff, 0x13, 0x13, 0x13, 0xff, 0x13, 0x13, 0x13, 0xff,
    0x13, 0x13, 0x13, 0xff, 0x13, 0x13, 0x13, 0xff, 0x13, 0x13, 0x13, 0xff, 0x13, 0x13, 0x13, 0xff,
    0x13, 0x13, 0x13, 0xff, 0x13, 0x13, 0x13, 0xff, 0x13, 0x13, 0x13, 0xff, 0x13, 0x14, 0x13, 0xff,
    0x13, 0x14, 0x13, 0xff, 0x13, 0x13, 0x13, 0xff, 0x12, 0x13, 0x13, 0xff, 0x13, 0x13, 0x13, 0xff,
    0x13, 0x13, 0x13, 0xff, 0x13, 0x13, 0x13, 0xff, 0x12, 0x13, 0x13, 0xff, 0x13, 0x13, 0x13, 0xff,
    0x13, 0x13, 0x13, 0xff, 0x13, 0x13, 0x13, 0xff, 0x13, 0x13, 0x13, 0xff, 0x13, 0x13, 0x13, 0xff,
    0x13, 0x13, 0x13, 0xff, 0x13, 0x13, 0x13, 0xff, 0x13, 0x13, 0x13, 0xff, 0x13, 0x13, 0x13, 0xff,
    0x13, 0x13, 0x13, 0xff, 0x13, 0x13, 0x13, 0xff, 0x13, 0x13, 0x13, 0xff, 0x13, 0x13, 0x13, 0xff,
    0x13, 0x13, 0x13, 0xff, 0x13, 0x13, 0x13, 0xff, 0x13, 0x13, 0x13, 0xff, 0x13, 0x13, 0x13, 0xff,
    0x13, 0x13, 0x13, 0xff, 0x13, 0x13, 0x13, 0xff, 0x13, 0x13, 0x13, 0xff, 0x13, 0x13, 0x13, 0xff,
    0x13, 0x13, 0x13, 0xff, 0x13, 0x13, 0x13, 0xff, 0x13, 0x13, 0x13, 0xff, 0x13, 0x13, 0x13, 0xff,
    0x13, 0x13, 0x13, 0xff, 0x13, 0x14, 0x13, 0xff, 0x13, 0x13, 0x13, 0xff, 0x13, 0x13, 0x13, 0xff,
    0x13, 0x13, 0x13, 0xff, 0x13, 0x13, 0x13, 0xff, 0x13, 0x13, 0x13, 0xff, 0x13, 0x13, 0x13, 0xff,
    0x12, 0x13, 0x13, 0xff, 0x12, 0x13, 0x13, 0xff, 0x13, 0x13, 0x13, 0xff, 0x13, 0x13, 0x13, 0xff,
    0x13, 0x13, 0x13, 0xff, 0x13, 0x13, 0x13, 0xff, 0x13, 0x13, 0x13, 0xff, 0x13, 0x13, 0x13, 0xff,
    0x13, 0x13, 0x13, 0xff, 0x13, 0x13, 0x13, 0xff, 0x13, 0x13, 0x13, 0xff, 0x13, 0x13, 0x13, 0xff,
    0x14, 0x13, 0x13, 0xff, 0x13, 0x13, 0x13, 0xff, 0x14, 0x14, 0x13, 0xff, 0x13, 0x13, 0x13, 0xff,
    0x13, 0x13, 0x13, 0xff, 0x13, 0x13, 0x13, 0xff, 0x13, 0x13, 0x13, 0xff, 0x13, 0x13, 0x13, 0xff,
    0x13, 0x12, 0x12, 0xff, 0x13, 0x13, 0x13, 0xff, 0x13, 0x13, 0x13, 0xff, 0x13, 0x13, 0x13, 0xff,
    0x13, 0x13, 0x13, 0xff, 0x13, 0x13, 0x13, 0xff, 0x13, 0x13, 0x13, 0xff, 0x13, 0x13, 0x13, 0xff,
    0x13, 0x13, 0x13, 0xff, 0x13, 0x13, 0x13, 0xff, 0x13, 0x13, 0x13, 0xff, 0x13, 0x13, 0x13, 0xff,
    0x13, 0x13, 0x13, 0xff, 0x13, 0x13, 0x13, 0xff, 0x14, 0x14, 0x13, 0xff, 0x13, 0x14, 0x13, 0xff,
    0x13, 0x13, 0x13, 0xff, 0x13, 0x13, 0x13, 0xff, 0x13, 0x13, 0x13, 0xff, 0x13, 0x13, 0x13, 0xff,
    0x13, 0x13, 0x13, 0xff, 0x13, 0x13, 0x13, 0xff, 0x12, 0x13, 0x13, 0xff, 0x13, 0x13, 0x13, 0xff,
    0x13, 0x13, 0x13, 0xff, 0x13, 0x13, 0x13, 0xff, 0x13, 0x13, 0x13, 0xff, 0x13, 0x13, 0x13, 0xff,
    0x13, 0x13, 0x13, 0xff, 0x13, 0x13, 0x13, 0xff, 0x13, 0x13, 0x13, 0xff, 0x13, 0x13, 0x13, 0xff,
    0x13, 0x13, 0x13, 0xff, 0x12, 0x13, 0x13, 0xff, 0x12, 0x13, 0x13, 0xff, 0x13, 0x13, 0x13, 0xff,
    0x13, 0x13, 0x13, 0xff, 0x13, 0x13, 0x13, 0xff, 0x13, 0x13, 0x13, 0xff, 0x13, 0x13, 0x13, 0xff,
    0x13, 0x13, 0x13, 0xff, 0x13, 0x13, 0x12, 0xff, 0x13, 0x13, 0x13, 0xff, 0x13, 0x13, 0x13, 0xff,
    0x13, 0x13, 0x13, 0xff, 0x13, 0x13, 0x13, 0xff, 0x13, 0x13, 0x13, 0xff, 0x13, 0x13, 0x13, 0xff,
    0x13, 0x13, 0x13, 0xff, 0x13, 0x13, 0x13, 0xff, 0x13, 0x13, 0x13, 0xff, 0x13, 0x13, 0x13, 0xff,
    0x13, 0x13, 0x13, 0xff, 0x12, 0x13, 0x13, 0xff, 0x13, 0x13, 0x13, 0xff, 0x13, 0x13, 0x13, 0xff,
    0x12, 0x12, 0x12, 0xff, 0x13, 0x13, 0x13, 0xff, 0x13, 0x13, 0x13, 0xff, 0x13, 0x13, 0x13, 0xff,
    0x13, 0x13, 0x13, 0xff, 0x13, 0x13, 0x13, 0xff, 0x13, 0x13, 0x13, 0xff, 0x13, 0x13, 0x13, 0xff,
    0x13, 0x13, 0x13, 0xff, 0x13, 0x13, 0x13, 0xff, 0x13, 0x13, 0x13, 0xff, 0x13, 0x13, 0x13, 0xff,
    0x13, 0x13, 0x13, 0xff, 0x13, 0x13, 0x13, 0xff, 0x13, 0x13, 0x13, 0xff, 0x14, 0x13, 0x12, 0xff,
    0x13, 0x13, 0x13, 0xff, 0x13, 0x13, 0x14, 0xff, 0x13, 0x13, 0x13, 0xff, 0x13, 0x13, 0x13, 0xff,
    0x13, 0x13, 0x13, 0xff, 0x13, 0x13, 0x13, 0xff, 0x13, 0x13, 0x13, 0xff, 0x13, 0x13, 0x13, 0xff,
    0x13, 0x13, 0x13, 0xff, 0x13, 0x13, 0x13, 0xff, 0x13, 0x13, 0x13, 0xff, 0x13, 0x13, 0x13, 0xff,
    0x13, 0x13, 0x13, 0xff, 0x13, 0x13, 0x13, 0xff, 0x13, 0x13, 0x13, 0xff, 0x13, 0x13, 0x13, 0xff,
    0x13, 0x13, 0x13, 0xff, 0x13, 0x13, 0x13, 0xff, 0x13, 0x13, 0x13, 0xff, 0x13, 0x13, 0x13, 0xff,
    0x13, 0x13, 0x13, 0xff, 0x13, 0x13, 0x13, 0xff, 0x13, 0x13, 0x13, 0xff, 0x12, 0x12, 0x12, 0xff,
    0x13, 0x13, 0x13, 0xff, 0x13, 0x13, 0x13, 0xff, 0x13, 0x13, 0x13, 0xff, 0x13, 0x13, 0x13, 0xff,
    0x13, 0x13, 0x13, 0xff, 0x13, 0x13, 0x13, 0xff, 0x13, 0x13, 0x13, 0xff, 0x13, 0x13, 0x13, 0xff,
    0x13, 0x13, 0x13, 0xff, 0x13, 0x14, 0x13, 0xff, 0x13, 0x13, 0x13, 0xff, 0x13, 0x13, 0x13, 0xff,
    0x13, 0x13, 0x13, 0xff, 0x13, 0x13, 0x13, 0xff, 0x13, 0x13, 0x13, 0xff, 0x13, 0x13, 0x13, 0xff,
    0x13, 0x13, 0x13, 0xff, 0x13, 0x13, 0x13, 0xff, 0x13, 0x13, 0x13, 0xff, 0x13, 0x13, 0x13, 0xff,
    0x13, 0x13, 0x13, 0xff, 0x13, 0x13, 0x13, 0xff, 0x13, 0x13, 0x13, 0xff, 0x13, 0x13, 0x13, 0xff,
    0x13, 0x13, 0x13, 0xff, 0x13, 0x13, 0x13, 0xff, 0x13, 0x13, 0x13, 0xff, 0x13, 0x13, 0x13, 0xff,
    0x13, 0x13, 0x13, 0xff, 0x13, 0x13, 0x13, 0xff, 0x13, 0x14, 0x13, 0xff, 0x13, 0x13, 0x13, 0xff,
    0x13, 0x13, 0x13, 0xff, 0x13, 0x13, 0x13, 0xff, 0x13, 0x13, 0x13, 0xff, 0x13, 0x13, 0x13, 0xff,
    0x13, 0x13, 0x13, 0xff, 0x13, 0x13, 0x13, 0xff, 0x13, 0x13, 0x13, 0xff, 0x13, 0x13, 0x13, 0xff,
    0x13, 0x13, 0x13, 0xff, 0x13, 0x13, 0x13, 0xff, 0x13, 0x13, 0x13, 0xff, 0x13, 0x13, 0x13, 0xff,
    0x13, 0x13, 0x13, 0xff, 0x13, 0x14, 0x13, 0xff, 0x13, 0x13, 0x13, 0xff, 0x13, 0x14, 0x13, 0xff,
    0x13, 0x13, 0x13, 0xff, 0x13, 0x13, 0x13, 0xff, 0x14, 0x14, 0x14, 0xff, 0x13, 0x13, 0x13, 0xff,
    0x13, 0x13, 0x13, 0xff, 0x13, 0x13, 0x13, 0xff, 0x13, 0x13, 0x13, 0xff, 0x13, 0x13, 0x13, 0xff,
    0x13, 0x13, 0x13, 0xff, 0x13, 0x13, 0x13, 0xff, 0x13, 0x13, 0x13, 0xff, 0x13, 0x13, 0x13, 0xff,
    0x13, 0x13, 0x13, 0xff, 0x13, 0x13, 0x13, 0xff, 0x13, 0x13, 0x13, 0xff, 0x13, 0x14, 0x13, 0xff,
    0x13, 0x13, 0x13, 0xff, 0x13, 0x13, 0x13, 0xff, 0x13, 0x13, 0x13, 0xff, 0x13, 0x13, 0x13, 0xff,
    0x13, 0x13, 0x13, 0xff, 0x13, 0x13, 0x13, 0xff, 0x13, 0x13, 0x13, 0xff, 0x13, 0x13, 0x13, 0xff,
    0x13, 0x14, 0x12, 0xff, 0x13, 0x13, 0x13, 0xff, 0x13, 0x13, 0x13, 0xff, 0x13, 0x13, 0x13, 0xff,
    0x13, 0x13, 0x13, 0xff, 0x13, 0x13, 0x13, 0xff, 0x13, 0x13, 0x13, 0xff, 0x13, 0x13, 0x13, 0xff,
    0x13, 0x13, 0x13, 0xff, 0x13, 0x13, 0x13, 0xff, 0x13, 0x13, 0x13, 0xff, 0x13, 0x13, 0x13, 0xff,
    0x13, 0x13, 0x12, 0xff, 0x13, 0x13, 0x13, 0xff, 0x13, 0x13, 0x13, 0xff, 0x13, 0x13, 0x13, 0xff,
    0x13, 0x14, 0x13, 0xff, 0x13, 0x13, 0x13, 0xff, 0x14, 0x13, 0x13, 0xff, 0x13, 0x13, 0x13, 0xff,
    0x13, 0x13, 0x13, 0xff, 0x13, 0x13, 0x13, 0xff, 0x12, 0x12, 0x12, 0xff, 0x13, 0x13, 0x13, 0xff,
    0x13, 0x13, 0x13, 0xff, 0x13, 0x13, 0x13, 0xff, 0x13, 0x13, 0x13, 0xff, 0x13, 0x13, 0x13, 0xff,
    0x13, 0x13, 0x13, 0xff, 0x13, 0x13, 0x13, 0xff, 0x13, 0x13, 0x13, 0xff, 0x13, 0x13, 0x13, 0xff,
    0x13, 0x13, 0x13, 0xff, 0x13, 0x14, 0x13, 0xff, 0x13, 0x14, 0x13, 0xff, 0x13, 0x13, 0x13, 0xff,
    0x13, 0x13, 0x13, 0xff, 0x12, 0x13, 0x13, 0xff, 0x12, 0x13, 0x13, 0xff, 0x12, 0x13, 0x13, 0xff,
    0x13, 0x13, 0x13, 0xff, 0x13, 0x13, 0x13, 0xff, 0x13, 0x13, 0x13, 0xff, 0x13, 0x13, 0x13, 0xff,
    0x13, 0x13, 0x13, 0xff, 0x13, 0x13, 0x13, 0xff, 0x13, 0x13, 0x13, 0xff, 0x13, 0x13, 0x13, 0xff,
    0x13, 0x13, 0x13, 0xff, 0x13, 0x13, 0x13, 0xff, 0x13, 0x13, 0x13, 0xff, 0x13, 0x13, 0x13, 0xff,
    0x13, 0x14, 0x12, 0xff, 0x13, 0x14, 0x13, 0xff, 0x13, 0x14, 0x13, 0xff, 0x13, 0x13, 0x13, 0xff,
    0x13, 0x13, 0x13, 0xff, 0x13, 0x13, 0x13, 0xff, 0x13, 0x13, 0x13, 0xff, 0x13, 0x13, 0x13, 0xff,
    0x13, 0x13, 0x13, 0xff, 0x13, 0x13, 0x13, 0xff, 0x13, 0x13, 0x13, 0xff, 0x13, 0x13, 0x13, 0xff,
    0x13, 0x13, 0x13, 0xff, 0x13, 0x13, 0x13, 0xff, 0x13, 0x13, 0x13, 0xff, 0x13, 0x13, 0x13, 0xff,
    0x13, 0x13, 0x13, 0xff, 0x13, 0x13, 0x13, 0xff, 0x13, 0x14, 0x14, 0xff, 0x13, 0x14, 0x13, 0xff,
    0x14, 0x13, 0x13, 0xff, 0x13, 0x13, 0x13, 0xff, 0x13, 0x14, 0x13, 0xff, 0x13, 0x13, 0x13, 0xff,
    0x13, 0x13, 0x13, 0xff, 0x13, 0x13, 0x13, 0xff, 0x13, 0x13, 0x13, 0xff, 0x13, 0x13, 0x13, 0xff,
    0x13, 0x13, 0x13, 0xff, 0x13, 0x13, 0x13, 0xff, 0x13, 0x13, 0x13, 0xff, 0x13, 0x13, 0x13, 0xff,
    0x13, 0x13, 0x13, 0xff, 0x14, 0x13, 0x13, 0xff, 0x13, 0x13, 0x13, 0xff, 0x13, 0x13, 0x13, 0xff,
    0x13, 0x13, 0x13, 0xff, 0x13, 0x13, 0x13, 0xff, 0x14, 0x13, 0x14, 0xff, 0x12, 0x13, 0x13, 0xff,
    0x13, 0x13, 0x13, 0xff, 0x13, 0x13, 0x13, 0xff, 0x13, 0x13, 0x13, 0xff, 0x13, 0x13, 0x13, 0xff,
    0x13, 0x13, 0x13, 0xff, 0x13, 0x13, 0x13, 0xff, 0x13, 0x13, 0x13, 0xff, 0x13, 0x13, 0x13, 0xff,
    0x13, 0x13, 0x13, 0xff, 0x13, 0x13, 0x13, 0xff, 0x13, 0x13, 0x13, 0xff, 0x13, 0x13, 0x13, 0xff,
    0x13, 0x13, 0x13, 0xff, 0x13, 0x13, 0x13, 0xff, 0x13, 0x13, 0x13, 0xff, 0x14, 0x13, 0x13, 0xff,
    0x14, 0x14, 0x14, 0xff, 0x12, 0x13, 0x13, 0xff, 0x13, 0x13, 0x13, 0xff, 0x14, 0x13, 0x13, 0xff,
    0x12, 0x13, 0x13, 0xff, 0x12, 0x13, 0x13, 0xff, 0x13, 0x13, 0x13, 0xff, 0x13, 0x13, 0x13, 0xff,
    0x12, 0x13, 0x13, 0xff, 0x13, 0x13, 0x13, 0xff, 0x13, 0x13, 0x13, 0xff, 0x13, 0x13, 0x13, 0xff,
    0x13, 0x13, 0x13, 0xff, 0x13, 0x13, 0x13, 0xff, 0x13, 0x13, 0x13, 0xff, 0x13, 0x13, 0x14, 0xff,
    0x13, 0x13, 0x12, 0xff, 0x14, 0x13, 0x13, 0xff, 0x13, 0x13, 0x13, 0xff, 0x13, 0x13, 0x13, 0xff,
    0x13, 0x14, 0x13, 0xff, 0x13, 0x13, 0x13, 0xff, 0x13, 0x13, 0x13, 0xff, 0x13, 0x13, 0x13, 0xff,
    0x13, 0x13, 0x13, 0xff, 0x13, 0x13, 0x13, 0xff, 0x13, 0x13, 0x13, 0xff, 0x13, 0x13, 0x13, 0xff,
    0x13, 0x13, 0x13, 0xff, 0x13, 0x13, 0x13, 0xff, 0x13, 0x13, 0x13, 0xff, 0x13, 0x13, 0x13, 0xff,
    0x13, 0x13, 0x13, 0xff, 0x13, 0x13, 0x13, 0xff, 0x13, 0x14, 0x13, 0xff, 0x12, 0x14, 0x12, 0xff,
    0x13, 0x14, 0x13, 0xff, 0x12, 0x13, 0x13, 0xff, 0x13, 0x13, 0x13, 0xff, 0x14, 0x13, 0x13, 0xff,
    0x13, 0x13, 0x13, 0xff, 0x13, 0x13, 0x13, 0xff, 0x12, 0x13, 0x13, 0xff, 0x12, 0x13, 0x13, 0xff,
    0x13, 0x13, 0x13, 0xff, 0x13, 0x13, 0x13, 0xff, 0x13, 0x13, 0x13, 0xff, 0x13, 0x13, 0x13, 0xff,
    0x13, 0x13, 0x13, 0xff, 0x13, 0x13, 0x13, 0xff, 0x13, 0x13, 0x13, 0xff, 0x13, 0x13, 0x13, 0xff,
    0x13, 0x13, 0x13, 0xff, 0x12, 0x12, 0x13, 0xff, 0x13, 0x13, 0x13, 0xff, 0x13, 0x14, 0x13, 0xff,
    0x13, 0x14, 0x13, 0xff, 0x13, 0x14, 0x12, 0xff, 0x13, 0x13, 0x13, 0xff, 0x13, 0x13, 0x13, 0xff,
    0x13, 0x13, 0x13, 0xff, 0x12, 0x13, 0x13, 0xff, 0x12, 0x13, 0x13, 0xff, 0x13, 0x13, 0x13, 0xff,
    0x13, 0x13, 0x13, 0xff, 0x13, 0x13, 0x13, 0xff, 0x13, 0x13, 0x13, 0xff, 0x13, 0x13, 0x13, 0xff,
    0x13, 0x13, 0x13, 0xff, 0x13, 0x13, 0x13, 0xff, 0x13, 0x13, 0x13, 0xff, 0x14, 0x13, 0x13, 0xff,
    0x13, 0x13, 0x13, 0xff, 0x14, 0x14, 0x14, 0xff, 0x13, 0x13, 0x13, 0xff, 0x13, 0x14, 0x13, 0xff,
    0x13, 0x14, 0x13, 0xff, 0x13, 0x13, 0x13, 0xff, 0x13, 0x13, 0x13, 0xff, 0x13, 0x13, 0x13, 0xff,
    0x13, 0x13, 0x13, 0xff, 0x13, 0x13, 0x13, 0xff, 0x13, 0x13, 0x13, 0xff, 0x13, 0x13, 0x13, 0xff,
    0x13, 0x13, 0x13, 0xff, 0x13, 0x13, 0x13, 0xff, 0x13, 0x13, 0x13, 0xff, 0x13, 0x13, 0x13, 0xff,
    0x13, 0x13, 0x13, 0xff, 0x13, 0x13, 0x13, 0xff, 0x13, 0x13, 0x13, 0xff, 0x13, 0x13, 0x12, 0xff,
    0x13, 0x13, 0x13, 0xff, 0x13, 0x13, 0x13, 0xff, 0x13, 0x13, 0x13, 0xff, 0x13, 0x13, 0x13, 0xff,
    0x13, 0x13, 0x13, 0xff, 0x13, 0x13, 0x13, 0xff, 0x13, 0x13, 0x13, 0xff, 0x13, 0x13, 0x13, 0xff,
    0x13, 0x13, 0x13, 0xff, 0x13, 0x13, 0x13, 0xff, 0x13, 0x13, 0x13, 0xff, 0x12, 0x12, 0x12, 0xff,
    0x13, 0x13, 0x13, 0xff, 0x13, 0x13, 0x13, 0xff, 0x13, 0x13, 0x13, 0xff, 0x12, 0x13, 0x13, 0xff,
    0x13, 0x13, 0x13, 0xff, 0x13, 0x13, 0x13, 0xff, 0x13, 0x14, 0x14, 0xff, 0x12, 0x14, 0x13, 0xff,
    0x12, 0x13, 0x13, 0xff, 0x13, 0x13, 0x13, 0xff, 0x13, 0x13, 0x13, 0xff, 0x13, 0x13, 0x13, 0xff,
    0x13, 0x13, 0x13, 0xff, 0x13, 0x13, 0x13, 0xff, 0x13, 0x13, 0x13, 0xff, 0x13, 0x13, 0x13, 0xff,
    0x13, 0x13, 0x13, 0xff, 0x13, 0x13, 0x13, 0xff, 0x13, 0x13, 0x13, 0xff, 0x13, 0x13, 0x13, 0xff,
    0x13, 0x13, 0x13, 0xff, 0x13, 0x13, 0x13, 0xff, 0x13, 0x13, 0x13, 0xff, 0x13, 0x13, 0x13, 0xff,
    0x13, 0x13, 0x13, 0xff, 0x13, 0x13, 0x13, 0xff, 0x13, 0x13, 0x13, 0xff, 0x12, 0x13, 0x13, 0xff,
    0x13, 0x13, 0x13, 0xff, 0x12, 0x13, 0x13, 0xff, 0x13, 0x13, 0x13, 0xff, 0x13, 0x13, 0x13, 0xff,
    0x13, 0x13, 0x13, 0xff, 0x13, 0x13, 0x13, 0xff, 0x13, 0x13, 0x13, 0xff, 0x13, 0x13, 0x13, 0xff,
    0x13, 0x13, 0x13, 0xff, 0x13, 0x13, 0x13, 0xff, 0x13, 0x13, 0x13, 0xff, 0x13, 0x13, 0x13, 0xff,
    0x13, 0x13, 0x12, 0xff, 0x13, 0x14, 0x13, 0xff, 0x13, 0x13, 0x13, 0xff, 0x13, 0x13, 0x13, 0xff,
    0x13, 0x13, 0x13, 0xff, 0x13, 0x13, 0x13, 0xff, 0x13, 0x13, 0x13, 0xff, 0x13, 0x13, 0x13, 0xff,
    0x14, 0x14, 0x14, 0xff, 0x13, 0x13, 0x14, 0xff, 0x13, 0x13, 0x13, 0xff, 0x12, 0x12, 0x12, 0xff,
    0x13, 0x13, 0x13, 0xff, 0x13, 0x13, 0x13, 0xff, 0x13, 0x13, 0x13, 0xff, 0x13, 0x13, 0x13, 0xff,
    0x13, 0x13, 0x13, 0xff, 0x13, 0x13, 0x13, 0xff, 0x13, 0x13, 0x13, 0xff, 0x13, 0x13, 0x13, 0xff,
    0x13, 0x13, 0x13, 0xff, 0x13, 0x13, 0x13, 0xff, 0x13, 0x13, 0x13, 0xff, 0x12, 0x13, 0x13, 0xff,
    0x13, 0x14, 0x13, 0xff, 0x13, 0x14, 0x13, 0xff, 0x13, 0x13, 0x13, 0xff, 0x12, 0x13, 0x13, 0xff,
    0x12, 0x13, 0x13, 0xff, 0x13, 0x13, 0x13, 0xff, 0x13, 0x13, 0x13, 0xff, 0x13, 0x13, 0x13, 0xff,
    0x13, 0x13, 0x13, 0xff, 0x13, 0x13, 0x13, 0xff, 0x13, 0x13, 0x13, 0xff, 0x13, 0x13, 0x13, 0xff,
    0x13, 0x13, 0x13, 0xff, 0x13, 0x13, 0x13, 0xff, 0x13, 0x13, 0x13, 0xff, 0x13, 0x13, 0x13, 0xff,
    0x13, 0x13, 0x13, 0xff, 0x13, 0x13, 0x13, 0xff, 0x13, 0x13, 0x13, 0xff, 0x13, 0x13, 0x13, 0xff,
    0x13, 0x13, 0x13, 0xff, 0x13, 0x13, 0x13, 0xff, 0x13, 0x13, 0x13, 0xff, 0x13, 0x13, 0x13, 0xff,
    0x13, 0x13, 0x13, 0xff, 0x13, 0x13, 0x13, 0xff, 0x13, 0x13, 0x13, 0xff, 0x13, 0x13, 0x13, 0xff,
    0x13, 0x13, 0x13, 0xff, 0x13, 0x13, 0x13, 0xff, 0x13, 0x13, 0x13, 0xff, 0x13, 0x13, 0x13, 0xff,
    0x13, 0x13, 0x13, 0xff, 0x13, 0x13, 0x13, 0xff, 0x13, 0x13, 0x13, 0xff, 0x13, 0x13, 0x13, 0xff,
    0x13, 0x14, 0x12, 0xff, 0x13, 0x14, 0x13, 0xff, 0x13, 0x13, 0x13, 0xff, 0x14, 0x14, 0x14, 0xff,
    0x13, 0x13, 0x13, 0xff, 0x13, 0x13, 0x13, 0xff, 0x13, 0x13, 0x13, 0xff, 0x13, 0x13, 0x13, 0xff,
    0x13, 0x13, 0x13, 0xff, 0x13, 0x13, 0x13, 0xff, 0x13, 0x13, 0x13, 0xff, 0x12, 0x13, 0x13, 0xff,
    0x13, 0x13, 0x13, 0xff, 0x13, 0x13, 0x13, 0xff, 0x13, 0x13, 0x13, 0xff, 0x13, 0x13, 0x13, 0xff,
    0x13, 0x13, 0x13, 0xff, 0x13, 0x13, 0x13, 0xff, 0x13, 0x13, 0x13, 0xff, 0x13, 0x14, 0x13, 0xff,
    0x14, 0x13, 0x13, 0xff, 0x13, 0x14, 0x13, 0xff, 0x13, 0x14, 0x13, 0xff, 0x12, 0x13, 0x13, 0xff,
    0x12, 0x13, 0x13, 0xff, 0x13, 0x13, 0x13, 0xff, 0x13, 0x13, 0x13, 0xff, 0x13, 0x13, 0x13, 0xff,
    0x13, 0x13, 0x13, 0xff, 0x13, 0x13, 0x13, 0xff, 0x13, 0x13, 0x13, 0xff, 0x13, 0x13, 0x13, 0xff,
    0x13, 0x13, 0x13, 0xff, 0x13, 0x12, 0x13, 0xff, 0x13, 0x13, 0x13, 0xff, 0x13, 0x13, 0x12, 0xff,
    0x12, 0x13, 0x13, 0xff, 0x13, 0x14, 0x13, 0xff, 0x12, 0x13, 0x13, 0xff, 0x14, 0x13, 0x13, 0xff,
    0x13, 0x13, 0x13, 0xff, 0x13, 0x13, 0x13, 0xff, 0x14, 0x14, 0x14, 0xff, 0x13, 0x13, 0x13, 0xff,
    0x13, 0x13, 0x13, 0xff, 0x13, 0x13, 0x13, 0xff, 0x13, 0x13, 0x13, 0xff, 0x13, 0x13, 0x13, 0xff,
    0x13, 0x13, 0x13, 0xff, 0x13, 0x13, 0x13, 0xff, 0x13, 0x13, 0x13, 0xff, 0x13, 0x13, 0x13, 0xff,
    0x13, 0x13, 0x13, 0xff, 0x13, 0x13, 0x13, 0xff, 0x13, 0x13, 0x13, 0xff, 0x13, 0x14, 0x13, 0xff,
    0x13, 0x13, 0x13, 0xff, 0x13, 0x13, 0x13, 0xff, 0x13, 0x14, 0x13, 0xff, 0x13, 0x13, 0x13, 0xff,
    0x13, 0x13, 0x13, 0xff, 0x13, 0x13, 0x13, 0xff, 0x13, 0x13, 0x13, 0xff, 0x13, 0x13, 0x13, 0xff,
    0x13, 0x13, 0x13, 0xff, 0x13, 0x13, 0x13, 0xff, 0x13, 0x13, 0x13, 0xff, 0x13, 0x13, 0x13, 0xff,
    0x13, 0x13, 0x13, 0xff, 0x13, 0x13, 0x13, 0xff, 0x13, 0x13, 0x13, 0xff, 0x13, 0x13, 0x13, 0xff,
    0x13, 0x13, 0x13, 0xff, 0x13, 0x13, 0x13, 0xff, 0x13, 0x13, 0x13, 0xff, 0x13, 0x13, 0x13, 0xff,
    0x13, 0x13, 0x13, 0xff, 0x13, 0x13, 0x13, 0xff, 0x13, 0x13, 0x13, 0xff, 0x13, 0x13, 0x13, 0xff,
    0x13, 0x13, 0x13, 0xff, 0x12, 0x13, 0x13, 0xff, 0x13, 0x13, 0x13, 0xff, 0x14, 0x13, 0x13, 0xff,
    0x13, 0x13, 0x13, 0xff, 0x13, 0x13, 0x13, 0xff, 0x13, 0x13, 0x13, 0xff, 0x13, 0x13, 0x13, 0xff,
    0x13, 0x13, 0x13, 0xff, 0x13, 0x13, 0x13, 0xff, 0x13, 0x13, 0x13, 0xff, 0x13, 0x14, 0x13, 0xff,
    0x12, 0x13, 0x13, 0xff, 0x13, 0x13, 0x13, 0xff, 0x13, 0x14, 0x13, 0xff, 0x13, 0x13, 0x13, 0xff,
    0x13, 0x13, 0x13, 0xff, 0x13, 0x13, 0x13, 0xff, 0x13, 0x13, 0x13, 0xff, 0x13, 0x13, 0x13, 0xff,
    0x13, 0x13, 0x13, 0xff, 0x13, 0x13, 0x13, 0xff, 0x13, 0x13, 0x13, 0xff, 0x13, 0x13, 0x13, 0xff,
    0x13, 0x13, 0x13, 0xff, 0x13, 0x13, 0x13, 0xff, 0x13, 0x13, 0x13, 0xff, 0x13, 0x13, 0x13, 0xff,
    0x13, 0x13, 0x13, 0xff, 0x13, 0x13, 0x13, 0xff, 0x13, 0x13, 0x13, 0xff, 0x13, 0x14, 0x13, 0xff,
    0x13, 0x13, 0x13, 0xff, 0x13, 0x14, 0x13, 0xff, 0x13, 0x13, 0x13, 0xff, 0x13, 0x13, 0x13, 0xff,
    0x13, 0x13, 0x13, 0xff, 0x13, 0x13, 0x13, 0xff, 0x13, 0x13, 0x13, 0xff, 0x13, 0x13, 0x13, 0xff,
    0x13, 0x13, 0x13, 0xff, 0x13, 0x13, 0x13, 0xff, 0x13, 0x13, 0x13, 0xff, 0x13, 0x13, 0x13, 0xff,
    0x13, 0x13, 0x13, 0xff, 0x13, 0x13, 0x13, 0xff, 0x13, 0x13, 0x13, 0xff, 0x13, 0x13, 0x13, 0xff,
    0x13, 0x13, 0x13, 0xff, 0x13, 0x13, 0x13, 0xff, 0x13, 0x13, 0x13, 0xff, 0x13, 0x14, 0x13, 0xff,
    0x13, 0x14, 0x13, 0xff, 0x13, 0x13, 0x13, 0xff, 0x13, 0x13, 0x13, 0xff, 0x13, 0x13, 0x13, 0xff,
    0x13, 0x13, 0x13, 0xff, 0x13, 0x13, 0x13, 0xff, 0x13, 0x13, 0x13, 0xff, 0x13, 0x13, 0x13, 0xff,
    0x13, 0x13, 0x13, 0xff, 0x13, 0x13, 0x13, 0xff, 0x13, 0x13, 0x13, 0xff, 0x12, 0x12, 0x12, 0xff,
    0x13, 0x13, 0x13, 0xff, 0x13, 0x13, 0x13, 0xff, 0x13, 0x13, 0x13, 0xff, 0x13, 0x13, 0x13, 0xff,
    0x13, 0x14, 0x13, 0xff, 0x13, 0x13, 0x12, 0xff, 0x13, 0x14, 0x13, 0xff, 0x12, 0x13, 0x13, 0xff,
    0x13, 0x13, 0x13, 0xff, 0x13, 0x13, 0x13, 0xff, 0x13, 0x13, 0x13, 0xff, 0x13, 0x13, 0x13, 0xff,
    0x13, 0x13, 0x13, 0xff, 0x13, 0x13, 0x13, 0xff, 0x13, 0x13, 0x13, 0xff, 0x13, 0x13, 0x13, 0xff,
    0x13, 0x13, 0x13, 0xff, 0x13, 0x13, 0x13, 0xff, 0x13, 0x13, 0x13, 0xff, 0x13, 0x13, 0x13, 0xff,
    0x13, 0x13, 0x13, 0xff, 0x13, 0x13, 0x13, 0xff, 0x13, 0x13, 0x13, 0xff, 0x13, 0x13, 0x13, 0xff,
    0x13, 0x13, 0x13, 0xff, 0x13, 0x13, 0x13, 0xff, 0x13, 0x13, 0x13, 0xff, 0x13, 0x13, 0x13, 0xff,
    0x13, 0x13, 0x13, 0xff, 0x14, 0x14, 0x14, 0xff, 0x13, 0x13, 0x13, 0xff, 0x13, 0x13, 0x13, 0xff,
    0x13, 0x13, 0x13, 0xff, 0x13, 0x13, 0x13, 0xff, 0x13, 0x13, 0x13, 0xff, 0x13, 0x13, 0x13, 0xff,
    0x13, 0x13, 0x13, 0xff, 0x13, 0x13, 0x13, 0xff, 0x13, 0x13, 0x13, 0xff, 0x13, 0x13, 0x13, 0xff,
    0x13, 0x13, 0x13, 0xff, 0x13, 0x13, 0x13, 0xff, 0x13, 0x13, 0x13, 0xff, 0x13, 0x13, 0x13, 0xff,
    0x13, 0x13, 0x13, 0xff, 0x13, 0x13, 0x13, 0xff, 0x13, 0x13, 0x13, 0xff, 0x13, 0x13, 0x13, 0xff,
    0x13, 0x13, 0x13, 0xff, 0x13, 0x13, 0x13, 0xff, 0x13, 0x13, 0x13, 0xff, 0x13, 0x13, 0x13, 0xff,
    0x13, 0x13, 0x13, 0xff, 0x13, 0x13, 0x13, 0xff, 0x13, 0x13, 0x13, 0xff, 0x13, 0x13, 0x13, 0xff,
    0x13, 0x13, 0x13, 0xff, 0x13, 0x13, 0x13, 0xff, 0x13, 0x13, 0x13, 0xff, 0x13, 0x12, 0x13, 0xff,
    0x13, 0x12, 0x13, 0xff, 0x13, 0x12, 0x12, 0xff, 0x13, 0x13, 0x13, 0xff, 0x13, 0x13, 0x13, 0xff,
    0x14, 0x14, 0x14, 0xff, 0x13, 0x14, 0x13, 0xff, 0x13, 0x14, 0x13, 0xff, 0x13, 0x13, 0x13, 0xff,
    0x13, 0x13, 0x13, 0xff, 0x12, 0x13, 0x13, 0xff, 0x13, 0x13, 0x13, 0xff, 0x13, 0x13, 0x13, 0xff,
    0x13, 0x13, 0x13, 0xff, 0x12, 0x13, 0x13, 0xff, 0x13, 0x13, 0x13, 0xff, 0x13, 0x13, 0x13, 0xff,
    0x13, 0x13, 0x13, 0xff, 0x13, 0x13, 0x13, 0xff, 0x13, 0x13, 0x13, 0xff, 0x13, 0x13, 0x13, 0xff,
    0x13, 0x13, 0x13, 0xff, 0x12, 0x13, 0x13, 0xff, 0x13, 0x14, 0x14, 0xff, 0x12, 0x13, 0x13, 0xff,
    0x13, 0x13, 0x13, 0xff, 0x13, 0x13, 0x13, 0xff, 0x13, 0x13, 0x13, 0xff, 0x13, 0x13, 0x13, 0xff,
    0x13, 0x13, 0x13, 0xff, 0x13, 0x13, 0x13, 0xff, 0x13, 0x13, 0x13, 0xff, 0x13, 0x13, 0x13, 0xff,
    0x13, 0x13, 0x13, 0xff, 0x13, 0x13, 0x13, 0xff, 0x13, 0x13, 0x13, 0xff, 0x13, 0x13, 0x13, 0xff,
    0x13, 0x13, 0x13, 0xff, 0x13, 0x13, 0x13, 0xff, 0x13, 0x13, 0x13, 0xff, 0x13, 0x13, 0x13, 0xff,
    0x13, 0x13, 0x13, 0xff, 0x13, 0x13, 0x13, 0xff, 0x14, 0x14, 0x14, 0xff, 0x13, 0x13, 0x13, 0xff,
    0x13, 0x13, 0x13, 0xff, 0x13, 0x13, 0x13, 0xff, 0x13, 0x13, 0x13, 0xff, 0x13, 0x13, 0x13, 0xff,
    0x13, 0x13, 0x13, 0xff, 0x13, 0x13, 0x13, 0xff, 0x13, 0x13, 0x13, 0xff, 0x13, 0x13, 0x13, 0xff,
    0x13, 0x13, 0x13, 0xff, 0x13, 0x13, 0x13, 0xff, 0x13, 0x13, 0x13, 0xff, 0x13, 0x13, 0x13, 0xff,
    0x13, 0x13, 0x13, 0xff, 0x13, 0x13, 0x13, 0xff, 0x13, 0x14, 0x13, 0xff, 0x13, 0x13, 0x13, 0xff,
    0x13, 0x14, 0x13, 0xff, 0x13, 0x14, 0x13, 0xff, 0x13, 0x13, 0x13, 0xff, 0x13, 0x13, 0x13, 0xff,
    0x13, 0x13, 0x13, 0xff, 0x13, 0x13, 0x13, 0xff, 0x13, 0x13, 0x13, 0xff, 0x13, 0x13, 0x12, 0xff,
    0x13, 0x13, 0x13, 0xff, 0x13, 0x13, 0x13, 0xff, 0x13, 0x13, 0x13, 0xff, 0x13, 0x13, 0x13, 0xff,
    0x12, 0x12, 0x13, 0xff, 0x13, 0x13, 0x13, 0xff, 0x13, 0x14, 0x12, 0xff, 0x13, 0x13, 0x13, 0xff,
    0x13, 0x14, 0x13, 0xff, 0x13, 0x13, 0x13, 0xff, 0x13, 0x13, 0x13, 0xff, 0x13, 0x14, 0x14, 0xff,
    0x13, 0x13, 0x13, 0xff, 0x13, 0x13, 0x13, 0xff, 0x13, 0x13, 0x13, 0xff, 0x13, 0x13, 0x13, 0xff,
    0x13, 0x13, 0x13, 0xff, 0x12, 0x12, 0x12, 0xff, 0x13, 0x13, 0x13, 0xff, 0x13, 0x13, 0x13, 0xff,
    0x13, 0x13, 0x13, 0xff, 0x13, 0x14, 0x13, 0xff, 0x13, 0x14, 0x13, 0xff, 0x13, 0x13, 0x13, 0xff,
    0x13, 0x13, 0x13, 0xff, 0x13, 0x13, 0x13, 0xff, 0x13, 0x13, 0x13, 0xff, 0x13, 0x13, 0x13, 0xff,
    0x13, 0x13, 0x13, 0xff, 0x13, 0x13, 0x13, 0xff, 0x13, 0x13, 0x13, 0xff, 0x13, 0x13, 0x13, 0xff,
    0x13, 0x13, 0x13, 0xff, 0x13, 0x13, 0x13, 0xff, 0x13, 0x13, 0x13, 0xff, 0x13, 0x13, 0x13, 0xff,
    0x13, 0x13, 0x13, 0xff, 0x13, 0x13, 0x13, 0xff, 0x13, 0x13, 0x13, 0xff, 0x13, 0x13, 0x13, 0xff,
    0x13, 0x13, 0x13, 0xff, 0x13, 0x13, 0x13, 0xff, 0x13, 0x13, 0x13, 0xff, 0x12, 0x13, 0x13, 0xff,
    0x12, 0x12, 0x12, 0xff, 0x12, 0x13, 0x13, 0xff, 0x13, 0x14, 0x14, 0xff, 0x13, 0x14, 0x13, 0xff,
    0x13, 0x14, 0x13, 0xff, 0x13, 0x13, 0x12, 0xff, 0x13, 0x14, 0x13, 0xff, 0x13, 0x13, 0x13, 0xff,
    0x13, 0x13, 0x13, 0xff, 0x13, 0x13, 0x13, 0xff, 0x13, 0x13, 0x13, 0xff, 0x13, 0x13, 0x13, 0xff,
    0x13, 0x13, 0x13, 0xff, 0x13, 0x13, 0x13, 0xff, 0x13, 0x13, 0x13, 0xff, 0x13, 0x13, 0x13, 0xff,
    0x13, 0x13, 0x13, 0xff, 0x13, 0x13, 0x13, 0xff, 0x13, 0x13, 0x13, 0xff, 0x13, 0x13, 0x13, 0xff,
    0x13, 0x13, 0x13, 0xff, 0x13, 0x13, 0x13, 0xff, 0x13, 0x13, 0x13, 0xff, 0x13, 0x13, 0x13, 0xff,
    0x14, 0x13, 0x13, 0xff, 0x13, 0x13, 0x13, 0xff, 0x13, 0x13, 0x13, 0xff, 0x14, 0x13, 0x13, 0xff,
    0x13, 0x13, 0x13, 0xff, 0x13, 0x13, 0x13, 0xff, 0x13, 0x13, 0x14, 0xff, 0x13, 0x13, 0x13, 0xff,
    0x13, 0x13, 0x13, 0xff, 0x13, 0x13, 0x13, 0xff, 0x12, 0x13, 0x13, 0xff, 0x13, 0x13, 0x13, 0xff,
    0x13, 0x13, 0x13, 0xff, 0x13, 0x13, 0x13, 0xff, 0x13, 0x14, 0x14, 0xff, 0x12, 0x13, 0x13, 0xff,
    0x14, 0x14, 0x13, 0xff, 0x13, 0x13, 0x13, 0xff, 0x13, 0x14, 0x12, 0xff, 0x13, 0x13, 0x13, 0xff,
    0x13, 0x13, 0x13, 0xff, 0x13, 0x13, 0x13, 0xff, 0x13, 0x13, 0x13, 0xff, 0x13, 0x13, 0x13, 0xff,
    0x13, 0x13, 0x13, 0xff, 0x13, 0x13, 0x13, 0xff, 0x13, 0x13, 0x13, 0xff, 0x13, 0x13, 0x13, 0xff,
    0x13, 0x13, 0x13, 0xff, 0x13, 0x13, 0x13, 0xff, 0x13, 0x13, 0x13, 0xff, 0x13, 0x13, 0x13, 0xff,
    0x13, 0x13, 0x13, 0xff, 0x13, 0x13, 0x13, 0xff, 0x12, 0x13, 0x13, 0xff, 0x14, 0x13, 0x13, 0xff,
    0x13, 0x13, 0x13, 0xff, 0x13, 0x13, 0x13, 0xff, 0x13, 0x13, 0x13, 0xff, 0x13, 0x13, 0x13, 0xff,
    0x13, 0x13, 0x13, 0xff, 0x13, 0x13, 0x13, 0xff, 0x13, 0x13, 0x13, 0xff, 0x13, 0x13, 0x13, 0xff,
    0x13, 0x13, 0x13, 0xff, 0x13, 0x13, 0x13, 0xff, 0x13, 0x13, 0x13, 0xff, 0x13, 0x13, 0x13, 0xff,
    0x13, 0x13, 0x13, 0xff, 0x13, 0x13, 0x13, 0xff, 0x13, 0x14, 0x13, 0xff, 0x13, 0x13, 0x13, 0xff,
    0x13, 0x13, 0x13, 0xff, 0x13, 0x13, 0x13, 0xff, 0x13, 0x13, 0x13, 0xff, 0x13, 0x13, 0x13, 0xff,
    0x13, 0x13, 0x13, 0xff, 0x13, 0x13, 0x13, 0xff, 0x13, 0x13, 0x13, 0xff, 0x13, 0x13, 0x13, 0xff,
    0x13, 0x13, 0x13, 0xff, 0x12, 0x12, 0x12, 0xff, 0x13, 0x13, 0x13, 0xff, 0x13, 0x13, 0x13, 0xff,
    0x13, 0x13, 0x13, 0xff, 0x12, 0x12, 0x12, 0xff, 0x13, 0x13, 0x13, 0xff, 0x13, 0x13, 0x13, 0xff,
    0x13, 0x14, 0x13, 0xff, 0x13, 0x14, 0x13, 0xff, 0x12, 0x13, 0x12, 0xff, 0x12, 0x13, 0x13, 0xff,
    0x13, 0x13, 0x13, 0xff, 0x13, 0x13, 0x13, 0xff, 0x13, 0x13, 0x13, 0xff, 0x13, 0x13, 0x13, 0xff,
    0x13, 0x13, 0x13, 0xff, 0x13, 0x13, 0x13, 0xff, 0x13, 0x13, 0x13, 0xff, 0x13, 0x13, 0x13, 0xff,
    0x13, 0x13, 0x13, 0xff, 0x13, 0x13, 0x13, 0xff, 0x12, 0x12, 0x12, 0xff, 0x13, 0x13, 0x13, 0xff,
    0x13, 0x13, 0x13, 0xff, 0x13, 0x13, 0x13, 0xff, 0x13, 0x13, 0x13, 0xff, 0x13, 0x13, 0x13, 0xff,
    0x14, 0x14, 0x14, 0xff, 0x13, 0x13, 0x13, 0xff, 0x13, 0x13, 0x13, 0xff, 0x13, 0x13, 0x13, 0xff,
    0x13, 0x13, 0x13, 0xff, 0x13, 0x13, 0x13, 0xff, 0x13, 0x13, 0x13, 0xff, 0x13, 0x13, 0x13, 0xff,
    0x13, 0x13, 0x13, 0xff, 0x13, 0x13, 0x13, 0xff, 0x13, 0x13, 0x13, 0xff, 0x13, 0x13, 0x13, 0xff,
    0x13, 0x13, 0x13, 0xff, 0x12, 0x12, 0x12, 0xff, 0x13, 0x13, 0x13, 0xff, 0x12, 0x13, 0x13, 0xff,
    0x13, 0x13, 0x13, 0xff, 0x12, 0x13, 0x13, 0xff, 0x13, 0x13, 0x13, 0xff, 0x13, 0x14, 0x13, 0xff,
    0x13, 0x13, 0x13, 0xff, 0x13, 0x13, 0x13, 0xff, 0x13, 0x13, 0x13, 0xff, 0x13, 0x13, 0x13, 0xff,
    0x13, 0x13, 0x13, 0xff, 0x13, 0x13, 0x13, 0xff, 0x13, 0x13, 0x13, 0xff, 0x13, 0x13, 0x13, 0xff,
    0x13, 0x13, 0x13, 0xff, 0x13, 0x13, 0x13, 0xff, 0x13, 0x13, 0x13, 0xff, 0x13, 0x13, 0x13, 0xff,
    0x13, 0x13, 0x13, 0xff, 0x13, 0x13, 0x13, 0xff, 0x13, 0x13, 0x13, 0xff, 0x13, 0x13, 0x13, 0xff,
    0x13, 0x13, 0x13, 0xff, 0x12, 0x13, 0x13, 0xff, 0x12, 0x13, 0x13, 0xff, 0x13, 0x13, 0x13, 0xff,
    0x13, 0x13, 0x14, 0xff, 0x14, 0x14, 0x14, 0xff, 0x13, 0x13, 0x13, 0xff, 0x13, 0x13, 0x13, 0xff,
    0x13, 0x13, 0x13, 0xff, 0x12, 0x13, 0x13, 0xff, 0x13, 0x13, 0x13, 0xff, 0x13, 0x13, 0x13, 0xff,
    0x13, 0x13, 0x13, 0xff, 0x13, 0x13, 0x13, 0xff, 0x13, 0x13, 0x13, 0xff, 0x13, 0x13, 0x13, 0xff,
    0x13, 0x13, 0x13, 0xff, 0x12, 0x12, 0x12, 0xff, 0x13, 0x13, 0x13, 0xff, 0x13, 0x13, 0x13, 0xff,
    0x13, 0x13, 0x13, 0xff, 0x13, 0x13, 0x13, 0xff, 0x13, 0x13, 0x13, 0xff, 0x13, 0x13, 0x13, 0xff,
    0x13, 0x13, 0x13, 0xff, 0x13, 0x13, 0x13, 0xff, 0x13, 0x13, 0x13, 0xff, 0x13, 0x13, 0x13, 0xff,
    0x13, 0x13, 0x13, 0xff, 0x13, 0x13, 0x13, 0xff, 0x13, 0x13, 0x13, 0xff, 0x13, 0x13, 0x13, 0xff,
    0x13, 0x13, 0x13, 0xff, 0x12, 0x12, 0x12, 0xff, 0x13, 0x13, 0x13, 0xff, 0x13, 0x13, 0x13, 0xff,
    0x13, 0x13, 0x13, 0xff, 0x12, 0x12, 0x12, 0xff, 0x13, 0x13, 0x13, 0xff, 0x13, 0x13, 0x13, 0xff,
    0x13, 0x13, 0x13, 0xff, 0x13, 0x13, 0x13, 0xff, 0x13, 0x13, 0x13, 0xff, 0x13, 0x13, 0x13, 0xff,
    0x13, 0x13, 0x13, 0xff, 0x13, 0x13, 0x13, 0xff, 0x13, 0x13, 0x13, 0xff, 0x13, 0x13, 0x13, 0xff,
    0x13, 0x13, 0x13, 0xff, 0x13, 0x13, 0x13, 0xff, 0x13, 0x13, 0x13, 0xff, 0x13, 0x13, 0x13, 0xff,
    0x13, 0x13, 0x13, 0xff, 0x13, 0x13, 0x13, 0xff, 0x13, 0x13, 0x13, 0xff, 0x13, 0x13, 0x13, 0xff,
    0x13, 0x13, 0x12, 0xff, 0x13, 0x13, 0x13, 0xff, 0x13, 0x13, 0x13, 0xff, 0x13, 0x13, 0x13, 0xff,
    0x13, 0x13, 0x13, 0xff, 0x13, 0x13, 0x13, 0xff, 0x13, 0x13, 0x13, 0xff, 0x13, 0x13, 0x13, 0xff,
    0x13, 0x13, 0x13, 0xff, 0x13, 0x13, 0x13, 0xff, 0x13, 0x13, 0x13, 0xff, 0x13, 0x13, 0x13, 0xff,
    0x13, 0x13, 0x13, 0xff, 0x13, 0x13, 0x13, 0xff, 0x13, 0x13, 0x13, 0xff, 0x13, 0x13, 0x13, 0xff,
    0x13, 0x13, 0x13, 0xff, 0x13, 0x13, 0x13, 0xff, 0x13, 0x14, 0x12, 0xff, 0x13, 0x13, 0x13, 0xff,
    0x13, 0x13, 0x13, 0xff, 0x13, 0x13, 0x13, 0xff, 0x13, 0x13, 0x13, 0xff, 0x13, 0x13, 0x13, 0xff,
    0x14, 0x14, 0x14, 0xff, 0x13, 0x13, 0x13, 0xff, 0x13, 0x13, 0x13, 0xff, 0x13, 0x13, 0x13, 0xff,
    0x13, 0x13, 0x13, 0xff, 0x13, 0x13, 0x13, 0xff, 0x13, 0x13, 0x13, 0xff, 0x12, 0x12, 0x12, 0xff,
    0x13, 0x13, 0x13, 0xff, 0x13, 0x13, 0x13, 0xff, 0x13, 0x13, 0x13, 0xff, 0x12, 0x12, 0x12, 0xff,
    0x13, 0x13, 0x12, 0xff, 0x13, 0x13, 0x13, 0xff, 0x13, 0x13, 0x13, 0xff, 0x13, 0x13, 0x13, 0xff,
    0x13, 0x13, 0x13, 0xff, 0x13, 0x13, 0x13, 0xff, 0x13, 0x13, 0x13, 0xff, 0x13, 0x13, 0x13, 0xff,
    0x13, 0x13, 0x13, 0xff, 0x13, 0x13, 0x13, 0xff, 0x13, 0x13, 0x13, 0xff, 0x13, 0x13, 0x13, 0xff,
    0x13, 0x13, 0x13, 0xff, 0x13, 0x13, 0x13, 0xff, 0x13, 0x13, 0x13, 0xff, 0x13, 0x13, 0x13, 0xff,
    0x13, 0x13, 0x13, 0xff, 0x13, 0x13, 0x13, 0xff, 0x13, 0x13, 0x13, 0xff, 0x13, 0x13, 0x13, 0xff,
    0x13, 0x13, 0x13, 0xff, 0x14, 0x13, 0x13, 0xff, 0x13, 0x13, 0x13, 0xff, 0x13, 0x13, 0x13, 0xff,
    0x13, 0x13, 0x13, 0xff, 0x13, 0x13, 0x13, 0xff, 0x12, 0x13, 0x12, 0xff, 0x13, 0x13, 0x13, 0xff,
    0x12, 0x12, 0x13, 0xff, 0x13, 0x13, 0x13, 0xff, 0x13, 0x13, 0x13, 0xff, 0x13, 0x13, 0x13, 0xff,
    0x13, 0x13, 0x13, 0xff, 0x13, 0x13, 0x13, 0xff, 0x13, 0x13, 0x13, 0xff, 0x13, 0x13, 0x13, 0xff,
    0x12, 0x12, 0x12, 0xff, 0x13, 0x13, 0x13, 0xff, 0x13, 0x13, 0x12, 0xff, 0x13, 0x13, 0x13, 0xff,
    0x13, 0x13, 0x13, 0xff, 0x13, 0x13, 0x13, 0xff, 0x13, 0x13, 0x13, 0xff, 0x13, 0x13, 0x13, 0xff,
    0x13, 0x13, 0x13, 0xff, 0x13, 0x13, 0x13, 0xff, 0x13, 0x13, 0x13, 0xff, 0x13, 0x13, 0x13, 0xff,
    0x13, 0x13, 0x13, 0xff, 0x13, 0x13, 0x13, 0xff, 0x13, 0x13, 0x13, 0xff, 0x13, 0x13, 0x13, 0xff,
    0x13, 0x13, 0x13, 0xff, 0x13, 0x13, 0x13, 0xff, 0x13, 0x13, 0x13, 0xff, 0x13, 0x13, 0x12, 0xff,
    0x13, 0x13, 0x13, 0xff, 0x13, 0x13, 0x13, 0xff, 0x12, 0x12, 0x12, 0xff, 0x13, 0x13, 0x13, 0xff,
    0x13, 0x13, 0x13, 0xff, 0x13, 0x13, 0x12, 0xff, 0x13, 0x13, 0x13, 0xff, 0x13, 0x13, 0x13, 0xff,
    0x13, 0x13, 0x13, 0xff, 0x14, 0x14, 0x14, 0xff, 0x13, 0x13, 0x13, 0xff, 0x13, 0x13, 0x13, 0xff,
    0x13, 0x13, 0x13, 0xff, 0x13, 0x13, 0x13, 0xff, 0x13, 0x13, 0x13, 0xff, 0x13, 0x13, 0x13, 0xff,
    0x12, 0x12, 0x12, 0xff, 0x13, 0x13, 0x13, 0xff, 0x13, 0x13, 0x13, 0xff, 0x13, 0x13, 0x13, 0xff,
    0x13, 0x13, 0x13, 0xff, 0x13, 0x13, 0x13, 0xff, 0x13, 0x13, 0x13, 0xff, 0x13, 0x13, 0x13, 0xff,
    0x13, 0x13, 0x13, 0xff, 0x13, 0x13, 0x13, 0xff, 0x12, 0x13, 0x13, 0xff, 0x13, 0x13, 0x13, 0xff,
    0x13, 0x13, 0x13, 0xff, 0x13, 0x13, 0x13, 0xff, 0x13, 0x13, 0x13, 0xff, 0x13, 0x13, 0x13, 0xff,
    0x13, 0x13, 0x13, 0xff, 0x13, 0x13, 0x13, 0xff, 0x13, 0x13, 0x13, 0xff, 0x13, 0x13, 0x13, 0xff,
    0x13, 0x13, 0x13, 0xff, 0x13, 0x12, 0x13, 0xff, 0x13, 0x13, 0x13, 0xff, 0x13, 0x13, 0x13, 0xff,
    0x13, 0x13, 0x13, 0xff, 0x13, 0x13, 0x13, 0xff, 0x13, 0x13, 0x13, 0xff, 0x13, 0x13, 0x13, 0xff,
    0x13, 0x13, 0x13, 0xff, 0x13, 0x13, 0x13, 0xff, 0x13, 0x13, 0x13, 0xff, 0x13, 0x13, 0x13, 0xff,
    0x13, 0x13, 0x13, 0xff, 0x13, 0x13, 0x13, 0xff, 0x13, 0x13, 0x13, 0xff, 0x13, 0x13, 0x13, 0xff,
    0x13, 0x13, 0x13, 0xff, 0x13, 0x13, 0x13, 0xff, 0x13, 0x13, 0x13, 0xff, 0x13, 0x13, 0x13, 0xff,
    0x13, 0x13, 0x13, 0xff, 0x13, 0x13, 0x13, 0xff, 0x13, 0x13, 0x13, 0xff, 0x13, 0x13, 0x13, 0xff,
    0x13, 0x13, 0x12, 0xff, 0x12, 0x13, 0x13, 0xff, 0x13, 0x13, 0x13, 0xff, 0x13, 0x13, 0x13, 0xff,
    0x13, 0x13, 0x13, 0xff, 0x13, 0x13, 0x13, 0xff, 0x13, 0x13, 0x13, 0xff, 0x13, 0x13, 0x13, 0xff,
    0x13, 0x13, 0x13, 0xff, 0x13, 0x13, 0x13, 0xff, 0x13, 0x13, 0x13, 0xff, 0x13, 0x13, 0x13, 0xff,
    0x13, 0x13, 0x13, 0xff, 0x13, 0x13, 0x13, 0xff, 0x13, 0x13, 0x13, 0xff, 0x13, 0x13, 0x13, 0xff,
    0x13, 0x13, 0x13, 0xff, 0x13, 0x13, 0x13, 0xff, 0x13, 0x13, 0x13, 0xff, 0x13, 0x13, 0x13, 0xff,
    0x13, 0x13, 0x13, 0xff, 0x13, 0x13, 0x13, 0xff, 0x13, 0x13, 0x13, 0xff, 0x13, 0x13, 0x13, 0xff,
    0x13, 0x13, 0x13, 0xff, 0x13, 0x13, 0x13, 0xff, 0x13, 0x13, 0x13, 0xff, 0x13, 0x13, 0x13, 0xff,
    0x13, 0x13, 0x13, 0xff, 0x13, 0x13, 0x13, 0xff, 0x13, 0x13, 0x13, 0xff, 0x13, 0x13, 0x13, 0xff,
    0x13, 0x13, 0x13, 0xff, 0x12, 0x13, 0x13, 0xff, 0x13, 0x13, 0x13, 0xff, 0x13, 0x13, 0x13, 0xff,
    0x13, 0x13, 0x13, 0xff, 0x13, 0x13, 0x13, 0xff, 0x13, 0x13, 0x13, 0xff, 0x13, 0x13, 0x13, 0xff,
    0x13, 0x13, 0x13, 0xff, 0x13, 0x13, 0x13, 0xff, 0x13, 0x13, 0x13, 0xff, 0x13, 0x13, 0x13, 0xff,
    0x13, 0x13, 0x13, 0xff, 0x13, 0x13, 0x13, 0xff, 0x13, 0x13, 0x13, 0xff, 0x13, 0x13, 0x13, 0xff,
    0x13, 0x13, 0x13, 0xff, 0x13, 0x13, 0x13, 0xff, 0x13, 0x14, 0x13, 0xff, 0x13, 0x13, 0x13, 0xff,
    0x13, 0x13, 0x13, 0xff, 0x13, 0x13, 0x13, 0xff, 0x13, 0x13, 0x13, 0xff, 0x13, 0x13, 0x13, 0xff,
    0x13, 0x14, 0x14, 0xff, 0x14, 0x13, 0x14, 0xff, 0x14, 0x12, 0x13, 0xff, 0x13, 0x13, 0x13, 0xff,
    0x13, 0x13, 0x13, 0xff, 0x13, 0x13, 0x13, 0xff, 0x13, 0x13, 0x13, 0xff, 0x13, 0x13, 0x13, 0xff,
    0x13, 0x13, 0x13, 0xff, 0x12, 0x13, 0x13, 0xff, 0x13, 0x13, 0x13, 0xff, 0x13, 0x13, 0x13, 0xff,
    0x13, 0x13, 0x13, 0xff, 0x13, 0x13, 0x13, 0xff, 0x13, 0x13, 0x13, 0xff, 0x13, 0x13, 0x13, 0xff,
    0x13, 0x13, 0x13, 0xff, 0x13, 0x13, 0x13, 0xff, 0x13, 0x13, 0x13, 0xff, 0x13, 0x13, 0x13, 0xff,
    0x13, 0x13, 0x13, 0xff, 0x12, 0x13, 0x13, 0xff, 0x12, 0x13, 0x13, 0xff, 0x14, 0x13, 0x13, 0xff,
    0x13, 0x13, 0x13, 0xff, 0x13, 0x13, 0x13, 0xff, 0x13, 0x13, 0x13, 0xff, 0x13, 0x13, 0x13, 0xff,
    0x13, 0x13, 0x13, 0xff, 0x13, 0x13, 0x13, 0xff, 0x13, 0x13, 0x13, 0xff, 0x13, 0x13, 0x13, 0xff,
    0x12, 0x12, 0x12, 0xff, 0x13, 0x13, 0x13, 0xff, 0x13, 0x13, 0x13, 0xff, 0x12, 0x12, 0x12, 0xff,
    0x13, 0x13, 0x13, 0xff, 0x12, 0x12, 0x12, 0xff, 0x13, 0x13, 0x13, 0xff, 0x13, 0x13, 0x13, 0xff,
    0x13, 0x13, 0x13, 0xff, 0x13, 0x13, 0x13, 0xff, 0x13, 0x13, 0x13, 0xff, 0x13, 0x13, 0x13, 0xff,
    0x13, 0x13, 0x13, 0xff, 0x13, 0x13, 0x13, 0xff, 0x13, 0x13, 0x13, 0xff, 0x13, 0x13, 0x13, 0xff,
    0x13, 0x13, 0x13, 0xff, 0x13, 0x13, 0x13, 0xff, 0x13, 0x13, 0x13, 0xff, 0x13, 0x13, 0x13, 0xff,
    0x12, 0x12, 0x12, 0xff, 0x12, 0x12, 0x12, 0xff, 0x13, 0x13, 0x13, 0xff, 0x13, 0x13, 0x13, 0xff,
    0x13, 0x13, 0x13, 0xff, 0x13, 0x13, 0x13, 0xff, 0x13, 0x13, 0x13, 0xff, 0x13, 0x13, 0x13, 0xff,
    0x13, 0x13, 0x13, 0xff, 0x13, 0x13, 0x13, 0xff, 0x12, 0x13, 0x13, 0xff, 0x12, 0x13, 0x13, 0xff,
    0x13, 0x13, 0x13, 0xff, 0x13, 0x13, 0x13, 0xff, 0x13, 0x13, 0x13, 0xff, 0x13, 0x13, 0x13, 0xff,
    0x13, 0x13, 0x13, 0xff, 0x13, 0x13, 0x13, 0xff, 0x13, 0x13, 0x13, 0xff, 0x13, 0x13, 0x13, 0xff,
    0x12, 0x12, 0x12, 0xff, 0x13, 0x13, 0x13, 0xff, 0x13, 0x13, 0x13, 0xff, 0x13, 0x13, 0x13, 0xff,
    0x12, 0x12, 0x12, 0xff, 0x13, 0x13, 0x13, 0xff, 0x13, 0x13, 0x13, 0xff, 0x13, 0x13, 0x13, 0xff,
    0x13, 0x13, 0x13, 0xff, 0x13, 0x13, 0x13, 0xff, 0x13, 0x13, 0x13, 0xff, 0x13, 0x13, 0x13, 0xff,
    0x13, 0x13, 0x13, 0xff, 0x13, 0x13, 0x13, 0xff, 0x13, 0x13, 0x13, 0xff, 0x13, 0x13, 0x13, 0xff,
    0x13, 0x13, 0x12, 0xff, 0x12, 0x12, 0x12, 0xff, 0x13, 0x13, 0x13, 0xff, 0x13, 0x13, 0x13, 0xff,
    0x13, 0x13, 0x13, 0xff, 0x12, 0x12, 0x12, 0xff, 0x13, 0x13, 0x13, 0xff, 0x13, 0x13, 0x13, 0xff,
    0x12, 0x13, 0x13, 0xff, 0x13, 0x13, 0x13, 0xff, 0x13, 0x13, 0x13, 0xff, 0x13, 0x13, 0x13, 0xff,
    0x13, 0x13, 0x13, 0xff, 0x13, 0x13, 0x13, 0xff, 0x13, 0x13, 0x13, 0xff, 0x13, 0x13, 0x13, 0xff,
    0x13, 0x13, 0x13, 0xff, 0x13, 0x13, 0x13, 0xff, 0x13, 0x13, 0x13, 0xff, 0x13, 0x13, 0x13, 0xff,
    0x13, 0x13, 0x13, 0xff, 0x14, 0x13, 0x13, 0xff, 0x13, 0x13, 0x12, 0xff, 0x13, 0x13, 0x13, 0xff,
    0x13, 0x13, 0x13, 0xff, 0x13, 0x13, 0x13, 0xff, 0x13, 0x13, 0x13, 0xff, 0x13, 0x13, 0x13, 0xff,
    0x12, 0x13, 0x13, 0xff, 0x13, 0x13, 0x13, 0xff, 0x13, 0x13, 0x13, 0xff, 0x13, 0x13, 0x13, 0xff,
    0x13, 0x13, 0x13, 0xff, 0x13, 0x13, 0x13, 0xff, 0x13, 0x13, 0x13, 0xff, 0x13, 0x13, 0x13, 0xff,
    0x13, 0x13, 0x13, 0xff, 0x13, 0x13, 0x13, 0xff, 0x13, 0x13, 0x13, 0xff, 0x13, 0x13, 0x13, 0xff,
    0x12, 0x13, 0x13, 0xff, 0x13, 0x13, 0x13, 0xff, 0x13, 0x13, 0x13, 0xff, 0x13, 0x13, 0x13, 0xff,
    0x13, 0x13, 0x13, 0xff, 0x13, 0x13, 0x13, 0xff, 0x13, 0x13, 0x13, 0xff, 0x13, 0x13, 0x13, 0xff,
    0x13, 0x13, 0x13, 0xff, 0x13, 0x13, 0x13, 0xff, 0x13, 0x13, 0x13, 0xff, 0x13, 0x13, 0x13, 0xff,
    0x13, 0x13, 0x13, 0xff, 0x13, 0x13, 0x13, 0xff, 0x13, 0x13, 0x13, 0xff, 0x13, 0x13, 0x13, 0xff,
    0x13, 0x13, 0x13, 0xff, 0x13, 0x13, 0x13, 0xff, 0x12, 0x12, 0x12, 0xff, 0x13, 0x13, 0x13, 0xff,
    0x13, 0x13, 0x13, 0xff, 0x13, 0x13, 0x13, 0xff, 0x13, 0x13, 0x13, 0xff, 0x13, 0x13, 0x13, 0xff,
    0x13, 0x13, 0x13, 0xff, 0x13, 0x13, 0x13, 0xff, 0x13, 0x13, 0x13, 0xff, 0x13, 0x13, 0x13, 0xff,
    0x13, 0x13, 0x13, 0xff, 0x13, 0x13, 0x13, 0xff, 0x13, 0x13, 0x13, 0xff, 0x13, 0x13, 0x13, 0xff,
    0x13, 0x13, 0x13, 0xff, 0x13, 0x13, 0x13, 0xff, 0x13, 0x13, 0x13, 0xff, 0x13, 0x13, 0x13, 0xff,
    0x13, 0x13, 0x13, 0xff, 0x13, 0x13, 0x13, 0xff, 0x13, 0x13, 0x13, 0xff, 0x13, 0x13, 0x13, 0xff,
    0x13, 0x13, 0x13, 0xff, 0x13, 0x13, 0x13, 0xff, 0x13, 0x13, 0x13, 0xff, 0x13, 0x13, 0x13, 0xff,
    0x13, 0x13, 0x13, 0xff, 0x13, 0x13, 0x13, 0xff, 0x13, 0x13, 0x13, 0xff, 0x13, 0x13, 0x13, 0xff,
    0x13, 0x13, 0x13, 0xff, 0x13, 0x13, 0x13, 0xff, 0x13, 0x13, 0x13, 0xff, 0x12, 0x12, 0x12, 0xff,
    0x13, 0x13, 0x13, 0xff, 0x13, 0x13, 0x13, 0xff, 0x13, 0x13, 0x13, 0xff, 0x12, 0x12, 0x12, 0xff,
    0x13, 0x13, 0x13, 0xff, 0x13, 0x13, 0x13, 0xff, 0x13, 0x13, 0x13, 0xff, 0x13, 0x13, 0x13, 0xff,
    0x13, 0x13, 0x13, 0xff, 0x13, 0x13, 0x13, 0xff, 0x13, 0x13, 0x13, 0xff, 0x13, 0x13, 0x13, 0xff,
    0x13, 0x13, 0x13, 0xff, 0x13, 0x13, 0x13, 0xff, 0x13, 0x13, 0x13, 0xff, 0x13, 0x13, 0x13, 0xff,
    0x13, 0x13, 0x13, 0xff, 0x13, 0x13, 0x13, 0xff, 0x13, 0x13, 0x13, 0xff, 0x13, 0x13, 0x13, 0xff,
    0x12, 0x12, 0x12, 0xff, 0x13, 0x13, 0x13, 0xff, 0x13, 0x13, 0x13, 0xff, 0x13, 0x13, 0x13, 0xff,
    0x13, 0x13, 0x13, 0xff, 0x13, 0x13, 0x13, 0xff, 0x13, 0x13, 0x13, 0xff, 0x13, 0x13, 0x13, 0xff,
    0x13, 0x13, 0x13, 0xff, 0x13, 0x13, 0x13, 0xff, 0x13, 0x13, 0x13, 0xff, 0x13, 0x13, 0x13, 0xff,
    0x13, 0x13, 0x13, 0xff, 0x13, 0x13, 0x13, 0xff, 0x13, 0x13, 0x13, 0xff, 0x13, 0x13, 0x13, 0xff,
    0x13, 0x13, 0x13, 0xff, 0x13, 0x13, 0x13, 0xff, 0x13, 0x13, 0x13, 0xff, 0x13, 0x13, 0x13, 0xff,
    0x13, 0x13, 0x13, 0xff, 0x13, 0x13, 0x13, 0xff, 0x13, 0x13, 0x13, 0xff, 0x13, 0x13, 0x13, 0xff,
    0x13, 0x13, 0x13, 0xff, 0x13, 0x13, 0x13, 0xff, 0x13, 0x13, 0x13, 0xff, 0x13, 0x13, 0x13, 0xff,
    0x13, 0x13, 0x13, 0xff, 0x13, 0x13, 0x13, 0xff, 0x13, 0x13, 0x13, 0xff, 0x13, 0x13, 0x13, 0xff,
    0x13, 0x13, 0x13, 0xff, 0x13, 0x13, 0x13, 0xff, 0x13, 0x13, 0x13, 0xff, 0x13, 0x13, 0x13, 0xff,
    0x13, 0x13, 0x13, 0xff, 0x13, 0x13, 0x13, 0xff, 0x13, 0x13, 0x13, 0xff, 0x12, 0x12, 0x12, 0xff,
    0x13, 0x13, 0x13, 0xff, 0x13, 0x13, 0x13, 0xff, 0x13, 0x13, 0x13, 0xff, 0x13, 0x13, 0x13, 0xff,
    0x13, 0x13, 0x13, 0xff, 0x13, 0x13, 0x13, 0xff, 0x13, 0x13, 0x13, 0xff, 0x13, 0x13, 0x13, 0xff,
    0x13, 0x13, 0x13, 0xff, 0x13, 0x13, 0x13, 0xff, 0x13, 0x13, 0x13, 0xff, 0x13, 0x13, 0x13, 0xff,
    0x13, 0x13, 0x13, 0xff, 0x13, 0x13, 0x13, 0xff, 0x13, 0x13, 0x13, 0xff, 0x13, 0x13, 0x13, 0xff,
    0x13, 0x13, 0x13, 0xff, 0x13, 0x13, 0x13, 0xff, 0x13, 0x13, 0x13, 0xff, 0x12, 0x13, 0x13, 0xff,
    0x13, 0x13, 0x13, 0xff, 0x12, 0x13, 0x13, 0xff, 0x12, 0x13, 0x13, 0xff, 0x13, 0x13, 0x13, 0xff,
    0x13, 0x13, 0x13, 0xff, 0x13, 0x13, 0x13, 0xff, 0x13, 0x13, 0x13, 0xff, 0x13, 0x13, 0x13, 0xff,
    0x13, 0x13, 0x13, 0xff, 0x13, 0x13, 0x13, 0xff, 0x13, 0x13, 0x13, 0xff, 0x12, 0x13, 0x13, 0xff,
    0x13, 0x13, 0x13, 0xff, 0x13, 0x13, 0x13, 0xff, 0x13, 0x13, 0x13, 0xff, 0x13, 0x13, 0x13, 0xff,
    0x13, 0x13, 0x13, 0xff, 0x13, 0x13, 0x13, 0xff, 0x13, 0x13, 0x13, 0xff, 0x13, 0x13, 0x13, 0xff,
    0x13, 0x13, 0x13, 0xff, 0x13, 0x13, 0x13, 0xff, 0x13, 0x13, 0x13, 0xff, 0x13, 0x13, 0x13, 0xff,
    0x13, 0x13, 0x13, 0xff, 0x13, 0x13, 0x13, 0xff, 0x13, 0x13, 0x13, 0xff, 0x13, 0x13, 0x13, 0xff,
    0x13, 0x13, 0x13, 0xff, 0x13, 0x13, 0x13, 0xff, 0x13, 0x13, 0x13, 0xff, 0x13, 0x13, 0x13, 0xff,
    0x13, 0x13, 0x13, 0xff, 0x13, 0x13, 0x13, 0xff, 0x13, 0x13, 0x13, 0xff, 0x13, 0x13, 0x13, 0xff,
    0x13, 0x13, 0x13, 0xff, 0x13, 0x13, 0x13, 0xff, 0x13, 0x13, 0x13, 0xff, 0x13, 0x13, 0x13, 0xff,
    0x13, 0x13, 0x13, 0xff, 0x13, 0x13, 0x13, 0xff, 0x13, 0x13, 0x13, 0xff, 0x13, 0x13, 0x13, 0xff,
    0x13, 0x13, 0x13, 0xff, 0x13, 0x13, 0x13, 0xff, 0x13, 0x13, 0x13, 0xff, 0x13, 0x13, 0x13, 0xff,
    0x13, 0x13, 0x13, 0xff, 0x13, 0x13, 0x13, 0xff, 0x13, 0x13, 0x13, 0xff, 0x13, 0x13, 0x13, 0xff,
    0x13, 0x13, 0x13, 0xff, 0x13, 0x13, 0x13, 0xff, 0x13, 0x13, 0x13, 0xff, 0x13, 0x13, 0x13, 0xff,
    0x13, 0x13, 0x13, 0xff, 0x13, 0x13, 0x13, 0xff, 0x13, 0x13, 0x13, 0xff, 0x13, 0x13, 0x13, 0xff,
    0x13, 0x13, 0x13, 0xff, 0x13, 0x13, 0x13, 0xff, 0x13, 0x13, 0x13, 0xff, 0x13, 0x13, 0x13, 0xff,
    0x13, 0x13, 0x13, 0xff, 0x13, 0x13, 0x13, 0xff, 0x13, 0x13, 0x13, 0xff, 0x13, 0x13, 0x13, 0xff,
    0x13, 0x13, 0x13, 0xff, 0x13, 0x13, 0x13, 0xff, 0x13, 0x13, 0x13, 0xff, 0x13, 0x13, 0x13, 0xff,
    0x13, 0x13, 0x13, 0xff, 0x13, 0x13, 0x13, 0xff, 0x13, 0x13, 0x13, 0xff, 0x13, 0x13, 0x13, 0xff,
    0x13, 0x13, 0x13, 0xff, 0x13, 0x13, 0x13, 0xff, 0x13, 0x13, 0x13, 0xff, 0x13, 0x13, 0x13, 0xff,
    0x13, 0x13, 0x13, 0xff, 0x13, 0x13, 0x13, 0xff, 0x13, 0x13, 0x13, 0xff, 0x13, 0x13, 0x13, 0xff,
    0x13, 0x13, 0x13, 0xff, 0x13, 0x13, 0x13, 0xff, 0x13, 0x13, 0x13, 0xff, 0x13, 0x13, 0x13, 0xff,
    0x13, 0x13, 0x13, 0xff, 0x13, 0x13, 0x13, 0xff, 0x13, 0x13, 0x13, 0xff, 0x13, 0x13, 0x13, 0xff,
    0x13, 0x13, 0x13, 0xff, 0x13, 0x13, 0x13, 0xff, 0x13, 0x13, 0x13, 0xff, 0x13, 0x13, 0x13, 0xff,
    0x12, 0x12, 0x12, 0xff, 0x13, 0x13, 0x13, 0xff, 0x13, 0x13, 0x13, 0xff, 0x13, 0x13, 0x13, 0xff,
    0x13, 0x13, 0x13, 0xff, 0x13, 0x13, 0x13, 0xff, 0x13, 0x13, 0x13, 0xff, 0x13, 0x13, 0x13, 0xff,
    0x13, 0x13, 0x13, 0xff, 0x13, 0x13, 0x13, 0xff, 0x13, 0x13, 0x13, 0xff, 0x13, 0x13, 0x13, 0xff,
    0x13, 0x13, 0x13, 0xff, 0x13, 0x13, 0x13, 0xff, 0x13, 0x13, 0x13, 0xff, 0x13, 0x13, 0x13, 0xff,
    0x13, 0x13, 0x13, 0xff, 0x13, 0x13, 0x13, 0xff, 0x13, 0x13, 0x13, 0xff, 0x13, 0x13, 0x13, 0xff,
    0x13, 0x13, 0x13, 0xff, 0x13, 0x13, 0x13, 0xff, 0x13, 0x13, 0x13, 0xff, 0x13, 0x13, 0x13, 0xff,
    0x13, 0x13, 0x13, 0xff, 0x13, 0x13, 0x13, 0xff, 0x13, 0x13, 0x13, 0xff, 0x12, 0x12, 0x12, 0xff,
    0x13, 0x13, 0x13, 0xff, 0x13, 0x13, 0x13, 0xff, 0x13, 0x13, 0x13, 0xff, 0x12, 0x12, 0x12, 0xff,
    0x13, 0x13, 0x13, 0xff, 0x13, 0x13, 0x13, 0xff, 0x13, 0x13, 0x13, 0xff, 0x13, 0x13, 0x13, 0xff,
    0x13, 0x13, 0x13, 0xff, 0x13, 0x13, 0x13, 0xff, 0x13, 0x13, 0x13, 0xff, 0x13, 0x13, 0x13, 0xff,
    0x13, 0x13, 0x13, 0xff, 0x13, 0x13, 0x13, 0xff, 0x13, 0x13, 0x13, 0xff, 0x13, 0x13, 0x13, 0xff,
    0x13, 0x13, 0x13, 0xff, 0x13, 0x13, 0x13, 0xff, 0x13, 0x12, 0x13, 0xff, 0x13, 0x13, 0x13, 0xff,
    0x13, 0x13, 0x13, 0xff, 0x13, 0x13, 0x13, 0xff, 0x13, 0x13, 0x13, 0xff, 0x13, 0x13, 0x13, 0xff,
    0x13, 0x13, 0x13, 0xff, 0x13, 0x13, 0x13, 0xff, 0x13, 0x13, 0x13, 0xff, 0x13, 0x13, 0x13, 0xff,
    0x13, 0x13, 0x13, 0xff, 0x13, 0x13, 0x13, 0xff, 0x13, 0x13, 0x13, 0xff, 0x13, 0x13, 0x13, 0xff,
    0x13, 0x13, 0x13, 0xff, 0x13, 0x13, 0x13, 0xff, 0x13, 0x13, 0x13, 0xff, 0x13, 0x13, 0x13, 0xff,
    0x13, 0x13, 0x13, 0xff, 0x12, 0x12, 0x12, 0xff, 0x13, 0x13, 0x13, 0xff, 0x13, 0x13, 0x13, 0xff,
    0x13, 0x13, 0x13, 0xff, 0x13, 0x13, 0x13, 0xff, 0x13, 0x13, 0x13, 0xff, 0x13, 0x13, 0x13, 0xff,
    0x13, 0x13, 0x13, 0xff, 0x13, 0x13, 0x13, 0xff, 0x13, 0x13, 0x13, 0xff, 0x13, 0x13, 0x13, 0xff,
    0x13, 0x13, 0x13, 0xff, 0x13, 0x13, 0x13, 0xff, 0x13, 0x13, 0x13, 0xff, 0x13, 0x13, 0x13, 0xff,
    0x13, 0x13, 0x13, 0xff, 0x13, 0x13, 0x13, 0xff, 0x13, 0x13, 0x13, 0xff, 0x13, 0x13, 0x13, 0xff,
    0x13, 0x13, 0x13, 0xff, 0x13, 0x13, 0x13, 0xff, 0x13, 0x13, 0x13, 0xff, 0x13, 0x13, 0x13, 0xff,
    0x13, 0x13, 0x13, 0xff, 0x13, 0x13, 0x13, 0xff, 0x13, 0x13, 0x13, 0xff, 0x13, 0x13, 0x13, 0xff,
    0x13, 0x13, 0x13, 0xff, 0x13, 0x13, 0x13, 0xff, 0x13, 0x13, 0x13, 0xff, 0x13, 0x13, 0x13, 0xff,
    0x13, 0x13, 0x13, 0xff, 0x13, 0x13, 0x13, 0xff, 0x13, 0x13, 0x13, 0xff, 0x13, 0x13, 0x13, 0xff,
    0x13, 0x13, 0x13, 0xff, 0x13, 0x13, 0x13, 0xff, 0x13, 0x13, 0x13, 0xff, 0x13, 0x13, 0x13, 0xff,
    0x13, 0x13, 0x13, 0xff, 0x13, 0x13, 0x13, 0xff, 0x12, 0x12, 0x12, 0xff, 0x13, 0x13, 0x13, 0xff,
    0x13, 0x13, 0x13, 0xff, 0x13, 0x13, 0x13, 0xff, 0x13, 0x13, 0x13, 0xff, 0x13, 0x13, 0x13, 0xff,
    0x13, 0x13, 0x13, 0xff, 0x13, 0x13, 0x13, 0xff, 0x13, 0x13, 0x13, 0xff, 0x13, 0x13, 0x13, 0xff,
    0x13, 0x13, 0x13, 0xff, 0x13, 0x13, 0x13, 0xff, 0x13, 0x13, 0x13, 0xff, 0x13, 0x13, 0x13, 0xff,
    0x13, 0x13, 0x13, 0xff, 0x13, 0x13, 0x13, 0xff, 0x13, 0x13, 0x13, 0xff, 0x13, 0x13, 0x13, 0xff,
    0x13, 0x13, 0x13, 0xff, 0x13, 0x13, 0x13, 0xff, 0x13, 0x13, 0x13, 0xff, 0x12, 0x12, 0x12, 0xff,
    0x13, 0x13, 0x13, 0xff, 0x13, 0x13, 0x13, 0xff, 0x13, 0x13, 0x13, 0xff, 0x13, 0x13, 0x13, 0xff,
    0x13, 0x13, 0x13, 0xff, 0x13, 0x13, 0x13, 0xff, 0x13, 0x13, 0x13, 0xff, 0x12, 0x13, 0x13, 0xff,
    0x12, 0x12, 0x12, 0xff, 0x13, 0x13, 0x13, 0xff, 0x13, 0x13, 0x13, 0xff, 0x13, 0x13, 0x13, 0xff,
    0x13, 0x13, 0x13, 0xff, 0x13, 0x13, 0x13, 0xff, 0x13, 0x13, 0x13, 0xff, 0x13, 0x13, 0x13, 0xff,
    0x13, 0x13, 0x13, 0xff, 0x13, 0x13, 0x13, 0xff, 0x13, 0x13, 0x13, 0xff, 0x13, 0x13, 0x13, 0xff,
    0x13, 0x13, 0x13, 0xff, 0x13, 0x13, 0x13, 0xff, 0x13, 0x13, 0x13, 0xff, 0x13, 0x13, 0x13, 0xff,
    0x13, 0x13, 0x13, 0xff, 0x13, 0x13, 0x13, 0xff, 0x13, 0x13, 0x13, 0xff, 0x13, 0x13, 0x13, 0xff,
    0x13, 0x13, 0x13, 0xff, 0x13, 0x13, 0x13, 0xff, 0x13, 0x13, 0x13, 0xff, 0x13, 0x13, 0x13, 0xff,
    0x13, 0x13, 0x13, 0xff, 0x13, 0x13, 0x13, 0xff, 0x13, 0x13, 0x13, 0xff, 0x12, 0x13, 0x13, 0xff,
    0x12, 0x13, 0x13, 0xff, 0x12, 0x13, 0x13, 0xff, 0x13, 0x13, 0x13, 0xff, 0x13, 0x13, 0x13, 0xff,
    0x13, 0x13, 0x13, 0xff, 0x13, 0x13, 0x13, 0xff, 0x13, 0x13, 0x13, 0xff, 0x13, 0x13, 0x13, 0xff,
    0x13, 0x13, 0x13, 0xff, 0x12, 0x13, 0x13, 0xff, 0x12, 0x13, 0x13, 0xff, 0x13, 0x13, 0x13, 0xff,
    0x13, 0x13, 0x13, 0xff, 0x13, 0x13, 0x13, 0xff, 0x13, 0x13, 0x13, 0xff, 0x13, 0x13, 0x13, 0xff,
    0x12, 0x12, 0x12, 0xff, 0x13, 0x13, 0x13, 0xff, 0x13, 0x13, 0x13, 0xff, 0x13, 0x13, 0x13, 0xff,
    0x13, 0x13, 0x13, 0xff, 0x13, 0x13, 0x13, 0xff, 0x13, 0x13, 0x13, 0xff, 0x13, 0x13, 0x13, 0xff,
    0x13, 0x13, 0x13, 0xff, 0x13, 0x13, 0x13, 0xff, 0x13, 0x13, 0x13, 0xff, 0x13, 0x13, 0x13, 0xff,
    0x13, 0x13, 0x13, 0xff, 0x13, 0x13, 0x13, 0xff, 0x13, 0x13, 0x13, 0xff, 0x13, 0x13, 0x13, 0xff,
    0x13, 0x13, 0x13, 0xff, 0x13, 0x13, 0x13, 0xff, 0x13, 0x13, 0x13, 0xff, 0x13, 0x13, 0x13, 0xff,
    0x13, 0x13, 0x13, 0xff, 0x13, 0x13, 0x13, 0xff, 0x13, 0x13, 0x13, 0xff, 0x13, 0x13, 0x13, 0xff,
    0x13, 0x13, 0x13, 0xff, 0x13, 0x13, 0x13, 0xff, 0x13, 0x13, 0x13, 0xff, 0x13, 0x13, 0x13, 0xff,
    0x13, 0x13, 0x13, 0xff, 0x13, 0x13, 0x13, 0xff, 0x13, 0x13, 0x13, 0xff, 0x13, 0x13, 0x13, 0xff,
    0x13, 0x13, 0x13, 0xff, 0x13, 0x13, 0x13, 0xff, 0x13, 0x13, 0x13, 0xff, 0x12, 0x12, 0x12, 0xff,
    0x13, 0x13, 0x13, 0xff, 0x13, 0x13, 0x13, 0xff, 0x12, 0x12, 0x12, 0xff, 0x13, 0x13, 0x13, 0xff,
    0x13, 0x13, 0x13, 0xff, 0x13, 0x13, 0x13, 0xff, 0x13, 0x13, 0x13, 0xff, 0x13, 0x13, 0x13, 0xff,
    0x13, 0x13, 0x13, 0xff, 0x12, 0x13, 0x13, 0xff, 0x13, 0x13, 0x13, 0xff, 0x13, 0x13, 0x13, 0xff,
    0x13, 0x13, 0x13, 0xff, 0x13, 0x13, 0x13, 0xff, 0x13, 0x13, 0x13, 0xff, 0x13, 0x13, 0x13, 0xff,
    0x13, 0x13, 0x13, 0xff, 0x13, 0x13, 0x13, 0xff, 0x13, 0x13, 0x13, 0xff, 0x13, 0x13, 0x13, 0xff,
    0x13, 0x13, 0x13, 0xff, 0x13, 0x13, 0x13, 0xff, 0x13, 0x13, 0x13, 0xff, 0x13, 0x13, 0x13, 0xff,
    0x13, 0x13, 0x13, 0xff, 0x13, 0x13, 0x13, 0xff, 0x13, 0x13, 0x13, 0xff, 0x13, 0x13, 0x13, 0xff,
    0x13, 0x13, 0x13, 0xff, 0x13, 0x13, 0x13, 0xff, 0x13, 0x13, 0x13, 0xff, 0x13, 0x13, 0x13, 0xff,
    0x13, 0x13, 0x13, 0xff, 0x13, 0x13, 0x13, 0xff, 0x13, 0x13, 0x13, 0xff, 0x13, 0x13, 0x13, 0xff,
    0x13, 0x13, 0x13, 0xff, 0x13, 0x13, 0x13, 0xff, 0x13, 0x13, 0x13, 0xff, 0x13, 0x13, 0x13, 0xff,
    0x13, 0x13, 0x13, 0xff, 0x13, 0x13, 0x13, 0xff, 0x13, 0x13, 0x13, 0xff, 0x13, 0x13, 0x13, 0xff,
    0x12, 0x13, 0x13, 0xff, 0x12, 0x13, 0x13, 0xff, 0x13, 0x13, 0x13, 0xff, 0x13, 0x13, 0x13, 0xff,
    0x13, 0x13, 0x13, 0xff, 0x13, 0x13, 0x13, 0xff, 0x13, 0x13, 0x13, 0xff, 0x13, 0x13, 0x13, 0xff,
    0x13, 0x13, 0x13, 0xff, 0x12, 0x12, 0x12, 0xff, 0x13, 0x13, 0x13, 0xff, 0x13, 0x13, 0x13, 0xff,
    0x13, 0x13, 0x13, 0xff, 0x13, 0x13, 0x13, 0xff, 0x13, 0x13, 0x13, 0xff, 0x13, 0x13, 0x13, 0xff,
    0x13, 0x13, 0x13, 0xff, 0x13, 0x13, 0x13, 0xff, 0x13, 0x13, 0x13, 0xff, 0x13, 0x13, 0x13, 0xff,
    0x13, 0x13, 0x13, 0xff, 0x13, 0x13, 0x13, 0xff, 0x13, 0x13, 0x13, 0xff, 0x13, 0x13, 0x13, 0xff,
    0x13, 0x13, 0x13, 0xff, 0x13, 0x13, 0x13, 0xff, 0x13, 0x13, 0x13, 0xff, 0x13, 0x13, 0x13, 0xff,
    0x13, 0x13, 0x13, 0xff, 0x13, 0x13, 0x13, 0xff, 0x13, 0x13, 0x13, 0xff, 0x13, 0x13, 0x13, 0xff,
    0x14, 0x13, 0x13, 0xff, 0x13, 0x13, 0x13, 0xff, 0x13, 0x13, 0x13, 0xff, 0x13, 0x13, 0x13, 0xff,
    0x13, 0x13, 0x13, 0xff, 0x13, 0x13, 0x13, 0xff, 0x13, 0x13, 0x13, 0xff, 0x13, 0x13, 0x13, 0xff,
    0x13, 0x13, 0x13, 0xff, 0x13, 0x13, 0x13, 0xff, 0x13, 0x13, 0x13, 0xff, 0x13, 0x13, 0x13, 0xff,
    0x13, 0x13, 0x13, 0xff, 0x13, 0x13, 0x13, 0xff, 0x13, 0x13, 0x13, 0xff, 0x13, 0x13, 0x13, 0xff,
    0x13, 0x13, 0x13, 0xff, 0x13, 0x13, 0x13, 0xff, 0x13, 0x13, 0x13, 0xff, 0x13, 0x13, 0x13, 0xff,
    0x13, 0x13, 0x13, 0xff, 0x13, 0x13, 0x13, 0xff, 0x13, 0x13, 0x13, 0xff, 0x13, 0x13, 0x13, 0xff,
    0x13, 0x13, 0x13, 0xff, 0x13, 0x13, 0x13, 0xff, 0x13, 0x13, 0x13, 0xff, 0x13, 0x13, 0x13, 0xff,
    0x13, 0x13, 0x13, 0xff, 0x12, 0x13, 0x13, 0xff, 0x13, 0x13, 0x13, 0xff, 0x12, 0x13, 0x13, 0xff,
    0x13, 0x13, 0x13, 0xff, 0x13, 0x13, 0x13, 0xff, 0x13, 0x13, 0x13, 0xff, 0x13, 0x13, 0x13, 0xff,
    0x13, 0x13, 0x13, 0xff, 0x13, 0x13, 0x13, 0xff, 0x13, 0x13, 0x13, 0xff, 0x13, 0x13, 0x13, 0xff,
    0x13, 0x13, 0x13, 0xff, 0x13, 0x13, 0x13, 0xff, 0x13, 0x13, 0x13, 0xff, 0x13, 0x13, 0x13, 0xff,
    0x13, 0x13, 0x13, 0xff, 0x13, 0x13, 0x13, 0xff, 0x13, 0x13, 0x13, 0xff, 0x13, 0x13, 0x13, 0xff,
    0x13, 0x13, 0x13, 0xff, 0x13, 0x13, 0x13, 0xff, 0x13, 0x13, 0x13, 0xff, 0x13, 0x13, 0x13, 0xff,
    0x13, 0x13, 0x13, 0xff, 0x13, 0x13, 0x13, 0xff, 0x13, 0x13, 0x13, 0xff, 0x13, 0x13, 0x13, 0xff,
    0x13, 0x13, 0x13, 0xff, 0x13, 0x13, 0x13, 0xff, 0x12, 0x12, 0x12, 0xff, 0x13, 0x13, 0x13, 0xff,
    0x13, 0x13, 0x13, 0xff, 0x13, 0x13, 0x13, 0xff, 0x13, 0x13, 0x13, 0xff, 0x13, 0x13, 0x13, 0xff,
    0x13, 0x13, 0x13, 0xff, 0x13, 0x13, 0x13, 0xff, 0x13, 0x13, 0x13, 0xff, 0x13, 0x13, 0x13, 0xff,
    0x13, 0x13, 0x13, 0xff, 0x13, 0x13, 0x13, 0xff, 0x13, 0x13, 0x13, 0xff, 0x13, 0x13, 0x13, 0xff,
    0x13, 0x13, 0x13, 0xff, 0x13, 0x13, 0x13, 0xff, 0x13, 0x13, 0x13, 0xff, 0x13, 0x13, 0x13, 0xff,
    0x13, 0x13, 0x13, 0xff, 0x13, 0x13, 0x13, 0xff, 0x13, 0x13, 0x13, 0xff, 0x13, 0x13, 0x13, 0xff,
    0x13, 0x13, 0x13, 0xff, 0x13, 0x13, 0x13, 0xff, 0x13, 0x13, 0x13, 0xff, 0x13, 0x13, 0x13, 0xff,
    0x13, 0x13, 0x13, 0xff, 0x13, 0x13, 0x13, 0xff, 0x13, 0x13, 0x13, 0xff, 0x13, 0x13, 0x13, 0xff,
    0x13, 0x13, 0x13, 0xff, 0x13, 0x13, 0x13, 0xff, 0x13, 0x13, 0x13, 0xff, 0x13, 0x13, 0x13, 0xff,
    0x13, 0x13, 0x13, 0xff, 0x13, 0x13, 0x13, 0xff, 0x13, 0x13, 0x13, 0xff, 0x13, 0x13, 0x13, 0xff,
    0x13, 0x13, 0x13, 0xff, 0x13, 0x13, 0x13, 0xff, 0x13, 0x13, 0x13, 0xff, 0x13, 0x13, 0x13, 0xff,
    0x13, 0x13, 0x13, 0xff, 0x13, 0x13, 0x13, 0xff, 0x13, 0x13, 0x13, 0xff, 0x13, 0x13, 0x13, 0xff,
    0x13, 0x13, 0x13, 0xff, 0x13, 0x13, 0x13, 0xff, 0x13, 0x13, 0x13, 0xff, 0x13, 0x13, 0x13, 0xff,
    0x13, 0x13, 0x13, 0xff, 0x13, 0x13, 0x13, 0xff, 0x13, 0x13, 0x13, 0xff, 0x13, 0x13, 0x13, 0xff,
    0x13, 0x13, 0x13, 0xff, 0x13, 0x13, 0x13, 0xff, 0x13, 0x13, 0x13, 0xff, 0x13, 0x13, 0x13, 0xff,
    0x13, 0x13, 0x13, 0xff, 0x13, 0x13, 0x13, 0xff, 0x13, 0x13, 0x13, 0xff, 0x12, 0x12, 0x12, 0xff,
    0x13, 0x13, 0x13, 0xff, 0x13, 0x13, 0x13, 0xff, 0x13, 0x13, 0x13, 0xff, 0x13, 0x13, 0x13, 0xff,
    0x13, 0x13, 0x13, 0xff, 0x13, 0x13, 0x13, 0xff, 0x13, 0x13, 0x13, 0xff, 0x13, 0x13, 0x13, 0xff,
    0x13, 0x13, 0x13, 0xff, 0x13, 0x13, 0x13, 0xff, 0x13, 0x13, 0x13, 0xff, 0x12, 0x13, 0x13, 0xff,
    0x14, 0x14, 0x14, 0xff, 0x13, 0x14, 0x13, 0xff, 0x13, 0x13, 0x13, 0xff, 0x13, 0x13, 0x13, 0xff,
    0x13, 0x13, 0x13, 0xff, 0x13, 0x13, 0x13, 0xff, 0x13, 0x13, 0x13, 0xff, 0x13, 0x13, 0x13, 0xff,
    0x13, 0x13, 0x13, 0xff, 0x13, 0x13, 0x13, 0xff, 0x13, 0x13, 0x13, 0xff, 0x13, 0x13, 0x13, 0xff,
    0x13, 0x13, 0x13, 0xff, 0x12, 0x13, 0x13, 0xff, 0x13, 0x13, 0x13, 0xff, 0x13, 0x13, 0x13, 0xff,
    0x13, 0x13, 0x13, 0xff, 0x13, 0x13, 0x13, 0xff, 0x13, 0x13, 0x13, 0xff, 0x13, 0x13, 0x13, 0xff,
    0x13, 0x13, 0x13, 0xff, 0x12, 0x12, 0x12, 0xff, 0x12, 0x12, 0x12, 0xff, 0x13, 0x13, 0x13, 0xff,
    0x13, 0x13, 0x13, 0xff, 0x13, 0x13, 0x13, 0xff, 0x13, 0x13, 0x13, 0xff, 0x13, 0x13, 0x13, 0xff,
    0x13, 0x13, 0x13, 0xff, 0x13, 0x13, 0x13, 0xff, 0x13, 0x13, 0x13, 0xff, 0x13, 0x13, 0x13, 0xff,
    0x13, 0x13, 0x13, 0xff, 0x13, 0x13, 0x13, 0xff, 0x13, 0x13, 0x13, 0xff, 0x13, 0x13, 0x13, 0xff,
    0x13, 0x13, 0x13, 0xff, 0x13, 0x13, 0x13, 0xff, 0x12, 0x13, 0x13, 0xff, 0x12, 0x13, 0x13, 0xff,
    0x13, 0x13, 0x13, 0xff, 0x13, 0x13, 0x13, 0xff, 0x13, 0x13, 0x13, 0xff, 0x13, 0x13, 0x13, 0xff,
    0x13, 0x13, 0x13, 0xff, 0x13, 0x13, 0x13, 0xff, 0x13, 0x13, 0x13, 0xff, 0x13, 0x13, 0x13, 0xff,
    0x13, 0x13, 0x13, 0xff, 0x13, 0x13, 0x13, 0xff, 0x13, 0x13, 0x13, 0xff, 0x13, 0x13, 0x13, 0xff,
    0x13, 0x13, 0x13, 0xff, 0x13, 0x13, 0x13, 0xff, 0x13, 0x13, 0x13, 0xff, 0x12, 0x12, 0x12, 0xff,
    0x13, 0x13, 0x13, 0xff, 0x12, 0x13, 0x13, 0xff, 0x13, 0x13, 0x13, 0xff, 0x14, 0x13, 0x13, 0xff,
    0x13, 0x13, 0x13, 0xff, 0x13, 0x13, 0x13, 0xff, 0x13, 0x13, 0x13, 0xff, 0x13, 0x13, 0x13, 0xff,
    0x13, 0x13, 0x13, 0xff, 0x13, 0x13, 0x13, 0xff, 0x13, 0x13, 0x13, 0xff, 0x13, 0x13, 0x13, 0xff,
    0x13, 0x13, 0x13, 0xff, 0x13, 0x13, 0x13, 0xff, 0x13, 0x13, 0x13, 0xff, 0x13, 0x13, 0x13, 0xff,
    0x13, 0x13, 0x13, 0xff, 0x13, 0x13, 0x13, 0xff, 0x13, 0x13, 0x13, 0xff, 0x13, 0x13, 0x13, 0xff,
    0x13, 0x13, 0x13, 0xff, 0x13, 0x13, 0x13, 0xff, 0x13, 0x13, 0x13, 0xff, 0x13, 0x13, 0x13, 0xff,
    0x13, 0x13, 0x13, 0xff, 0x13, 0x13, 0x13, 0xff, 0x13, 0x13, 0x13, 0xff, 0x12, 0x13, 0x12, 0xff,
    0x13, 0x13, 0x13, 0xff, 0x13, 0x13, 0x13, 0xff, 0x13, 0x13, 0x13, 0xff, 0x13, 0x13, 0x13, 0xff,
    0x13, 0x13, 0x13, 0xff, 0x13, 0x13, 0x13, 0xff, 0x13, 0x13, 0x13, 0xff, 0x13, 0x13, 0x13, 0xff,
    0x13, 0x13, 0x13, 0xff, 0x13, 0x13, 0x13, 0xff, 0x13, 0x13, 0x13, 0xff, 0x13, 0x13, 0x13, 0xff,
    0x12, 0x12, 0x12, 0xff, 0x13, 0x13, 0x13, 0xff, 0x13, 0x13, 0x13, 0xff, 0x13, 0x13, 0x13, 0xff,
    0x13, 0x13, 0x13, 0xff, 0x13, 0x13, 0x13, 0xff, 0x13, 0x13, 0x13, 0xff, 0x13, 0x13, 0x13, 0xff,
    0x13, 0x13, 0x13, 0xff, 0x13, 0x13, 0x13, 0xff, 0x13, 0x13, 0x13, 0xff, 0x13, 0x13, 0x13, 0xff,
    0x13, 0x13, 0x13, 0xff, 0x13, 0x13, 0x13, 0xff, 0x13, 0x13, 0x13, 0xff, 0x13, 0x13, 0x13, 0xff,
    0x13, 0x13, 0x13, 0xff, 0x13, 0x13, 0x13, 0xff, 0x13, 0x13, 0x13, 0xff, 0x13, 0x13, 0x13, 0xff,
    0x13, 0x14, 0x12, 0xff, 0x13, 0x13, 0x13, 0xff, 0x13, 0x13, 0x13, 0xff, 0x13, 0x13, 0x13, 0xff,
    0x13, 0x13, 0x13, 0xff, 0x13, 0x13, 0x13, 0xff, 0x13, 0x13, 0x13, 0xff, 0x13, 0x13, 0x13, 0xff,
    0x13, 0x13, 0x13, 0xff, 0x13, 0x13, 0x13, 0xff, 0x13, 0x13, 0x13, 0xff, 0x13, 0x13, 0x13, 0xff,
    0x13, 0x13, 0x13, 0xff, 0x13, 0x13, 0x13, 0xff, 0x13, 0x13, 0x13, 0xff, 0x13, 0x13, 0x13, 0xff,
    0x13, 0x13, 0x13, 0xff, 0x13, 0x13, 0x13, 0xff, 0x13, 0x13, 0x13, 0xff, 0x12, 0x13, 0x13, 0xff,
    0x13, 0x13, 0x13, 0xff, 0x13, 0x13, 0x13, 0xff, 0x13, 0x13, 0x13, 0xff, 0x13, 0x13, 0x13, 0xff,
    0x13, 0x13, 0x13, 0xff, 0x13, 0x13, 0x13, 0xff, 0x13, 0x13, 0x13, 0xff, 0x13, 0x12, 0x13, 0xff,
    0x13, 0x13, 0x13, 0xff, 0x13, 0x13, 0x13, 0xff, 0x13, 0x13, 0x13, 0xff, 0x13, 0x13, 0x13, 0xff,
    0x13, 0x13, 0x13, 0xff, 0x13, 0x13, 0x12, 0xff, 0x13, 0x13, 0x12, 0xff, 0x13, 0x13, 0x13, 0xff,
    0x13, 0x13, 0x13, 0xff, 0x13, 0x13, 0x13, 0xff, 0x13, 0x13, 0x13, 0xff, 0x13, 0x13, 0x13, 0xff,
    0x13, 0x13, 0x13, 0xff, 0x13, 0x13, 0x13, 0xff, 0x13, 0x13, 0x13, 0xff, 0x13, 0x13, 0x13, 0xff,
    0x13, 0x13, 0x13, 0xff, 0x12, 0x13, 0x13, 0xff, 0x13, 0x13, 0x13, 0xff, 0x13, 0x13, 0x13, 0xff,
    0x13, 0x13, 0x13, 0xff, 0x13, 0x13, 0x13, 0xff, 0x13, 0x13, 0x13, 0xff, 0x13, 0x13, 0x13, 0xff,
    0x12, 0x12, 0x12, 0xff, 0x12, 0x12, 0x12, 0xff, 0x13, 0x13, 0x13, 0xff, 0x13, 0x13, 0x13, 0xff,
    0x13, 0x13, 0x13, 0xff, 0x13, 0x13, 0x13, 0xff, 0x13, 0x13, 0x13, 0xff, 0x13, 0x13, 0x13, 0xff,
    0x13, 0x13, 0x13, 0xff, 0x13, 0x13, 0x13, 0xff, 0x13, 0x13, 0x13, 0xff, 0x13, 0x13, 0x13, 0xff,
    0x13, 0x13, 0x13, 0xff, 0x13, 0x13, 0x13, 0xff, 0x13, 0x13, 0x13, 0xff, 0x13, 0x13, 0x13, 0xff,
    0x13, 0x13, 0x13, 0xff, 0x13, 0x13, 0x13, 0xff, 0x13, 0x13, 0x13, 0xff, 0x13, 0x13, 0x13, 0xff,
    0x13, 0x13, 0x13, 0xff, 0x13, 0x13, 0x13, 0xff, 0x13, 0x13, 0x13, 0xff, 0x13, 0x13, 0x13, 0xff,
    0x13, 0x13, 0x13, 0xff, 0x13, 0x13, 0x13, 0xff, 0x13, 0x13, 0x13, 0xff, 0x13, 0x13, 0x13, 0xff,
    0x13, 0x13, 0x13, 0xff, 0x13, 0x13, 0x13, 0xff, 0x13, 0x13, 0x13, 0xff, 0x13, 0x13, 0x13, 0xff,
    0x13, 0x13, 0x13, 0xff, 0x13, 0x13, 0x13, 0xff, 0x13, 0x13, 0x12, 0xff, 0x13, 0x13, 0x13, 0xff,
    0x13, 0x13, 0x13, 0xff, 0x13, 0x13, 0x13, 0xff, 0x13, 0x13, 0x13, 0xff, 0x13, 0x13, 0x13, 0xff,
    0x13, 0x13, 0x13, 0xff, 0x13, 0x13, 0x13, 0xff, 0x13, 0x13, 0x13, 0xff, 0x13, 0x13, 0x13, 0xff,
    0x13, 0x14, 0x12, 0xff, 0x13, 0x13, 0x13, 0xff, 0x13, 0x13, 0x13, 0xff, 0x13, 0x13, 0x13, 0xff,
    0x13, 0x13, 0x13, 0xff, 0x13, 0x13, 0x13, 0xff, 0x13, 0x13, 0x13, 0xff, 0x13, 0x13, 0x12, 0xff,
    0x13, 0x13, 0x13, 0xff, 0x13, 0x13, 0x13, 0xff, 0x13, 0x13, 0x13, 0xff, 0x12, 0x12, 0x13, 0xff,
    0x13, 0x13, 0x13, 0xff, 0x13, 0x13, 0x13, 0xff, 0x13, 0x13, 0x13, 0xff, 0x13, 0x13, 0x13, 0xff,
    0x13, 0x14, 0x12, 0xff, 0x13, 0x13, 0x13, 0xff, 0x13, 0x13, 0x13, 0xff, 0x13, 0x13, 0x13, 0xff,
    0x13, 0x13, 0x13, 0xff, 0x12, 0x13, 0x13, 0xff, 0x13, 0x13, 0x13, 0xff, 0x13, 0x13, 0x13, 0xff,
    0x13, 0x13, 0x13, 0xff, 0x13, 0x13, 0x14, 0xff, 0x13, 0x13, 0x13, 0xff, 0x13, 0x13, 0x13, 0xff,
    0x13, 0x13, 0x13, 0xff, 0x12, 0x12, 0x12, 0xff, 0x13, 0x13, 0x13, 0xff, 0x13, 0x13, 0x13, 0xff,
    0x13, 0x13, 0x13, 0xff, 0x13, 0x13, 0x13, 0xff, 0x13, 0x13, 0x13, 0xff, 0x13, 0x13, 0x13, 0xff,
    0x13, 0x13, 0x13, 0xff, 0x13, 0x13, 0x13, 0xff, 0x13, 0x13, 0x13, 0xff, 0x13, 0x13, 0x13, 0xff,
    0x13, 0x13, 0x13, 0xff, 0x13, 0x13, 0x13, 0xff, 0x13, 0x13, 0x13, 0xff, 0x13, 0x13, 0x13, 0xff,
    0x13, 0x13, 0x13, 0xff, 0x13, 0x13, 0x13, 0xff, 0x13, 0x13, 0x13, 0xff, 0x13, 0x13, 0x13, 0xff,
    0x14, 0x14, 0x15, 0xff, 0x14, 0x14, 0x14, 0xff, 0x13, 0x14, 0x13, 0xff, 0x13, 0x13, 0x13, 0xff,
    0x13, 0x13, 0x13, 0xff, 0x13, 0x13, 0x13, 0xff, 0x13, 0x13, 0x13, 0xff, 0x13, 0x13, 0x13, 0xff,
    0x13, 0x13, 0x13, 0xff, 0x13, 0x13, 0x13, 0xff, 0x13, 0x13, 0x13, 0xff, 0x13, 0x13, 0x13, 0xff,
    0x13, 0x13, 0x13, 0xff, 0x13, 0x13, 0x13, 0xff, 0x12, 0x13, 0x13, 0xff, 0x13, 0x13, 0x13, 0xff,
    0x13, 0x13, 0x13, 0xff, 0x13, 0x13, 0x13, 0xff, 0x13, 0x13, 0x13, 0xff, 0x13, 0x13, 0x13, 0xff,
    0x13, 0x13, 0x13, 0xff, 0x13, 0x13, 0x13, 0xff, 0x13, 0x13, 0x13, 0xff, 0x13, 0x13, 0x13, 0xff,
    0x13, 0x13, 0x13, 0xff, 0x13, 0x13, 0x13, 0xff, 0x13, 0x13, 0x13, 0xff, 0x13, 0x13, 0x13, 0xff,
    0x13, 0x13, 0x13, 0xff, 0x13, 0x13, 0x13, 0xff, 0x13, 0x13, 0x13, 0xff, 0x13, 0x13, 0x13, 0xff,
    0x13, 0x13, 0x13, 0xff, 0x13, 0x13, 0x13, 0xff, 0x14, 0x14, 0x14, 0xff, 0x13, 0x13, 0x13, 0xff,
    0x12, 0x13, 0x13, 0xff, 0x13, 0x13, 0x13, 0xff, 0x13, 0x13, 0x13, 0xff, 0x13, 0x13, 0x13, 0xff,
    0x13, 0x13, 0x13, 0xff, 0x13, 0x13, 0x13, 0xff, 0x13, 0x13, 0x13, 0xff, 0x13, 0x13, 0x13, 0xff,
    0x13, 0x13, 0x13, 0xff, 0x13, 0x13, 0x13, 0xff, 0x13, 0x13, 0x13, 0xff, 0x13, 0x13, 0x13, 0xff,
    0x13, 0x13, 0x13, 0xff, 0x13, 0x13, 0x13, 0xff, 0x13, 0x13, 0x13, 0xff, 0x13, 0x13, 0x13, 0xff,
    0x13, 0x13, 0x13, 0xff, 0x13, 0x13, 0x13, 0xff, 0x13, 0x13, 0x13, 0xff, 0x13, 0x13, 0x13, 0xff,
    0x13, 0x13, 0x13, 0xff, 0x13, 0x13, 0x13, 0xff, 0x12, 0x13, 0x13, 0xff, 0x12, 0x13, 0x13, 0xff,
    0x13, 0x13, 0x13, 0xff, 0x13, 0x13, 0x13, 0xff, 0x13, 0x13, 0x13, 0xff, 0x13, 0x13, 0x13, 0xff,
    0x13, 0x13, 0x13, 0xff, 0x13, 0x13, 0x13, 0xff, 0x13, 0x13, 0x13, 0xff, 0x13, 0x13, 0x13, 0xff,
    0x13, 0x13, 0x13, 0xff, 0x13, 0x13, 0x13, 0xff, 0x12, 0x13, 0x13, 0xff, 0x13, 0x13, 0x13, 0xff,
    0x14, 0x13, 0x13, 0xff, 0x14, 0x14, 0x14, 0xff, 0x13, 0x13, 0x13, 0xff, 0x13, 0x13, 0x13, 0xff,
    0x13, 0x13, 0x13, 0xff, 0x13, 0x13, 0x13, 0xff, 0x13, 0x13, 0x13, 0xff, 0x13, 0x13, 0x13, 0xff,
    0x13, 0x13, 0x13, 0xff, 0x13, 0x13, 0x13, 0xff, 0x13, 0x13, 0x13, 0xff, 0x13, 0x13, 0x13, 0xff,
    0x12, 0x12, 0x13, 0xff, 0x13, 0x13, 0x13, 0xff, 0x13, 0x13, 0x13, 0xff, 0x13, 0x13, 0x13, 0xff,
    0x13, 0x13, 0x13, 0xff, 0x13, 0x13, 0x13, 0xff, 0x13, 0x13, 0x13, 0xff, 0x13, 0x13, 0x13, 0xff,
    0x13, 0x13, 0x13, 0xff, 0x13, 0x13, 0x13, 0xff, 0x13, 0x13, 0x13, 0xff, 0x13, 0x13, 0x13, 0xff,
    0x13, 0x13, 0x13, 0xff, 0x13, 0x13, 0x13, 0xff, 0x13, 0x13, 0x13, 0xff, 0x13, 0x13, 0x13, 0xff,
    0x13, 0x13, 0x13, 0xff, 0x13, 0x13, 0x13, 0xff, 0x14, 0x13, 0x13, 0xff, 0x13, 0x13, 0x13, 0xff,
    0x13, 0x13, 0x13, 0xff, 0x13, 0x13, 0x13, 0xff, 0x13, 0x13, 0x13, 0xff, 0x13, 0x13, 0x13, 0xff,
    0x13, 0x13, 0x12, 0xff, 0x13, 0x13, 0x13, 0xff, 0x13, 0x13, 0x13, 0xff, 0x13, 0x13, 0x13, 0xff,
    0x13, 0x13, 0x13, 0xff, 0x13, 0x13, 0x13, 0xff, 0x13, 0x13, 0x13, 0xff, 0x13, 0x13, 0x13, 0xff,
    0x13, 0x13, 0x13, 0xff, 0x13, 0x13, 0x13, 0xff, 0x13, 0x13, 0x13, 0xff, 0x13, 0x13, 0x13, 0xff,
    0x13, 0x13, 0x13, 0xff, 0x13, 0x13, 0x13, 0xff, 0x13, 0x13, 0x13, 0xff, 0x13, 0x13, 0x13, 0xff,
    0x13, 0x13, 0x13, 0xff, 0x13, 0x13, 0x13, 0xff, 0x13, 0x13, 0x13, 0xff, 0x13, 0x13, 0x13, 0xff,
    0x13, 0x13, 0x13, 0xff, 0x13, 0x13, 0x13, 0xff, 0x13, 0x13, 0x13, 0xff, 0x13, 0x13, 0x13, 0xff,
    0x13, 0x13, 0x13, 0xff, 0x13, 0x13, 0x13, 0xff, 0x13, 0x13, 0x13, 0xff, 0x13, 0x13, 0x13, 0xff,
    0x13, 0x13, 0x13, 0xff, 0x13, 0x13, 0x13, 0xff, 0x13, 0x13, 0x13, 0xff, 0x13, 0x13, 0x13, 0xff,
    0x13, 0x13, 0x13, 0xff, 0x13, 0x13, 0x13, 0xff, 0x13, 0x13, 0x13, 0xff, 0x13, 0x13, 0x13, 0xff,
    0x13, 0x13, 0x13, 0xff, 0x13, 0x13, 0x13, 0xff, 0x13, 0x13, 0x13, 0xff, 0x13, 0x13, 0x13, 0xff,
    0x13, 0x13, 0x12, 0xff, 0x13, 0x13, 0x13, 0xff, 0x13, 0x14, 0x12, 0xff, 0x13, 0x13, 0x13, 0xff,
    0x13, 0x13, 0x13, 0xff, 0x13, 0x13, 0x13, 0xff, 0x13, 0x13, 0x13, 0xff, 0x13, 0x13, 0x13, 0xff,
    0x13, 0x13, 0x13, 0xff, 0x13, 0x13, 0x13, 0xff, 0x13, 0x14, 0x13, 0xff, 0x12, 0x13, 0x13, 0xff,
    0x13, 0x13, 0x13, 0xff, 0x12, 0x13, 0x13, 0xff, 0x12, 0x13, 0x13, 0xff, 0x12, 0x13, 0x13, 0xff,
    0x13, 0x13, 0x13, 0xff, 0x13, 0x13, 0x13, 0xff, 0x13, 0x13, 0x13, 0xff, 0x13, 0x13, 0x13, 0xff,
    0x13, 0x13, 0x13, 0xff, 0x13, 0x13, 0x13, 0xff, 0x13, 0x13, 0x13, 0xff, 0x13, 0x13, 0x13, 0xff,
    0x13, 0x13, 0x13, 0xff, 0x13, 0x13, 0x13, 0xff, 0x13, 0x13, 0x13, 0xff, 0x13, 0x13, 0x13, 0xff,
    0x13, 0x13, 0x13, 0xff, 0x13, 0x13, 0x13, 0xff, 0x13, 0x13, 0x13, 0xff, 0x13, 0x13, 0x13, 0xff,
    0x13, 0x13, 0x13, 0xff, 0x13, 0x13, 0x13, 0xff, 0x13, 0x13, 0x13, 0xff, 0x13, 0x13, 0x13, 0xff,
    0x12, 0x12, 0x12, 0xff, 0x13, 0x13, 0x13, 0xff, 0x13, 0x13, 0x13, 0xff, 0x13, 0x13, 0x13, 0xff,
    0x13, 0x13, 0x13, 0xff, 0x13, 0x13, 0x13, 0xff, 0x13, 0x13, 0x13, 0xff, 0x13, 0x13, 0x13, 0xff,
    0x13, 0x13, 0x13, 0xff, 0x13, 0x13, 0x13, 0xff, 0x13, 0x13, 0x13, 0xff, 0x13, 0x13, 0x13, 0xff,
    0x13, 0x13, 0x13, 0xff, 0x13, 0x13, 0x13, 0xff, 0x13, 0x13, 0x13, 0xff, 0x14, 0x13, 0x13, 0xff,
    0x13, 0x13, 0x13, 0xff, 0x13, 0x13, 0x13, 0xff, 0x13, 0x13, 0x13, 0xff, 0x13, 0x13, 0x13, 0xff,
    0x13, 0x13, 0x13, 0xff, 0x13, 0x13, 0x13, 0xff, 0x13, 0x13, 0x13, 0xff, 0x13, 0x13, 0x13, 0xff,
    0x13, 0x13, 0x13, 0xff, 0x13, 0x13, 0x13, 0xff, 0x13, 0x13, 0x13, 0xff, 0x13, 0x13, 0x13, 0xff,
    0x13, 0x13, 0x13, 0xff, 0x13, 0x13, 0x13, 0xff, 0x13, 0x13, 0x13, 0xff, 0x13, 0x13, 0x13, 0xff,
    0x13, 0x13, 0x13, 0xff, 0x13, 0x13, 0x13, 0xff, 0x13, 0x13, 0x13, 0xff, 0x13, 0x13, 0x13, 0xff,
    0x13, 0x14, 0x13, 0xff, 0x13, 0x13, 0x13, 0xff, 0x13, 0x13, 0x13, 0xff, 0x13, 0x13, 0x13, 0xff,
    0x13, 0x13, 0x13, 0xff, 0x13, 0x13, 0x13, 0xff, 0x13, 0x13, 0x13, 0xff, 0x13, 0x13, 0x13, 0xff,
    0x13, 0x13, 0x13, 0xff, 0x13, 0x13, 0x13, 0xff, 0x13, 0x13, 0x13, 0xff, 0x12, 0x12, 0x12, 0xff,
    0x13, 0x13, 0x13, 0xff, 0x13, 0x13, 0x13, 0xff, 0x13, 0x13, 0x13, 0xff, 0x13, 0x13, 0x13, 0xff,
    0x13, 0x13, 0x13, 0xff, 0x13, 0x13, 0x13, 0xff, 0x13, 0x13, 0x13, 0xff, 0x13, 0x13, 0x13, 0xff,
    0x13, 0x13, 0x13, 0xff, 0x13, 0x13, 0x13, 0xff, 0x13, 0x13, 0x13, 0xff, 0x13, 0x13, 0x13, 0xff,
    0x13, 0x13, 0x13, 0xff, 0x13, 0x13, 0x13, 0xff, 0x13, 0x13, 0x13, 0xff, 0x13, 0x13, 0x13, 0xff,
    0x13, 0x13, 0x13, 0xff, 0x13, 0x13, 0x13, 0xff, 0x13, 0x13, 0x13, 0xff, 0x13, 0x13, 0x13, 0xff,
    0x13, 0x13, 0x13, 0xff, 0x13, 0x13, 0x13, 0xff, 0x13, 0x13, 0x13, 0xff, 0x13, 0x13, 0x13, 0xff,
    0x13, 0x13, 0x13, 0xff, 0x13, 0x13, 0x13, 0xff, 0x13, 0x13, 0x13, 0xff, 0x13, 0x13, 0x13, 0xff,
    0x13, 0x15, 0x15, 0xff, 0x14, 0x14, 0x15, 0xff, 0x13, 0x15, 0x14, 0xff, 0x13, 0x14, 0x14, 0xff,
    0x13, 0x13, 0x13, 0xff, 0x13, 0x13, 0x13, 0xff, 0x13, 0x13, 0x13, 0xff, 0x14, 0x14, 0x14, 0xff,
    0x13, 0x13, 0x13, 0xff, 0x13, 0x13, 0x13, 0xff, 0x14, 0x14, 0x14, 0xff, 0x13, 0x14, 0x14, 0xff,
    0x13, 0x13, 0x13, 0xff, 0x12, 0x13, 0x13, 0xff, 0x13, 0x13, 0x13, 0xff, 0x14, 0x13, 0x13, 0xff,
    0x13, 0x13, 0x13, 0xff, 0x14, 0x14, 0x14, 0xff, 0x13, 0x13, 0x13, 0xff, 0x13, 0x13, 0x13, 0xff,
    0x14, 0x14, 0x14, 0xff, 0x13, 0x13, 0x13, 0xff, 0x13, 0x13, 0x13, 0xff, 0x13, 0x13, 0x13, 0xff,
    0x13, 0x13, 0x13, 0xff, 0x13, 0x13, 0x13, 0xff, 0x13, 0x13, 0x13, 0xff, 0x13, 0x13, 0x13, 0xff,
    0x14, 0x14, 0x14, 0xff, 0x13, 0x13, 0x13, 0xff, 0x13, 0x13, 0x13, 0xff, 0x14, 0x14, 0x14, 0xff,
    0x14, 0x14, 0x14, 0xff, 0x13, 0x13, 0x13, 0xff, 0x13, 0x13, 0x13, 0xff, 0x13, 0x13, 0x13, 0xff,
    0x13, 0x14, 0x14, 0xff, 0x13, 0x13, 0x13, 0xff, 0x13, 0x13, 0x13, 0xff, 0x13, 0x13, 0x13, 0xff,
    0x13, 0x13, 0x13, 0xff, 0x13, 0x14, 0x13, 0xff, 0x13, 0x13, 0x13, 0xff, 0x13, 0x13, 0x13, 0xff,
    0x14, 0x14, 0x14, 0xff, 0x13, 0x13, 0x13, 0xff, 0x13, 0x13, 0x13, 0xff, 0x13, 0x13, 0x13, 0xff,
    0x13, 0x13, 0x13, 0xff, 0x14, 0x14, 0x14, 0xff, 0x13, 0x14, 0x13, 0xff, 0x13, 0x13, 0x13, 0xff,
    0x13, 0x13, 0x13, 0xff, 0x14, 0x14, 0x14, 0xff, 0x14, 0x14, 0x14, 0xff, 0x13, 0x13, 0x13, 0xff,
    0x14, 0x14, 0x14, 0xff, 0x13, 0x13, 0x13, 0xff, 0x13, 0x14, 0x14, 0xff, 0x13, 0x14, 0x14, 0xff,
    0x13, 0x13, 0x13, 0xff, 0x13, 0x13, 0x13, 0xff, 0x13, 0x13, 0x13, 0xff, 0x13, 0x13, 0x13, 0xff,
    0x14, 0x14, 0x14, 0xff, 0x14, 0x14, 0x14, 0xff, 0x13, 0x13, 0x13, 0xff, 0x13, 0x13, 0x13, 0xff,
    0x13, 0x14, 0x14, 0xff, 0x13, 0x14, 0x14, 0xff, 0x14, 0x13, 0x13, 0xff, 0x13, 0x14, 0x14, 0xff,
    0x13, 0x14, 0x14, 0xff, 0x14, 0x14, 0x14, 0xff, 0x14, 0x14, 0x14, 0xff, 0x13, 0x13, 0x13, 0xff,
    0x13, 0x13, 0x13, 0xff, 0x13, 0x13, 0x13, 0xff, 0x13, 0x13, 0x13, 0xff, 0x13, 0x13, 0x13, 0xff,
    0x13, 0x13, 0x13, 0xff, 0x13, 0x14, 0x13, 0xff, 0x13, 0x13, 0x13, 0xff, 0x14, 0x14, 0x13, 0xff,
    0x13, 0x13, 0x13, 0xff, 0x13, 0x13, 0x13, 0xff, 0x13, 0x13, 0x13, 0xff, 0x14, 0x14, 0x14, 0xff,
    0x13, 0x13, 0x13, 0xff, 0x13, 0x13, 0x13, 0xff, 0x13, 0x13, 0x13, 0xff, 0x13, 0x13, 0x13, 0xff,
    0x12, 0x13, 0x13, 0xff, 0x14, 0x14, 0x14, 0xff, 0x13, 0x13, 0x13, 0xff, 0x13, 0x13, 0x13, 0xff,
    0x14, 0x14, 0x14, 0xff, 0x13, 0x13, 0x13, 0xff, 0x13, 0x13, 0x13, 0xff, 0x14, 0x14, 0x14, 0xff,
    0x13, 0x14, 0x14, 0xff, 0x13, 0x13, 0x14, 0xff, 0x13, 0x13, 0x14, 0xff, 0x14, 0x14, 0x13, 0xff,
    0x14, 0x14, 0x14, 0xff, 0x13, 0x13, 0x13, 0xff, 0x13, 0x13, 0x13, 0xff, 0x14, 0x14, 0x14, 0xff,
    0x14, 0x14, 0x13, 0xff, 0x13, 0x13, 0x13, 0xff, 0x14, 0x13, 0x14, 0xff, 0x14, 0x14, 0x14, 0xff,
    0x13, 0x13, 0x13, 0xff, 0x13, 0x13, 0x13, 0xff, 0x13, 0x13, 0x13, 0xff, 0x13, 0x13, 0x13, 0xff,
    0x13, 0x13, 0x14, 0xff, 0x14, 0x14, 0x14, 0xff, 0x13, 0x13, 0x13, 0xff, 0x13, 0x13, 0x13, 0xff,
    0x14, 0x14, 0x14, 0xff, 0x13, 0x13, 0x13, 0xff, 0x13, 0x13, 0x13, 0xff, 0x14, 0x14, 0x14, 0xff,
    0x13, 0x13, 0x13, 0xff, 0x13, 0x13, 0x13, 0xff, 0x14, 0x14, 0x14, 0xff, 0x13, 0x13, 0x13, 0xff,
    0x13, 0x13, 0x13, 0xff, 0x13, 0x13, 0x13, 0xff, 0x13, 0x13, 0x13, 0xff, 0x14, 0x14, 0x14, 0xff,
    0x13, 0x13, 0x13, 0xff, 0x13, 0x13, 0x13, 0xff, 0x13, 0x13, 0x13, 0xff, 0x14, 0x13, 0x13, 0xff,
    0x13, 0x13, 0x13, 0xff, 0x13, 0x14, 0x14, 0xff, 0x12, 0x13, 0x13, 0xff, 0x13, 0x13, 0x13, 0xff,
    0x14, 0x13, 0x13, 0xff, 0x14, 0x14, 0x14, 0xff, 0x13, 0x13, 0x13, 0xff, 0x13, 0x14, 0x13, 0xff,
    0x13, 0x14, 0x13, 0xff, 0x13, 0x13, 0x13, 0xff, 0x14, 0x13, 0x14, 0xff, 0x14, 0x14, 0x14, 0xff,
    0x13, 0x13, 0x13, 0xff, 0x13, 0x14, 0x13, 0xff, 0x14, 0x14, 0x14, 0xff, 0x14, 0x14, 0x14, 0xff,
    0x14, 0x14, 0x13, 0xff, 0x14, 0x14, 0x14, 0xff, 0x13, 0x13, 0x14, 0xff, 0x13, 0x13, 0x13, 0xff,
    0x13, 0x13, 0x13, 0xff, 0x14, 0x14, 0x13, 0xff, 0x14, 0x14, 0x13, 0xff, 0x13, 0x13, 0x13, 0xff,
    0x14, 0x14, 0x14, 0xff, 0x13, 0x13, 0x13, 0xff, 0x14, 0x14, 0x14, 0xff, 0x13, 0x14, 0x14, 0xff,
    0x13, 0x13, 0x13, 0xff, 0x14, 0x14, 0x14, 0xff, 0x13, 0x13, 0x13, 0xff, 0x14, 0x14, 0x14, 0xff,
    0x14, 0x14, 0x14, 0xff, 0x13, 0x13, 0x13, 0xff, 0x13, 0x13, 0x13, 0xff, 0x13, 0x13, 0x13, 0xff,
    0x13, 0x13, 0x13, 0xff, 0x13, 0x13, 0x13, 0xff, 0x14, 0x14, 0x14, 0xff, 0x13, 0x13, 0x13, 0xff,
    0x13, 0x13, 0x13, 0xff, 0x14, 0x14, 0x14, 0xff, 0x14, 0x14, 0x14, 0xff, 0x13, 0x14, 0x13, 0xff,
    0x14, 0x14, 0x13, 0xff, 0x13, 0x13, 0x13, 0xff, 0x13, 0x13, 0x13, 0xff, 0x14, 0x14, 0x14, 0xff,
    0x13, 0x13, 0x13, 0xff, 0x13, 0x13, 0x13, 0xff, 0x14, 0x14, 0x14, 0xff, 0x13, 0x13, 0x13, 0xff,
    0x13, 0x13, 0x13, 0xff, 0x14, 0x14, 0x14, 0xff, 0x14, 0x14, 0x14, 0xff, 0x14, 0x14, 0x14, 0xff,
    0x13, 0x13, 0x13, 0xff, 0x13, 0x13, 0x13, 0xff, 0x13, 0x13, 0x13, 0xff, 0x14, 0x14, 0x14, 0xff,
    0x13, 0x14, 0x13, 0xff, 0x14, 0x14, 0x14, 0xff, 0x14, 0x13, 0x13, 0xff, 0x13, 0x14, 0x13, 0xff,
    0x14, 0x14, 0x14, 0xff, 0x13, 0x14, 0x13, 0xff, 0x13, 0x13, 0x13, 0xff, 0x14, 0x14, 0x14, 0xff,
    0x13, 0x13, 0x13, 0xff, 0x13, 0x13, 0x13, 0xff, 0x13, 0x13, 0x13, 0xff, 0x14, 0x14, 0x14, 0xff,
    0x13, 0x13, 0x13, 0xff, 0x13, 0x13, 0x13, 0xff, 0x13, 0x13, 0x13, 0xff, 0x13, 0x13, 0x13, 0xff,
    0x13, 0x13, 0x13, 0xff, 0x13, 0x14, 0x14, 0xff, 0x13, 0x13, 0x14, 0xff, 0x13, 0x13, 0x13, 0xff,
    0x13, 0x13, 0x13, 0xff, 0x14, 0x14, 0x14, 0xff, 0x13, 0x13, 0x13, 0xff, 0x14, 0x14, 0x14, 0xff,
    0x13, 0x13, 0x13, 0xff, 0x13, 0x14, 0x13, 0xff, 0x14, 0x14, 0x13, 0xff, 0x13, 0x14, 0x13, 0xff,
    0x13, 0x14, 0x14, 0xff, 0x13, 0x14, 0x14, 0xff, 0x13, 0x13, 0x13, 0xff, 0x13, 0x13, 0x13, 0xff,
    0x14, 0x14, 0x13, 0xff, 0x13, 0x13, 0x13, 0xff, 0x13, 0x13, 0x13, 0xff, 0x13, 0x13, 0x13, 0xff,
    0x14, 0x14, 0x14, 0xff, 0x13, 0x13, 0x13, 0xff, 0x13, 0x13, 0x13, 0xff, 0x14, 0x14, 0x14, 0xff,
    0x13, 0x13, 0x13, 0xff, 0x13, 0x14, 0x13, 0xff, 0x13, 0x14, 0x13, 0xff, 0x13, 0x13, 0x13, 0xff,
    0x13, 0x13, 0x13, 0xff, 0x14, 0x14, 0x14, 0xff, 0x13, 0x13, 0x13, 0xff, 0x13, 0x13, 0x13, 0xff,
    0x13, 0x13, 0x13, 0xff, 0x13, 0x13, 0x13, 0xff, 0x13, 0x13, 0x13, 0xff, 0x14, 0x14, 0x14, 0xff,
    0x13, 0x14, 0x13, 0xff, 0x14, 0x14, 0x13, 0xff, 0x13, 0x14, 0x13, 0xff, 0x13, 0x13, 0x13, 0xff,
    0x14, 0x14, 0x14, 0xff, 0x13, 0x13, 0x13, 0xff, 0x13, 0x13, 0x13, 0xff, 0x13, 0x13, 0x13, 0xff,
    0x14, 0x14, 0x14, 0xff, 0x13, 0x13, 0x13, 0xff, 0x13, 0x13, 0x13, 0xff, 0x13, 0x13, 0x13, 0xff,
};

const lv_image_dsc_t mx5_rf_side_right_dsc = {
    .header = {
        .magic = LV_IMAGE_HEADER_MAGIC,
        .cf = LV_COLOR_FORMAT_ARGB8888,
        .flags = 0,
        .w = 260,
        .h = 145,
        .stride = 1040,
        .reserved_2 = 0,
    },
    .data_size = 150800,
    .data = mx5_rf_side_right_map,
};
