#include "lvgl.h"

#ifndef LV_ATTRIBUTE_MEM_ALIGN
#define LV_ATTRIBUTE_MEM_ALIGN
#endif

const LV_ATTRIBUTE_MEM_ALIGN uint8_t mx5_rf_tpms_map[] = {
    0x00, 0x00, 0x00, 0x00, 0x00, 0x00, 0x00, 0x00, 0x00, 0x00, 0x00, 0x00, 0x00, 0x00, 0x00, 0x00,
    0x00, 0x00, 0x00, 0x00, 0x00, 0x00, 0x00, 0x00, 0x00, 0x00, 0x00, 0x00, 0x00, 0x00, 0x00, 0x00,
    0x00, 0x00, 0x00, 0x00, 0x00, 0x00, 0x00, 0x00, 0x00, 0x00, 0x00, 0x00, 0x00, 0x00, 0x00, 0x00,
    0x00, 0x00, 0x00, 0x00, 0x00, 0x00, 0x00, 0x00, 0x00, 0x00, 0x00, 0x00, 0x00, 0x00, 0x00, 0x00,
    0x00, 0x00, 0x00, 0x00, 0x00, 0x00, 0x00, 0x00, 0x00, 0x00, 0x00, 0x00, 0x00, 0x00, 0x00, 0x00,
    0x00, 0x00, 0x00, 0x00, 0x00, 0x00, 0x00, 0x00, 0x00, 0x00, 0x00, 0x00, 0x00, 0x00, 0x00, 0x00,
    0x00, 0x00, 0x00, 0x00, 0x00, 0x00, 0x00, 0x00, 0x00, 0x00, 0x00, 0x00, 0x00, 0x00, 0x00, 0x00,
    0x00, 0x00, 0x00, 0x00, 0x00, 0x00, 0x00, 0x00, 0x00, 0x00, 0x00, 0x00, 0x00, 0x00, 0x00, 0x00,
    0x00, 0x00, 0x00, 0x00, 0x00, 0x00, 0x00, 0x00, 0x00, 0x00, 0x00, 0x00, 0x00, 0x00, 0x00, 0x00,
    0x00, 0x00, 0x00, 0x00, 0x00, 0x00, 0x00, 0x00, 0x00, 0x00, 0x00, 0x00, 0x00, 0x00, 0x00, 0x00,
    0x00, 0x00, 0x00, 0x00, 0x00, 0x00, 0x00, 0x00, 0x00, 0x00, 0x00, 0x00, 0x00, 0x00, 0x00, 0x00,
    0x00, 0x00, 0x00, 0x00, 0x00, 0x00, 0x00, 0x00, 0x00, 0x00, 0x00, 0x00, 0x00, 0x00, 0x00, 0x00,
    0x00, 0x00, 0x00, 0x00, 0x00, 0x00, 0x00, 0x00, 0x00, 0x00, 0x00, 0x00, 0x00, 0x00, 0x00, 0x00,
    0x00, 0x00, 0x00, 0x00, 0x00, 0x00, 0x00, 0x00, 0x00, 0x00, 0x00, 0x00, 0x00, 0x00, 0x00, 0x00,
    0x00, 0x00, 0x00, 0x00, 0x00, 0x00, 0x00, 0x00, 0x00, 0x00, 0x00, 0x00, 0x00, 0x00, 0x00, 0x00,
    0x00, 0x00, 0x00, 0x00, 0x00, 0x00, 0x00, 0x00, 0x00, 0x00, 0x00, 0x00, 0x00, 0x00, 0x00, 0x00,
    0x00, 0x00, 0x00, 0x00, 0x00, 0x00, 0x00, 0x00, 0x00, 0x00, 0x00, 0x00, 0x00, 0x00, 0x00, 0x00,
    0x00, 0x00, 0x00, 0x00, 0x00, 0x00, 0x00, 0x00, 0x00, 0x00, 0x00, 0x00, 0x00, 0x00, 0x00, 0x00,
    0x00, 0x00, 0x00, 0x00, 0x00, 0x00, 0x00, 0x00, 0x00, 0x00, 0x00, 0x00, 0x00, 0x00, 0x00, 0x00,
    0x00, 0x00, 0x00, 0x00, 0x00, 0x00, 0x00, 0x00, 0x00, 0x00, 0x00, 0x00, 0x00, 0x00, 0x00, 0x00,
    0x00, 0x00, 0x00, 0x00, 0x00, 0x00, 0x00, 0x00, 0x00, 0x00, 0x00, 0x00, 0x00, 0x00, 0x00, 0x00,
    0x00, 0x00, 0x00, 0x00, 0x00, 0x00, 0x00, 0x00, 0x00, 0x00, 0x00, 0x00, 0x00, 0x00, 0x00, 0x00,
    0x00, 0x00, 0x00, 0x00, 0x00, 0x00, 0x00, 0x00, 0x00, 0x00, 0x00, 0x00, 0x00, 0x00, 0x00, 0x00,
    0x00, 0x00, 0x00, 0x00, 0x00, 0x00, 0x00, 0x00, 0x00, 0x00, 0x00, 0x00, 0x00, 0x00, 0x00, 0x00,
    0x00, 0x00, 0x00, 0x00, 0x00, 0x00, 0x00, 0x00, 0x00, 0x00, 0x00, 0x00, 0x00, 0x00, 0x00, 0x00,
    0x00, 0x00, 0x00, 0x00, 0x00, 0x00, 0x00, 0x00, 0x00, 0x00, 0x00, 0x00, 0x00, 0x00, 0x00, 0x00,
    0x00, 0x00, 0x00, 0x00, 0x00, 0x00, 0x00, 0x00, 0x00, 0x00, 0x00, 0x00, 0x00, 0x00, 0x00, 0x00,
    0x00, 0x00, 0x00, 0x00, 0x00, 0x00, 0x00, 0x00, 0x00, 0x00, 0x00, 0x00, 0x00, 0x00, 0x00, 0x00,
    0x00, 0x00, 0x00, 0x00, 0x00, 0x00, 0x00, 0x00, 0x00, 0x00, 0x00, 0x00, 0x00, 0x00, 0x00, 0x00,
    0x00, 0x00, 0x00, 0x00, 0x00, 0x00, 0x00, 0x00, 0x00, 0x00, 0x00, 0x00, 0x00, 0x00, 0x00, 0x00,
    0x00, 0x00, 0x00, 0x00, 0x00, 0x00, 0x00, 0x00, 0x00, 0x00, 0x00, 0x00, 0x00, 0x00, 0x00, 0x00,
    0x00, 0x00, 0x00, 0x00, 0x00, 0x00, 0x00, 0x00, 0x00, 0x00, 0x00, 0x00, 0x00, 0x00, 0x00, 0x00,
    0x00, 0x00, 0x00, 0x00, 0x00, 0x00, 0x00, 0x00, 0x00, 0x00, 0x00, 0x00, 0x00, 0x00, 0x00, 0x00,
    0x00, 0x00, 0x00, 0x00, 0x00, 0x00, 0x00, 0x00, 0x00, 0x00, 0x00, 0x00, 0x00, 0x00, 0x00, 0x00,
    0x00, 0x00, 0x00, 0x00, 0x00, 0x00, 0x00, 0x00, 0x00, 0x00, 0x00, 0x00, 0x00, 0x00, 0x00, 0x00,
    0x00, 0x00, 0x00, 0x00, 0x00, 0x00, 0x00, 0x00, 0x00, 0x00, 0x00, 0x00, 0x00, 0x00, 0x00, 0x00,
    0x00, 0x00, 0x00, 0x00, 0x00, 0x00, 0x00, 0x00, 0x00, 0x00, 0x00, 0x00, 0x00, 0x00, 0x00, 0x00,
    0x00, 0x00, 0x00, 0x00, 0x00, 0x00, 0x00, 0x00, 0x00, 0x00, 0x00, 0x00, 0x00, 0x00, 0x00, 0x00,
    0x00, 0x00, 0x00, 0x00, 0x00, 0x00, 0x00, 0x00, 0x00, 0x00, 0x00, 0x00, 0x00, 0x00, 0x00, 0x00,
    0x00, 0x00, 0x00, 0x00, 0x00, 0x00, 0x00, 0x00, 0x00, 0x00, 0x00, 0x00, 0x00, 0x00, 0x00, 0x00,
    0x00, 0x00, 0x00, 0x00, 0x00, 0x00, 0x00, 0x00, 0x00, 0x00, 0x00, 0x00, 0x00, 0x00, 0x00, 0x00,
    0x00, 0x00, 0x00, 0x00, 0x00, 0x00, 0x00, 0x00, 0x00, 0x00, 0x00, 0x00, 0x00, 0x00, 0x00, 0x00,
    0x00, 0x00, 0x00, 0x00, 0x00, 0x00, 0x00, 0x00, 0x00, 0x00, 0x00, 0x00, 0x00, 0x00, 0x00, 0x00,
    0x00, 0x00, 0x00, 0x00, 0x00, 0x00, 0x00, 0x00, 0x00, 0x00, 0x00, 0x00, 0x00, 0x00, 0x00, 0x00,
    0x00, 0x00, 0x00, 0x00, 0x00, 0x00, 0x00, 0x00, 0x00, 0x00, 0x00, 0x00, 0x00, 0x00, 0x00, 0x00,
    0x00, 0x00, 0x00, 0x00, 0x00, 0x00, 0x00, 0x00, 0x00, 0x00, 0x00, 0x00, 0x00, 0x00, 0x00, 0x00,
    0x00, 0x00, 0x00, 0x00, 0x00, 0x00, 0x00, 0x00, 0x00, 0x00, 0x00, 0x00, 0x00, 0x00, 0x00, 0x00,
    0x00, 0x00, 0x00, 0x00, 0x00, 0x00, 0x00, 0x01, 0x00, 0x00, 0x00, 0x01, 0x00, 0x00, 0x00, 0x01,
    0x00, 0x00, 0x00, 0x01, 0x00, 0x00, 0x00, 0x02, 0x00, 0x00, 0x00, 0x02, 0x00, 0x00, 0x00, 0x02,
    0x00, 0x00, 0x00, 0x03, 0x00, 0x00, 0x00, 0x03, 0x00, 0x00, 0x00, 0x03, 0x00, 0x00, 0x00, 0x03,
    0x00, 0x00, 0x00, 0x03, 0x00, 0x00, 0x00, 0x02, 0x00, 0x00, 0x00, 0x02, 0x00, 0x00, 0x00, 0x02,
    0x00, 0x00, 0x00, 0x01, 0x00, 0x00, 0x00, 0x01, 0x00, 0x00, 0x00, 0x01, 0x00, 0x00, 0x00, 0x01,
    0x00, 0x00, 0x00, 0x00, 0x00, 0x00, 0x00, 0x00, 0x00, 0x00, 0x00, 0x00, 0x00, 0x00, 0x00, 0x00,
    0x00, 0x00, 0x00, 0x00, 0x00, 0x00, 0x00, 0x00, 0x00, 0x00, 0x00, 0x00, 0x00, 0x00, 0x00, 0x00,
    0x00, 0x00, 0x00, 0x00, 0x00, 0x00, 0x00, 0x00, 0x00, 0x00, 0x00, 0x00, 0x00, 0x00, 0x00, 0x00,
    0x00, 0x00, 0x00, 0x00, 0x00, 0x00, 0x00, 0x00, 0x00, 0x00, 0x00, 0x00, 0x00, 0x00, 0x00, 0x00,
    0x00, 0x00, 0x00, 0x00, 0x00, 0x00, 0x00, 0x00, 0x00, 0x00, 0x00, 0x00, 0x00, 0x00, 0x00, 0x00,
    0x00, 0x00, 0x00, 0x00, 0x00, 0x00, 0x00, 0x00, 0x00, 0x00, 0x00, 0x00, 0x00, 0x00, 0x00, 0x00,
    0x00, 0x00, 0x00, 0x00, 0x00, 0x00, 0x00, 0x00, 0x00, 0x00, 0x00, 0x00, 0x00, 0x00, 0x00, 0x00,
    0x00, 0x00, 0x00, 0x00, 0x00, 0x00, 0x00, 0x00, 0x00, 0x00, 0x00, 0x00, 0x00, 0x00, 0x00, 0x00,
    0x00, 0x00, 0x00, 0x00, 0x00, 0x00, 0x00, 0x00, 0x00, 0x00, 0x00, 0x00, 0x00, 0x00, 0x00, 0x00,
    0x00, 0x00, 0x00, 0x00, 0x00, 0x00, 0x00, 0x00, 0x00, 0x00, 0x00, 0x00, 0x00, 0x00, 0x00, 0x00,
    0x00, 0x00, 0x00, 0x00, 0x00, 0x00, 0x00, 0x00, 0x00, 0x00, 0x00, 0x00, 0x00, 0x00, 0x00, 0x00,
    0x00, 0x00, 0x00, 0x00, 0x00, 0x00, 0x00, 0x00, 0x00, 0x00, 0x00, 0x00, 0x00, 0x00, 0x00, 0x00,
    0x00, 0x00, 0x00, 0x00, 0x00, 0x00, 0x00, 0x00, 0x00, 0x00, 0x00, 0x00, 0x00, 0x00, 0x00, 0x00,
    0x00, 0x00, 0x00, 0x00, 0x00, 0x00, 0x00, 0x00, 0x00, 0x00, 0x00, 0x00, 0x00, 0x00, 0x00, 0x00,
    0x00, 0x00, 0x00, 0x00, 0x00, 0x00, 0x00, 0x00, 0x00, 0x00, 0x00, 0x00, 0x00, 0x00, 0x00, 0x00,
    0x00, 0x00, 0x00, 0x00, 0x00, 0x00, 0x00, 0x00, 0x00, 0x00, 0x00, 0x00, 0x00, 0x00, 0x00, 0x00,
    0x00, 0x00, 0x00, 0x00, 0x00, 0x00, 0x00, 0x00, 0x00, 0x00, 0x00, 0x00, 0x00, 0x00, 0x00, 0x00,
    0x00, 0x00, 0x00, 0x00, 0x00, 0x00, 0x00, 0x00, 0x00, 0x00, 0x00, 0x00, 0x00, 0x00, 0x00, 0x00,
    0x00, 0x00, 0x00, 0x00, 0x00, 0x00, 0x00, 0x00, 0x00, 0x00, 0x00, 0x00, 0x00, 0x00, 0x00, 0x00,
    0x00, 0x00, 0x00, 0x00, 0x00, 0x00, 0x00, 0x00, 0x00, 0x00, 0x00, 0x00, 0x00, 0x00, 0x00, 0x00,
    0x00, 0x00, 0x00, 0x00, 0x00, 0x00, 0x00, 0x00, 0x00, 0x00, 0x00, 0x00, 0x00, 0x00, 0x00, 0x00,
    0x00, 0x00, 0x00, 0x00, 0x00, 0x00, 0x00, 0x00, 0x00, 0x00, 0x00, 0x00, 0x00, 0x00, 0x00, 0x00,
    0x00, 0x00, 0x00, 0x00, 0x00, 0x00, 0x00, 0x00, 0x00, 0x00, 0x00, 0x00, 0x00, 0x00, 0x00, 0x00,
    0x00, 0x00, 0x00, 0x00, 0x00, 0x00, 0x00, 0x00, 0x00, 0x00, 0x00, 0x00, 0x00, 0x00, 0x00, 0x00,
    0x00, 0x00, 0x00, 0x00, 0x00, 0x00, 0x00, 0x00, 0x00, 0x00, 0x00, 0x00, 0x00, 0x00, 0x00, 0x00,
    0x00, 0x00, 0x00, 0x00, 0x00, 0x00, 0x00, 0x00, 0x00, 0x00, 0x00, 0x00, 0x00, 0x00, 0x00, 0x00,
    0x00, 0x00, 0x00, 0x01, 0x00, 0x00, 0x00, 0x02, 0x00, 0x00, 0x00, 0x03, 0x00, 0x00, 0x00, 0x04,
    0x3F, 0x00, 0x00, 0x04, 0x3F, 0x3F, 0x00, 0x04, 0x00, 0x00, 0x00, 0x03, 0x00, 0x00, 0x00, 0x03,
    0x00, 0x00, 0x00, 0x02, 0x00, 0x00, 0x00, 0x00, 0x00, 0x00, 0x00, 0x00, 0x00, 0x00, 0x00, 0x00,
    0x00, 0x00, 0x00, 0x00, 0x00, 0x00, 0x00, 0x00, 0x00, 0x00, 0x00, 0x00, 0x00, 0x00, 0x00, 0x00,
    0x00, 0x00, 0x00, 0x00, 0x00, 0x00, 0x00, 0x00, 0x00, 0x00, 0x00, 0x00, 0x00, 0x00, 0x00, 0x00,
    0x00, 0x00, 0x00, 0x00, 0x00, 0x00, 0x00, 0x00, 0x00, 0x00, 0x00, 0x00, 0x00, 0x00, 0x00, 0x00,
    0x00, 0x00, 0x00, 0x00, 0x00, 0x00, 0x00, 0x00, 0x00, 0x00, 0x00, 0x00, 0x00, 0x00, 0x00, 0x00,
    0x7F, 0x00, 0x00, 0x02, 0x7F, 0x7F, 0x7F, 0x02, 0x55, 0x55, 0x55, 0x03, 0x3F, 0x3F, 0x3F, 0x04,
    0x3F, 0x3F, 0x3F, 0x04, 0x3F, 0x3F, 0x3F, 0x04, 0x00, 0x00, 0x00, 0x03, 0x00, 0x00, 0x00, 0x02,
    0x00, 0x00, 0x00, 0x01, 0x00, 0x00, 0x00, 0x00, 0x00, 0x00, 0x00, 0x00, 0x00, 0x00, 0x00, 0x00,
    0x00, 0x00, 0x00, 0x00, 0x00, 0x00, 0x00, 0x00, 0x00, 0x00, 0x00, 0x00, 0x00, 0x00, 0x00, 0x00,
    0x00, 0x00, 0x00, 0x00, 0x00, 0x00, 0x00, 0x00, 0x00, 0x00, 0x00, 0x00, 0x00, 0x00, 0x00, 0x00,
    0x00, 0x00, 0x00, 0x00, 0x00, 0x00, 0x00, 0x00, 0x00, 0x00, 0x00, 0x00, 0x00, 0x00, 0x00, 0x00,
    0x00, 0x00, 0x00, 0x00, 0x00, 0x00, 0x00, 0x00, 0x00, 0x00, 0x00, 0x00, 0x00, 0x00, 0x00, 0x00,
    0x00, 0x00, 0x00, 0x00, 0x00, 0x00, 0x00, 0x00, 0x00, 0x00, 0x00, 0x00, 0x00, 0x00, 0x00, 0x00,
    0x00, 0x00, 0x00, 0x00, 0x00, 0x00, 0x00, 0x00, 0x00, 0x00, 0x00, 0x00, 0x00, 0x00, 0x00, 0x00,
    0x00, 0x00, 0x00, 0x00, 0x00, 0x00, 0x00, 0x00, 0x00, 0x00, 0x00, 0x00, 0x00, 0x00, 0x00, 0x00,
    0x00, 0x00, 0x00, 0x00, 0x00, 0x00, 0x00, 0x00, 0x00, 0x00, 0x00, 0x00, 0x00, 0x00, 0x00, 0x00,
    0x00, 0x00, 0x00, 0x00, 0x00, 0x00, 0x00, 0x00, 0x00, 0x00, 0x00, 0x00, 0x00, 0x00, 0x00, 0x00,
    0x00, 0x00, 0x00, 0x00, 0x00, 0x00, 0x00, 0x00, 0x00, 0x00, 0x00, 0x00, 0x00, 0x00, 0x00, 0x00,
    0x00, 0x00, 0x00, 0x00, 0x00, 0x00, 0x00, 0x00, 0x00, 0x00, 0x00, 0x00, 0x00, 0x00, 0x00, 0x00,
    0x00, 0x00, 0x00, 0x00, 0x00, 0x00, 0x00, 0x00, 0x00, 0x00, 0x00, 0x00, 0x00, 0x00, 0x00, 0x00,
    0x00, 0x00, 0x00, 0x00, 0x00, 0x00, 0x00, 0x00, 0x00, 0x00, 0x00, 0x00, 0x00, 0x00, 0x00, 0x00,
    0x00, 0x00, 0x00, 0x00, 0x00, 0x00, 0x00, 0x00, 0x00, 0x00, 0x00, 0x00, 0x00, 0x00, 0x00, 0x00,
    0x00, 0x00, 0x00, 0x00, 0x00, 0x00, 0x00, 0x00, 0x00, 0x00, 0x00, 0x00, 0x00, 0x00, 0x00, 0x00,
    0x00, 0x00, 0x00, 0x00, 0x00, 0x00, 0x00, 0x00, 0x00, 0x00, 0x00, 0x00, 0x00, 0x00, 0x00, 0x00,
    0x00, 0x00, 0x00, 0x00, 0x00, 0x00, 0x00, 0x00, 0x00, 0x00, 0x00, 0x00, 0x00, 0x00, 0x00, 0x00,
    0x00, 0x00, 0x00, 0x00, 0x00, 0x00, 0x00, 0x00, 0x00, 0x00, 0x00, 0x00, 0x00, 0x00, 0x00, 0x00,
    0x00, 0x00, 0x00, 0x00, 0x00, 0x00, 0x00, 0x00, 0x00, 0x00, 0x00, 0x00, 0x00, 0x00, 0x00, 0x00,
    0x00, 0x00, 0x00, 0x00, 0x00, 0x00, 0x00, 0x00, 0x00, 0x00, 0x00, 0x00, 0x00, 0x00, 0x00, 0x00,
    0x00, 0x00, 0x00, 0x00, 0x00, 0x00, 0x00, 0x00, 0x00, 0x00, 0x00, 0x00, 0x00, 0x00, 0x00, 0x00,
    0x00, 0x00, 0x00, 0x00, 0x00, 0x00, 0x00, 0x00, 0x00, 0x00, 0x00, 0x01, 0x00, 0x00, 0x00, 0x02,
    0x00, 0x00, 0x00, 0x03, 0x00, 0x00, 0x00, 0x04, 0x00, 0x00, 0x00, 0x03, 0x00, 0x00, 0x00, 0x00,
    0x00, 0x00, 0x00, 0x00, 0x00, 0x00, 0x00, 0x00, 0x00, 0x00, 0x00, 0x00, 0x00, 0x00, 0x00, 0x00,
    0x00, 0x00, 0x00, 0x00, 0x00, 0x00, 0x00, 0x00, 0x00, 0x00, 0x00, 0x00, 0x00, 0x00, 0x00, 0x00,
    0x00, 0x00, 0x00, 0x00, 0x00, 0x00, 0x00, 0x00, 0x00, 0x00, 0x00, 0x08, 0x11, 0x11, 0x11, 0x0F,
    0x15, 0x15, 0x15, 0x18, 0x17, 0x17, 0x17, 0x21, 0x18, 0x18, 0x18, 0x2A, 0x24, 0x24, 0x24, 0x31,
    0x27, 0x27, 0x22, 0x34, 0x20, 0x20, 0x20, 0x37, 0x1F, 0x1A, 0x1A, 0x39, 0x1F, 0x1F, 0x1F, 0x39,
    0x1F, 0x23, 0x1F, 0x39, 0x1A, 0x1F, 0x1A, 0x31, 0x18, 0x18, 0x18, 0x2A, 0x18, 0x10, 0x10, 0x1F,
    0x19, 0x19, 0x19, 0x14, 0x11, 0x11, 0x11, 0x0F, 0x00, 0x00, 0x00, 0x0B, 0x00, 0x00, 0x00, 0x02,
    0x00, 0x00, 0x00, 0x00, 0x00, 0x00, 0x00, 0x00, 0x00, 0x00, 0x00, 0x00, 0x00, 0x00, 0x00, 0x00,
    0x00, 0x00, 0x00, 0x00, 0x00, 0x00, 0x00, 0x00, 0x00, 0x00, 0x00, 0x00, 0x00, 0x00, 0x00, 0x00,
    0x00, 0x00, 0x00, 0x00, 0x7F, 0x7F, 0x7F, 0x02, 0x3F, 0x3F, 0x3F, 0x04, 0x3F, 0x3F, 0x3F, 0x04,
    0x00, 0x00, 0x00, 0x03, 0x00, 0x00, 0x00, 0x01, 0x00, 0x00, 0x00, 0x00, 0x00, 0x00, 0x00, 0x00,
    0x00, 0x00, 0x00, 0x00, 0x00, 0x00, 0x00, 0x00, 0x00, 0x00, 0x00, 0x00, 0x00, 0x00, 0x00, 0x00,
    0x00, 0x00, 0x00, 0x00, 0x00, 0x00, 0x00, 0x00, 0x00, 0x00, 0x00, 0x00, 0x00, 0x00, 0x00, 0x00,
    0x00, 0x00, 0x00, 0x00, 0x00, 0x00, 0x00, 0x00, 0x00, 0x00, 0x00, 0x00, 0x00, 0x00, 0x00, 0x00,
    0x00, 0x00, 0x00, 0x00, 0x00, 0x00, 0x00, 0x00, 0x00, 0x00, 0x00, 0x00, 0x00, 0x00, 0x00, 0x00,
    0x00, 0x00, 0x00, 0x00, 0x00, 0x00, 0x00, 0x00, 0x00, 0x00, 0x00, 0x00, 0x00, 0x00, 0x00, 0x00,
    0x00, 0x00, 0x00, 0x00, 0x00, 0x00, 0x00, 0x00, 0x00, 0x00, 0x00, 0x00, 0x00, 0x00, 0x00, 0x00,
    0x00, 0x00, 0x00, 0x00, 0x00, 0x00, 0x00, 0x00, 0x00, 0x00, 0x00, 0x00, 0x00, 0x00, 0x00, 0x00,
    0x00, 0x00, 0x00, 0x00, 0x00, 0x00, 0x00, 0x00, 0x00, 0x00, 0x00, 0x00, 0x00, 0x00, 0x00, 0x00,
    0x00, 0x00, 0x00, 0x00, 0x00, 0x00, 0x00, 0x00, 0x00, 0x00, 0x00, 0x00, 0x00, 0x00, 0x00, 0x00,
    0x00, 0x00, 0x00, 0x00, 0x00, 0x00, 0x00, 0x00, 0x00, 0x00, 0x00, 0x00, 0x00, 0x00, 0x00, 0x00,
    0x00, 0x00, 0x00, 0x00, 0x00, 0x00, 0x00, 0x00, 0x00, 0x00, 0x00, 0x00, 0x00, 0x00, 0x00, 0x00,
    0x00, 0x00, 0x00, 0x00, 0x00, 0x00, 0x00, 0x00, 0x00, 0x00, 0x00, 0x00, 0x00, 0x00, 0x00, 0x00,
    0x00, 0x00, 0x00, 0x00, 0x00, 0x00, 0x00, 0x00, 0x00, 0x00, 0x00, 0x00, 0x00, 0x00, 0x00, 0x00,
    0x00, 0x00, 0x00, 0x00, 0x00, 0x00, 0x00, 0x00, 0x00, 0x00, 0x00, 0x00, 0x00, 0x00, 0x00, 0x00,
    0x00, 0x00, 0x00, 0x00, 0x00, 0x00, 0x00, 0x00, 0x00, 0x00, 0x00, 0x00, 0x00, 0x00, 0x00, 0x00,
    0x00, 0x00, 0x00, 0x00, 0x00, 0x00, 0x00, 0x00, 0x00, 0x00, 0x00, 0x00, 0x00, 0x00, 0x00, 0x00,
    0x00, 0x00, 0x00, 0x00, 0x00, 0x00, 0x00, 0x00, 0x00, 0x00, 0x00, 0x00, 0x00, 0x00, 0x00, 0x00,
    0x00, 0x00, 0x00, 0x00, 0x00, 0x00, 0x00, 0x00, 0x00, 0x00, 0x00, 0x00, 0x00, 0x00, 0x00, 0x00,
    0x00, 0x00, 0x00, 0x00, 0x00, 0x00, 0x00, 0x00, 0x00, 0x00, 0x00, 0x00, 0x00, 0x00, 0x00, 0x00,
    0x00, 0x00, 0x00, 0x00, 0x00, 0x00, 0x00, 0x00, 0x00, 0x00, 0x00, 0x01, 0x00, 0x00, 0x00, 0x03,
    0x00, 0x00, 0x00, 0x04, 0x00, 0x00, 0x00, 0x02, 0x00, 0x00, 0x00, 0x00, 0x00, 0x00, 0x00, 0x00,
    0x00, 0x00, 0x00, 0x00, 0x00, 0x00, 0x00, 0x00, 0x00, 0x00, 0x00, 0x00, 0x00, 0x00, 0x00, 0x00,
    0x1F, 0x1F, 0x1F, 0x10, 0x19, 0x19, 0x19, 0x28, 0x1C, 0x1C, 0x18, 0x3F, 0x1B, 0x1B, 0x1B, 0x5D,
    0x1F, 0x1C, 0x1C, 0x73, 0x1D, 0x1D, 0x1B, 0x80, 0x1D, 0x1D, 0x1B, 0x9B, 0x1D, 0x1E, 0x1C, 0xAD,
    0x20, 0x1E, 0x1C, 0xBE, 0x20, 0x1F, 0x1E, 0xD1, 0x21, 0x20, 0x1F, 0xDE, 0x23, 0x20, 0x1F, 0xE9,
    0x22, 0x21, 0x20, 0xF1, 0x25, 0x23, 0x22, 0xF8, 0x25, 0x23, 0x22, 0xFD, 0x1A, 0x19, 0x18, 0xFF,
    0x1E, 0x1B, 0x1B, 0xFF, 0x25, 0x24, 0x23, 0xFF, 0x2A, 0x27, 0x27, 0xFF, 0x2A, 0x28, 0x27, 0xFF,
    0x27, 0x24, 0x24, 0xFF, 0x2B, 0x27, 0x27, 0xFF, 0x2B, 0x27, 0x27, 0xFD, 0x2B, 0x27, 0x27, 0xF7,
    0x2B, 0x28, 0x28, 0xF0, 0x2B, 0x29, 0x27, 0xEC, 0x2A, 0x27, 0x26, 0xE6, 0x29, 0x28, 0x26, 0xD6,
    0x2B, 0x2A, 0x26, 0xC2, 0x2A, 0x28, 0x25, 0xBC, 0x28, 0x25, 0x25, 0xAB, 0x29, 0x27, 0x25, 0x87,
    0x27, 0x25, 0x25, 0x7A, 0x25, 0x22, 0x1F, 0x59, 0x23, 0x1F, 0x1F, 0x40, 0x10, 0x10, 0x10, 0x1F,
    0x00, 0x00, 0x00, 0x0B, 0x00, 0x00, 0x00, 0x00, 0x00, 0x00, 0x00, 0x00, 0x00, 0x00, 0x00, 0x00,
    0x00, 0x00, 0x00, 0x00, 0x00, 0x00, 0x00, 0x00, 0xFF, 0xFF, 0xFF, 0x01, 0x3F, 0x3F, 0x3F, 0x04,
    0x3F, 0x3F, 0x3F, 0x04, 0x00, 0x00, 0x00, 0x02, 0x00, 0x00, 0x00, 0x00, 0x00, 0x00, 0x00, 0x00,
    0x00, 0x00, 0x00, 0x00, 0x00, 0x00, 0x00, 0x00, 0x00, 0x00, 0x00, 0x00, 0x00, 0x00, 0x00, 0x00,
    0x00, 0x00, 0x00, 0x00, 0x00, 0x00, 0x00, 0x00, 0x00, 0x00, 0x00, 0x00, 0x00, 0x00, 0x00, 0x00,
    0x00, 0x00, 0x00, 0x00, 0x00, 0x00, 0x00, 0x00, 0x00, 0x00, 0x00, 0x00, 0x00, 0x00, 0x00, 0x00,
    0x00, 0x00, 0x00, 0x00, 0x00, 0x00, 0x00, 0x00, 0x00, 0x00, 0x00, 0x00, 0x00, 0x00, 0x00, 0x00,
    0x00, 0x00, 0x00, 0x00, 0x00, 0x00, 0x00, 0x00, 0x00, 0x00, 0x00, 0x00, 0x00, 0x00, 0x00, 0x00,
    0x00, 0x00, 0x00, 0x00, 0x00, 0x00, 0x00, 0x00, 0x00, 0x00, 0x00, 0x00, 0x00, 0x00, 0x00, 0x00,
    0x00, 0x00, 0x00, 0x00, 0x00, 0x00, 0x00, 0x00, 0x00, 0x00, 0x00, 0x00, 0x00, 0x00, 0x00, 0x00,
    0x00, 0x00, 0x00, 0x00, 0x00, 0x00, 0x00, 0x00, 0x00, 0x00, 0x00, 0x00, 0x00, 0x00, 0x00, 0x00,
    0x00, 0x00, 0x00, 0x00, 0x00, 0x00, 0x00, 0x00, 0x00, 0x00, 0x00, 0x00, 0x00, 0x00, 0x00, 0x00,
    0x00, 0x00, 0x00, 0x00, 0x00, 0x00, 0x00, 0x00, 0x00, 0x00, 0x00, 0x00, 0x00, 0x00, 0x00, 0x00,
    0x00, 0x00, 0x00, 0x00, 0x00, 0x00, 0x00, 0x00, 0x00, 0x00, 0x00, 0x00, 0x00, 0x00, 0x00, 0x00,
    0x00, 0x00, 0x00, 0x00, 0x00, 0x00, 0x00, 0x00, 0x00, 0x00, 0x00, 0x00, 0x00, 0x00, 0x00, 0x00,
    0x00, 0x00, 0x00, 0x00, 0x00, 0x00, 0x00, 0x00, 0x00, 0x00, 0x00, 0x00, 0x00, 0x00, 0x00, 0x00,
    0x00, 0x00, 0x00, 0x00, 0x00, 0x00, 0x00, 0x00, 0x00, 0x00, 0x00, 0x00, 0x00, 0x00, 0x00, 0x00,
    0x00, 0x00, 0x00, 0x00, 0x00, 0x00, 0x00, 0x00, 0x00, 0x00, 0x00, 0x00, 0x00, 0x00, 0x00, 0x00,
    0x00, 0x00, 0x00, 0x00, 0x00, 0x00, 0x00, 0x00, 0x00, 0x00, 0x00, 0x00, 0x00, 0x00, 0x00, 0x00,
    0x00, 0x00, 0x00, 0x00, 0x00, 0x00, 0x00, 0x00, 0x00, 0x00, 0x00, 0x00, 0x00, 0x00, 0x00, 0x00,
    0x00, 0x00, 0x00, 0x00, 0x00, 0x00, 0x00, 0x00, 0x00, 0x00, 0x00, 0x00, 0x00, 0x00, 0x00, 0x00,
    0x00, 0x00, 0x00, 0x02, 0x00, 0x00, 0x00, 0x03, 0x00, 0x00, 0x00, 0x00, 0x00, 0x00, 0x00, 0x00,
    0x00, 0x00, 0x00, 0x00, 0x00, 0x00, 0x00, 0x00, 0x15, 0x15, 0x15, 0x0C, 0x1E, 0x1E, 0x1E, 0x21,
    0x1A, 0x1A, 0x1A, 0x43, 0x1A, 0x1A, 0x1A, 0x6A, 0x1B, 0x1B, 0x19, 0x8C, 0x1C, 0x1A, 0x1A, 0xB5,
    0x1E, 0x1D, 0x1B, 0xD2, 0x1D, 0x1D, 0x1D, 0xE4, 0x1F, 0x1E, 0x1D, 0xFB, 0x22, 0x20, 0x20, 0xFF,
    0x24, 0x21, 0x22, 0xFF, 0x25, 0x23, 0x22, 0xFF, 0x26, 0x24, 0x22, 0xFF, 0x26, 0x25, 0x24, 0xFF,
    0x28, 0x26, 0x23, 0xFF, 0x29, 0x26, 0x25, 0xFF, 0x2A, 0x25, 0x25, 0xFF, 0x2B, 0x26, 0x26, 0xFF,
    0x2C, 0x27, 0x27, 0xFF, 0x2C, 0x28, 0x27, 0xFF, 0x2B, 0x28, 0x28, 0xFF, 0x63, 0x62, 0x62, 0xF9,
    0x76, 0x77, 0x75, 0xFE, 0x52, 0x51, 0x4E, 0xFE, 0x30, 0x2D, 0x2C, 0xFE, 0x37, 0x33, 0x32, 0xFD,
    0x48, 0x43, 0x41, 0xFD, 0x34, 0x2F, 0x2F, 0xFF, 0x32, 0x2E, 0x2E, 0xFF, 0x33, 0x30, 0x2F, 0xFF,
    0x35, 0x31, 0x30, 0xFF, 0x36, 0x32, 0x31, 0xFF, 0x37, 0x33, 0x32, 0xFF, 0x39, 0x35, 0x34, 0xFF,
    0x3B, 0x37, 0x34, 0xFF, 0x3B, 0x36, 0x35, 0xFF, 0x3C, 0x38, 0x38, 0xFF, 0x3E, 0x3A, 0x39, 0xFF,
    0x3F, 0x3A, 0x3A, 0xFF, 0x3E, 0x3A, 0x39, 0xFF, 0x3C, 0x39, 0x37, 0xFF, 0x39, 0x34, 0x33, 0xF6,
    0x34, 0x30, 0x2E, 0xE6, 0x2F, 0x2B, 0x2B, 0xBD, 0x29, 0x27, 0x25, 0x8E, 0x24, 0x24, 0x22, 0x61,
    0x20, 0x20, 0x1B, 0x37, 0x0F, 0x0F, 0x0F, 0x11, 0x00, 0x00, 0x00, 0x00, 0x00, 0x00, 0x00, 0x00,
    0x00, 0x00, 0x00, 0x00, 0x00, 0x00, 0x00, 0x00, 0x00, 0x00, 0x00, 0x00, 0x55, 0x55, 0x55, 0x03,
    0x00, 0x00, 0x00, 0x01, 0x00, 0x00, 0x00, 0x00, 0x00, 0x00, 0x00, 0x00, 0x00, 0x00, 0x00, 0x00,
    0x00, 0x00, 0x00, 0x00, 0x00, 0x00, 0x00, 0x00, 0x00, 0x00, 0x00, 0x00, 0x00, 0x00, 0x00, 0x00,
    0x00, 0x00, 0x00, 0x00, 0x00, 0x00, 0x00, 0x00, 0x00, 0x00, 0x00, 0x00, 0x00, 0x00, 0x00, 0x00,
    0x00, 0x00, 0x00, 0x00, 0x00, 0x00, 0x00, 0x00, 0x00, 0x00, 0x00, 0x00, 0x00, 0x00, 0x00, 0x00,
    0x00, 0x00, 0x00, 0x00, 0x00, 0x00, 0x00, 0x00, 0x00, 0x00, 0x00, 0x00, 0x00, 0x00, 0x00, 0x00,
    0x00, 0x00, 0x00, 0x00, 0x00, 0x00, 0x00, 0x00, 0x00, 0x00, 0x00, 0x00, 0x00, 0x00, 0x00, 0x00,
    0x00, 0x00, 0x00, 0x00, 0x00, 0x00, 0x00, 0x00, 0x00, 0x00, 0x00, 0x00, 0x00, 0x00, 0x00, 0x00,
    0x00, 0x00, 0x00, 0x00, 0x00, 0x00, 0x00, 0x00, 0x00, 0x00, 0x00, 0x00, 0x00, 0x00, 0x00, 0x00,
    0x00, 0x00, 0x00, 0x00, 0x00, 0x00, 0x00, 0x00, 0x00, 0x00, 0x00, 0x00, 0x00, 0x00, 0x00, 0x00,
    0x00, 0x00, 0x00, 0x00, 0x00, 0x00, 0x00, 0x00, 0x00, 0x00, 0x00, 0x00, 0x00, 0x00, 0x00, 0x00,
    0x00, 0x00, 0x00, 0x00, 0x00, 0x00, 0x00, 0x00, 0x00, 0x00, 0x00, 0x00, 0x00, 0x00, 0x00, 0x00,
    0x00, 0x00, 0x00, 0x00, 0x00, 0x00, 0x00, 0x00, 0x00, 0x00, 0x00, 0x00, 0x00, 0x00, 0x00, 0x00,
    0x00, 0x00, 0x00, 0x00, 0x00, 0x00, 0x00, 0x00, 0x00, 0x00, 0x00, 0x00, 0x00, 0x00, 0x00, 0x00,
    0x00, 0x00, 0x00, 0x00, 0x00, 0x00, 0x00, 0x00, 0x00, 0x00, 0x00, 0x00, 0x00, 0x00, 0x00, 0x00,
    0x00, 0x00, 0x00, 0x00, 0x00, 0x00, 0x00, 0x00, 0x00, 0x00, 0x00, 0x00, 0x00, 0x00, 0x00, 0x00,
    0x00, 0x00, 0x00, 0x00, 0x00, 0x00, 0x00, 0x00, 0x00, 0x00, 0x00, 0x00, 0x00, 0x00, 0x00, 0x00,
    0x00, 0x00, 0x00, 0x00, 0x00, 0x00, 0x00, 0x00, 0x00, 0x00, 0x00, 0x00, 0x00, 0x00, 0x00, 0x00,
    0x00, 0x00, 0x00, 0x00, 0x00, 0x00, 0x00, 0x00, 0x00, 0x00, 0x00, 0x02, 0x00, 0x00, 0x00, 0x02,
    0x00, 0x00, 0x00, 0x00, 0x00, 0x00, 0x00, 0x00, 0x1F, 0x1F, 0x1F, 0x10, 0x1F, 0x1F, 0x1C, 0x48,
    0x1E, 0x1C, 0x1A, 0x7D, 0x1F, 0x1C, 0x1C, 0xAC, 0x20, 0x1C, 0x1C, 0xD6, 0x1D, 0x1B, 0x1B, 0xDE,
    0x1F, 0x1D, 0x1C, 0xFB, 0x21, 0x1F, 0x1F, 0xFF, 0x20, 0x1E, 0x1D, 0xFD, 0x22, 0x1F, 0x1E, 0xFF,
    0x21, 0x1F, 0x1E, 0xFE, 0x22, 0x1F, 0x1F, 0xFD, 0x23, 0x20, 0x20, 0xFD, 0x23, 0x21, 0x21, 0xFC,
    0x24, 0x21, 0x21, 0xFB, 0x25, 0x22, 0x22, 0xFC, 0x27, 0x23, 0x22, 0xFC, 0x28, 0x24, 0x23, 0xFC,
    0x28, 0x25, 0x23, 0xFC, 0x2A, 0x25, 0x24, 0xFD, 0x29, 0x26, 0x26, 0xFD, 0x2B, 0x27, 0x26, 0xFE,
    0x2D, 0x29, 0x28, 0xFE, 0x23, 0x1F, 0x1E, 0xFC, 0x77, 0x77, 0x76, 0xF5, 0x91, 0x91, 0x91, 0xFE,
    0x3B, 0x3A, 0x38, 0xFE, 0x38, 0x36, 0x34, 0xFF, 0x38, 0x35, 0x33, 0xFF, 0x28, 0x24, 0x22, 0xFE,
    0x54, 0x51, 0x4D, 0xF7, 0x5A, 0x56, 0x52, 0xFD, 0x2E, 0x2B, 0x29, 0xFE, 0x38, 0x34, 0x33, 0xFE,
    0x37, 0x34, 0x33, 0xFE, 0x38, 0x35, 0x33, 0xFE, 0x3A, 0x35, 0x34, 0xFE, 0x3B, 0x37, 0x36, 0xFD,
    0x3D, 0x39, 0x35, 0xFC, 0x3E, 0x3A, 0x37, 0xFC, 0x40, 0x3B, 0x39, 0xFC, 0x43, 0x3D, 0x3B, 0xFB,
    0x44, 0x41, 0x3C, 0xFB, 0x45, 0x41, 0x3E, 0xFC, 0x48, 0x44, 0x40, 0xFD, 0x4A, 0x46, 0x42, 0xFF,
    0x4C, 0x48, 0x44, 0xFF, 0x4E, 0x49, 0x46, 0xFF, 0x50, 0x4C, 0x49, 0xFF, 0x49, 0x45, 0x43, 0xFF,
    0x3D, 0x39, 0x37, 0xFF, 0x35, 0x32, 0x2E, 0xED, 0x2E, 0x2D, 0x29, 0xC6, 0x2A, 0x28, 0x26, 0x91,
    0x29, 0x29, 0x26, 0x5D, 0x26, 0x1F, 0x26, 0x28, 0x00, 0x00, 0x00, 0x00, 0x00, 0x00, 0x00, 0x00,
    0x00, 0x00, 0x00, 0x00, 0x55, 0x55, 0x55, 0x03, 0x00, 0x00, 0x00, 0x00, 0x00, 0x00, 0x00, 0x00,
    0x00, 0x00, 0x00, 0x00, 0x00, 0x00, 0x00, 0x00, 0x00, 0x00, 0x00, 0x00, 0x00, 0x00, 0x00, 0x00,
    0x00, 0x00, 0x00, 0x00, 0x00, 0x00, 0x00, 0x00, 0x00, 0x00, 0x00, 0x00, 0x00, 0x00, 0x00, 0x00,
    0x00, 0x00, 0x00, 0x00, 0x00, 0x00, 0x00, 0x00, 0x00, 0x00, 0x00, 0x00, 0x00, 0x00, 0x00, 0x00,
    0x00, 0x00, 0x00, 0x00, 0x00, 0x00, 0x00, 0x00, 0x00, 0x00, 0x00, 0x00, 0x00, 0x00, 0x00, 0x00,
    0x00, 0x00, 0x00, 0x00, 0x00, 0x00, 0x00, 0x00, 0x00, 0x00, 0x00, 0x00, 0x00, 0x00, 0x00, 0x00,
    0x00, 0x00, 0x00, 0x00, 0x00, 0x00, 0x00, 0x00, 0x00, 0x00, 0x00, 0x00, 0x00, 0x00, 0x00, 0x00,
    0x00, 0x00, 0x00, 0x00, 0x00, 0x00, 0x00, 0x00, 0x00, 0x00, 0x00, 0x00, 0x00, 0x00, 0x00, 0x00,
    0x00, 0x00, 0x00, 0x00, 0x00, 0x00, 0x00, 0x00, 0x00, 0x00, 0x00, 0x00, 0x00, 0x00, 0x00, 0x00,
    0x00, 0x00, 0x00, 0x00, 0x00, 0x00, 0x00, 0x00, 0x00, 0x00, 0x00, 0x00, 0x00, 0x00, 0x00, 0x00,
    0x00, 0x00, 0x00, 0x00, 0x00, 0x00, 0x00, 0x00, 0x00, 0x00, 0x00, 0x00, 0x00, 0x00, 0x00, 0x00,
    0x00, 0x00, 0x00, 0x00, 0x00, 0x00, 0x00, 0x00, 0x00, 0x00, 0x00, 0x00, 0x00, 0x00, 0x00, 0x00,
    0x00, 0x00, 0x00, 0x00, 0x00, 0x00, 0x00, 0x00, 0x00, 0x00, 0x00, 0x00, 0x00, 0x00, 0x00, 0x00,
    0x00, 0x00, 0x00, 0x00, 0x00, 0x00, 0x00, 0x00, 0x00, 0x00, 0x00, 0x00, 0x00, 0x00, 0x00, 0x00,
    0x00, 0x00, 0x00, 0x00, 0x00, 0x00, 0x00, 0x00, 0x00, 0x00, 0x00, 0x00, 0x00, 0x00, 0x00, 0x00,
    0x00, 0x00, 0x00, 0x00, 0x00, 0x00, 0x00, 0x00, 0x00, 0x00, 0x00, 0x00, 0x00, 0x00, 0x00, 0x00,
    0x00, 0x00, 0x00, 0x00, 0x00, 0x00, 0x00, 0x00, 0x00, 0x00, 0x00, 0x00, 0x00, 0x00, 0x00, 0x00,
    0x00, 0x00, 0x00, 0x01, 0x00, 0x00, 0x00, 0x03, 0x00, 0x00, 0x00, 0x00, 0x00, 0x00, 0x00, 0x00,
    0x21, 0x21, 0x21, 0x36, 0x20, 0x1E, 0x1C, 0x97, 0x1E, 0x1D, 0x1C, 0xD7, 0x1E, 0x1C, 0x1C, 0xF3,
    0x1D, 0x1C, 0x1B, 0xF4, 0x21, 0x1F, 0x1E, 0xF8, 0x2A, 0x26, 0x26, 0xFE, 0x29, 0x24, 0x24, 0xFE,
    0x2A, 0x26, 0x26, 0xFE, 0x23, 0x20, 0x20, 0xF3, 0x22, 0x1F, 0x1E, 0xFB, 0x24, 0x20, 0x20, 0xFE,
    0x24, 0x20, 0x20, 0xFF, 0x24, 0x21, 0x20, 0xFF, 0x25, 0x22, 0x21, 0xFF, 0x26, 0x22, 0x22, 0xFF,
    0x27, 0x23, 0x23, 0xFF, 0x27, 0x23, 0x23, 0xFF, 0x29, 0x25, 0x23, 0xFF, 0x29, 0x25, 0x24, 0xFF,
    0x2A, 0x27, 0x25, 0xFF, 0x2B, 0x27, 0x26, 0xFF, 0x2C, 0x27, 0x27, 0xFF, 0x2D, 0x29, 0x28, 0xFF,
    0x2E, 0x2A, 0x29, 0xFF, 0x2C, 0x28, 0x26, 0xF9, 0x51, 0x50, 0x50, 0xF5, 0x39, 0x37, 0x37, 0xFF,
    0x5A, 0x59, 0x58, 0xFE, 0xA0, 0xA0, 0x9F, 0xFE, 0x51, 0x51, 0x4F, 0xFE, 0x3E, 0x3D, 0x3B, 0xFF,
    0x37, 0x35, 0x32, 0xFF, 0x3E, 0x3D, 0x38, 0xFE, 0x49, 0x47, 0x44, 0xFF, 0x37, 0x33, 0x30, 0xFF,
    0x3C, 0x39, 0x35, 0xFF, 0x3D, 0x39, 0x35, 0xFF, 0x3E, 0x3B, 0x36, 0xFF, 0x40, 0x3C, 0x39, 0xFF,
    0x42, 0x3E, 0x3A, 0xFF, 0x43, 0x3F, 0x3C, 0xFF, 0x44, 0x41, 0x3D, 0xFF, 0x46, 0x42, 0x3E, 0xFF,
    0x48, 0x43, 0x40, 0xFF, 0x48, 0x44, 0x3F, 0xFF, 0x49, 0x46, 0x41, 0xFF, 0x4A, 0x46, 0x43, 0xFE,
    0x4C, 0x47, 0x43, 0xFE, 0x4E, 0x4B, 0x47, 0xFC, 0x56, 0x52, 0x4F, 0xFB, 0x6D, 0x68, 0x64, 0xFC,
    0x73, 0x6E, 0x6B, 0xFE, 0x65, 0x62, 0x5D, 0xFF, 0x58, 0x54, 0x50, 0xFF, 0x4B, 0x46, 0x43, 0xFF,
    0x3C, 0x39, 0x35, 0xFF, 0x31, 0x2F, 0x2D, 0xFA, 0x2E, 0x2B, 0x2A, 0xC6, 0x2A, 0x27, 0x27, 0x61,
    0x00, 0x00, 0x33, 0x05, 0x00, 0x00, 0x00, 0x00, 0x00, 0x00, 0x00, 0x01, 0x00, 0x00, 0x00, 0x03,
    0x00, 0x00, 0x00, 0x00, 0x00, 0x00, 0x00, 0x00, 0x00, 0x00, 0x00, 0x00, 0x00, 0x00, 0x00, 0x00,
    0x00, 0x00, 0x00, 0x00, 0x00, 0x00, 0x00, 0x00, 0x00, 0x00, 0x00, 0x00, 0x00, 0x00, 0x00, 0x00,
    0x00, 0x00, 0x00, 0x00, 0x00, 0x00, 0x00, 0x00, 0x00, 0x00, 0x00, 0x00, 0x00, 0x00, 0x00, 0x00,
    0x00, 0x00, 0x00, 0x00, 0x00, 0x00, 0x00, 0x00, 0x00, 0x00, 0x00, 0x00, 0x00, 0x00, 0x00, 0x00,
    0x00, 0x00, 0x00, 0x00, 0x00, 0x00, 0x00, 0x00, 0x00, 0x00, 0x00, 0x00, 0x00, 0x00, 0x00, 0x00,
    0x00, 0x00, 0x00, 0x00, 0x00, 0x00, 0x00, 0x00, 0x00, 0x00, 0x00, 0x00, 0x00, 0x00, 0x00, 0x00,
    0x00, 0x00, 0x00, 0x00, 0x00, 0x00, 0x00, 0x00, 0x00, 0x00, 0x00, 0x00, 0x00, 0x00, 0x00, 0x00,
    0x00, 0x00, 0x00, 0x00, 0x00, 0x00, 0x00, 0x00, 0x00, 0x00, 0x00, 0x00, 0x00, 0x00, 0x00, 0x00,
    0x00, 0x00, 0x00, 0x00, 0x00, 0x00, 0x00, 0x00, 0x00, 0x00, 0x00, 0x00, 0x00, 0x00, 0x00, 0x00,
    0x00, 0x00, 0x00, 0x00, 0x00, 0x00, 0x00, 0x00, 0x00, 0x00, 0x00, 0x00, 0x00, 0x00, 0x00, 0x00,
    0x00, 0x00, 0x00, 0x00, 0x00, 0x00, 0x00, 0x00, 0x00, 0x00, 0x00, 0x00, 0x00, 0x00, 0x00, 0x00,
    0x00, 0x00, 0x00, 0x00, 0x00, 0x00, 0x00, 0x00, 0x00, 0x00, 0x00, 0x00, 0x00, 0x00, 0x00, 0x00,
    0x00, 0x00, 0x00, 0x00, 0x00, 0x00, 0x00, 0x00, 0x00, 0x00, 0x00, 0x00, 0x00, 0x00, 0x00, 0x00,
    0x00, 0x00, 0x00, 0x00, 0x00, 0x00, 0x00, 0x00, 0x00, 0x00, 0x00, 0x00, 0x00, 0x00, 0x00, 0x00,
    0x00, 0x00, 0x00, 0x00, 0x00, 0x00, 0x00, 0x00, 0x00, 0x00, 0x00, 0x00, 0x00, 0x00, 0x00, 0x00,
    0x00, 0x00, 0x00, 0x00, 0x00, 0x00, 0x00, 0x00, 0x00, 0x00, 0x00, 0x01, 0x00, 0x00, 0x00, 0x03,
    0x00, 0x00, 0x00, 0x00, 0x00, 0x00, 0x00, 0x00, 0x20, 0x20, 0x20, 0x2F, 0x21, 0x20, 0x1E, 0x9F,
    0x1F, 0x1E, 0x1C, 0xEE, 0x1D, 0x1C, 0x1A, 0xF1, 0x23, 0x21, 0x20, 0xF5, 0x25, 0x21, 0x21, 0xF4,
    0x2B, 0x26, 0x25, 0xF9, 0x2E, 0x29, 0x29, 0xFE, 0x33, 0x2D, 0x2D, 0xFF, 0x2B, 0x28, 0x28, 0xFD,
    0x21, 0x20, 0x1E, 0xE7, 0x23, 0x20, 0x1F, 0xF4, 0x27, 0x23, 0x22, 0xFE, 0x26, 0x22, 0x22, 0xFF,
    0x27, 0x23, 0x22, 0xFF, 0x27, 0x24, 0x22, 0xFF, 0x28, 0x24, 0x23, 0xFF, 0x29, 0x25, 0x24, 0xFF,
    0x29, 0x26, 0x25, 0xFF, 0x2B, 0x28, 0x27, 0xFF, 0x2D, 0x29, 0x28, 0xFF, 0x2E, 0x2A, 0x2A, 0xFF,
    0x2F, 0x2B, 0x2B, 0xFF, 0x30, 0x2C, 0x2C, 0xFF, 0x31, 0x2E, 0x2C, 0xFF, 0x32, 0x2F, 0x2E, 0xFF,
    0x33, 0x30, 0x2F, 0xFF, 0x37, 0x31, 0x31, 0xFA, 0x5F, 0x5F, 0x5D, 0xFE, 0x98, 0x96, 0x96, 0xFF,
    0x98, 0x96, 0x95, 0xFF, 0x69, 0x67, 0x65, 0xFF, 0x33, 0x31, 0x30, 0xFE, 0x36, 0x34, 0x33, 0xFF,
    0x5A, 0x5A, 0x58, 0xFB, 0xAA, 0xAB, 0xA9, 0xFE, 0x61, 0x5F, 0x5B, 0xFF, 0x3B, 0x38, 0x33, 0xFF,
    0x45, 0x41, 0x3E, 0xFF, 0x45, 0x41, 0x3D, 0xFF, 0x47, 0x44, 0x3F, 0xFF, 0x49, 0x45, 0x42, 0xFF,
    0x4B, 0x47, 0x43, 0xFF, 0x4B, 0x48, 0x45, 0xFF, 0x4E, 0x4B, 0x47, 0xFF, 0x4F, 0x4C, 0x48, 0xFF,
    0x50, 0x4B, 0x4A, 0xFF, 0x51, 0x4E, 0x4A, 0xFF, 0x52, 0x4F, 0x4B, 0xFF, 0x55, 0x51, 0x4E, 0xFF,
    0x55, 0x52, 0x4E, 0xFF, 0x57, 0x53, 0x4E, 0xFF, 0x55, 0x52, 0x4D, 0xFF, 0x54, 0x50, 0x4C, 0xFF,
    0x7D, 0x79, 0x76, 0xFF, 0x93, 0x8D, 0x89, 0xFE, 0x8B, 0x87, 0x83, 0xFC, 0x90, 0x8A, 0x86, 0xFB,
    0x81, 0x7B, 0x79, 0xFC, 0x62, 0x5E, 0x5B, 0xFF, 0x46, 0x42, 0x3E, 0xFF, 0x36, 0x33, 0x32, 0xFF,
    0x30, 0x2E, 0x2D, 0xCF, 0x31, 0x2E, 0x2B, 0x58, 0x00, 0x00, 0x00, 0x00, 0x00, 0x00, 0x00, 0x00,
    0x55, 0x55, 0x55, 0x03, 0x00, 0x00, 0x00, 0x02, 0x00, 0x00, 0x00, 0x00, 0x00, 0x00, 0x00, 0x00,
    0x00, 0x00, 0x00, 0x00, 0x00, 0x00, 0x00, 0x00, 0x00, 0x00, 0x00, 0x00, 0x00, 0x00, 0x00, 0x00,
    0x00, 0x00, 0x00, 0x00, 0x00, 0x00, 0x00, 0x00, 0x00, 0x00, 0x00, 0x00, 0x00, 0x00, 0x00, 0x00,
    0x00, 0x00, 0x00, 0x00, 0x00, 0x00, 0x00, 0x00, 0x00, 0x00, 0x00, 0x00, 0x00, 0x00, 0x00, 0x00,
    0x00, 0x00, 0x00, 0x00, 0x00, 0x00, 0x00, 0x00, 0x00, 0x00, 0x00, 0x00, 0x00, 0x00, 0x00, 0x00,
    0x00, 0x00, 0x00, 0x00, 0x00, 0x00, 0x00, 0x00, 0x00, 0x00, 0x00, 0x00, 0x00, 0x00, 0x00, 0x00,
    0x00, 0x00, 0x00, 0x00, 0x00, 0x00, 0x00, 0x00, 0x00, 0x00, 0x00, 0x00, 0x00, 0x00, 0x00, 0x00,
    0x00, 0x00, 0x00, 0x00, 0x00, 0x00, 0x00, 0x00, 0x00, 0x00, 0x00, 0x00, 0x00, 0x00, 0x00, 0x00,
    0x00, 0x00, 0x00, 0x00, 0x00, 0x00, 0x00, 0x00, 0x00, 0x00, 0x00, 0x00, 0x00, 0x00, 0x00, 0x00,
    0x00, 0x00, 0x00, 0x00, 0x00, 0x00, 0x00, 0x00, 0x00, 0x00, 0x00, 0x00, 0x00, 0x00, 0x00, 0x00,
    0x00, 0x00, 0x00, 0x00, 0x00, 0x00, 0x00, 0x00, 0x00, 0x00, 0x00, 0x00, 0x00, 0x00, 0x00, 0x00,
    0x00, 0x00, 0x00, 0x00, 0x00, 0x00, 0x00, 0x00, 0x00, 0x00, 0x00, 0x00, 0x00, 0x00, 0x00, 0x00,
    0x00, 0x00, 0x00, 0x00, 0x00, 0x00, 0x00, 0x00, 0x00, 0x00, 0x00, 0x00, 0x00, 0x00, 0x00, 0x00,
    0x00, 0x00, 0x00, 0x00, 0x00, 0x00, 0x00, 0x00, 0x00, 0x00, 0x00, 0x00, 0x00, 0x00, 0x00, 0x00,
    0x00, 0x00, 0x00, 0x00, 0x00, 0x00, 0x00, 0x00, 0x00, 0x00, 0x00, 0x00, 0x00, 0x00, 0x00, 0x00,
    0x00, 0x00, 0x00, 0x00, 0x00, 0x00, 0x00, 0x03, 0x00, 0x00, 0x00, 0x00, 0x00, 0x00, 0x00, 0x00,
    0x21, 0x21, 0x21, 0x17, 0x21, 0x1F, 0x1D, 0x8A, 0x20, 0x1E, 0x1C, 0xEB, 0x1C, 0x1B, 0x1A, 0xF1,
    0x1F, 0x1D, 0x1C, 0xEB, 0x26, 0x23, 0x22, 0xF2, 0x30, 0x2C, 0x2C, 0xFE, 0x32, 0x2E, 0x2E, 0xFF,
    0x33, 0x2F, 0x2F, 0xFF, 0x37, 0x33, 0x32, 0xFF, 0x2E, 0x2A, 0x29, 0xFB, 0x21, 0x1D, 0x1D, 0xE9,
    0x26, 0x21, 0x21, 0xF8, 0x29, 0x25, 0x24, 0xFF, 0x28, 0x24, 0x24, 0xFF, 0x29, 0x24, 0x24, 0xFF,
    0x2A, 0x25, 0x24, 0xFF, 0x2A, 0x26, 0x24, 0xFF, 0x2A, 0x26, 0x25, 0xFF, 0x2B, 0x27, 0x26, 0xFF,
    0x2C, 0x28, 0x27, 0xFF, 0x2E, 0x2A, 0x29, 0xFF, 0x30, 0x2C, 0x2A, 0xFF, 0x31, 0x2D, 0x2C, 0xFF,
    0x32, 0x2E, 0x2D, 0xFF, 0x34, 0x2F, 0x2F, 0xFF, 0x34, 0x31, 0x2E, 0xFF, 0x35, 0x32, 0x30, 0xFF,
    0x37, 0x33, 0x33, 0xFF, 0x34, 0x30, 0x2F, 0xFF, 0x4D, 0x4B, 0x48, 0xFE, 0x45, 0x43, 0x41, 0xFF,
    0x22, 0x1F, 0x1C, 0xF0, 0x38, 0x36, 0x35, 0xFA, 0x58, 0x55, 0x55, 0xFF, 0x7A, 0x77, 0x76, 0xFF,
    0x98, 0x96, 0x94, 0xFD, 0x7C, 0x7A, 0x77, 0xFE, 0x41, 0x3D, 0x39, 0xFF, 0x48, 0x44, 0x40, 0xFF,
    0x47, 0x44, 0x40, 0xFF, 0x4A, 0x46, 0x42, 0xFF, 0x4D, 0x4A, 0x46, 0xFF, 0x51, 0x4C, 0x48, 0xFF,
    0x53, 0x4F, 0x4B, 0xFF, 0x54, 0x50, 0x4E, 0xFF, 0x56, 0x52, 0x4E, 0xFF, 0x57, 0x54, 0x50, 0xFF,
    0x59, 0x54, 0x52, 0xFF, 0x5A, 0x56, 0x52, 0xFF, 0x5B, 0x57, 0x53, 0xFF, 0x5C, 0x57, 0x54, 0xFF,
    0x5E, 0x59, 0x55, 0xFF, 0x5E, 0x5A, 0x56, 0xFF, 0x5E, 0x5A, 0x57, 0xFF, 0x59, 0x56, 0x51, 0xFF,
    0x4B, 0x48, 0x43, 0xFF, 0x7C, 0x78, 0x74, 0xFF, 0xB1, 0xAC, 0xA9, 0xFF, 0xAF, 0xAA, 0xA7, 0xFF,
    0xB5, 0xAF, 0xAE, 0xFF, 0xB2, 0xAD, 0xAB, 0xFE, 0x9A, 0x94, 0x91, 0xFD, 0x69, 0x63, 0x60, 0xFC,
    0x43, 0x40, 0x3D, 0xFF, 0x38, 0x35, 0x32, 0xFF, 0x35, 0x30, 0x30, 0xC2, 0x30, 0x2C, 0x2C, 0x3F,
    0x00, 0x00, 0x00, 0x00, 0x00, 0x00, 0x00, 0x00, 0x55, 0x55, 0x55, 0x03, 0x00, 0x00, 0x00, 0x01,
    0x00, 0x00, 0x00, 0x00, 0x00, 0x00, 0x00, 0x00, 0x00, 0x00, 0x00, 0x00, 0x00, 0x00, 0x00, 0x00,
    0x00, 0x00, 0x00, 0x00, 0x00, 0x00, 0x00, 0x00, 0x00, 0x00, 0x00, 0x00, 0x00, 0x00, 0x00, 0x00,
    0x00, 0x00, 0x00, 0x00, 0x00, 0x00, 0x00, 0x00, 0x00, 0x00, 0x00, 0x00, 0x00, 0x00, 0x00, 0x00,
    0x00, 0x00, 0x00, 0x00, 0x00, 0x00, 0x00, 0x00, 0x00, 0x00, 0x00, 0x00, 0x00, 0x00, 0x00, 0x00,
    0x00, 0x00, 0x00, 0x00, 0x00, 0x00, 0x00, 0x00, 0x00, 0x00, 0x00, 0x00, 0x00, 0x00, 0x00, 0x00,
    0x00, 0x00, 0x00, 0x00, 0x00, 0x00, 0x00, 0x00, 0x00, 0x00, 0x00, 0x00, 0x00, 0x00, 0x00, 0x00,
    0x00, 0x00, 0x00, 0x00, 0x00, 0x00, 0x00, 0x00, 0x00, 0x00, 0x00, 0x00, 0x00, 0x00, 0x00, 0x00,
    0x00, 0x00, 0x00, 0x00, 0x00, 0x00, 0x00, 0x00, 0x00, 0x00, 0x00, 0x00, 0x00, 0x00, 0x00, 0x00,
    0x00, 0x00, 0x00, 0x00, 0x00, 0x00, 0x00, 0x00, 0x00, 0x00, 0x00, 0x00, 0x00, 0x00, 0x00, 0x00,
    0x00, 0x00, 0x00, 0x00, 0x00, 0x00, 0x00, 0x00, 0x00, 0x00, 0x00, 0x00, 0x00, 0x00, 0x00, 0x00,
    0x00, 0x00, 0x00, 0x00, 0x00, 0x00, 0x00, 0x00, 0x00, 0x00, 0x00, 0x00, 0x00, 0x00, 0x00, 0x00,
    0x00, 0x00, 0x00, 0x00, 0x00, 0x00, 0x00, 0x00, 0x00, 0x00, 0x00, 0x00, 0x00, 0x00, 0x00, 0x00,
    0x00, 0x00, 0x00, 0x00, 0x00, 0x00, 0x00, 0x00, 0x00, 0x00, 0x00, 0x00, 0x00, 0x00, 0x00, 0x00,
    0x00, 0x00, 0x00, 0x00, 0x00, 0x00, 0x00, 0x00, 0x00, 0x00, 0x00, 0x00, 0x00, 0x00, 0x00, 0x03,
    0x00, 0x00, 0x00, 0x00, 0x00, 0x00, 0x00, 0x00, 0x24, 0x24, 0x24, 0x07, 0x21, 0x1F, 0x1F, 0x6A,
    0x1F, 0x1E, 0x1E, 0xDC, 0x1C, 0x1B, 0x1A, 0xF8, 0x1F, 0x1D, 0x1C, 0xF2, 0x27, 0x25, 0x24, 0xF4,
    0x31, 0x2D, 0x2C, 0xFF, 0x35, 0x31, 0x30, 0xFF, 0x36, 0x31, 0x30, 0xFF, 0x37, 0x33, 0x31, 0xFE,
    0x3B, 0x36, 0x35, 0xFF, 0x2F, 0x2C, 0x29, 0xF4, 0x20, 0x1E, 0x1C, 0xDD, 0x26, 0x22, 0x22, 0xFA,
    0x2A, 0x25, 0x24, 0xFF, 0x29, 0x25, 0x23, 0xFF, 0x29, 0x25, 0x24, 0xFF, 0x29, 0x25, 0x25, 0xFF,
    0x2A, 0x26, 0x23, 0xFF, 0x2B, 0x26, 0x25, 0xFF, 0x2B, 0x27, 0x26, 0xFF, 0x2C, 0x28, 0x27, 0xFF,
    0x2D, 0x2A, 0x28, 0xFF, 0x2F, 0x2B, 0x2A, 0xFF, 0x31, 0x2D, 0x2C, 0xFF, 0x32, 0x2E, 0x2E, 0xFF,
    0x33, 0x2F, 0x2E, 0xFF, 0x35, 0x30, 0x30, 0xFF, 0x36, 0x31, 0x31, 0xFF, 0x37, 0x33, 0x31, 0xFF,
    0x38, 0x34, 0x33, 0xFF, 0x3A, 0x38, 0x34, 0xFF, 0x37, 0x34, 0x30, 0xFF, 0x37, 0x34, 0x2F, 0xFF,
    0x3C, 0x39, 0x34, 0xF6, 0x3A, 0x38, 0x34, 0xFC, 0x44, 0x41, 0x3E, 0xFF, 0x55, 0x51, 0x4E, 0xFF,
    0x4B, 0x49, 0x44, 0xFF, 0x40, 0x3C, 0x38, 0xFF, 0x4B, 0x47, 0x42, 0xFF, 0x4B, 0x47, 0x43, 0xFF,
    0x4E, 0x4A, 0x45, 0xFF, 0x50, 0x4C, 0x48, 0xFF, 0x53, 0x4F, 0x4D, 0xFF, 0x57, 0x51, 0x4F, 0xFF,
    0x59, 0x54, 0x53, 0xFF, 0x5C, 0x58, 0x55, 0xFF, 0x5D, 0x59, 0x57, 0xFF, 0x5F, 0x5A, 0x57, 0xFF,
    0x60, 0x5B, 0x59, 0xFF, 0x61, 0x5C, 0x59, 0xFF, 0x62, 0x5D, 0x5B, 0xFF, 0x63, 0x5E, 0x5C, 0xFF,
    0x63, 0x5E, 0x5D, 0xFF, 0x62, 0x5E, 0x5B, 0xFF, 0x60, 0x5C, 0x59, 0xFF, 0x61, 0x5C, 0x59, 0xFF,
    0x5F, 0x5B, 0x57, 0xFF, 0x48, 0x45, 0x40, 0xFF, 0x7C, 0x79, 0x76, 0xFF, 0xC5, 0xC1, 0xBF, 0xFF,
    0xC1, 0xBC, 0xB9, 0xFF, 0xC6, 0xC1, 0xBF, 0xFF, 0xCC, 0xC7, 0xC4, 0xFF, 0xC0, 0xBA, 0xB8, 0xFF,
    0x98, 0x93, 0x90, 0xFD, 0x67, 0x61, 0x5E, 0xFC, 0x46, 0x42, 0x3E, 0xFF, 0x35, 0x34, 0x2F, 0xFF,
    0x32, 0x30, 0x2D, 0xA2, 0x2E, 0x2E, 0x2E, 0x26, 0x00, 0x00, 0x00, 0x00, 0x00, 0x00, 0x00, 0x00,
    0x3F, 0x3F, 0x3F, 0x04, 0x00, 0x00, 0x00, 0x01, 0x00, 0x00, 0x00, 0x00, 0x00, 0x00, 0x00, 0x00,
    0x00, 0x00, 0x00, 0x00, 0x00, 0x00, 0x00, 0x00, 0x00, 0x00, 0x00, 0x00, 0x00, 0x00, 0x00, 0x00,
    0x00, 0x00, 0x00, 0x00, 0x00, 0x00, 0x00, 0x00, 0x00, 0x00, 0x00, 0x00, 0x00, 0x00, 0x00, 0x00,
    0x00, 0x00, 0x00, 0x00, 0x00, 0x00, 0x00, 0x00, 0x00, 0x00, 0x00, 0x00, 0x00, 0x00, 0x00, 0x00,
    0x00, 0x00, 0x00, 0x00, 0x00, 0x00, 0x00, 0x00, 0x00, 0x00, 0x00, 0x00, 0x00, 0x00, 0x00, 0x00,
    0x00, 0x00, 0x00, 0x00, 0x00, 0x00, 0x00, 0x00, 0x00, 0x00, 0x00, 0x00, 0x00, 0x00, 0x00, 0x00,
    0x00, 0x00, 0x00, 0x00, 0x00, 0x00, 0x00, 0x00, 0x00, 0x00, 0x00, 0x00, 0x00, 0x00, 0x00, 0x00,
    0x00, 0x00, 0x00, 0x00, 0x00, 0x00, 0x00, 0x00, 0x00, 0x00, 0x00, 0x00, 0x00, 0x00, 0x00, 0x00,
    0x00, 0x00, 0x00, 0x00, 0x00, 0x00, 0x00, 0x00, 0x00, 0x00, 0x00, 0x00, 0x00, 0x00, 0x00, 0x00,
    0x00, 0x00, 0x00, 0x00, 0x00, 0x00, 0x00, 0x00, 0x00, 0x00, 0x00, 0x00, 0x00, 0x00, 0x00, 0x00,
    0x00, 0x00, 0x00, 0x00, 0x00, 0x00, 0x00, 0x00, 0x00, 0x00, 0x00, 0x00, 0x00, 0x00, 0x00, 0x00,
    0x00, 0x00, 0x00, 0x00, 0x00, 0x00, 0x00, 0x00, 0x00, 0x00, 0x00, 0x00, 0x00, 0x00, 0x00, 0x00,
    0x00, 0x00, 0x00, 0x00, 0x00, 0x00, 0x00, 0x00, 0x00, 0x00, 0x00, 0x00, 0x00, 0x00, 0x00, 0x00,
    0x00, 0x00, 0x00, 0x00, 0x00, 0x00, 0x00, 0x02, 0x00, 0x00, 0x00, 0x02, 0x00, 0x00, 0x00, 0x00,
    0x7F, 0x7F, 0x7F, 0x02, 0x23, 0x20, 0x23, 0x5D, 0x1E, 0x1D, 0x1D, 0xCA, 0x1C, 0x1B, 0x1A, 0xFA,
    0x20, 0x1E, 0x1D, 0xFB, 0x2C, 0x28, 0x27, 0xFA, 0x37, 0x34, 0x31, 0xFF, 0x3A, 0x37, 0x35, 0xFF,
    0x3C, 0x38, 0x34, 0xFF, 0x3C, 0x38, 0x34, 0xFF, 0x3A, 0x37, 0x32, 0xFE, 0x3E, 0x3A, 0x36, 0xFF,
    0x33, 0x2F, 0x2D, 0xF5, 0x22, 0x20, 0x1F, 0xE2, 0x28, 0x24, 0x23, 0xFC, 0x2A, 0x25, 0x25, 0xFF,
    0x29, 0x25, 0x24, 0xFE, 0x29, 0x25, 0x24, 0xFF, 0x2A, 0x26, 0x25, 0xFF, 0x2A, 0x26, 0x26, 0xFF,
    0x2B, 0x27, 0x25, 0xFF, 0x2C, 0x28, 0x26, 0xFF, 0x2D, 0x29, 0x28, 0xFF, 0x2E, 0x2A, 0x2A, 0xFF,
    0x30, 0x2C, 0x2B, 0xFF, 0x31, 0x2C, 0x2C, 0xFF, 0x32, 0x2E, 0x2E, 0xFF, 0x33, 0x2F, 0x2E, 0xFF,
    0x35, 0x30, 0x30, 0xFF, 0x36, 0x31, 0x31, 0xFF, 0x38, 0x33, 0x31, 0xFF, 0x39, 0x35, 0x32, 0xFF,
    0x3B, 0x38, 0x34, 0xFF, 0x3C, 0x39, 0x35, 0xFF, 0x3F, 0x3C, 0x38, 0xFF, 0x41, 0x3D, 0x39, 0xFF,
    0x42, 0x3E, 0x3B, 0xFF, 0x44, 0x41, 0x3D, 0xFF, 0x45, 0x42, 0x3D, 0xFF, 0x43, 0x40, 0x3C, 0xFF,
    0x47, 0x44, 0x3F, 0xFF, 0x4C, 0x49, 0x44, 0xFF, 0x4D, 0x49, 0x45, 0xFF, 0x50, 0x4B, 0x48, 0xFF,
    0x54, 0x4F, 0x4B, 0xFF, 0x56, 0x53, 0x4E, 0xFF, 0x59, 0x55, 0x52, 0xFF, 0x5D, 0x58, 0x57, 0xFF,
    0x60, 0x5C, 0x59, 0xFF, 0x62, 0x5D, 0x5B, 0xFF, 0x64, 0x5F, 0x5D, 0xFF, 0x67, 0x62, 0x5F, 0xFF,
    0x68, 0x63, 0x61, 0xFF, 0x68, 0x64, 0x62, 0xFF, 0x69, 0x64, 0x62, 0xFF, 0x69, 0x64, 0x62, 0xFF,
    0x69, 0x64, 0x61, 0xFF, 0x66, 0x61, 0x5F, 0xFF, 0x66, 0x61, 0x5D, 0xFF, 0x64, 0x5F, 0x5D, 0xFF,
    0x63, 0x5F, 0x5B, 0xFF, 0x66, 0x62, 0x5E, 0xFF, 0x52, 0x4F, 0x4C, 0xFF, 0x7D, 0x7B, 0x78, 0xFF,
    0xC9, 0xC5, 0xC3, 0xFF, 0xC6, 0xC1, 0xBE, 0xFF, 0xC9, 0xC4, 0xC1, 0xFF, 0xD2, 0xCD, 0xCA, 0xFF,
    0xD5, 0xD1, 0xCF, 0xFF, 0xC6, 0xC1, 0xC0, 0xFF, 0x9A, 0x96, 0x92, 0xFC, 0x61, 0x5E, 0x59, 0xFE,
    0x3F, 0x3C, 0x37, 0xFF, 0x31, 0x2F, 0x2B, 0xF4, 0x34, 0x32, 0x30, 0x92, 0x39, 0x39, 0x39, 0x1F,
    0x00, 0x00, 0x00, 0x00, 0x00, 0x00, 0x00, 0x00, 0x55, 0x55, 0x55, 0x03, 0x00, 0x00, 0x00, 0x00,
    0x00, 0x00, 0x00, 0x00, 0x00, 0x00, 0x00, 0x00, 0x00, 0x00, 0x00, 0x00, 0x00, 0x00, 0x00, 0x00,
    0x00, 0x00, 0x00, 0x00, 0x00, 0x00, 0x00, 0x00, 0x00, 0x00, 0x00, 0x00, 0x00, 0x00, 0x00, 0x00,
    0x00, 0x00, 0x00, 0x00, 0x00, 0x00, 0x00, 0x00, 0x00, 0x00, 0x00, 0x00, 0x00, 0x00, 0x00, 0x00,
    0x00, 0x00, 0x00, 0x00, 0x00, 0x00, 0x00, 0x00, 0x00, 0x00, 0x00, 0x00, 0x00, 0x00, 0x00, 0x00,
    0x00, 0x00, 0x00, 0x00, 0x00, 0x00, 0x00, 0x00, 0x00, 0x00, 0x00, 0x00, 0x00, 0x00, 0x00, 0x00,
    0x00, 0x00, 0x00, 0x00, 0x00, 0x00, 0x00, 0x00, 0x00, 0x00, 0x00, 0x00, 0x00, 0x00, 0x00, 0x00,
    0x00, 0x00, 0x00, 0x00, 0x00, 0x00, 0x00, 0x00, 0x00, 0x00, 0x00, 0x00, 0x00, 0x00, 0x00, 0x00,
    0x00, 0x00, 0x00, 0x00, 0x00, 0x00, 0x00, 0x00, 0x00, 0x00, 0x00, 0x00, 0x00, 0x00, 0x00, 0x00,
    0x00, 0x00, 0x00, 0x00, 0x00, 0x00, 0x00, 0x00, 0x00, 0x00, 0x00, 0x00, 0x00, 0x00, 0x00, 0x00,
    0x00, 0x00, 0x00, 0x00, 0x00, 0x00, 0x00, 0x00, 0x00, 0x00, 0x00, 0x00, 0x00, 0x00, 0x00, 0x00,
    0x00, 0x00, 0x00, 0x00, 0x00, 0x00, 0x00, 0x00, 0x00, 0x00, 0x00, 0x00, 0x00, 0x00, 0x00, 0x00,
    0x00, 0x00, 0x00, 0x00, 0x00, 0x00, 0x00, 0x00, 0x00, 0x00, 0x00, 0x00, 0x00, 0x00, 0x00, 0x00,
    0x55, 0x55, 0x55, 0x03, 0x00, 0x00, 0x00, 0x00, 0x00, 0x00, 0x00, 0x00, 0x2F, 0x2F, 0x2F, 0x46,
    0x24, 0x22, 0x22, 0xBE, 0x1D, 0x1B, 0x1B, 0xFB, 0x24, 0x22, 0x20, 0xFF, 0x31, 0x2E, 0x2C, 0xFC,
    0x40, 0x3D, 0x3A, 0xFF, 0x45, 0x42, 0x3E, 0xFF, 0x44, 0x41, 0x3C, 0xFE, 0x41, 0x3E, 0x3A, 0xFE,
    0x40, 0x3D, 0x38, 0xFF, 0x3E, 0x3A, 0x35, 0xFF, 0x42, 0x3D, 0x3A, 0xFF, 0x4E, 0x4A, 0x47, 0xF7,
    0x28, 0x25, 0x23, 0xDF, 0x2D, 0x2B, 0x2A, 0xEA, 0x31, 0x2D, 0x2D, 0xF6, 0x2B, 0x27, 0x27, 0xFF,
    0x2B, 0x26, 0x26, 0xFF, 0x2B, 0x27, 0x26, 0xFF, 0x2B, 0x28, 0x26, 0xFE, 0x2C, 0x28, 0x27, 0xFF,
    0x2C, 0x29, 0x27, 0xFF, 0x2E, 0x2A, 0x28, 0xFF, 0x2F, 0x2B, 0x2A, 0xFE, 0x30, 0x2C, 0x2A, 0xFE,
    0x30, 0x2D, 0x2C, 0xFE, 0x32, 0x2E, 0x2E, 0xFE, 0x33, 0x2E, 0x2E, 0xFE, 0x33, 0x2F, 0x2F, 0xFF,
    0x36, 0x31, 0x31, 0xFE, 0x37, 0x33, 0x30, 0xFE, 0x38, 0x36, 0x31, 0xFE, 0x3A, 0x37, 0x34, 0xFF,
    0x3D, 0x39, 0x36, 0xFF, 0x3F, 0x3B, 0x37, 0xFF, 0x40, 0x3D, 0x39, 0xFF, 0x43, 0x3F, 0x3B, 0xFF,
    0x44, 0x41, 0x3D, 0xFF, 0x46, 0x43, 0x3F, 0xFF, 0x48, 0x44, 0x40, 0xFF, 0x49, 0x46, 0x43, 0xFF,
    0x4C, 0x48, 0x44, 0xFF, 0x4F, 0x4B, 0x46, 0xFF, 0x52, 0x4E, 0x4A, 0xFF, 0x55, 0x50, 0x4D, 0xFF,
    0x58, 0x55, 0x51, 0xFF, 0x5C, 0x58, 0x55, 0xFF, 0x5F, 0x5A, 0x56, 0xFF, 0x63, 0x5E, 0x5B, 0xFF,
    0x65, 0x60, 0x5D, 0xFF, 0x68, 0x62, 0x60, 0xFF, 0x6A, 0x66, 0x62, 0xFE, 0x6D, 0x69, 0x66, 0xFE,
    0x6F, 0x6A, 0x67, 0xFF, 0x71, 0x6B, 0x69, 0xFF, 0x70, 0x6B, 0x69, 0xFF, 0x70, 0x6B, 0x68, 0xFF,
    0x6F, 0x69, 0x67, 0xFF, 0x6D, 0x68, 0x64, 0xFF, 0x6D, 0x67, 0x64, 0xFF, 0x6A, 0x65, 0x62, 0xFF,
    0x6A, 0x66, 0x63, 0xFF, 0x6A, 0x66, 0x65, 0xFF, 0x68, 0x65, 0x62, 0xFF, 0x4B, 0x48, 0x46, 0xFF,
    0x94, 0x8F, 0x8E, 0xFF, 0xBD, 0xB8, 0xB5, 0xFF, 0xBB, 0xB6, 0xB3, 0xFF, 0xC3, 0xBE, 0xBB, 0xFF,
    0xCB, 0xC6, 0xC5, 0xFF, 0xD3, 0xCF, 0xCF, 0xFF, 0xDB, 0xD6, 0xD3, 0xFF, 0xCF, 0xCA, 0xC8, 0xFF,
    0xA6, 0xA2, 0x9F, 0xFC, 0x69, 0x66, 0x63, 0xFF, 0x3D, 0x3B, 0x37, 0xFF, 0x30, 0x2E, 0x2B, 0xEE,
    0x43, 0x43, 0x41, 0x7D, 0x5C, 0x5C, 0x5C, 0x0B, 0x00, 0x00, 0x00, 0x00, 0x55, 0x55, 0x55, 0x03,
    0x00, 0x00, 0x00, 0x01, 0x00, 0x00, 0x00, 0x00, 0x00, 0x00, 0x00, 0x00, 0x00, 0x00, 0x00, 0x00,
    0x00, 0x00, 0x00, 0x00, 0x00, 0x00, 0x00, 0x00, 0x00, 0x00, 0x00, 0x00, 0x00, 0x00, 0x00, 0x00,
    0x00, 0x00, 0x00, 0x00, 0x00, 0x00, 0x00, 0x00, 0x00, 0x00, 0x00, 0x00, 0x00, 0x00, 0x00, 0x00,
    0x00, 0x00, 0x00, 0x00, 0x00, 0x00, 0x00, 0x00, 0x00, 0x00, 0x00, 0x00, 0x00, 0x00, 0x00, 0x00,
    0x00, 0x00, 0x00, 0x00, 0x00, 0x00, 0x00, 0x00, 0x00, 0x00, 0x00, 0x00, 0x00, 0x00, 0x00, 0x00,
    0x00, 0x00, 0x00, 0x00, 0x00, 0x00, 0x00, 0x00, 0x00, 0x00, 0x00, 0x00, 0x00, 0x00, 0x00, 0x00,
    0x00, 0x00, 0x00, 0x00, 0x00, 0x00, 0x00, 0x00, 0x00, 0x00, 0x00, 0x00, 0x00, 0x00, 0x00, 0x00,
    0x00, 0x00, 0x00, 0x00, 0x00, 0x00, 0x00, 0x00, 0x00, 0x00, 0x00, 0x00, 0x00, 0x00, 0x00, 0x00,
    0x00, 0x00, 0x00, 0x00, 0x00, 0x00, 0x00, 0x00, 0x00, 0x00, 0x00, 0x00, 0x00, 0x00, 0x00, 0x00,
    0x00, 0x00, 0x00, 0x00, 0x00, 0x00, 0x00, 0x00, 0x00, 0x00, 0x00, 0x00, 0x00, 0x00, 0x00, 0x00,
    0x00, 0x00, 0x00, 0x00, 0x00, 0x00, 0x00, 0x00, 0x00, 0x00, 0x00, 0x00, 0x00, 0x00, 0x00, 0x00,
    0x00, 0x00, 0x00, 0x00, 0x00, 0x00, 0x00, 0x00, 0x00, 0x00, 0x00, 0x00, 0x55, 0x55, 0x55, 0x03,
    0x00, 0x00, 0x00, 0x00, 0x31, 0x39, 0x31, 0x1F, 0x2F, 0x2E, 0x2E, 0xA0, 0x23, 0x20, 0x20, 0xFC,
    0x24, 0x21, 0x1F, 0xFD, 0x35, 0x31, 0x30, 0xFB, 0x45, 0x41, 0x3E, 0xFE, 0x4A, 0x46, 0x42, 0xFF,
    0x47, 0x43, 0x40, 0xFE, 0x44, 0x40, 0x3C, 0xFE, 0x44, 0x40, 0x3C, 0xFF, 0x41, 0x3D, 0x39, 0xFF,
    0x41, 0x3C, 0x3A, 0xFF, 0x45, 0x41, 0x3E, 0xFA, 0x2B, 0x27, 0x26, 0xEE, 0x22, 0x1E, 0x1E, 0xF0,
    0x22, 0x1F, 0x1E, 0xFD, 0x24, 0x21, 0x20, 0xFC, 0x2B, 0x28, 0x27, 0xEF, 0x30, 0x2D, 0x2D, 0xF6,
    0x30, 0x2C, 0x2B, 0xF9, 0x2D, 0x29, 0x29, 0xFF, 0x2E, 0x2A, 0x29, 0xFF, 0x30, 0x2B, 0x2A, 0xFF,
    0x30, 0x2B, 0x2B, 0xFF, 0x30, 0x2B, 0x2C, 0xFF, 0x31, 0x2D, 0x2D, 0xFF, 0x33, 0x2E, 0x2E, 0xFF,
    0x34, 0x2F, 0x2F, 0xFF, 0x36, 0x30, 0x31, 0xFF, 0x37, 0x32, 0x31, 0xFF, 0x37, 0x33, 0x32, 0xFF,
    0x39, 0x34, 0x34, 0xFF, 0x3B, 0x35, 0x35, 0xFF, 0x3B, 0x38, 0x33, 0xFF, 0x3D, 0x39, 0x35, 0xFF,
    0x3E, 0x3B, 0x38, 0xFF, 0x40, 0x3D, 0x39, 0xFF, 0x42, 0x3E, 0x3B, 0xFD, 0x43, 0x40, 0x3C, 0xFC,
    0x46, 0x42, 0x3E, 0xFC, 0x48, 0x44, 0x41, 0xFC, 0x49, 0x45, 0x42, 0xFC, 0x4C, 0x47, 0x44, 0xFC,
    0x50, 0x4A, 0x48, 0xFC, 0x54, 0x4F, 0x4C, 0xFE, 0x56, 0x53, 0x4F, 0xFF, 0x5A, 0x55, 0x52, 0xFF,
    0x5F, 0x5A, 0x57, 0xFF, 0x63, 0x5E, 0x5C, 0xFF, 0x68, 0x62, 0x61, 0xFF, 0x6C, 0x67, 0x64, 0xFF,
    0x70, 0x6C, 0x69, 0xFF, 0x74, 0x6F, 0x6C, 0xFF, 0x76, 0x71, 0x6F, 0xFF, 0x7A, 0x75, 0x73, 0xFF,
    0x7B, 0x76, 0x72, 0xFF, 0x7B, 0x76, 0x73, 0xFF, 0x7B, 0x75, 0x73, 0xFF, 0x79, 0x74, 0x72, 0xFF,
    0x77, 0x72, 0x6F, 0xFF, 0x74, 0x6F, 0x6C, 0xFF, 0x74, 0x6F, 0x6C, 0xFF, 0x73, 0x6E, 0x6B, 0xFF,
    0x6B, 0x67, 0x65, 0xFF, 0x65, 0x61, 0x5F, 0xFF, 0x5E, 0x5B, 0x58, 0xFF, 0x58, 0x54, 0x50, 0xFF,
    0x4B, 0x46, 0x43, 0xFF, 0x58, 0x55, 0x52, 0xFF, 0x89, 0x84, 0x81, 0xFF, 0xAA, 0xA5, 0xA4, 0xFF,
    0xB5, 0xB1, 0xAE, 0xFF, 0xC3, 0xBE, 0xBB, 0xFF, 0xC5, 0xBF, 0xBD, 0xFF, 0xCB, 0xC7, 0xC4, 0xFF,
    0xD8, 0xD4, 0xD2, 0xFF, 0xDA, 0xD6, 0xD4, 0xFE, 0xB8, 0xB5, 0xB1, 0xFB, 0x69, 0x66, 0x61, 0xFF,
    0x34, 0x32, 0x30, 0xFF, 0x43, 0x43, 0x42, 0xD8, 0x5B, 0x58, 0x58, 0x54, 0x00, 0x00, 0x00, 0x00,
    0x00, 0x00, 0x00, 0x01, 0x00, 0x00, 0x00, 0x01, 0x00, 0x00, 0x00, 0x00, 0x00, 0x00, 0x00, 0x00,
    0x00, 0x00, 0x00, 0x00, 0x00, 0x00, 0x00, 0x00, 0x00, 0x00, 0x00, 0x00, 0x00, 0x00, 0x00, 0x00,
    0x00, 0x00, 0x00, 0x00, 0x00, 0x00, 0x00, 0x00, 0x00, 0x00, 0x00, 0x00, 0x00, 0x00, 0x00, 0x00,
    0x00, 0x00, 0x00, 0x00, 0x00, 0x00, 0x00, 0x00, 0x00, 0x00, 0x00, 0x00, 0x00, 0x00, 0x00, 0x00,
    0x00, 0x00, 0x00, 0x00, 0x00, 0x00, 0x00, 0x00, 0x00, 0x00, 0x00, 0x00, 0x00, 0x00, 0x00, 0x00,
    0x00, 0x00, 0x00, 0x00, 0x00, 0x00, 0x00, 0x00, 0x00, 0x00, 0x00, 0x00, 0x00, 0x00, 0x00, 0x00,
    0x00, 0x00, 0x00, 0x00, 0x00, 0x00, 0x00, 0x00, 0x00, 0x00, 0x00, 0x00, 0x00, 0x00, 0x00, 0x00,
    0x00, 0x00, 0x00, 0x00, 0x00, 0x00, 0x00, 0x00, 0x00, 0x00, 0x00, 0x00, 0x00, 0x00, 0x00, 0x00,
    0x00, 0x00, 0x00, 0x00, 0x00, 0x00, 0x00, 0x00, 0x00, 0x00, 0x00, 0x00, 0x00, 0x00, 0x00, 0x00,
    0x00, 0x00, 0x00, 0x00, 0x00, 0x00, 0x00, 0x00, 0x00, 0x00, 0x00, 0x00, 0x00, 0x00, 0x00, 0x00,
    0x00, 0x00, 0x00, 0x00, 0x00, 0x00, 0x00, 0x00, 0x00, 0x00, 0x00, 0x00, 0x00, 0x00, 0x00, 0x00,
    0x00, 0x00, 0x00, 0x00, 0x00, 0x00, 0x00, 0x01, 0x55, 0x55, 0x55, 0x03, 0x00, 0x00, 0x00, 0x00,
    0x39, 0x36, 0x36, 0x54, 0x2E, 0x2B, 0x2A, 0xEB, 0x23, 0x20, 0x1F, 0xFF, 0x30, 0x2D, 0x2B, 0xFA,
    0x45, 0x42, 0x3E, 0xFE, 0x48, 0x45, 0x41, 0xFF, 0x44, 0x40, 0x3C, 0xFF, 0x40, 0x3D, 0x39, 0xFF,
    0x40, 0x3D, 0x38, 0xFF, 0x3E, 0x3A, 0x36, 0xFF, 0x35, 0x32, 0x30, 0xF6, 0x28, 0x25, 0x23, 0xED,
    0x41, 0x3D, 0x3C, 0xF5, 0x37, 0x33, 0x32, 0xF1, 0x1F, 0x1D, 0x1D, 0xF6, 0x25, 0x22, 0x21, 0xFF,
    0x25, 0x23, 0x22, 0xFF, 0x29, 0x25, 0x26, 0xFF, 0x2E, 0x29, 0x29, 0xFF, 0x2E, 0x2B, 0x2A, 0xFC,
    0x30, 0x2B, 0x2B, 0xF4, 0x2D, 0x2A, 0x2A, 0xF2, 0x2C, 0x29, 0x29, 0xF0, 0x2E, 0x2A, 0x29, 0xF0,
    0x2F, 0x2B, 0x29, 0xF7, 0x2F, 0x2B, 0x28, 0xF4, 0x30, 0x2C, 0x2B, 0xEB, 0x2F, 0x2B, 0x2A, 0xF0,
    0x2E, 0x2B, 0x29, 0xF0, 0x32, 0x2E, 0x2E, 0xE2, 0x31, 0x2E, 0x2D, 0xE2, 0x2F, 0x2B, 0x29, 0xF6,
    0x32, 0x2D, 0x2D, 0xE4, 0x36, 0x31, 0x2F, 0xD9, 0x36, 0x32, 0x2E, 0xDD, 0x35, 0x31, 0x2D, 0xEF,
    0x34, 0x31, 0x2E, 0xFF, 0x37, 0x33, 0x30, 0xFC, 0x3A, 0x37, 0x33, 0xF0, 0x3E, 0x3A, 0x37, 0xE6,
    0x41, 0x3E, 0x38, 0xE6, 0x42, 0x40, 0x3B, 0xE2, 0x45, 0x42, 0x3D, 0xE0, 0x47, 0x43, 0x40, 0xE3,
    0x48, 0x45, 0x41, 0xE7, 0x49, 0x45, 0x43, 0xF6, 0x4A, 0x46, 0x43, 0xFF, 0x4D, 0x48, 0x45, 0xFF,
    0x50, 0x4C, 0x49, 0xFF, 0x52, 0x4F, 0x4C, 0xFB, 0x5B, 0x56, 0x53, 0xEB, 0x5B, 0x56, 0x53, 0xF6,
    0x5D, 0x58, 0x57, 0xFF, 0x5F, 0x5C, 0x59, 0xFF, 0x69, 0x65, 0x64, 0xED, 0x6C, 0x68, 0x64, 0xF0,
    0x6B, 0x67, 0x64, 0xFF, 0x70, 0x6C, 0x69, 0xFD, 0x75, 0x71, 0x6E, 0xFC, 0x77, 0x72, 0x70, 0xFF,
    0x78, 0x73, 0x70, 0xFF, 0x76, 0x71, 0x6D, 0xFF, 0x6F, 0x6A, 0x68, 0xFF, 0x6C, 0x68, 0x65, 0xFF,
    0x6D, 0x68, 0x66, 0xFF, 0x6E, 0x69, 0x67, 0xFF, 0x67, 0x62, 0x61, 0xFF, 0x5E, 0x59, 0x58, 0xFF,
    0x55, 0x51, 0x4E, 0xFF, 0x4B, 0x47, 0x43, 0xFF, 0x54, 0x51, 0x4C, 0xFF, 0x75, 0x72, 0x70, 0xFE,
    0x5B, 0x58, 0x56, 0xF8, 0x83, 0x7E, 0x7A, 0xFE, 0xAC, 0xA8, 0xA5, 0xFF, 0xBD, 0xBB, 0xB7, 0xFF,
    0xC3, 0xBF, 0xBC, 0xFF, 0xC6, 0xC2, 0xBE, 0xFF, 0xD5, 0xD2, 0xCF, 0xFF, 0xDC, 0xD8, 0xD5, 0xFE,
    0x9F, 0x9A, 0x97, 0xFB, 0x45, 0x41, 0x3F, 0xFF, 0x43, 0x40, 0x3C, 0xFF, 0x56, 0x55, 0x50, 0x9C,
    0x66, 0x66, 0x66, 0x05, 0x00, 0x00, 0x00, 0x00, 0x55, 0x55, 0x00, 0x03, 0x00, 0x00, 0x00, 0x00,
    0x00, 0x00, 0x00, 0x00, 0x00, 0x00, 0x00, 0x00, 0x00, 0x00, 0x00, 0x00, 0x00, 0x00, 0x00, 0x00,
    0x00, 0x00, 0x00, 0x00, 0x00, 0x00, 0x00, 0x00, 0x00, 0x00, 0x00, 0x00, 0x00, 0x00, 0x00, 0x00,
    0x00, 0x00, 0x00, 0x00, 0x00, 0x00, 0x00, 0x00, 0x00, 0x00, 0x00, 0x00, 0x00, 0x00, 0x00, 0x00,
    0x00, 0x00, 0x00, 0x00, 0x00, 0x00, 0x00, 0x00, 0x00, 0x00, 0x00, 0x00, 0x00, 0x00, 0x00, 0x00,
    0x00, 0x00, 0x00, 0x00, 0x00, 0x00, 0x00, 0x00, 0x00, 0x00, 0x00, 0x00, 0x00, 0x00, 0x00, 0x00,
    0x00, 0x00, 0x00, 0x00, 0x00, 0x00, 0x00, 0x00, 0x00, 0x00, 0x00, 0x00, 0x00, 0x00, 0x00, 0x00,
    0x00, 0x00, 0x00, 0x00, 0x00, 0x00, 0x00, 0x00, 0x00, 0x00, 0x00, 0x00, 0x00, 0x00, 0x00, 0x00,
    0x00, 0x00, 0x00, 0x00, 0x00, 0x00, 0x00, 0x00, 0x00, 0x00, 0x00, 0x00, 0x00, 0x00, 0x00, 0x00,
    0x00, 0x00, 0x00, 0x00, 0x00, 0x00, 0x00, 0x00, 0x00, 0x00, 0x00, 0x00, 0x00, 0x00, 0x00, 0x00,
    0x00, 0x00, 0x00, 0x00, 0x00, 0x00, 0x00, 0x00, 0x00, 0x00, 0x00, 0x00, 0x00, 0x00, 0x00, 0x00,
    0x00, 0x00, 0x00, 0x01, 0x55, 0x55, 0x55, 0x03, 0x00, 0x00, 0x00, 0x00, 0x30, 0x2E, 0x2C, 0x7D,
    0x29, 0x26, 0x25, 0xFF, 0x22, 0x1E, 0x1C, 0xF7, 0x39, 0x36, 0x33, 0xFB, 0x43, 0x40, 0x3C, 0xFF,
    0x3F, 0x3C, 0x37, 0xFF, 0x3D, 0x3A, 0x36, 0xFF, 0x3C, 0x39, 0x35, 0xFC, 0x39, 0x36, 0x32, 0xFF,
    0x30, 0x2D, 0x2B, 0xF2, 0x25, 0x23, 0x21, 0xB6, 0x1E, 0x1D, 0x1A, 0xA5, 0x23, 0x21, 0x21, 0xE0,
    0x24, 0x23, 0x22, 0xFB, 0x23, 0x20, 0x1F, 0xFF, 0x27, 0x24, 0x23, 0xFF, 0x28, 0x26, 0x25, 0xFF,
    0x2C, 0x28, 0x29, 0xFF, 0x2F, 0x2A, 0x2A, 0xFF, 0x32, 0x2D, 0x2D, 0xFF, 0x33, 0x2E, 0x2F, 0xFF,
    0x33, 0x2F, 0x2E, 0xFF, 0x32, 0x2E, 0x2D, 0xFD, 0x2F, 0x2B, 0x2B, 0xF2, 0x2D, 0x29, 0x29, 0xE2,
    0x2B, 0x28, 0x27, 0xE7, 0x2C, 0x2A, 0x27, 0xEA, 0x30, 0x2E, 0x2C, 0xDB, 0x32, 0x2C, 0x2C, 0xE3,
    0x31, 0x2D, 0x2B, 0xF4, 0x34, 0x30, 0x30, 0xED, 0x35, 0x31, 0x31, 0xED, 0x35, 0x31, 0x30, 0xFB,
    0x38, 0x34, 0x31, 0xFB, 0x3A, 0x38, 0x34, 0xFA, 0x3C, 0x3A, 0x35, 0xFA, 0x3E, 0x3B, 0x37, 0xFD,
    0x41, 0x3E, 0x3A, 0xFF, 0x43, 0x40, 0x3C, 0xFF, 0x45, 0x43, 0x3F, 0xFF, 0x48, 0x45, 0x42, 0xFF,
    0x4C, 0x48, 0x44, 0xFF, 0x4E, 0x49, 0x46, 0xFF, 0x51, 0x4D, 0x49, 0xFF, 0x55, 0x51, 0x4C, 0xFF,
    0x59, 0x53, 0x50, 0xFF, 0x5B, 0x57, 0x53, 0xFF, 0x5E, 0x59, 0x57, 0xFF, 0x61, 0x5C, 0x59, 0xFF,
    0x64, 0x5F, 0x5D, 0xFF, 0x66, 0x62, 0x5F, 0xFE, 0x6A, 0x66, 0x63, 0xFC, 0x6B, 0x67, 0x65, 0xFE,
    0x6D, 0x69, 0x66, 0xFF, 0x70, 0x6B, 0x68, 0xFF, 0x74, 0x6E, 0x6C, 0xF4, 0x73, 0x6E, 0x6D, 0xF6,
    0x71, 0x6C, 0x6B, 0xFF, 0x71, 0x6D, 0x6C, 0xFC, 0x73, 0x6F, 0x6D, 0xFA, 0x73, 0x6D, 0x6D, 0xFF,
    0x76, 0x72, 0x71, 0xFF, 0x7B, 0x77, 0x75, 0xFF, 0x7D, 0x79, 0x76, 0xFF, 0x7D, 0x78, 0x76, 0xFF,
    0x77, 0x71, 0x6F, 0xFF, 0x6E, 0x69, 0x67, 0xFF, 0x69, 0x63, 0x61, 0xFF, 0x65, 0x5F, 0x5D, 0xFF,
    0x5F, 0x5A, 0x59, 0xFF, 0x5B, 0x56, 0x55, 0xFF, 0x57, 0x53, 0x4F, 0xFF, 0x52, 0x4F, 0x4B, 0xFE,
    0x4D, 0x4A, 0x45, 0xF8, 0x37, 0x34, 0x30, 0xF1, 0x4A, 0x48, 0x43, 0xF4, 0x7E, 0x7B, 0x77, 0xFF,
    0xAE, 0xAB, 0xA8, 0xFF, 0xC3, 0xC0, 0xBC, 0xFF, 0xC2, 0xBF, 0xBB, 0xFF, 0xC1, 0xBD, 0xBA, 0xFF,
    0xD1, 0xCD, 0xCA, 0xFF, 0xC1, 0xBC, 0xB9, 0xFD, 0x5E, 0x59, 0x57, 0xFC, 0x3A, 0x37, 0x33, 0xFF,
    0x3D, 0x3A, 0x37, 0xB7, 0x24, 0x24, 0x24, 0x0E, 0x00, 0x00, 0x00, 0x00, 0x00, 0x00, 0x00, 0x02,
    0x00, 0x00, 0x00, 0x00, 0x00, 0x00, 0x00, 0x00, 0x00, 0x00, 0x00, 0x00, 0x00, 0x00, 0x00, 0x00,
    0x00, 0x00, 0x00, 0x00, 0x00, 0x00, 0x00, 0x00, 0x00, 0x00, 0x00, 0x00, 0x00, 0x00, 0x00, 0x00,
    0x00, 0x00, 0x00, 0x00, 0x00, 0x00, 0x00, 0x00, 0x00, 0x00, 0x00, 0x00, 0x00, 0x00, 0x00, 0x00,
    0x00, 0x00, 0x00, 0x00, 0x00, 0x00, 0x00, 0x00, 0x00, 0x00, 0x00, 0x00, 0x00, 0x00, 0x00, 0x00,
    0x00, 0x00, 0x00, 0x00, 0x00, 0x00, 0x00, 0x00, 0x00, 0x00, 0x00, 0x00, 0x00, 0x00, 0x00, 0x00,
    0x00, 0x00, 0x00, 0x00, 0x00, 0x00, 0x00, 0x00, 0x00, 0x00, 0x00, 0x00, 0x00, 0x00, 0x00, 0x00,
    0x00, 0x00, 0x00, 0x00, 0x00, 0x00, 0x00, 0x00, 0x00, 0x00, 0x00, 0x00, 0x00, 0x00, 0x00, 0x00,
    0x00, 0x00, 0x00, 0x00, 0x00, 0x00, 0x00, 0x00, 0x00, 0x00, 0x00, 0x00, 0x00, 0x00, 0x00, 0x00,
    0x00, 0x00, 0x00, 0x00, 0x00, 0x00, 0x00, 0x00, 0x00, 0x00, 0x00, 0x00, 0x00, 0x00, 0x00, 0x00,
    0x00, 0x00, 0x00, 0x00, 0x00, 0x00, 0x00, 0x00, 0x00, 0x00, 0x00, 0x00, 0x00, 0x00, 0x00, 0x01,
    0x00, 0x00, 0x00, 0x03, 0x00, 0x00, 0x00, 0x00, 0x29, 0x27, 0x27, 0x8D, 0x1D, 0x1C, 0x1B, 0xFF,
    0x22, 0x20, 0x1F, 0xEB, 0x3B, 0x37, 0x34, 0xFB, 0x3C, 0x38, 0x34, 0xFE, 0x39, 0x36, 0x32, 0xFF,
    0x3A, 0x37, 0x33, 0xFC, 0x36, 0x33, 0x2F, 0xF7, 0x2D, 0x2A, 0x28, 0xFC, 0x23, 0x21, 0x1F, 0xBD,
    0x19, 0x17, 0x15, 0x77, 0x1E, 0x1C, 0x1C, 0x98, 0x26, 0x23, 0x21, 0xEC, 0x26, 0x25, 0x22, 0xFF,
    0x28, 0x26, 0x24, 0xFF, 0x2C, 0x28, 0x27, 0xFF, 0x2E, 0x2A, 0x2A, 0xFF, 0x31, 0x2D, 0x2C, 0xFF,
    0x33, 0x2E, 0x2E, 0xFF, 0x33, 0x2E, 0x2E, 0xFF, 0x35, 0x30, 0x31, 0xFF, 0x35, 0x30, 0x31, 0xFF,
    0x35, 0x30, 0x30, 0xFF, 0x34, 0x2F, 0x2F, 0xFF, 0x35, 0x30, 0x30, 0xFF, 0x35, 0x31, 0x30, 0xFF,
    0x35, 0x31, 0x30, 0xFF, 0x36, 0x31, 0x31, 0xFF, 0x37, 0x33, 0x31, 0xFF, 0x38, 0x33, 0x33, 0xFF,
    0x38, 0x33, 0x33, 0xFF, 0x39, 0x34, 0x34, 0xFF, 0x3A, 0x35, 0x36, 0xFF, 0x3B, 0x37, 0x36, 0xFF,
    0x3C, 0x39, 0x35, 0xFF, 0x3E, 0x3A, 0x36, 0xFF, 0x40, 0x3D, 0x38, 0xFF, 0x41, 0x3E, 0x3A, 0xFF,
    0x43, 0x40, 0x3C, 0xFF, 0x45, 0x41, 0x3D, 0xFF, 0x48, 0x43, 0x3F, 0xFF, 0x49, 0x45, 0x42, 0xFF,
    0x4B, 0x48, 0x44, 0xFF, 0x4F, 0x4A, 0x47, 0xFE, 0x51, 0x4C, 0x49, 0xFE, 0x54, 0x50, 0x4D, 0xFE,
    0x58, 0x53, 0x50, 0xFF, 0x5D, 0x57, 0x54, 0xFF, 0x60, 0x5A, 0x58, 0xFF, 0x63, 0x5E, 0x5C, 0xFF,
    0x66, 0x61, 0x5F, 0xFF, 0x6C, 0x66, 0x64, 0xFF, 0x70, 0x6A, 0x68, 0xFF, 0x74, 0x6F, 0x6C, 0xFF,
    0x79, 0x74, 0x71, 0xFF, 0x7D, 0x78, 0x76, 0xFF, 0x81, 0x7C, 0x7B, 0xFF, 0x85, 0x80, 0x7E, 0xFF,
    0x89, 0x84, 0x82, 0xFF, 0x8B, 0x86, 0x85, 0xFF, 0x8D, 0x88, 0x85, 0xFF, 0x8F, 0x8A, 0x87, 0xFF,
    0x8F, 0x8B, 0x89, 0xFF, 0x8D, 0x89, 0x87, 0xFF, 0x88, 0x83, 0x81, 0xFF, 0x81, 0x7C, 0x7A, 0xFF,
    0x79, 0x73, 0x71, 0xFF, 0x71, 0x6C, 0x69, 0xFF, 0x6C, 0x66, 0x63, 0xFF, 0x68, 0x62, 0x60, 0xFF,
    0x65, 0x5F, 0x5D, 0xFF, 0x63, 0x5E, 0x5D, 0xFF, 0x65, 0x60, 0x5D, 0xFF, 0x65, 0x5F, 0x5C, 0xFF,
    0x60, 0x5D, 0x58, 0xFF, 0x5B, 0x58, 0x53, 0xFD, 0x4B, 0x48, 0x44, 0xF4, 0x38, 0x35, 0x30, 0xF0,
    0x4B, 0x48, 0x44, 0xF7, 0x7F, 0x7B, 0x77, 0xFF, 0xA7, 0xA4, 0xA0, 0xFF, 0xBC, 0xB8, 0xB6, 0xFE,
    0xB8, 0xB3, 0xB1, 0xFF, 0xBB, 0xB6, 0xB4, 0xFF, 0xB5, 0xB0, 0xAD, 0xFF, 0x61, 0x5E, 0x59, 0xFA,
    0x33, 0x30, 0x2D, 0xFF, 0x35, 0x31, 0x30, 0xD2, 0x2D, 0x2D, 0x2D, 0x1C, 0x00, 0x00, 0x00, 0x00,
    0x00, 0x00, 0x00, 0x02, 0x00, 0x00, 0x00, 0x00, 0x00, 0x00, 0x00, 0x00, 0x00, 0x00, 0x00, 0x00,
    0x00, 0x00, 0x00, 0x00, 0x00, 0x00, 0x00, 0x00, 0x00, 0x00, 0x00, 0x00, 0x00, 0x00, 0x00, 0x00,
    0x00, 0x00, 0x00, 0x00, 0x00, 0x00, 0x00, 0x00, 0x00, 0x00, 0x00, 0x00, 0x00, 0x00, 0x00, 0x00,
    0x00, 0x00, 0x00, 0x00, 0x00, 0x00, 0x00, 0x00, 0x00, 0x00, 0x00, 0x00, 0x00, 0x00, 0x00, 0x00,
    0x00, 0x00, 0x00, 0x00, 0x00, 0x00, 0x00, 0x00, 0x00, 0x00, 0x00, 0x00, 0x00, 0x00, 0x00, 0x00,
    0x00, 0x00, 0x00, 0x00, 0x00, 0x00, 0x00, 0x00, 0x00, 0x00, 0x00, 0x00, 0x00, 0x00, 0x00, 0x00,
    0x00, 0x00, 0x00, 0x00, 0x00, 0x00, 0x00, 0x00, 0x00, 0x00, 0x00, 0x00, 0x00, 0x00, 0x00, 0x00,
    0x00, 0x00, 0x00, 0x00, 0x00, 0x00, 0x00, 0x00, 0x00, 0x00, 0x00, 0x00, 0x00, 0x00, 0x00, 0x00,
    0x00, 0x00, 0x00, 0x00, 0x00, 0x00, 0x00, 0x00, 0x00, 0x00, 0x00, 0x00, 0x00, 0x00, 0x00, 0x00,
    0x00, 0x00, 0x00, 0x00, 0x00, 0x00, 0x00, 0x00, 0x00, 0x00, 0x00, 0x00, 0x33, 0x00, 0x00, 0x05,
    0x00, 0x00, 0x00, 0x00, 0x24, 0x22, 0x20, 0x86, 0x1B, 0x19, 0x18, 0xFF, 0x40, 0x3D, 0x3D, 0xE3,
    0x6A, 0x67, 0x64, 0xFB, 0x3B, 0x38, 0x33, 0xFF, 0x33, 0x2F, 0x2B, 0xFF, 0x33, 0x30, 0x2D, 0xEE,
    0x2B, 0x29, 0x25, 0xEC, 0x23, 0x21, 0x21, 0xD0, 0x1A, 0x1A, 0x18, 0x68, 0x1C, 0x19, 0x19, 0x6C,
    0x23, 0x20, 0x20, 0xD2, 0x27, 0x24, 0x23, 0xFF, 0x28, 0x25, 0x24, 0xFF, 0x2B, 0x27, 0x27, 0xFE,
    0x2F, 0x2B, 0x29, 0xFF, 0x33, 0x2F, 0x2E, 0xFF, 0x35, 0x30, 0x30, 0xFF, 0x36, 0x31, 0x32, 0xFF,
    0x37, 0x32, 0x33, 0xFF, 0x37, 0x33, 0x33, 0xFF, 0x38, 0x33, 0x33, 0xFF, 0x38, 0x32, 0x33, 0xFF,
    0x37, 0x32, 0x33, 0xFF, 0x34, 0x30, 0x30, 0xFF, 0x33, 0x2F, 0x2E, 0xFF, 0x33, 0x2F, 0x2E, 0xFE,
    0x33, 0x2F, 0x2F, 0xFE, 0x34, 0x2F, 0x2F, 0xFE, 0x35, 0x30, 0x30, 0xFE, 0x36, 0x31, 0x32, 0xFE,
    0x37, 0x31, 0x32, 0xFF, 0x38, 0x33, 0x34, 0xFE, 0x39, 0x34, 0x35, 0xFE, 0x3B, 0x36, 0x35, 0xFF,
    0x3D, 0x39, 0x35, 0xFF, 0x3F, 0x3B, 0x37, 0xFF, 0x40, 0x3D, 0x39, 0xFF, 0x42, 0x3E, 0x3B, 0xFF,
    0x43, 0x40, 0x3C, 0xFF, 0x46, 0x43, 0x3F, 0xFF, 0x49, 0x45, 0x41, 0xFF, 0x4B, 0x47, 0x43, 0xFF,
    0x4D, 0x49, 0x46, 0xFF, 0x4F, 0x4C, 0x48, 0xFF, 0x53, 0x4E, 0x4B, 0xFF, 0x56, 0x51, 0x4F, 0xFF,
    0x5A, 0x55, 0x53, 0xFF, 0x5E, 0x59, 0x57, 0xFF, 0x62, 0x5D, 0x5A, 0xFF, 0x65, 0x60, 0x5E, 0xFF,
    0x69, 0x64, 0x61, 0xFF, 0x6E, 0x69, 0x68, 0xFF, 0x71, 0x6C, 0x6B, 0xFF, 0x76, 0x70, 0x6E, 0xFF,
    0x7B, 0x75, 0x74, 0xFF, 0x7D, 0x78, 0x76, 0xFF, 0x80, 0x7C, 0x7A, 0xFF, 0x84, 0x7F, 0x7D, 0xFF,
    0x86, 0x81, 0x7F, 0xFF, 0x8A, 0x85, 0x82, 0xFF, 0x8A, 0x85, 0x83, 0xFF, 0x8D, 0x88, 0x86, 0xFF,
    0x8F, 0x8A, 0x88, 0xFF, 0x8F, 0x8A, 0x89, 0xFF, 0x8B, 0x85, 0x83, 0xFF, 0x84, 0x7F, 0x7C, 0xFF,
    0x7A, 0x75, 0x73, 0xFF, 0x73, 0x6E, 0x6C, 0xFF, 0x6C, 0x68, 0x66, 0xFF, 0x67, 0x62, 0x60, 0xFF,
    0x66, 0x60, 0x60, 0xFF, 0x65, 0x60, 0x5E, 0xFF, 0x68, 0x62, 0x62, 0xFF, 0x6C, 0x67, 0x66, 0xFF,
    0x6E, 0x68, 0x67, 0xFF, 0x6B, 0x67, 0x63, 0xFF, 0x6A, 0x66, 0x62, 0xFF, 0x61, 0x5D, 0x5A, 0xFC,
    0x44, 0x41, 0x3C, 0xF3, 0x2F, 0x2D, 0x27, 0xEC, 0x4E, 0x4C, 0x47, 0xF3, 0x76, 0x73, 0x6E, 0xFF,
    0x9D, 0x98, 0x95, 0xFF, 0xB1, 0xAD, 0xA9, 0xFE, 0xA2, 0x9B, 0x97, 0xFF, 0x73, 0x6E, 0x69, 0xFE,
    0x48, 0x44, 0x40, 0xFA, 0x37, 0x33, 0x32, 0xFF, 0x34, 0x2F, 0x2F, 0xD1, 0x2E, 0x2E, 0x2E, 0x0B,
    0x00, 0x00, 0x00, 0x01, 0x00, 0x00, 0x00, 0x01, 0x00, 0x00, 0x00, 0x00, 0x00, 0x00, 0x00, 0x00,
    0x00, 0x00, 0x00, 0x00, 0x00, 0x00, 0x00, 0x00, 0x00, 0x00, 0x00, 0x00, 0x00, 0x00, 0x00, 0x00,
    0x00, 0x00, 0x00, 0x00, 0x00, 0x00, 0x00, 0x00, 0x00, 0x00, 0x00, 0x00, 0x00, 0x00, 0x00, 0x00,
    0x00, 0x00, 0x00, 0x00, 0x00, 0x00, 0x00, 0x00, 0x00, 0x00, 0x00, 0x00, 0x00, 0x00, 0x00, 0x00,
    0x00, 0x00, 0x00, 0x00, 0x00, 0x00, 0x00, 0x00, 0x00, 0x00, 0x00, 0x00, 0x00, 0x00, 0x00, 0x00,
    0x00, 0x00, 0x00, 0x00, 0x00, 0x00, 0x00, 0x00, 0x00, 0x00, 0x00, 0x00, 0x00, 0x00, 0x00, 0x00,
    0x00, 0x00, 0x00, 0x00, 0x00, 0x00, 0x00, 0x00, 0x00, 0x00, 0x00, 0x00, 0x00, 0x00, 0x00, 0x00,
    0x00, 0x00, 0x00, 0x00, 0x00, 0x00, 0x00, 0x00, 0x00, 0x00, 0x00, 0x00, 0x00, 0x00, 0x00, 0x00,
    0x00, 0x00, 0x00, 0x00, 0x00, 0x00, 0x00, 0x00, 0x00, 0x00, 0x00, 0x00, 0x00, 0x00, 0x00, 0x00,
    0x00, 0x00, 0x00, 0x00, 0x00, 0x00, 0x00, 0x00, 0x3F, 0x00, 0x00, 0x04, 0x00, 0x00, 0x00, 0x00,
    0x24, 0x22, 0x22, 0x6F, 0x1E, 0x1C, 0x1B, 0xFF, 0x38, 0x36, 0x34, 0xEC, 0x9D, 0x9B, 0x99, 0xFB,
    0x7C, 0x78, 0x75, 0xFF, 0x2F, 0x2C, 0x29, 0xEA, 0x29, 0x28, 0x24, 0xD1, 0x1E, 0x1D, 0x1B, 0xC0,
    0x1E, 0x1C, 0x1B, 0xA8, 0x1C, 0x1C, 0x19, 0x59, 0x22, 0x1E, 0x1E, 0xA5, 0x24, 0x22, 0x21, 0xFF,
    0x26, 0x23, 0x23, 0xFF, 0x29, 0x24, 0x24, 0xFC, 0x2D, 0x29, 0x29, 0xFE, 0x32, 0x2D, 0x2C, 0xFF,
    0x35, 0x30, 0x30, 0xFF, 0x37, 0x32, 0x32, 0xFF, 0x39, 0x34, 0x33, 0xFF, 0x3B, 0x37, 0x35, 0xFF,
    0x3B, 0x38, 0x34, 0xFF, 0x39, 0x36, 0x32, 0xFF, 0x3A, 0x37, 0x35, 0xFF, 0x3A, 0x35, 0x36, 0xFF,
    0x37, 0x31, 0x33, 0xFF, 0x34, 0x30, 0x2F, 0xFF, 0x33, 0x2F, 0x2E, 0xFF, 0x33, 0x2F, 0x2F, 0xFF,
    0x34, 0x30, 0x2F, 0xFF, 0x35, 0x30, 0x2F, 0xFF, 0x35, 0x30, 0x30, 0xFF, 0x37, 0x31, 0x32, 0xFF,
    0x37, 0x32, 0x33, 0xFF, 0x39, 0x34, 0x35, 0xFF, 0x39, 0x35, 0x35, 0xFF, 0x3C, 0x38, 0x36, 0xFF,
    0x3E, 0x3A, 0x36, 0xFF, 0x3F, 0x3C, 0x38, 0xFF, 0x41, 0x3D, 0x39, 0xFF, 0x42, 0x3F, 0x3B, 0xFF,
    0x45, 0x41, 0x3D, 0xFF, 0x48, 0x43, 0x40, 0xFF, 0x4A, 0x46, 0x42, 0xFF, 0x4B, 0x48, 0x44, 0xFF,
    0x4D, 0x4A, 0x46, 0xFF, 0x51, 0x4D, 0x49, 0xFF, 0x54, 0x50, 0x4D, 0xFF, 0x58, 0x53, 0x51, 0xFF,
    0x5D, 0x58, 0x54, 0xFF, 0x60, 0x5B, 0x58, 0xFF, 0x64, 0x5E, 0x5E, 0xFF, 0x67, 0x62, 0x61, 0xFF,
    0x6C, 0x66, 0x65, 0xFF, 0x70, 0x6B, 0x6A, 0xFF, 0x74, 0x6E, 0x6E, 0xFF, 0x77, 0x72, 0x70, 0xFF,
    0x7B, 0x77, 0x74, 0xFF, 0x80, 0x7B, 0x7A, 0xFF, 0x83, 0x7F, 0x7D, 0xFF, 0x87, 0x82, 0x81, 0xFF,
    0x8A, 0x85, 0x82, 0xFF, 0x8D, 0x88, 0x86, 0xFF, 0x8F, 0x8A, 0x88, 0xFF, 0x91, 0x8C, 0x8A, 0xFF,
    0x93, 0x8E, 0x8E, 0xFF, 0x94, 0x8E, 0x8D, 0xFF, 0x90, 0x8B, 0x89, 0xFF, 0x89, 0x84, 0x83, 0xFF,
    0x7D, 0x77, 0x75, 0xFF, 0x72, 0x6D, 0x6A, 0xFF, 0x6C, 0x67, 0x65, 0xFF, 0x66, 0x61, 0x60, 0xFF,
    0x64, 0x60, 0x5C, 0xFF, 0x65, 0x60, 0x5E, 0xFF, 0x69, 0x64, 0x63, 0xFF, 0x6E, 0x69, 0x67, 0xFF,
    0x73, 0x6D, 0x6C, 0xFF, 0x78, 0x73, 0x72, 0xFF, 0x78, 0x73, 0x72, 0xFF, 0x70, 0x6B, 0x69, 0xFF,
    0x6C, 0x68, 0x63, 0xFF, 0x5B, 0x57, 0x53, 0xF7, 0x35, 0x33, 0x31, 0xDF, 0x30, 0x2D, 0x2A, 0xDF,
    0x47, 0x45, 0x41, 0xF9, 0x74, 0x70, 0x6E, 0xFF, 0x92, 0x8B, 0x88, 0xFD, 0x5F, 0x59, 0x56, 0xFF,
    0x32, 0x2F, 0x2B, 0xFF, 0x43, 0x40, 0x3D, 0xF8, 0x37, 0x33, 0x32, 0xFF, 0x35, 0x32, 0x30, 0xB1,
    0x00, 0x00, 0x00, 0x01, 0x3F, 0x3F, 0x3F, 0x04, 0x00, 0x00, 0x00, 0x01, 0x00, 0x00, 0x00, 0x00,
    0x00, 0x00, 0x00, 0x00, 0x00, 0x00, 0x00, 0x00, 0x00, 0x00, 0x00, 0x00, 0x00, 0x00, 0x00, 0x00,
    0x00, 0x00, 0x00, 0x00, 0x00, 0x00, 0x00, 0x00, 0x00, 0x00, 0x00, 0x00, 0x00, 0x00, 0x00, 0x00,
    0x00, 0x00, 0x00, 0x00, 0x00, 0x00, 0x00, 0x00, 0x00, 0x00, 0x00, 0x00, 0x00, 0x00, 0x00, 0x00,
    0x00, 0x00, 0x00, 0x00, 0x00, 0x00, 0x00, 0x00, 0x00, 0x00, 0x00, 0x00, 0x00, 0x00, 0x00, 0x00,
    0x00, 0x00, 0x00, 0x00, 0x00, 0x00, 0x00, 0x00, 0x00, 0x00, 0x00, 0x00, 0x00, 0x00, 0x00, 0x00,
    0x00, 0x00, 0x00, 0x00, 0x00, 0x00, 0x00, 0x00, 0x00, 0x00, 0x00, 0x00, 0x00, 0x00, 0x00, 0x00,
    0x00, 0x00, 0x00, 0x00, 0x00, 0x00, 0x00, 0x00, 0x00, 0x00, 0x00, 0x00, 0x00, 0x00, 0x00, 0x00,
    0x00, 0x00, 0x00, 0x00, 0x00, 0x00, 0x00, 0x00, 0x00, 0x00, 0x00, 0x00, 0x00, 0x00, 0x00, 0x00,
    0x00, 0x00, 0x00, 0x00, 0x55, 0x00, 0x00, 0x03, 0x00, 0x00, 0x00, 0x00, 0x25, 0x25, 0x25, 0x44,
    0x23, 0x21, 0x20, 0xFE, 0x2B, 0x28, 0x26, 0xF2, 0x57, 0x55, 0x53, 0xF5, 0x82, 0x7D, 0x79, 0xFD,
    0x5C, 0x59, 0x56, 0xD4, 0x26, 0x24, 0x23, 0xCB, 0x24, 0x20, 0x20, 0xB4, 0x37, 0x35, 0x33, 0x7D,
    0x24, 0x22, 0x22, 0xA9, 0x23, 0x1E, 0x1E, 0xF7, 0x24, 0x22, 0x21, 0xFF, 0x24, 0x21, 0x21, 0xFD,
    0x29, 0x24, 0x25, 0xFE, 0x2D, 0x29, 0x29, 0xFF, 0x31, 0x2C, 0x2C, 0xFF, 0x35, 0x2E, 0x30, 0xFF,
    0x37, 0x32, 0x33, 0xFF, 0x3A, 0x36, 0x35, 0xFF, 0x3D, 0x3A, 0x35, 0xFF, 0x3E, 0x3B, 0x36, 0xFF,
    0x3C, 0x39, 0x35, 0xFF, 0x3E, 0x3C, 0x36, 0xFF, 0x42, 0x3E, 0x3A, 0xFF, 0x3B, 0x36, 0x34, 0xFF,
    0x35, 0x32, 0x31, 0xFF, 0x33, 0x2F, 0x2F, 0xFF, 0x34, 0x2E, 0x2F, 0xFF, 0x33, 0x2E, 0x2F, 0xFF,
    0x34, 0x30, 0x2F, 0xFF, 0x35, 0x30, 0x30, 0xFF, 0x36, 0x31, 0x31, 0xFF, 0x37, 0x32, 0x32, 0xFF,
    0x38, 0x33, 0x34, 0xFF, 0x3A, 0x34, 0x35, 0xFF, 0x3A, 0x36, 0x34, 0xFF, 0x3C, 0x38, 0x35, 0xFF,
    0x3E, 0x3A, 0x37, 0xFF, 0x40, 0x3C, 0x39, 0xFF, 0x41, 0x3E, 0x3B, 0xFF, 0x44, 0x3F, 0x3C, 0xFF,
    0x46, 0x43, 0x3F, 0xFF, 0x49, 0x45, 0x41, 0xFF, 0x4B, 0x47, 0x43, 0xFF, 0x4D, 0x49, 0x44, 0xFF,
    0x50, 0x4C, 0x48, 0xFF, 0x53, 0x4E, 0x4B, 0xFF, 0x56, 0x51, 0x4F, 0xFF, 0x59, 0x54, 0x52, 0xFF,
    0x5D, 0x58, 0x56, 0xFF, 0x61, 0x5D, 0x5B, 0xFF, 0x66, 0x5F, 0x5E, 0xFF, 0x68, 0x63, 0x63, 0xFF,
    0x6E, 0x69, 0x67, 0xFF, 0x71, 0x6B, 0x6A, 0xFF, 0x75, 0x70, 0x6F, 0xFF, 0x7A, 0x75, 0x72, 0xFF,
    0x7E, 0x79, 0x78, 0xFF, 0x83, 0x7D, 0x7B, 0xFF, 0x85, 0x80, 0x7F, 0xFF, 0x89, 0x84, 0x83, 0xFF,
    0x8C, 0x87, 0x84, 0xFF, 0x8F, 0x8A, 0x87, 0xFF, 0x90, 0x8C, 0x8A, 0xFF, 0x94, 0x8F, 0x8D, 0xFF,
    0x96, 0x91, 0x91, 0xFF, 0x97, 0x91, 0x91, 0xFF, 0x94, 0x8F, 0x8D, 0xFF, 0x8E, 0x89, 0x88, 0xFF,
    0x82, 0x7C, 0x7B, 0xFF, 0x70, 0x6A, 0x68, 0xFF, 0x68, 0x61, 0x60, 0xFF, 0x67, 0x60, 0x5E, 0xFF,
    0x62, 0x5D, 0x5B, 0xFF, 0x65, 0x5F, 0x5E, 0xFF, 0x67, 0x63, 0x60, 0xFF, 0x6F, 0x69, 0x67, 0xFF,
    0x75, 0x70, 0x6E, 0xFF, 0x7A, 0x75, 0x74, 0xFF, 0x7F, 0x7A, 0x79, 0xFF, 0x83, 0x7F, 0x7D, 0xFF,
    0x7A, 0x75, 0x73, 0xFF, 0x6E, 0x69, 0x67, 0xFF, 0x65, 0x61, 0x5F, 0xFF, 0x53, 0x4F, 0x4D, 0xF6,
    0x3E, 0x3B, 0x3A, 0xE2, 0x32, 0x30, 0x30, 0xE2, 0x4C, 0x48, 0x47, 0xFF, 0x4B, 0x49, 0x47, 0xE1,
    0x21, 0x1F, 0x1C, 0xEE, 0x3B, 0x38, 0x35, 0xFF, 0x41, 0x3E, 0x3C, 0xFC, 0x37, 0x34, 0x33, 0xFF,
    0x33, 0x31, 0x31, 0x80, 0x00, 0x00, 0x00, 0x00, 0x3F, 0x3F, 0x3F, 0x04, 0x00, 0x00, 0x00, 0x00,
    0x00, 0x00, 0x00, 0x00, 0x00, 0x00, 0x00, 0x00, 0x00, 0x00, 0x00, 0x00, 0x00, 0x00, 0x00, 0x00,
    0x00, 0x00, 0x00, 0x00, 0x00, 0x00, 0x00, 0x00, 0x00, 0x00, 0x00, 0x00, 0x00, 0x00, 0x00, 0x00,
    0x00, 0x00, 0x00, 0x00, 0x00, 0x00, 0x00, 0x00, 0x00, 0x00, 0x00, 0x00, 0x00, 0x00, 0x00, 0x00,
    0x00, 0x00, 0x00, 0x00, 0x00, 0x00, 0x00, 0x00, 0x00, 0x00, 0x00, 0x00, 0x00, 0x00, 0x00, 0x00,
    0x00, 0x00, 0x00, 0x00, 0x00, 0x00, 0x00, 0x00, 0x00, 0x00, 0x00, 0x00, 0x00, 0x00, 0x00, 0x00,
    0x00, 0x00, 0x00, 0x00, 0x00, 0x00, 0x00, 0x00, 0x00, 0x00, 0x00, 0x00, 0x00, 0x00, 0x00, 0x00,
    0x00, 0x00, 0x00, 0x00, 0x00, 0x00, 0x00, 0x00, 0x00, 0x00, 0x00, 0x00, 0x00, 0x00, 0x00, 0x00,
    0x00, 0x00, 0x00, 0x00, 0x00, 0x00, 0x00, 0x00, 0x00, 0x00, 0x00, 0x00, 0x00, 0x00, 0x00, 0x00,
    0x00, 0x00, 0x00, 0x02, 0x00, 0x00, 0x00, 0x02, 0x22, 0x22, 0x22, 0x16, 0x28, 0x26, 0x26, 0xE7,
    0x23, 0x22, 0x21, 0xFE, 0x45, 0x45, 0x43, 0xF2, 0x3F, 0x3D, 0x3B, 0xF8, 0x45, 0x41, 0x40, 0xED,
    0x37, 0x33, 0x31, 0xDD, 0x1F, 0x1D, 0x1B, 0x78, 0x44, 0x42, 0x40, 0x9D, 0x36, 0x36, 0x34, 0xEE,
    0x22, 0x20, 0x1E, 0xFF, 0x24, 0x21, 0x20, 0xFF, 0x26, 0x21, 0x22, 0xFC, 0x29, 0x25, 0x25, 0xFF,
    0x2C, 0x27, 0x28, 0xFF, 0x30, 0x2B, 0x2B, 0xFF, 0x34, 0x2E, 0x2F, 0xFF, 0x37, 0x32, 0x33, 0xFF,
    0x3A, 0x36, 0x35, 0xFF, 0x3D, 0x3A, 0x36, 0xFF, 0x41, 0x3E, 0x39, 0xFF, 0x41, 0x3D, 0x39, 0xFF,
    0x43, 0x40, 0x3C, 0xFF, 0x4C, 0x48, 0x44, 0xFF, 0x42, 0x3E, 0x3A, 0xFF, 0x38, 0x35, 0x31, 0xFF,
    0x35, 0x30, 0x30, 0xFF, 0x33, 0x2E, 0x2E, 0xFF, 0x33, 0x2E, 0x2E, 0xFF, 0x33, 0x2F, 0x2F, 0xFF,
    0x34, 0x30, 0x2F, 0xFF, 0x35, 0x30, 0x31, 0xFF, 0x36, 0x31, 0x32, 0xFF, 0x37, 0x32, 0x33, 0xFF,
    0x39, 0x34, 0x34, 0xFF, 0x3A, 0x36, 0x33, 0xFF, 0x3B, 0x37, 0x33, 0xFF, 0x3D, 0x39, 0x35, 0xFF,
    0x3F, 0x3B, 0x38, 0xFF, 0x41, 0x3D, 0x39, 0xFF, 0x42, 0x3F, 0x3B, 0xFF, 0x45, 0x41, 0x3D, 0xFF,
    0x47, 0x43, 0x40, 0xFF, 0x49, 0x46, 0x42, 0xFF, 0x4C, 0x48, 0x44, 0xFF, 0x4F, 0x4A, 0x47, 0xFF,
    0x50, 0x4C, 0x4A, 0xFF, 0x54, 0x4F, 0x4D, 0xFF, 0x58, 0x52, 0x51, 0xFF, 0x5B, 0x56, 0x54, 0xFF,
    0x5F, 0x5A, 0x59, 0xFF, 0x63, 0x5E, 0x5D, 0xFF, 0x66, 0x61, 0x5E, 0xFF, 0x6A, 0x65, 0x63, 0xFF,
    0x6E, 0x6A, 0x68, 0xFF, 0x73, 0x6D, 0x6D, 0xFF, 0x77, 0x71, 0x71, 0xFF, 0x7C, 0x77, 0x76, 0xFF,
    0x81, 0x7B, 0x7A, 0xFF, 0x85, 0x7F, 0x7D, 0xFF, 0x86, 0x81, 0x80, 0xFF, 0x8A, 0x85, 0x83, 0xFF,
    0x8E, 0x89, 0x88, 0xFF, 0x91, 0x8C, 0x89, 0xFF, 0x94, 0x8F, 0x8D, 0xFF, 0x96, 0x91, 0x91, 0xFF,
    0x99, 0x93, 0x93, 0xFF, 0x9A, 0x95, 0x93, 0xFF, 0x99, 0x94, 0x93, 0xFF, 0x96, 0x91, 0x90, 0xFF,
    0x89, 0x83, 0x81, 0xFF, 0x75, 0x70, 0x6E, 0xFF, 0x5F, 0x5B, 0x58, 0xFF, 0x5D, 0x58, 0x55, 0xFF,
    0x63, 0x5D, 0x5C, 0xFF, 0x62, 0x5D, 0x5B, 0xFF, 0x67, 0x62, 0x5F, 0xFF, 0x6E, 0x69, 0x68, 0xFF,
    0x75, 0x70, 0x6F, 0xFF, 0x7B, 0x77, 0x74, 0xFF, 0x7F, 0x7A, 0x78, 0xFF, 0x85, 0x80, 0x80, 0xFF,
    0x8D, 0x89, 0x87, 0xFF, 0x86, 0x81, 0x7F, 0xFF, 0x6F, 0x6A, 0x67, 0xFE, 0x69, 0x64, 0x61, 0xFF,
    0x64, 0x5F, 0x5C, 0xFE, 0x54, 0x53, 0x52, 0xE9, 0x24, 0x23, 0x21, 0xCB, 0x2F, 0x2C, 0x2C, 0xD8,
    0x1F, 0x1F, 0x1E, 0x90, 0x2C, 0x28, 0x25, 0xCE, 0x3B, 0x39, 0x36, 0xF5, 0x37, 0x35, 0x34, 0xFB,
    0x38, 0x35, 0x34, 0xFF, 0x35, 0x31, 0x31, 0x43, 0x00, 0x00, 0x00, 0x00, 0x55, 0x55, 0x55, 0x03,
    0x00, 0x00, 0x00, 0x00, 0x00, 0x00, 0x00, 0x00, 0x00, 0x00, 0x00, 0x00, 0x00, 0x00, 0x00, 0x00,
    0x00, 0x00, 0x00, 0x00, 0x00, 0x00, 0x00, 0x00, 0x00, 0x00, 0x00, 0x00, 0x00, 0x00, 0x00, 0x00,
    0x00, 0x00, 0x00, 0x00, 0x00, 0x00, 0x00, 0x00, 0x00, 0x00, 0x00, 0x00, 0x00, 0x00, 0x00, 0x00,
    0x00, 0x00, 0x00, 0x00, 0x00, 0x00, 0x00, 0x00, 0x00, 0x00, 0x00, 0x00, 0x00, 0x00, 0x00, 0x00,
    0x00, 0x00, 0x00, 0x00, 0x00, 0x00, 0x00, 0x00, 0x00, 0x00, 0x00, 0x00, 0x00, 0x00, 0x00, 0x00,
    0x00, 0x00, 0x00, 0x00, 0x00, 0x00, 0x00, 0x00, 0x00, 0x00, 0x00, 0x00, 0x00, 0x00, 0x00, 0x00,
    0x00, 0x00, 0x00, 0x00, 0x00, 0x00, 0x00, 0x00, 0x00, 0x00, 0x00, 0x00, 0x00, 0x00, 0x00, 0x00,
    0x00, 0x00, 0x00, 0x00, 0x00, 0x00, 0x00, 0x00, 0x00, 0x00, 0x00, 0x00, 0x00, 0x00, 0x00, 0x00,
    0x55, 0x55, 0x55, 0x03, 0x00, 0x00, 0x00, 0x00, 0x2A, 0x27, 0x27, 0xAF, 0x25, 0x22, 0x22, 0xFF,
    0x39, 0x36, 0x36, 0xF8, 0x40, 0x3E, 0x3D, 0xFF, 0x34, 0x32, 0x30, 0xFC, 0x4A, 0x49, 0x49, 0xFE,
    0x5C, 0x5D, 0x5D, 0xD8, 0x20, 0x20, 0x1F, 0xA3, 0x26, 0x25, 0x23, 0xFF, 0x22, 0x1F, 0x1F, 0xFC,
    0x24, 0x22, 0x21, 0xFF, 0x25, 0x23, 0x22, 0xFE, 0x29, 0x24, 0x25, 0xFF, 0x2B, 0x26, 0x27, 0xFF,
    0x2E, 0x29, 0x2A, 0xFF, 0x32, 0x2D, 0x2E, 0xFF, 0x37, 0x32, 0x32, 0xFF, 0x3B, 0x36, 0x33, 0xFF,
    0x3E, 0x3A, 0x36, 0xFF, 0x41, 0x3D, 0x39, 0xFF, 0x42, 0x3F, 0x3B, 0xFF, 0x45, 0x43, 0x3F, 0xFF,
    0x5B, 0x57, 0x54, 0xFF, 0x4E, 0x4B, 0x47, 0xFF, 0x3E, 0x3B, 0x37, 0xFF, 0x36, 0x33, 0x30, 0xFF,
    0x33, 0x2F, 0x2F, 0xFF, 0x32, 0x2E, 0x2D, 0xFF, 0x33, 0x2E, 0x2D, 0xFF, 0x33, 0x2E, 0x2F, 0xFF,
    0x34, 0x2F, 0x2F, 0xFF, 0x35, 0x30, 0x31, 0xFF, 0x36, 0x31, 0x32, 0xFF, 0x37, 0x33, 0x34, 0xFF,
    0x39, 0x34, 0x35, 0xFF, 0x3A, 0x36, 0x35, 0xFF, 0x3C, 0x38, 0x35, 0xFF, 0x3D, 0x3A, 0x36, 0xFF,
    0x3F, 0x3B, 0x37, 0xFF, 0x41, 0x3D, 0x39, 0xFF, 0x43, 0x40, 0x3C, 0xFF, 0x45, 0x41, 0x3E, 0xFF,
    0x48, 0x44, 0x40, 0xFF, 0x4A, 0x46, 0x43, 0xFF, 0x4C, 0x49, 0x45, 0xFF, 0x50, 0x4B, 0x49, 0xFF,
    0x53, 0x4D, 0x4B, 0xFF, 0x55, 0x4F, 0x4F, 0xFF, 0x59, 0x53, 0x53, 0xFF, 0x5C, 0x57, 0x55, 0xFF,
    0x60, 0x5B, 0x59, 0xFF, 0x63, 0x5E, 0x5D, 0xFF, 0x68, 0x62, 0x61, 0xFF, 0x6C, 0x67, 0x65, 0xFF,
    0x6F, 0x6A, 0x69, 0xFF, 0x73, 0x6E, 0x6D, 0xFF, 0x78, 0x73, 0x73, 0xFF, 0x7D, 0x77, 0x77, 0xFF,
    0x82, 0x7C, 0x7B, 0xFF, 0x86, 0x81, 0x80, 0xFF, 0x89, 0x84, 0x83, 0xFF, 0x8D, 0x87, 0x86, 0xFF,
    0x90, 0x8A, 0x88, 0xFF, 0x94, 0x8E, 0x8C, 0xFF, 0x96, 0x90, 0x8F, 0xFF, 0x98, 0x93, 0x92, 0xFF,
    0x9B, 0x96, 0x95, 0xFF, 0x9D, 0x97, 0x97, 0xFF, 0x9E, 0x98, 0x98, 0xFF, 0x9C, 0x96, 0x95, 0xFF,
    0x92, 0x8B, 0x8B, 0xFF, 0x7D, 0x77, 0x75, 0xFF, 0x63, 0x5E, 0x5B, 0xFF, 0x4D, 0x47, 0x44, 0xFF,
    0x59, 0x55, 0x52, 0xFF, 0x63, 0x5E, 0x5C, 0xFF, 0x65, 0x60, 0x5E, 0xFF, 0x6C, 0x67, 0x65, 0xFF,
    0x74, 0x6F, 0x6D, 0xFF, 0x7B, 0x76, 0x74, 0xFF, 0x80, 0x7A, 0x79, 0xFF, 0x87, 0x82, 0x80, 0xFF,
    0x8E, 0x88, 0x85, 0xFF, 0x97, 0x92, 0x8E, 0xFF, 0x93, 0x8D, 0x8B, 0xFF, 0x79, 0x73, 0x70, 0xFF,
    0x6E, 0x67, 0x64, 0xFF, 0x68, 0x62, 0x60, 0xFF, 0x46, 0x40, 0x3E, 0xDE, 0x5E, 0x5D, 0x5D, 0xE2,
    0x57, 0x59, 0x5B, 0xF6, 0x1F, 0x20, 0x1F, 0xB4, 0x12, 0x10, 0x0E, 0x8C, 0x3A, 0x38, 0x37, 0xE7,
    0x39, 0x36, 0x35, 0xFF, 0x38, 0x36, 0x35, 0xE5, 0x2D, 0x3C, 0x2D, 0x11, 0x7F, 0x7F, 0x7F, 0x02,
    0x00, 0x00, 0x00, 0x02, 0x00, 0x00, 0x00, 0x00, 0x00, 0x00, 0x00, 0x00, 0x00, 0x00, 0x00, 0x00,
    0x00, 0x00, 0x00, 0x00, 0x00, 0x00, 0x00, 0x00, 0x00, 0x00, 0x00, 0x00, 0x00, 0x00, 0x00, 0x00,
    0x00, 0x00, 0x00, 0x00, 0x00, 0x00, 0x00, 0x00, 0x00, 0x00, 0x00, 0x00, 0x00, 0x00, 0x00, 0x00,
    0x00, 0x00, 0x00, 0x00, 0x00, 0x00, 0x00, 0x00, 0x00, 0x00, 0x00, 0x00, 0x00, 0x00, 0x00, 0x00,
    0x00, 0x00, 0x00, 0x00, 0x00, 0x00, 0x00, 0x00, 0x00, 0x00, 0x00, 0x00, 0x00, 0x00, 0x00, 0x00,
    0x00, 0x00, 0x00, 0x00, 0x00, 0x00, 0x00, 0x00, 0x00, 0x00, 0x00, 0x00, 0x00, 0x00, 0x00, 0x00,
    0x00, 0x00, 0x00, 0x00, 0x00, 0x00, 0x00, 0x00, 0x00, 0x00, 0x00, 0x00, 0x00, 0x00, 0x00, 0x00,
    0x00, 0x00, 0x00, 0x00, 0x00, 0x00, 0x00, 0x00, 0x00, 0x00, 0x00, 0x00, 0x55, 0x55, 0x55, 0x03,
    0x00, 0x00, 0x00, 0x00, 0x2B, 0x28, 0x28, 0x58, 0x2B, 0x27, 0x27, 0xFF, 0x24, 0x21, 0x21, 0xF6,
    0x41, 0x40, 0x3D, 0xF7, 0x34, 0x32, 0x30, 0xF2, 0x5D, 0x5E, 0x5D, 0xFF, 0x77, 0x7B, 0x7E, 0xFC,
    0x61, 0x60, 0x5F, 0xF3, 0x28, 0x26, 0x25, 0xFF, 0x2B, 0x28, 0x26, 0xFF, 0x29, 0x25, 0x24, 0xFF,
    0x26, 0x24, 0x23, 0xFF, 0x28, 0x24, 0x24, 0xFF, 0x2A, 0x26, 0x26, 0xFF, 0x2D, 0x28, 0x29, 0xFF,
    0x32, 0x2C, 0x2E, 0xFF, 0x35, 0x30, 0x31, 0xFF, 0x3A, 0x35, 0x33, 0xFF, 0x3D, 0x39, 0x35, 0xFF,
    0x40, 0x3D, 0x39, 0xFF, 0x43, 0x40, 0x3B, 0xFF, 0x44, 0x42, 0x3E, 0xFF, 0x67, 0x63, 0x61, 0xFF,
    0x63, 0x5F, 0x5C, 0xFF, 0x48, 0x44, 0x41, 0xFF, 0x3C, 0x38, 0x35, 0xFF, 0x35, 0x30, 0x30, 0xFF,
    0x32, 0x2E, 0x2E, 0xFF, 0x33, 0x2E, 0x2D, 0xFF, 0x32, 0x2E, 0x2E, 0xFF, 0x34, 0x2E, 0x2F, 0xFF,
    0x34, 0x2F, 0x30, 0xFF, 0x35, 0x30, 0x31, 0xFF, 0x37, 0x32, 0x32, 0xFF, 0x39, 0x33, 0x34, 0xFF,
    0x39, 0x35, 0x36, 0xFF, 0x3B, 0x37, 0x35, 0xFF, 0x3C, 0x39, 0x35, 0xFF, 0x3D, 0x39, 0x36, 0xFF,
    0x40, 0x3C, 0x38, 0xFF, 0x42, 0x3E, 0x3A, 0xFF, 0x43, 0x40, 0x3D, 0xFF, 0x46, 0x42, 0x3F, 0xFF,
    0x48, 0x44, 0x41, 0xFF, 0x4B, 0x47, 0x43, 0xFF, 0x4D, 0x49, 0x45, 0xFF, 0x50, 0x4B, 0x48, 0xFF,
    0x53, 0x4E, 0x4C, 0xFF, 0x56, 0x50, 0x50, 0xFF, 0x59, 0x54, 0x53, 0xFF, 0x5D, 0x58, 0x56, 0xFF,
    0x61, 0x5B, 0x58, 0xFF, 0x65, 0x5F, 0x5E, 0xFF, 0x69, 0x62, 0x61, 0xFF, 0x6D, 0x67, 0x67, 0xFF,
    0x70, 0x6B, 0x69, 0xFF, 0x73, 0x6E, 0x6C, 0xFF, 0x79, 0x73, 0x71, 0xFF, 0x7D, 0x79, 0x77, 0xFF,
    0x81, 0x7D, 0x7C, 0xFF, 0x86, 0x81, 0x7F, 0xFF, 0x8A, 0x84, 0x84, 0xFF, 0x8E, 0x89, 0x87, 0xFF,
    0x91, 0x8C, 0x8A, 0xFF, 0x94, 0x8F, 0x8D, 0xFF, 0x98, 0x92, 0x90, 0xFF, 0x9A, 0x95, 0x94, 0xFF,
    0x9E, 0x99, 0x98, 0xFF, 0xA0, 0x9B, 0x9A, 0xFF, 0xA1, 0x9B, 0x9B, 0xFF, 0xA0, 0x9A, 0x9B, 0xFF,
    0x99, 0x94, 0x94, 0xFF, 0x86, 0x81, 0x7F, 0xFF, 0x6F, 0x69, 0x66, 0xFF, 0x51, 0x4B, 0x49, 0xFF,
    0x43, 0x3F, 0x3C, 0xFF, 0x5C, 0x57, 0x55, 0xFF, 0x65, 0x60, 0x5F, 0xFF, 0x68, 0x64, 0x61, 0xFF,
    0x71, 0x6C, 0x6A, 0xFF, 0x7A, 0x75, 0x73, 0xFF, 0x7E, 0x7A, 0x79, 0xFF, 0x86, 0x81, 0x7E, 0xFF,
    0x8F, 0x89, 0x86, 0xFF, 0x98, 0x93, 0x90, 0xFF, 0xA2, 0x9B, 0x98, 0xFF, 0xA1, 0x9B, 0x99, 0xFF,
    0x85, 0x7E, 0x7C, 0xFF, 0x74, 0x6D, 0x69, 0xFF, 0x67, 0x62, 0x5F, 0xFF, 0x6C, 0x69, 0x67, 0xFE,
    0x94, 0x96, 0x99, 0xFF, 0x7D, 0x81, 0x84, 0xFF, 0x2F, 0x32, 0x34, 0xB0, 0x25, 0x21, 0x20, 0xBE,
    0x3C, 0x39, 0x37, 0xFE, 0x3A, 0x37, 0x35, 0xFF, 0x39, 0x37, 0x32, 0xA1, 0x00, 0x00, 0x00, 0x00,
    0x55, 0x55, 0x55, 0x03, 0x00, 0x00, 0x00, 0x00, 0x00, 0x00, 0x00, 0x00, 0x00, 0x00, 0x00, 0x00,
    0x00, 0x00, 0x00, 0x00, 0x00, 0x00, 0x00, 0x00, 0x00, 0x00, 0x00, 0x00, 0x00, 0x00, 0x00, 0x00,
    0x00, 0x00, 0x00, 0x00, 0x00, 0x00, 0x00, 0x00, 0x00, 0x00, 0x00, 0x00, 0x00, 0x00, 0x00, 0x00,
    0x00, 0x00, 0x00, 0x00, 0x00, 0x00, 0x00, 0x00, 0x00, 0x00, 0x00, 0x00, 0x00, 0x00, 0x00, 0x00,
    0x00, 0x00, 0x00, 0x00, 0x00, 0x00, 0x00, 0x00, 0x00, 0x00, 0x00, 0x00, 0x00, 0x00, 0x00, 0x00,
    0x00, 0x00, 0x00, 0x00, 0x00, 0x00, 0x00, 0x00, 0x00, 0x00, 0x00, 0x00, 0x00, 0x00, 0x00, 0x00,
    0x00, 0x00, 0x00, 0x00, 0x00, 0x00, 0x00, 0x00, 0x00, 0x00, 0x00, 0x00, 0x00, 0x00, 0x00, 0x00,
    0x00, 0x00, 0x00, 0x00, 0x00, 0x00, 0x00, 0x00, 0x00, 0x00, 0x00, 0x02, 0x00, 0x00, 0x00, 0x02,
    0x2A, 0x2A, 0x2A, 0x12, 0x2A, 0x28, 0x27, 0xE8, 0x22, 0x1F, 0x1E, 0xFC, 0x34, 0x31, 0x30, 0xFA,
    0x37, 0x34, 0x31, 0xE7, 0x4A, 0x4C, 0x4D, 0xF7, 0x64, 0x68, 0x69, 0xFD, 0x35, 0x36, 0x35, 0xF4,
    0x1E, 0x1C, 0x1C, 0xE3, 0x2D, 0x2A, 0x2A, 0xFD, 0x2C, 0x28, 0x28, 0xFE, 0x2A, 0x26, 0x25, 0xFF,
    0x28, 0x25, 0x24, 0xFF, 0x2A, 0x26, 0x25, 0xFF, 0x2D, 0x29, 0x28, 0xFF, 0x31, 0x2C, 0x2C, 0xFF,
    0x34, 0x30, 0x30, 0xFF, 0x39, 0x34, 0x31, 0xFF, 0x3D, 0x39, 0x35, 0xFF, 0x40, 0x3D, 0x39, 0xFF,
    0x43, 0x40, 0x3B, 0xFF, 0x41, 0x3E, 0x39, 0xFF, 0x6B, 0x67, 0x64, 0xFF, 0x7A, 0x76, 0x76, 0xFF,
    0x5B, 0x58, 0x54, 0xFF, 0x45, 0x42, 0x3E, 0xFF, 0x39, 0x35, 0x33, 0xFF, 0x34, 0x2F, 0x2F, 0xFF,
    0x32, 0x2D, 0x2D, 0xFF, 0x32, 0x2E, 0x2D, 0xFF, 0x33, 0x2E, 0x2F, 0xFF, 0x33, 0x2E, 0x30, 0xFF,
    0x34, 0x2F, 0x30, 0xFF, 0x36, 0x31, 0x31, 0xFF, 0x38, 0x32, 0x33, 0xFF, 0x38, 0x34, 0x34, 0xFF,
    0x3A, 0x35, 0x36, 0xFF, 0x3C, 0x38, 0x35, 0xFF, 0x3D, 0x3A, 0x36, 0xFF, 0x3F, 0x3C, 0x37, 0xFF,
    0x40, 0x3D, 0x39, 0xFF, 0x42, 0x3F, 0x3B, 0xFF, 0x45, 0x41, 0x3E, 0xFF, 0x47, 0x44, 0x40, 0xFF,
    0x49, 0x46, 0x42, 0xFF, 0x4B, 0x47, 0x44, 0xFF, 0x4E, 0x49, 0x47, 0xFF, 0x51, 0x4C, 0x49, 0xFF,
    0x53, 0x4F, 0x4C, 0xFF, 0x57, 0x52, 0x4F, 0xFF, 0x5A, 0x54, 0x53, 0xFF, 0x5E, 0x59, 0x57, 0xFF,
    0x61, 0x5B, 0x59, 0xFF, 0x64, 0x5F, 0x5E, 0xFF, 0x69, 0x64, 0x64, 0xFF, 0x6D, 0x68, 0x68, 0xFF,
    0x70, 0x6C, 0x6B, 0xFF, 0x74, 0x6F, 0x6D, 0xFF, 0x78, 0x74, 0x71, 0xFF, 0x7E, 0x79, 0x77, 0xFF,
    0x82, 0x7D, 0x7D, 0xFF, 0x87, 0x82, 0x81, 0xFF, 0x8A, 0x85, 0x83, 0xFF, 0x8D, 0x89, 0x87, 0xFF,
    0x92, 0x8D, 0x8C, 0xFF, 0x95, 0x90, 0x8F, 0xFF, 0x99, 0x93, 0x92, 0xFF, 0x9B, 0x96, 0x96, 0xFF,
    0x9F, 0x9A, 0x98, 0xFF, 0xA2, 0x9D, 0x9C, 0xFF, 0xA3, 0x9E, 0x9E, 0xFF, 0xA4, 0x9F, 0x9E, 0xFF,
    0xA0, 0x9B, 0x98, 0xFF, 0x90, 0x8B, 0x89, 0xFF, 0x78, 0x72, 0x6F, 0xFF, 0x5A, 0x54, 0x52, 0xFF,
    0x43, 0x3F, 0x3B, 0xFF, 0x43, 0x40, 0x3C, 0xFF, 0x63, 0x5E, 0x5C, 0xFF, 0x69, 0x64, 0x62, 0xFF,
    0x6D, 0x69, 0x66, 0xFF, 0x77, 0x72, 0x6F, 0xFF, 0x7E, 0x78, 0x77, 0xFF, 0x85, 0x80, 0x7E, 0xFF,
    0x8D, 0x87, 0x84, 0xFF, 0x99, 0x93, 0x90, 0xFF, 0xA4, 0x9E, 0x9B, 0xFF, 0xAE, 0xA8, 0xA6, 0xFF,
    0xB0, 0xA9, 0xA6, 0xFF, 0x8C, 0x85, 0x83, 0xFF, 0x77, 0x71, 0x6E, 0xFE, 0x5A, 0x56, 0x53, 0xF5,
    0x45, 0x42, 0x41, 0xF2, 0x80, 0x83, 0x84, 0xFF, 0x6E, 0x75, 0x7B, 0xFF, 0x1D, 0x1C, 0x1A, 0xBE,
    0x34, 0x31, 0x30, 0xF2, 0x37, 0x34, 0x33, 0xFD, 0x3C, 0x38, 0x36, 0xFF, 0x35, 0x35, 0x32, 0x47,
    0x00, 0x00, 0x00, 0x00, 0x55, 0x55, 0x55, 0x03, 0x00, 0x00, 0x00, 0x00, 0x00, 0x00, 0x00, 0x00,
    0x00, 0x00, 0x00, 0x00, 0x00, 0x00, 0x00, 0x00, 0x00, 0x00, 0x00, 0x00, 0x00, 0x00, 0x00, 0x00,
    0x00, 0x00, 0x00, 0x00, 0x00, 0x00, 0x00, 0x00, 0x00, 0x00, 0x00, 0x00, 0x00, 0x00, 0x00, 0x00,
    0x00, 0x00, 0x00, 0x00, 0x00, 0x00, 0x00, 0x00, 0x00, 0x00, 0x00, 0x00, 0x00, 0x00, 0x00, 0x00,
    0x00, 0x00, 0x00, 0x00, 0x00, 0x00, 0x00, 0x00, 0x00, 0x00, 0x00, 0x00, 0x00, 0x00, 0x00, 0x00,
    0x00, 0x00, 0x00, 0x00, 0x00, 0x00, 0x00, 0x00, 0x00, 0x00, 0x00, 0x00, 0x00, 0x00, 0x00, 0x00,
    0x00, 0x00, 0x00, 0x00, 0x00, 0x00, 0x00, 0x00, 0x00, 0x00, 0x00, 0x00, 0x00, 0x00, 0x00, 0x00,
    0x00, 0x00, 0x00, 0x00, 0x00, 0x00, 0x00, 0x00, 0x55, 0x55, 0x55, 0x03, 0x00, 0x00, 0x00, 0x00,
    0x29, 0x28, 0x28, 0x98, 0x2A, 0x27, 0x26, 0xFF, 0x24, 0x22, 0x21, 0xFC, 0x33, 0x30, 0x30, 0xD6,
    0x3A, 0x3A, 0x38, 0xAF, 0x54, 0x57, 0x5B, 0xFE, 0x2E, 0x2D, 0x2D, 0xF7, 0x29, 0x26, 0x24, 0xF6,
    0x30, 0x2D, 0x2C, 0xF8, 0x2F, 0x2A, 0x2A, 0xFF, 0x2C, 0x28, 0x28, 0xFF, 0x2C, 0x26, 0x26, 0xFF,
    0x2B, 0x26, 0x26, 0xFF, 0x2C, 0x27, 0x27, 0xFF, 0x30, 0x2B, 0x2B, 0xFF, 0x33, 0x2F, 0x2E, 0xFF,
    0x38, 0x34, 0x31, 0xFF, 0x3A, 0x37, 0x32, 0xFF, 0x3F, 0x3B, 0x37, 0xFF, 0x43, 0x40, 0x3C, 0xFF,
    0x3E, 0x3B, 0x37, 0xFF, 0x66, 0x62, 0x5E, 0xFF, 0x8C, 0x88, 0x86, 0xFF, 0x71, 0x6D, 0x6A, 0xFF,
    0x56, 0x52, 0x4E, 0xFF, 0x40, 0x3D, 0x39, 0xFF, 0x37, 0x34, 0x31, 0xFF, 0x33, 0x2F, 0x2E, 0xFF,
    0x32, 0x2D, 0x2C, 0xFF, 0x32, 0x2D, 0x2C, 0xFF, 0x32, 0x2E, 0x2D, 0xFF, 0x33, 0x2E, 0x2F, 0xFF,
    0x34, 0x30, 0x2F, 0xFF, 0x36, 0x31, 0x30, 0xFF, 0x37, 0x32, 0x32, 0xFF, 0x38, 0x34, 0x34, 0xFF,
    0x3A, 0x35, 0x35, 0xFF, 0x3C, 0x39, 0x35, 0xFF, 0x3D, 0x3B, 0x36, 0xFF, 0x3F, 0x3C, 0x38, 0xFF,
    0x41, 0x3D, 0x3A, 0xFF, 0x43, 0x40, 0x3C, 0xFF, 0x45, 0x42, 0x3D, 0xFF, 0x48, 0x44, 0x41, 0xFF,
    0x4A, 0x47, 0x43, 0xFF, 0x4C, 0x48, 0x45, 0xFF, 0x4E, 0x4A, 0x47, 0xFF, 0x50, 0x4C, 0x4A, 0xFF,
    0x54, 0x4F, 0x4D, 0xFF, 0x57, 0x52, 0x4F, 0xFF, 0x5A, 0x54, 0x53, 0xFF, 0x5E, 0x59, 0x57, 0xFF,
    0x61, 0x5C, 0x59, 0xFF, 0x64, 0x5F, 0x5D, 0xFF, 0x69, 0x63, 0x61, 0xFF, 0x6D, 0x68, 0x66, 0xFF,
    0x70, 0x6B, 0x6A, 0xFF, 0x74, 0x6F, 0x6D, 0xFF, 0x78, 0x74, 0x71, 0xFF, 0x7D, 0x78, 0x76, 0xFF,
    0x82, 0x7D, 0x7B, 0xFF, 0x87, 0x82, 0x81, 0xFF, 0x8B, 0x86, 0x83, 0xFF, 0x8E, 0x89, 0x88, 0xFF,
    0x93, 0x8E, 0x8C, 0xFF, 0x96, 0x91, 0x8F, 0xFF, 0x98, 0x93, 0x92, 0xFF, 0x9C, 0x97, 0x95, 0xFF,
    0x9F, 0x9B, 0x99, 0xFF, 0xA4, 0x9F, 0x9E, 0xFF, 0xA7, 0xA1, 0xA1, 0xFF, 0xA8, 0xA3, 0xA1, 0xFF,
    0xA5, 0xA0, 0x9E, 0xFF, 0x99, 0x95, 0x92, 0xFF, 0x83, 0x7C, 0x7A, 0xFF, 0x62, 0x5D, 0x5A, 0xFF,
    0x49, 0x46, 0x42, 0xFF, 0x3B, 0x39, 0x34, 0xFF, 0x48, 0x44, 0x41, 0xFF, 0x68, 0x62, 0x61, 0xFF,
    0x6B, 0x66, 0x64, 0xFF, 0x73, 0x6E, 0x6B, 0xFF, 0x7C, 0x75, 0x73, 0xFF, 0x83, 0x7D, 0x7B, 0xFF,
    0x8C, 0x86, 0x82, 0xFF, 0x97, 0x90, 0x8D, 0xFF, 0xA4, 0x9E, 0x9C, 0xFF, 0xB3, 0xAE, 0xAB, 0xFF,
    0xBD, 0xB7, 0xB5, 0xFF, 0xBA, 0xB5, 0xB2, 0xFF, 0x91, 0x8C, 0x89, 0xFF, 0x78, 0x74, 0x71, 0xFC,
    0x56, 0x52, 0x4E, 0xF0, 0x4C, 0x49, 0x46, 0xFE, 0x68, 0x6B, 0x6B, 0xFF, 0x3B, 0x3F, 0x3D, 0xC8,
    0x22, 0x22, 0x20, 0xAC, 0x3A, 0x36, 0x37, 0xFF, 0x37, 0x33, 0x32, 0xFE, 0x38, 0x35, 0x35, 0xD8,
    0x1F, 0x1F, 0x1F, 0x08, 0x7F, 0x7F, 0x7F, 0x02, 0x00, 0x00, 0x00, 0x01, 0x00, 0x00, 0x00, 0x00,
    0x00, 0x00, 0x00, 0x00, 0x00, 0x00, 0x00, 0x00, 0x00, 0x00, 0x00, 0x00, 0x00, 0x00, 0x00, 0x00,
    0x00, 0x00, 0x00, 0x00, 0x00, 0x00, 0x00, 0x00, 0x00, 0x00, 0x00, 0x00, 0x00, 0x00, 0x00, 0x00,
    0x00, 0x00, 0x00, 0x00, 0x00, 0x00, 0x00, 0x00, 0x00, 0x00, 0x00, 0x00, 0x00, 0x00, 0x00, 0x00,
    0x00, 0x00, 0x00, 0x00, 0x00, 0x00, 0x00, 0x00, 0x00, 0x00, 0x00, 0x00, 0x00, 0x00, 0x00, 0x00,
    0x00, 0x00, 0x00, 0x00, 0x00, 0x00, 0x00, 0x00, 0x00, 0x00, 0x00, 0x00, 0x00, 0x00, 0x00, 0x00,
    0x00, 0x00, 0x00, 0x00, 0x00, 0x00, 0x00, 0x00, 0x00, 0x00, 0x00, 0x00, 0x00, 0x00, 0x00, 0x00,
    0x00, 0x00, 0x00, 0x00, 0x55, 0x55, 0x55, 0x03, 0x00, 0x00, 0x00, 0x00, 0x29, 0x29, 0x29, 0x37,
    0x2A, 0x28, 0x27, 0xFD, 0x22, 0x1F, 0x1F, 0xFB, 0x2C, 0x29, 0x28, 0xFF, 0x2E, 0x2B, 0x27, 0x53,
    0x2C, 0x2E, 0x2E, 0x95, 0x26, 0x24, 0x24, 0xFD, 0x28, 0x25, 0x22, 0xFE, 0x30, 0x2D, 0x2B, 0xF7,
    0x30, 0x2D, 0x2B, 0xFC, 0x2F, 0x2B, 0x2A, 0xFF, 0x2C, 0x28, 0x27, 0xFF, 0x2B, 0x27, 0x26, 0xFF,
    0x2C, 0x27, 0x28, 0xFF, 0x2E, 0x29, 0x2A, 0xFF, 0x32, 0x2D, 0x2E, 0xFF, 0x36, 0x31, 0x32, 0xFF,
    0x3B, 0x37, 0x34, 0xFF, 0x3C, 0x39, 0x35, 0xFF, 0x42, 0x3F, 0x3B, 0xFF, 0x3F, 0x3B, 0x38, 0xFF,
    0x59, 0x54, 0x50, 0xFF, 0x92, 0x8C, 0x8A, 0xFF, 0x84, 0x80, 0x7E, 0xFF, 0x6C, 0x67, 0x65, 0xFF,
    0x4E, 0x4B, 0x46, 0xFF, 0x3C, 0x3A, 0x35, 0xFF, 0x35, 0x31, 0x2F, 0xFF, 0x32, 0x2D, 0x2D, 0xFF,
    0x31, 0x2D, 0x2D, 0xFF, 0x33, 0x2E, 0x2D, 0xFF, 0x33, 0x2E, 0x2D, 0xFF, 0x33, 0x2F, 0x2F, 0xFF,
    0x35, 0x30, 0x30, 0xFF, 0x36, 0x32, 0x31, 0xFF, 0x37, 0x32, 0x32, 0xFF, 0x38, 0x33, 0x34, 0xFF,
    0x3B, 0x36, 0x34, 0xFF, 0x3D, 0x39, 0x35, 0xFF, 0x3E, 0x3B, 0x37, 0xFF, 0x40, 0x3C, 0x38, 0xFF,
    0x41, 0x3E, 0x3A, 0xFF, 0x44, 0x40, 0x3D, 0xFF, 0x46, 0x42, 0x3F, 0xFF, 0x48, 0x43, 0x41, 0xFF,
    0x4A, 0x47, 0x43, 0xFF, 0x4D, 0x49, 0x45, 0xFF, 0x4F, 0x4B, 0x48, 0xFF, 0x50, 0x4D, 0x4A, 0xFF,
    0x54, 0x4F, 0x4C, 0xFF, 0x57, 0x52, 0x50, 0xFF, 0x5A, 0x55, 0x54, 0xFF, 0x5E, 0x59, 0x57, 0xFF,
    0x62, 0x5D, 0x5A, 0xFF, 0x65, 0x5F, 0x5D, 0xFF, 0x68, 0x62, 0x60, 0xFF, 0x6C, 0x66, 0x64, 0xFF,
    0x70, 0x6B, 0x69, 0xFF, 0x74, 0x6E, 0x6D, 0xFF, 0x78, 0x73, 0x72, 0xFF, 0x7C, 0x78, 0x77, 0xFF,
    0x82, 0x7D, 0x7B, 0xFF, 0x86, 0x81, 0x80, 0xFF, 0x8A, 0x85, 0x83, 0xFF, 0x8F, 0x8A, 0x89, 0xFF,
    0x93, 0x8E, 0x8D, 0xFF, 0x97, 0x92, 0x90, 0xFF, 0x9A, 0x95, 0x92, 0xFF, 0x9D, 0x98, 0x96, 0xFF,
    0xA1, 0x9D, 0x9B, 0xFF, 0xA6, 0xA0, 0x9F, 0xFF, 0xA9, 0xA3, 0xA2, 0xFF, 0xAA, 0xA5, 0xA4, 0xFF,
    0xA9, 0xA5, 0xA3, 0xFF, 0xA1, 0x9C, 0x9A, 0xFF, 0x8D, 0x87, 0x85, 0xFF, 0x70, 0x6A, 0x67, 0xFF,
    0x4E, 0x4A, 0x47, 0xFF, 0x3F, 0x3C, 0x38, 0xFF, 0x39, 0x35, 0x31, 0xFF, 0x4D, 0x49, 0x46, 0xFF,
    0x6A, 0x64, 0x63, 0xFF, 0x6D, 0x67, 0x65, 0xFF, 0x78, 0x71, 0x6E, 0xFF, 0x80, 0x7A, 0x78, 0xFF,
    0x89, 0x82, 0x80, 0xFF, 0x94, 0x8D, 0x8B, 0xFF, 0x9F, 0x9B, 0x98, 0xFF, 0xB3, 0xAE, 0xAB, 0xFF,
    0xC2, 0xBE, 0xBA, 0xFF, 0xC9, 0xC5, 0xC1, 0xFF, 0xBD, 0xB9, 0xB7, 0xFF, 0x93, 0x8E, 0x8B, 0xFF,
    0x63, 0x61, 0x5E, 0xEC, 0x5A, 0x58, 0x53, 0xFD, 0x46, 0x43, 0x3F, 0xFF, 0x3D, 0x3C, 0x3A, 0xE0,
    0x08, 0x08, 0x08, 0x1F, 0x34, 0x2F, 0x2F, 0xEA, 0x34, 0x30, 0x2F, 0xFE, 0x3A, 0x36, 0x35, 0xFF,
    0x35, 0x33, 0x33, 0x7B, 0x00, 0x00, 0x00, 0x00, 0x3F, 0x3F, 0x3F, 0x04, 0x00, 0x00, 0x00, 0x00,
    0x00, 0x00, 0x00, 0x00, 0x00, 0x00, 0x00, 0x00, 0x00, 0x00, 0x00, 0x00, 0x00, 0x00, 0x00, 0x00,
    0x00, 0x00, 0x00, 0x00, 0x00, 0x00, 0x00, 0x00, 0x00, 0x00, 0x00, 0x00, 0x00, 0x00, 0x00, 0x00,
    0x00, 0x00, 0x00, 0x00, 0x00, 0x00, 0x00, 0x00, 0x00, 0x00, 0x00, 0x00, 0x00, 0x00, 0x00, 0x00,
    0x00, 0x00, 0x00, 0x00, 0x00, 0x00, 0x00, 0x00, 0x00, 0x00, 0x00, 0x00, 0x00, 0x00, 0x00, 0x00,
    0x00, 0x00, 0x00, 0x00, 0x00, 0x00, 0x00, 0x00, 0x00, 0x00, 0x00, 0x00, 0x00, 0x00, 0x00, 0x00,
    0x00, 0x00, 0x00, 0x00, 0x00, 0x00, 0x00, 0x00, 0x00, 0x00, 0x00, 0x00, 0x00, 0x00, 0x00, 0x00,
    0x00, 0x00, 0x00, 0x00, 0x00, 0x7F, 0x7F, 0x02, 0x00, 0x00, 0x00, 0x01, 0x2B, 0x28, 0x28, 0xC9,
    0x29, 0x26, 0x24, 0xFF, 0x24, 0x22, 0x21, 0xFE, 0x27, 0x25, 0x25, 0xCD, 0x28, 0x28, 0x28, 0x52,
    0x25, 0x23, 0x23, 0xF3, 0x29, 0x26, 0x25, 0xFE, 0x30, 0x2C, 0x2A, 0xFF, 0x31, 0x2F, 0x2A, 0xEE,
    0x31, 0x2C, 0x2C, 0xFF, 0x2E, 0x29, 0x29, 0xFF, 0x2C, 0x28, 0x27, 0xFF, 0x2B, 0x27, 0x26, 0xFF,
    0x2D, 0x29, 0x29, 0xFF, 0x31, 0x2C, 0x2C, 0xFF, 0x35, 0x30, 0x31, 0xFF, 0x38, 0x34, 0x32, 0xFF,
    0x3C, 0x39, 0x34, 0xFF, 0x40, 0x3E, 0x39, 0xFF, 0x41, 0x3E, 0x3A, 0xFF, 0x4D, 0x48, 0x45, 0xFF,
    0x8F, 0x8A, 0x88, 0xFF, 0x93, 0x8D, 0x8B, 0xFF, 0x80, 0x7A, 0x78, 0xFF, 0x63, 0x5F, 0x5C, 0xFF,
    0x47, 0x44, 0x40, 0xFF, 0x39, 0x36, 0x32, 0xFF, 0x34, 0x2F, 0x2F, 0xFF, 0x31, 0x2C, 0x2D, 0xFF,
    0x32, 0x2C, 0x2D, 0xFF, 0x32, 0x2D, 0x2D, 0xFF, 0x32, 0x2E, 0x2F, 0xFF, 0x34, 0x2F, 0x30, 0xFF,
    0x35, 0x30, 0x30, 0xFF, 0x36, 0x31, 0x31, 0xFF, 0x37, 0x32, 0x33, 0xFF, 0x39, 0x35, 0x34, 0xFF,
    0x3B, 0x38, 0x33, 0xFF, 0x3C, 0x39, 0x36, 0xFF, 0x3F, 0x3B, 0x37, 0xFF, 0x41, 0x3D, 0x38, 0xFF,
    0x42, 0x3F, 0x3B, 0xFF, 0x44, 0x40, 0x3C, 0xFF, 0x46, 0x42, 0x3F, 0xFF, 0x48, 0x44, 0x41, 0xFF,
    0x4A, 0x47, 0x43, 0xFF, 0x4D, 0x49, 0x46, 0xFF, 0x4F, 0x4B, 0x48, 0xFF, 0x51, 0x4C, 0x4A, 0xFF,
    0x54, 0x50, 0x4D, 0xFF, 0x56, 0x51, 0x50, 0xFF, 0x5A, 0x55, 0x53, 0xFF, 0x5E, 0x59, 0x57, 0xFF,
    0x61, 0x5C, 0x5A, 0xFF, 0x64, 0x5F, 0x5C, 0xFF, 0x68, 0x62, 0x61, 0xFF, 0x6C, 0x66, 0x63, 0xFF,
    0x6F, 0x6B, 0x68, 0xFF, 0x74, 0x6F, 0x6D, 0xFF, 0x78, 0x73, 0x71, 0xFF, 0x7C, 0x77, 0x75, 0xFF,
    0x81, 0x7C, 0x7B, 0xFF, 0x86, 0x81, 0x80, 0xFF, 0x8A, 0x84, 0x84, 0xFF, 0x8E, 0x89, 0x88, 0xFF,
    0x94, 0x8E, 0x8C, 0xFF, 0x98, 0x92, 0x91, 0xFF, 0x9A, 0x96, 0x94, 0xFF, 0x9E, 0x99, 0x98, 0xFF,
    0xA2, 0x9D, 0x9D, 0xFF, 0xA7, 0xA3, 0xA0, 0xFF, 0xAA, 0xA6, 0xA4, 0xFF, 0xAD, 0xA8, 0xA7, 0xFF,
    0xAD, 0xA9, 0xA7, 0xFF, 0xA8, 0xA4, 0xA2, 0xFF, 0x97, 0x91, 0x8F, 0xFF, 0x7B, 0x74, 0x72, 0xFF,
    0x57, 0x52, 0x4F, 0xFF, 0x41, 0x3D, 0x3A, 0xFF, 0x3B, 0x38, 0x34, 0xFF, 0x34, 0x31, 0x30, 0xFF,
    0x55, 0x51, 0x4D, 0xFF, 0x6B, 0x66, 0x64, 0xFF, 0x72, 0x6B, 0x68, 0xFF, 0x7D, 0x76, 0x73, 0xFF,
    0x84, 0x7F, 0x7C, 0xFF, 0x8F, 0x89, 0x87, 0xFF, 0x9A, 0x95, 0x94, 0xFF, 0xAD, 0xA8, 0xA6, 0xFF,
    0xC2, 0xBE, 0xBB, 0xFF, 0xCD, 0xC9, 0xC5, 0xFF, 0xCC, 0xCA, 0xC6, 0xFE, 0xB8, 0xB4, 0xB1, 0xFF,
    0x71, 0x6E, 0x6A, 0xF0, 0x65, 0x61, 0x5E, 0xFB, 0x52, 0x4E, 0x4A, 0xFE, 0x46, 0x42, 0x3E, 0xFE,
    0x37, 0x37, 0x35, 0x65, 0x2F, 0x2B, 0x2B, 0x8D, 0x37, 0x33, 0x31, 0xFF, 0x34, 0x30, 0x2E, 0xFB,
    0x39, 0x35, 0x34, 0xF6, 0x2F, 0x37, 0x2F, 0x20, 0x00, 0x00, 0x00, 0x01, 0x00, 0x00, 0x00, 0x02,
    0x00, 0x00, 0x00, 0x00, 0x00, 0x00, 0x00, 0x00, 0x00, 0x00, 0x00, 0x00, 0x00, 0x00, 0x00, 0x00,
    0x00, 0x00, 0x00, 0x00, 0x00, 0x00, 0x00, 0x00, 0x00, 0x00, 0x00, 0x00, 0x00, 0x00, 0x00, 0x00,
    0x00, 0x00, 0x00, 0x00, 0x00, 0x00, 0x00, 0x00, 0x00, 0x00, 0x00, 0x00, 0x00, 0x00, 0x00, 0x00,
    0x00, 0x00, 0x00, 0x00, 0x00, 0x00, 0x00, 0x00, 0x00, 0x00, 0x00, 0x00, 0x00, 0x00, 0x00, 0x00,
    0x00, 0x00, 0x00, 0x00, 0x00, 0x00, 0x00, 0x00, 0x00, 0x00, 0x00, 0x00, 0x00, 0x00, 0x00, 0x00,
    0x00, 0x00, 0x00, 0x00, 0x00, 0x00, 0x00, 0x00, 0x00, 0x00, 0x00, 0x00, 0x00, 0x00, 0x00, 0x00,
    0x55, 0x55, 0x55, 0x03, 0x00, 0x00, 0x00, 0x00, 0x2D, 0x2D, 0x2D, 0x65, 0x2B, 0x2A, 0x29, 0xFF,
    0x24, 0x22, 0x21, 0xFB, 0x27, 0x24, 0x23, 0xFF, 0x25, 0x23, 0x23, 0xD1, 0x28, 0x26, 0x25, 0xEF,
    0x2E, 0x2B, 0x2A, 0xFF, 0x2E, 0x2B, 0x29, 0xFE, 0x35, 0x32, 0x2F, 0xFD, 0x32, 0x2F, 0x2D, 0xF2,
    0x31, 0x2D, 0x2D, 0xFF, 0x2D, 0x29, 0x29, 0xFF, 0x2C, 0x27, 0x28, 0xFF, 0x2D, 0x28, 0x28, 0xFF,
    0x30, 0x2B, 0x2B, 0xFF, 0x32, 0x2E, 0x2E, 0xFF, 0x37, 0x32, 0x31, 0xFF, 0x3A, 0x37, 0x33, 0xFF,
    0x3F, 0x3C, 0x37, 0xFF, 0x43, 0x40, 0x3C, 0xFF, 0x42, 0x3F, 0x3B, 0xFF, 0x83, 0x7F, 0x7C, 0xFF,
    0x9C, 0x96, 0x94, 0xFF, 0x8D, 0x87, 0x84, 0xFF, 0x7A, 0x74, 0x71, 0xFF, 0x5A, 0x55, 0x52, 0xFF,
    0x42, 0x3E, 0x39, 0xFF, 0x36, 0x32, 0x2F, 0xFF, 0x32, 0x2E, 0x2E, 0xFF, 0x32, 0x2C, 0x2D, 0xFF,
    0x32, 0x2C, 0x2D, 0xFF, 0x32, 0x2D, 0x2D, 0xFF, 0x32, 0x2E, 0x2E, 0xFF, 0x34, 0x2F, 0x2F, 0xFF,
    0x35, 0x30, 0x30, 0xFF, 0x36, 0x32, 0x32, 0xFF, 0x37, 0x33, 0x32, 0xFF, 0x39, 0x35, 0x33, 0xFF,
    0x3B, 0x37, 0x33, 0xFF, 0x3D, 0x39, 0x36, 0xFF, 0x3E, 0x3A, 0x36, 0xFF, 0x40, 0x3C, 0x39, 0xFF,
    0x43, 0x3F, 0x3C, 0xFF, 0x44, 0x41, 0x3D, 0xFF, 0x46, 0x42, 0x3F, 0xFF, 0x48, 0x44, 0x41, 0xFF,
    0x4B, 0x46, 0x45, 0xFF, 0x4D, 0x48, 0x46, 0xFF, 0x50, 0x4B, 0x48, 0xFF, 0x51, 0x4D, 0x4A, 0xFF,
    0x55, 0x50, 0x4D, 0xFF, 0x57, 0x52, 0x50, 0xFF, 0x5A, 0x56, 0x52, 0xFF, 0x5E, 0x59, 0x56, 0xFF,
    0x61, 0x5C, 0x5A, 0xFF, 0x65, 0x60, 0x5D, 0xFF, 0x68, 0x63, 0x61, 0xFF, 0x6C, 0x67, 0x65, 0xFF,
    0x6F, 0x6A, 0x68, 0xFF, 0x73, 0x6F, 0x6C, 0xFF, 0x78, 0x73, 0x70, 0xFF, 0x7B, 0x76, 0x73, 0xFF,
    0x80, 0x7B, 0x7A, 0xFF, 0x86, 0x81, 0x80, 0xFF, 0x8A, 0x85, 0x82, 0xFF, 0x8E, 0x89, 0x88, 0xFF,
    0x92, 0x8D, 0x8B, 0xFF, 0x98, 0x92, 0x90, 0xFF, 0x9A, 0x96, 0x94, 0xFF, 0x9F, 0x99, 0x98, 0xFF,
    0xA4, 0x9E, 0x9E, 0xFF, 0xA8, 0xA3, 0xA2, 0xFF, 0xAB, 0xA6, 0xA5, 0xFF, 0xAE, 0xA9, 0xA8, 0xFF,
    0xAF, 0xAB, 0xAA, 0xFF, 0xAC, 0xA8, 0xA5, 0xFF, 0x9E, 0x99, 0x96, 0xFF, 0x83, 0x7E, 0x7B, 0xFF,
    0x60, 0x5C, 0x58, 0xFF, 0x45, 0x41, 0x3D, 0xFF, 0x3D, 0x39, 0x35, 0xFF, 0x36, 0x33, 0x31, 0xFF,
    0x35, 0x32, 0x30, 0xFF, 0x5F, 0x5B, 0x58, 0xFF, 0x6F, 0x69, 0x66, 0xFF, 0x77, 0x71, 0x6F, 0xFF,
    0x81, 0x7B, 0x79, 0xFF, 0x8B, 0x85, 0x84, 0xFF, 0x95, 0x90, 0x8E, 0xFF, 0xA8, 0xA3, 0xA2, 0xFF,
    0xBE, 0xBA, 0xB8, 0xFF, 0xCF, 0xCC, 0xC7, 0xFF, 0xCF, 0xCD, 0xCA, 0xFF, 0xCF, 0xCC, 0xC8, 0xFF,
    0x8F, 0x8C, 0x87, 0xF4, 0x6F, 0x6A, 0x66, 0xF8, 0x5E, 0x5A, 0x56, 0xFF, 0x47, 0x45, 0x40, 0xFF,
    0x3B, 0x38, 0x34, 0xFF, 0x36, 0x33, 0x30, 0xCB, 0x35, 0x31, 0x2E, 0xFF, 0x31, 0x2D, 0x2C, 0xFB,
    0x3A, 0x36, 0x35, 0xFF, 0x3B, 0x38, 0x37, 0xAB, 0x00, 0x00, 0x00, 0x00, 0x55, 0x55, 0x55, 0x03,
    0x00, 0x00, 0x00, 0x00, 0x00, 0x00, 0x00, 0x00, 0x00, 0x00, 0x00, 0x00, 0x00, 0x00, 0x00, 0x00,
    0x00, 0x00, 0x00, 0x00, 0x00, 0x00, 0x00, 0x00, 0x00, 0x00, 0x00, 0x00, 0x00, 0x00, 0x00, 0x00,
    0x00, 0x00, 0x00, 0x00, 0x00, 0x00, 0x00, 0x00, 0x00, 0x00, 0x00, 0x00, 0x00, 0x00, 0x00, 0x00,
    0x00, 0x00, 0x00, 0x00, 0x00, 0x00, 0x00, 0x00, 0x00, 0x00, 0x00, 0x00, 0x00, 0x00, 0x00, 0x00,
    0x00, 0x00, 0x00, 0x00, 0x00, 0x00, 0x00, 0x00, 0x00, 0x00, 0x00, 0x00, 0x00, 0x00, 0x00, 0x00,
    0x00, 0x00, 0x00, 0x00, 0x00, 0x00, 0x00, 0x00, 0x00, 0x00, 0x00, 0x00, 0x00, 0x00, 0x00, 0x01,
    0x00, 0x00, 0x00, 0x01, 0x36, 0x48, 0x48, 0x0E, 0x2C, 0x2D, 0x2F, 0xE7, 0x27, 0x26, 0x23, 0xFE,
    0x26, 0x24, 0x22, 0xFD, 0x2B, 0x27, 0x26, 0xFF, 0x2C, 0x29, 0x28, 0xFF, 0x2E, 0x2B, 0x2A, 0xFF,
    0x30, 0x2C, 0x2B, 0xFE, 0x37, 0x32, 0x30, 0xFF, 0x3A, 0x38, 0x34, 0xFA, 0x32, 0x30, 0x2D, 0xF4,
    0x32, 0x2D, 0x2C, 0xFF, 0x2C, 0x28, 0x27, 0xFE, 0x2C, 0x27, 0x28, 0xFF, 0x2E, 0x2A, 0x29, 0xFF,
    0x32, 0x2D, 0x2C, 0xFF, 0x34, 0x30, 0x30, 0xFF, 0x39, 0x36, 0x32, 0xFF, 0x3E, 0x3B, 0x37, 0xFF,
    0x44, 0x41, 0x3E, 0xFF, 0x42, 0x3E, 0x3A, 0xFF, 0x72, 0x6E, 0x6A, 0xFF, 0xA2, 0x9E, 0x9B, 0xFF,
    0x96, 0x90, 0x8E, 0xFF, 0x89, 0x84, 0x81, 0xFF, 0x71, 0x6B, 0x68, 0xFF, 0x51, 0x4D, 0x49, 0xFF,
    0x3C, 0x3A, 0x34, 0xFF, 0x34, 0x30, 0x2D, 0xFF, 0x31, 0x2D, 0x2D, 0xFF, 0x32, 0x2C, 0x2D, 0xFF,
    0x32, 0x2D, 0x2D, 0xFF, 0x32, 0x2E, 0x2D, 0xFF, 0x34, 0x2F, 0x2F, 0xFF, 0x36, 0x30, 0x30, 0xFF,
    0x35, 0x31, 0x30, 0xFF, 0x36, 0x33, 0x31, 0xFF, 0x37, 0x34, 0x33, 0xFF, 0x39, 0x35, 0x33, 0xFF,
    0x3C, 0x38, 0x34, 0xFF, 0x3D, 0x3A, 0x35, 0xFF, 0x3F, 0x3B, 0x37, 0xFF, 0x41, 0x3E, 0x3A, 0xFF,
    0x43, 0x3F, 0x3B, 0xFF, 0x44, 0x41, 0x3D, 0xFF, 0x47, 0x43, 0x3F, 0xFF, 0x49, 0x44, 0x41, 0xFF,
    0x4B, 0x47, 0x44, 0xFF, 0x4D, 0x49, 0x45, 0xFF, 0x50, 0x4D, 0x48, 0xFF, 0x52, 0x4F, 0x4A, 0xFF,
    0x55, 0x50, 0x4E, 0xFF, 0x59, 0x54, 0x52, 0xFF, 0x5C, 0x57, 0x54, 0xFF, 0x5F, 0x5A, 0x57, 0xFF,
    0x62, 0x5D, 0x5B, 0xFF, 0x65, 0x60, 0x5E, 0xFF, 0x69, 0x65, 0x63, 0xFF, 0x6D, 0x68, 0x66, 0xFF,
    0x70, 0x6B, 0x69, 0xFF, 0x73, 0x6E, 0x6C, 0xFF, 0x78, 0x73, 0x71, 0xFF, 0x7C, 0x77, 0x74, 0xFF,
    0x82, 0x7D, 0x7A, 0xFF, 0x86, 0x81, 0x80, 0xFF, 0x8A, 0x85, 0x83, 0xFF, 0x8E, 0x8A, 0x88, 0xFF,
    0x92, 0x8E, 0x8C, 0xFF, 0x97, 0x91, 0x91, 0xFF, 0x9A, 0x94, 0x94, 0xFF, 0xA0, 0x9A, 0x99, 0xFF,
    0xA5, 0x9F, 0x9D, 0xFF, 0xA9, 0xA3, 0xA2, 0xFF, 0xAC, 0xA6, 0xA5, 0xFF, 0xAE, 0xAA, 0xA9, 0xFF,
    0xB1, 0xAD, 0xAB, 0xFF, 0xAF, 0xAA, 0xA9, 0xFF, 0xA5, 0xA0, 0x9E, 0xFF, 0x8D, 0x87, 0x84, 0xFF,
    0x6B, 0x66, 0x62, 0xFF, 0x4A, 0x46, 0x42, 0xFF, 0x3E, 0x3A, 0x36, 0xFF, 0x38, 0x34, 0x32, 0xFF,
    0x31, 0x2D, 0x2C, 0xFF, 0x3F, 0x39, 0x38, 0xFF, 0x6B, 0x66, 0x63, 0xFF, 0x75, 0x6F, 0x6C, 0xFF,
    0x7E, 0x78, 0x75, 0xFF, 0x87, 0x82, 0x7F, 0xFF, 0x92, 0x8D, 0x8B, 0xFF, 0xA2, 0x9D, 0x9B, 0xFF,
    0xB7, 0xB3, 0xB1, 0xFF, 0xCC, 0xC9, 0xC5, 0xFF, 0xD4, 0xD1, 0xCD, 0xFF, 0xD8, 0xD5, 0xD2, 0xFF,
    0xA6, 0xA4, 0x9F, 0xF9, 0x74, 0x70, 0x6B, 0xF4, 0x6C, 0x68, 0x63, 0xFF, 0x4C, 0x49, 0x45, 0xFE,
    0x42, 0x3E, 0x3A, 0xFF, 0x3E, 0x3A, 0x35, 0xFF, 0x3F, 0x3A, 0x37, 0xFF, 0x33, 0x2F, 0x2E, 0xFF,
    0x34, 0x30, 0x2F, 0xFD, 0x3B, 0x39, 0x3A, 0xFF, 0x3D, 0x41, 0x41, 0x3A, 0x00, 0x00, 0x00, 0x00,
    0x55, 0x55, 0x55, 0x03, 0x00, 0x00, 0x00, 0x00, 0x00, 0x00, 0x00, 0x00, 0x00, 0x00, 0x00, 0x00,
    0x00, 0x00, 0x00, 0x00, 0x00, 0x00, 0x00, 0x00, 0x00, 0x00, 0x00, 0x00, 0x00, 0x00, 0x00, 0x00,
    0x00, 0x00, 0x00, 0x00, 0x00, 0x00, 0x00, 0x00, 0x00, 0x00, 0x00, 0x00, 0x00, 0x00, 0x00, 0x00,
    0x00, 0x00, 0x00, 0x00, 0x00, 0x00, 0x00, 0x00, 0x00, 0x00, 0x00, 0x00, 0x00, 0x00, 0x00, 0x00,
    0x00, 0x00, 0x00, 0x00, 0x00, 0x00, 0x00, 0x00, 0x00, 0x00, 0x00, 0x00, 0x00, 0x00, 0x00, 0x00,
    0x00, 0x00, 0x00, 0x00, 0x00, 0x00, 0x00, 0x00, 0x00, 0x00, 0x00, 0x00, 0x3F, 0x3F, 0x3F, 0x04,
    0x00, 0x00, 0x00, 0x00, 0x2E, 0x31, 0x39, 0x62, 0x2A, 0x2A, 0x2B, 0xFF, 0x24, 0x23, 0x20, 0xFC,
    0x2A, 0x28, 0x26, 0xFF, 0x2C, 0x29, 0x29, 0xFF, 0x2D, 0x2A, 0x29, 0xFE, 0x32, 0x2E, 0x2D, 0xFE,
    0x34, 0x2F, 0x2F, 0xFF, 0x40, 0x3C, 0x3A, 0xFF, 0x3D, 0x3A, 0x35, 0xFA, 0x34, 0x30, 0x2D, 0xFA,
    0x30, 0x2C, 0x2C, 0xFF, 0x2B, 0x27, 0x27, 0xFF, 0x2D, 0x29, 0x28, 0xFF, 0x2F, 0x2B, 0x2B, 0xFF,
    0x33, 0x2F, 0x2E, 0xFF, 0x37, 0x33, 0x32, 0xFF, 0x3A, 0x37, 0x33, 0xFF, 0x42, 0x3F, 0x3A, 0xFF,
    0x41, 0x3D, 0x39, 0xFF, 0x5E, 0x5A, 0x56, 0xFF, 0xA1, 0x9C, 0x9A, 0xFF, 0x9D, 0x98, 0x96, 0xFF,
    0x96, 0x92, 0x90, 0xFF, 0x86, 0x80, 0x7D, 0xFF, 0x68, 0x63, 0x60, 0xFF, 0x49, 0x46, 0x42, 0xFF,
    0x38, 0x35, 0x32, 0xFF, 0x33, 0x2E, 0x2E, 0xFF, 0x31, 0x2D, 0x2D, 0xFF, 0x31, 0x2C, 0x2C, 0xFF,
    0x32, 0x2D, 0x2D, 0xFF, 0x33, 0x2F, 0x2E, 0xFF, 0x34, 0x2F, 0x2E, 0xFF, 0x36, 0x30, 0x30, 0xFF,
    0x35, 0x31, 0x30, 0xFF, 0x37, 0x33, 0x31, 0xFF, 0x38, 0x33, 0x34, 0xFF, 0x3A, 0x36, 0x33, 0xFF,
    0x3B, 0x38, 0x33, 0xFF, 0x3D, 0x3A, 0x36, 0xFF, 0x3F, 0x3C, 0x37, 0xFF, 0x41, 0x3D, 0x39, 0xFF,
    0x43, 0x40, 0x3C, 0xFF, 0x45, 0x41, 0x3D, 0xFF, 0x46, 0x42, 0x3F, 0xFF, 0x48, 0x45, 0x41, 0xFF,
    0x4B, 0x48, 0x43, 0xFF, 0x4E, 0x4A, 0x46, 0xFF, 0x50, 0x4C, 0x49, 0xFF, 0x53, 0x4F, 0x4B, 0xFF,
    0x56, 0x51, 0x4E, 0xFF, 0x5A, 0x54, 0x52, 0xFF, 0x5B, 0x57, 0x54, 0xFF, 0x60, 0x5B, 0x59, 0xFF,
    0x62, 0x5D, 0x5C, 0xFF, 0x65, 0x61, 0x5E, 0xFF, 0x69, 0x64, 0x62, 0xFF, 0x6D, 0x68, 0x65, 0xFF,
    0x70, 0x6B, 0x68, 0xFF, 0x73, 0x6D, 0x6B, 0xFF, 0x77, 0x72, 0x70, 0xFF, 0x7C, 0x77, 0x75, 0xFF,
    0x81, 0x7B, 0x79, 0xFF, 0x85, 0x80, 0x7E, 0xFF, 0x89, 0x84, 0x84, 0xFF, 0x8E, 0x89, 0x88, 0xFF,
    0x92, 0x8D, 0x8B, 0xFF, 0x96, 0x91, 0x90, 0xFF, 0x9A, 0x94, 0x93, 0xFF, 0x9F, 0x9A, 0x98, 0xFF,
    0xA4, 0xA0, 0x9E, 0xFF, 0xA8, 0xA4, 0xA2, 0xFF, 0xAC, 0xA7, 0xA5, 0xFF, 0xB0, 0xAB, 0xA9, 0xFF,
    0xB2, 0xAD, 0xAC, 0xFF, 0xB2, 0xAE, 0xAC, 0xFF, 0xAB, 0xA6, 0xA4, 0xFF, 0x96, 0x90, 0x8D, 0xFF,
    0x77, 0x72, 0x6F, 0xFF, 0x52, 0x4D, 0x4B, 0xFF, 0x3F, 0x3C, 0x37, 0xFF, 0x37, 0x33, 0x32, 0xFF,
    0x35, 0x30, 0x31, 0xFF, 0x2F, 0x2C, 0x2A, 0xFF, 0x4D, 0x49, 0x46, 0xFF, 0x74, 0x70, 0x6D, 0xFF,
    0x78, 0x74, 0x71, 0xFF, 0x84, 0x7F, 0x7C, 0xFF, 0x8F, 0x8A, 0x87, 0xFF, 0x9B, 0x97, 0x94, 0xFF,
    0xB0, 0xAC, 0xA8, 0xFF, 0xC7, 0xC4, 0xC0, 0xFF, 0xD3, 0xD0, 0xCD, 0xFF, 0xDA, 0xD7, 0xD4, 0xFF,
    0xBE, 0xBD, 0xBA, 0xFA, 0x7D, 0x79, 0x76, 0xED, 0x79, 0x73, 0x71, 0xFF, 0x56, 0x50, 0x4F, 0xFE,
    0x47, 0x45, 0x41, 0xFE, 0x3D, 0x3B, 0x36, 0xFD, 0x3F, 0x3B, 0x37, 0xFF, 0x40, 0x3D, 0x39, 0xFF,
    0x35, 0x30, 0x2E, 0xFB, 0x39, 0x36, 0x36, 0xFF, 0x39, 0x3C, 0x41, 0xA8, 0x00, 0x00, 0x00, 0x00,
    0x55, 0x55, 0x55, 0x03, 0x00, 0x00, 0x00, 0x00, 0x00, 0x00, 0x00, 0x00, 0x00, 0x00, 0x00, 0x00,
    0x00, 0x00, 0x00, 0x00, 0x00, 0x00, 0x00, 0x00, 0x00, 0x00, 0x00, 0x00, 0x00, 0x00, 0x00, 0x00,
    0x00, 0x00, 0x00, 0x00, 0x00, 0x00, 0x00, 0x00, 0x00, 0x00, 0x00, 0x00, 0x00, 0x00, 0x00, 0x00,
    0x00, 0x00, 0x00, 0x00, 0x00, 0x00, 0x00, 0x00, 0x00, 0x00, 0x00, 0x00, 0x00, 0x00, 0x00, 0x00,
    0x00, 0x00, 0x00, 0x00, 0x00, 0x00, 0x00, 0x00, 0x00, 0x00, 0x00, 0x00, 0x00, 0x00, 0x00, 0x00,
    0x00, 0x00, 0x00, 0x00, 0x00, 0x00, 0x00, 0x00, 0x00, 0x00, 0x00, 0x00, 0x7F, 0x7F, 0x7F, 0x02,
    0x00, 0x00, 0x00, 0x00, 0x28, 0x2A, 0x2E, 0xB6, 0x26, 0x25, 0x23, 0xFE, 0x28, 0x26, 0x24, 0xFC,
    0x2C, 0x2A, 0x29, 0xFF, 0x2D, 0x2A, 0x29, 0xFF, 0x33, 0x2F, 0x2E, 0xFF, 0x35, 0x31, 0x30, 0xFF,
    0x3B, 0x37, 0x34, 0xFF, 0x49, 0x46, 0x42, 0xFF, 0x3E, 0x3B, 0x37, 0xF4, 0x33, 0x2F, 0x2E, 0xFB,
    0x2F, 0x2A, 0x2B, 0xFF, 0x2B, 0x27, 0x27, 0xFF, 0x2E, 0x2A, 0x28, 0xFF, 0x31, 0x2D, 0x2C, 0xFF,
    0x34, 0x30, 0x30, 0xFF, 0x38, 0x35, 0x31, 0xFF, 0x3E, 0x3A, 0x36, 0xFF, 0x41, 0x3F, 0x39, 0xFF,
    0x4A, 0x48, 0x43, 0xFF, 0x96, 0x93, 0x90, 0xFF, 0xA3, 0x9F, 0x9E, 0xFF, 0x9D, 0x9A, 0x98, 0xFF,
    0x95, 0x90, 0x8F, 0xFF, 0x7F, 0x7A, 0x78, 0xFF, 0x60, 0x5B, 0x58, 0xFF, 0x44, 0x40, 0x3E, 0xFF,
    0x36, 0x32, 0x30, 0xFF, 0x32, 0x2D, 0x2D, 0xFF, 0x31, 0x2C, 0x2C, 0xFF, 0x31, 0x2D, 0x2C, 0xFF,
    0x32, 0x2E, 0x2D, 0xFF, 0x32, 0x2E, 0x2E, 0xFF, 0x34, 0x2F, 0x2F, 0xFF, 0x35, 0x30, 0x30, 0xFF,
    0x36, 0x32, 0x31, 0xFF, 0x38, 0x33, 0x32, 0xFF, 0x38, 0x34, 0x34, 0xFF, 0x3A, 0x37, 0x33, 0xFF,
    0x3C, 0x39, 0x34, 0xFF, 0x3E, 0x3A, 0x36, 0xFF, 0x40, 0x3C, 0x38, 0xFF, 0x41, 0x3E, 0x3A, 0xFF,
    0x44, 0x3F, 0x3C, 0xFF, 0x46, 0x41, 0x3D, 0xFF, 0x48, 0x43, 0x40, 0xFF, 0x49, 0x45, 0x42, 0xFF,
    0x4B, 0x47, 0x44, 0xFF, 0x4E, 0x4A, 0x47, 0xFF, 0x50, 0x4C, 0x49, 0xFF, 0x54, 0x4F, 0x4C, 0xFF,
    0x57, 0x51, 0x4F, 0xFF, 0x5A, 0x55, 0x53, 0xFF, 0x5D, 0x58, 0x55, 0xFF, 0x60, 0x5B, 0x5A, 0xFF,
    0x63, 0x5E, 0x5C, 0xFF, 0x66, 0x60, 0x5D, 0xFF, 0x69, 0x64, 0x61, 0xFF, 0x6C, 0x67, 0x65, 0xFF,
    0x6F, 0x6A, 0x68, 0xFF, 0x74, 0x6E, 0x6D, 0xFF, 0x78, 0x72, 0x70, 0xFF, 0x7C, 0x76, 0x76, 0xFF,
    0x80, 0x7B, 0x79, 0xFF, 0x84, 0x80, 0x7E, 0xFF, 0x89, 0x83, 0x83, 0xFF, 0x8D, 0x88, 0x86, 0xFF,
    0x92, 0x8D, 0x8A, 0xFF, 0x96, 0x91, 0x8E, 0xFF, 0x9A, 0x95, 0x93, 0xFF, 0x9E, 0x99, 0x98, 0xFF,
    0xA3, 0x9F, 0x9D, 0xFF, 0xA8, 0xA3, 0xA2, 0xFF, 0xAB, 0xA7, 0xA5, 0xFF, 0xB0, 0xAC, 0xAA, 0xFF,
    0xB3, 0xAE, 0xAD, 0xFF, 0xB4, 0xAF, 0xAE, 0xFF, 0xAF, 0xAA, 0xA8, 0xFF, 0x9D, 0x98, 0x95, 0xFF,
    0x81, 0x7C, 0x7B, 0xFF, 0x5B, 0x57, 0x54, 0xFF, 0x44, 0x40, 0x3B, 0xFF, 0x39, 0x35, 0x33, 0xFF,
    0x34, 0x2F, 0x30, 0xFF, 0x33, 0x2F, 0x2E, 0xFF, 0x32, 0x2E, 0x2D, 0xFF, 0x61, 0x5C, 0x59, 0xFF,
    0x7A, 0x75, 0x73, 0xFF, 0x7F, 0x7C, 0x7A, 0xFF, 0x89, 0x85, 0x83, 0xFF, 0x95, 0x91, 0x8E, 0xFF,
    0xA8, 0xA3, 0xA0, 0xFF, 0xC0, 0xBC, 0xB8, 0xFF, 0xD0, 0xCD, 0xCB, 0xFF, 0xD7, 0xD4, 0xD3, 0xFF,
    0xCC, 0xCA, 0xC9, 0xFF, 0x93, 0x91, 0x8E, 0xE1, 0x85, 0x7F, 0x7D, 0xFF, 0x61, 0x5C, 0x5A, 0xFF,
    0x4E, 0x49, 0x45, 0xFF, 0x47, 0x43, 0x3F, 0xFF, 0x40, 0x3C, 0x38, 0xFF, 0x41, 0x3E, 0x3A, 0xFF,
    0x3F, 0x3C, 0x39, 0xFE, 0x36, 0x32, 0x30, 0xFF, 0x35, 0x37, 0x3B, 0xEA, 0x36, 0x36, 0x48, 0x0E,
    0x00, 0x00, 0x00, 0x00, 0x00, 0x00, 0x00, 0x01, 0x00, 0x00, 0x00, 0x00, 0x00, 0x00, 0x00, 0x00,
    0x00, 0x00, 0x00, 0x00, 0x00, 0x00, 0x00, 0x00, 0x00, 0x00, 0x00, 0x00, 0x00, 0x00, 0x00, 0x00,
    0x00, 0x00, 0x00, 0x00, 0x00, 0x00, 0x00, 0x00, 0x00, 0x00, 0x00, 0x00, 0x00, 0x00, 0x00, 0x00,
    0x00, 0x00, 0x00, 0x00, 0x00, 0x00, 0x00, 0x00, 0x00, 0x00, 0x00, 0x00, 0x00, 0x00, 0x00, 0x00,
    0x00, 0x00, 0x00, 0x00, 0x00, 0x00, 0x00, 0x00, 0x00, 0x00, 0x00, 0x00, 0x00, 0x00, 0x00, 0x00,
    0x00, 0x00, 0x00, 0x00, 0x00, 0x00, 0x00, 0x00, 0x00, 0x00, 0x00, 0x01, 0x00, 0x00, 0x00, 0x00,
    0x2E, 0x2E, 0x2E, 0x0B, 0x22, 0x22, 0x21, 0xE4, 0x26, 0x25, 0x22, 0xFF, 0x2B, 0x2A, 0x28, 0xFE,
    0x2D, 0x2A, 0x29, 0xFF, 0x32, 0x2E, 0x2E, 0xFF, 0x36, 0x32, 0x31, 0xFF, 0x37, 0x33, 0x31, 0xFF,
    0x43, 0x40, 0x3C, 0xFE, 0x50, 0x4C, 0x48, 0xFF, 0x3E, 0x3C, 0x38, 0xF0, 0x32, 0x2D, 0x2D, 0xFB,
    0x2E, 0x29, 0x2A, 0xFF, 0x2D, 0x28, 0x27, 0xFF, 0x2F, 0x2B, 0x2A, 0xFF, 0x34, 0x2F, 0x2F, 0xFF,
    0x36, 0x33, 0x30, 0xFF, 0x3A, 0x37, 0x33, 0xFF, 0x42, 0x3F, 0x3A, 0xFF, 0x3E, 0x3C, 0x37, 0xFF,
    0x7E, 0x7A, 0x77, 0xFF, 0xAB, 0xA7, 0xA5, 0xFF, 0xA1, 0x9D, 0x9B, 0xFF, 0x9F, 0x9B, 0x99, 0xFF,
    0x93, 0x8E, 0x8C, 0xFF, 0x77, 0x73, 0x70, 0xFF, 0x57, 0x53, 0x4F, 0xFF, 0x40, 0x3C, 0x39, 0xFF,
    0x34, 0x31, 0x2E, 0xFF, 0x31, 0x2D, 0x2C, 0xFF, 0x31, 0x2C, 0x2C, 0xFF, 0x31, 0x2D, 0x2D, 0xFF,
    0x32, 0x2E, 0x2D, 0xFF, 0x33, 0x2F, 0x2F, 0xFF, 0x34, 0x30, 0x2F, 0xFF, 0x36, 0x31, 0x30, 0xFF,
    0x37, 0x32, 0x31, 0xFF, 0x38, 0x33, 0x33, 0xFF, 0x39, 0x34, 0x34, 0xFF, 0x3B, 0x37, 0x34, 0xFF,
    0x3C, 0x38, 0x34, 0xFF, 0x3E, 0x3B, 0x36, 0xFF, 0x40, 0x3D, 0x39, 0xFF, 0x42, 0x3E, 0x3B, 0xFF,
    0x44, 0x40, 0x3C, 0xFF, 0x45, 0x42, 0x3E, 0xFF, 0x48, 0x44, 0x41, 0xFF, 0x4A, 0x45, 0x42, 0xFF,
    0x4C, 0x48, 0x45, 0xFF, 0x4E, 0x4B, 0x48, 0xFF, 0x52, 0x4E, 0x4A, 0xFF, 0x55, 0x51, 0x4D, 0xFF,
    0x57, 0x52, 0x50, 0xFF, 0x5B, 0x56, 0x55, 0xFF, 0x5D, 0x58, 0x55, 0xFF, 0x61, 0x5B, 0x59, 0xFF,
    0x63, 0x5E, 0x5D, 0xFF, 0x66, 0x61, 0x5E, 0xFF, 0x69, 0x64, 0x62, 0xFF, 0x6C, 0x67, 0x65, 0xFF,
    0x6E, 0x6A, 0x68, 0xFF, 0x73, 0x6E, 0x6D, 0xFF, 0x77, 0x72, 0x6F, 0xFF, 0x7C, 0x77, 0x75, 0xFF,
    0x7F, 0x7B, 0x78, 0xFF, 0x84, 0x7E, 0x7E, 0xFF, 0x89, 0x84, 0x82, 0xFF, 0x8D, 0x89, 0x85, 0xFF,
    0x92, 0x8D, 0x8A, 0xFF, 0x96, 0x90, 0x8E, 0xFF, 0x9A, 0x94, 0x92, 0xFF, 0x9E, 0x98, 0x97, 0xFF,
    0xA3, 0x9E, 0x9C, 0xFF, 0xA8, 0xA3, 0xA1, 0xFF, 0xAC, 0xA6, 0xA5, 0xFF, 0xB0, 0xAB, 0xAA, 0xFF,
    0xB3, 0xAF, 0xAD, 0xFF, 0xB5, 0xB0, 0xAF, 0xFF, 0xB2, 0xAD, 0xAC, 0xFF, 0xA5, 0xA0, 0x9E, 0xFF,
    0x8B, 0x86, 0x83, 0xFF, 0x66, 0x61, 0x5F, 0xFF, 0x49, 0x45, 0x41, 0xFF, 0x3B, 0x38, 0x34, 0xFF,
    0x35, 0x30, 0x2F, 0xFF, 0x34, 0x2F, 0x2F, 0xFF, 0x32, 0x2E, 0x2E, 0xFF, 0x3F, 0x3A, 0x38, 0xFF,
    0x75, 0x70, 0x6D, 0xFF, 0x7E, 0x7A, 0x77, 0xFF, 0x85, 0x81, 0x7F, 0xFF, 0x91, 0x8C, 0x8A, 0xFF,
    0xA0, 0x9B, 0x9A, 0xFF, 0xB8, 0xB3, 0xB1, 0xFF, 0xCD, 0xC9, 0xC6, 0xFF, 0xD5, 0xD2, 0xD0, 0xFF,
    0xD6, 0xD5, 0xD4, 0xFF, 0x9D, 0x9A, 0x98, 0xE8, 0x92, 0x8D, 0x8A, 0xFD, 0x6B, 0x67, 0x64, 0xFF,
    0x57, 0x51, 0x4D, 0xFF, 0x4D, 0x48, 0x44, 0xFF, 0x47, 0x44, 0x41, 0xFF, 0x3E, 0x3B, 0x37, 0xFF,
    0x42, 0x40, 0x3C, 0xFF, 0x3E, 0x3A, 0x36, 0xFE, 0x33, 0x32, 0x30, 0xFE, 0x32, 0x32, 0x37, 0x33,
    0x00, 0x00, 0x00, 0x00, 0x00, 0x00, 0x00, 0x03, 0x00, 0x00, 0x00, 0x00, 0x00, 0x00, 0x00, 0x00,
    0x00, 0x00, 0x00, 0x00, 0x00, 0x00, 0x00, 0x00, 0x00, 0x00, 0x00, 0x00, 0x00, 0x00, 0x00, 0x00,
    0x00, 0x00, 0x00, 0x00, 0x00, 0x00, 0x00, 0x00, 0x00, 0x00, 0x00, 0x00, 0x00, 0x00, 0x00, 0x00,
    0x00, 0x00, 0x00, 0x00, 0x00, 0x00, 0x00, 0x00, 0x00, 0x00, 0x00, 0x00, 0x00, 0x00, 0x00, 0x00,
    0x00, 0x00, 0x00, 0x00, 0x00, 0x00, 0x00, 0x00, 0x00, 0x00, 0x00, 0x00, 0x00, 0x00, 0x00, 0x00,
    0x00, 0x00, 0x00, 0x00, 0x00, 0x00, 0x00, 0x00, 0x00, 0x00, 0x00, 0x02, 0x00, 0x00, 0x00, 0x00,
    0x1C, 0x1C, 0x1C, 0x2C, 0x25, 0x23, 0x22, 0xFE, 0x2D, 0x2A, 0x28, 0xFE, 0x2B, 0x27, 0x27, 0xFF,
    0x31, 0x2E, 0x2D, 0xFF, 0x36, 0x32, 0x31, 0xFF, 0x39, 0x35, 0x32, 0xFF, 0x3D, 0x3A, 0x36, 0xFF,
    0x4E, 0x4A, 0x46, 0xFF, 0x57, 0x52, 0x4E, 0xFF, 0x3D, 0x39, 0x37, 0xF7, 0x32, 0x2D, 0x2D, 0xFF,
    0x2D, 0x29, 0x28, 0xFF, 0x2E, 0x29, 0x29, 0xFF, 0x31, 0x2D, 0x2C, 0xFF, 0x35, 0x31, 0x30, 0xFF,
    0x38, 0x34, 0x31, 0xFF, 0x3E, 0x3A, 0x35, 0xFF, 0x3D, 0x3A, 0x34, 0xFF, 0x5D, 0x59, 0x55, 0xFF,
    0xA6, 0xA2, 0xA0, 0xFF, 0xA5, 0xA0, 0x9F, 0xFF, 0xA5, 0xA0, 0x9F, 0xFF, 0x9E, 0x99, 0x98, 0xFF,
    0x8E, 0x89, 0x86, 0xFF, 0x6D, 0x69, 0x66, 0xFF, 0x50, 0x4B, 0x49, 0xFF, 0x3C, 0x39, 0x35, 0xFF,
    0x32, 0x30, 0x2D, 0xFF, 0x30, 0x2C, 0x2C, 0xFF, 0x31, 0x2D, 0x2C, 0xFF, 0x31, 0x2C, 0x2D, 0xFF,
    0x32, 0x2E, 0x2D, 0xFF, 0x33, 0x2F, 0x2E, 0xFF, 0x35, 0x30, 0x30, 0xFF, 0x36, 0x31, 0x31, 0xFF,
    0x37, 0x32, 0x31, 0xFF, 0x38, 0x33, 0x33, 0xFF, 0x39, 0x35, 0x34, 0xFF, 0x3B, 0x37, 0x33, 0xFF,
    0x3D, 0x3A, 0x35, 0xFF, 0x3E, 0x3B, 0x37, 0xFF, 0x40, 0x3E, 0x3A, 0xFF, 0x42, 0x3F, 0x3B, 0xFF,
    0x44, 0x40, 0x3D, 0xFF, 0x46, 0x43, 0x3F, 0xFF, 0x48, 0x45, 0x42, 0xFF, 0x4A, 0x47, 0x42, 0xFF,
    0x4D, 0x49, 0x46, 0xFF, 0x50, 0x4C, 0x49, 0xFF, 0x52, 0x4D, 0x4A, 0xFF, 0x55, 0x50, 0x4E, 0xFF,
    0x58, 0x52, 0x50, 0xFF, 0x5B, 0x56, 0x54, 0xFF, 0x5D, 0x58, 0x56, 0xFF, 0x61, 0x5B, 0x59, 0xFF,
    0x63, 0x5E, 0x5C, 0xFF, 0x65, 0x60, 0x5F, 0xFF, 0x69, 0x64, 0x62, 0xFF, 0x6B, 0x66, 0x64, 0xFF,
    0x6F, 0x6A, 0x68, 0xFF, 0x73, 0x6E, 0x6B, 0xFF, 0x76, 0x71, 0x70, 0xFF, 0x7A, 0x75, 0x74, 0xFF,
    0x7F, 0x7A, 0x78, 0xFF, 0x83, 0x7D, 0x7D, 0xFF, 0x87, 0x83, 0x81, 0xFF, 0x8C, 0x88, 0x85, 0xFF,
    0x90, 0x8B, 0x89, 0xFF, 0x95, 0x90, 0x8D, 0xFF, 0x98, 0x93, 0x91, 0xFF, 0x9D, 0x99, 0x97, 0xFF,
    0xA2, 0x9D, 0x9C, 0xFF, 0xA6, 0xA3, 0xA0, 0xFF, 0xAB, 0xA6, 0xA5, 0xFF, 0xAF, 0xAB, 0xAA, 0xFF,
    0xB4, 0xAF, 0xAE, 0xFF, 0xB6, 0xB1, 0xAF, 0xFF, 0xB5, 0xB0, 0xAF, 0xFF, 0xAC, 0xA7, 0xA5, 0xFF,
    0x93, 0x8E, 0x8B, 0xFF, 0x71, 0x6B, 0x68, 0xFF, 0x4F, 0x4A, 0x47, 0xFF, 0x3D, 0x3A, 0x35, 0xFF,
    0x36, 0x32, 0x30, 0xFF, 0x33, 0x2F, 0x2F, 0xFF, 0x35, 0x31, 0x31, 0xFF, 0x31, 0x2D, 0x2C, 0xFF,
    0x53, 0x4F, 0x4C, 0xFF, 0x80, 0x7B, 0x78, 0xFF, 0x80, 0x7C, 0x7A, 0xFF, 0x8C, 0x87, 0x84, 0xFF,
    0x9A, 0x95, 0x92, 0xFF, 0xAE, 0xAA, 0xA7, 0xFF, 0xC7, 0xC2, 0xBF, 0xFF, 0xD3, 0xCF, 0xCE, 0xFE,
    0xDC, 0xDA, 0xDA, 0xFF, 0xB2, 0xB0, 0xAD, 0xDF, 0xA4, 0x9F, 0x9D, 0xF6, 0x7A, 0x74, 0x72, 0xFF,
    0x62, 0x5E, 0x5A, 0xFF, 0x52, 0x4E, 0x4A, 0xFF, 0x4D, 0x49, 0x45, 0xFF, 0x46, 0x43, 0x3F, 0xFF,
    0x3E, 0x3B, 0x37, 0xFF, 0x42, 0x3E, 0x3A, 0xFB, 0x3C, 0x3A, 0x36, 0xFF, 0x2A, 0x27, 0x27, 0x67,
    0x00, 0x00, 0x00, 0x00, 0x3F, 0x3F, 0x3F, 0x04, 0x00, 0x00, 0x00, 0x00, 0x00, 0x00, 0x00, 0x00,
    0x00, 0x00, 0x00, 0x00, 0x00, 0x00, 0x00, 0x00, 0x00, 0x00, 0x00, 0x00, 0x00, 0x00, 0x00, 0x00,
    0x00, 0x00, 0x00, 0x00, 0x00, 0x00, 0x00, 0x00, 0x00, 0x00, 0x00, 0x00, 0x00, 0x00, 0x00, 0x00,
    0x00, 0x00, 0x00, 0x00, 0x00, 0x00, 0x00, 0x00, 0x00, 0x00, 0x00, 0x00, 0x00, 0x00, 0x00, 0x00,
    0x00, 0x00, 0x00, 0x00, 0x00, 0x00, 0x00, 0x00, 0x00, 0x00, 0x00, 0x00, 0x00, 0x00, 0x00, 0x00,
    0x00, 0x00, 0x00, 0x00, 0x00, 0x00, 0x00, 0x00, 0x3F, 0x3F, 0x00, 0x04, 0x00, 0x00, 0x00, 0x00,
    0x24, 0x27, 0x27, 0x54, 0x2E, 0x2D, 0x2C, 0xFF, 0x2B, 0x27, 0x25, 0xFC, 0x2F, 0x2C, 0x2C, 0xFF,
    0x34, 0x30, 0x2F, 0xFF, 0x39, 0x35, 0x31, 0xFF, 0x3C, 0x39, 0x35, 0xFF, 0x47, 0x43, 0x40, 0xFF,
    0x55, 0x50, 0x4E, 0xFF, 0x5B, 0x56, 0x54, 0xFF, 0x3A, 0x38, 0x35, 0xFA, 0x32, 0x2E, 0x2F, 0xFF,
    0x2E, 0x2A, 0x29, 0xFF, 0x2F, 0x2B, 0x2A, 0xFF, 0x33, 0x2F, 0x2E, 0xFF, 0x36, 0x32, 0x2F, 0xFF,
    0x39, 0x37, 0x32, 0xFF, 0x3E, 0x3B, 0x36, 0xFF, 0x43, 0x40, 0x3B, 0xFF, 0x93, 0x8E, 0x8B, 0xFF,
    0xA8, 0xA4, 0xA2, 0xFF, 0xA6, 0xA1, 0xA0, 0xFF, 0xA6, 0xA1, 0xA1, 0xFF, 0x9C, 0x98, 0x97, 0xFF,
    0x88, 0x84, 0x80, 0xFF, 0x65, 0x61, 0x5D, 0xFF, 0x48, 0x45, 0x41, 0xFF, 0x38, 0x36, 0x32, 0xFF,
    0x32, 0x2D, 0x2D, 0xFF, 0x31, 0x2C, 0x2C, 0xFF, 0x31, 0x2C, 0x2C, 0xFF, 0x32, 0x2D, 0x2D, 0xFF,
    0x33, 0x2E, 0x2E, 0xFF, 0x34, 0x30, 0x2F, 0xFF, 0x35, 0x30, 0x30, 0xFF, 0x36, 0x32, 0x32, 0xFF,
    0x37, 0x33, 0x32, 0xFF, 0x39, 0x35, 0x32, 0xFF, 0x3A, 0x36, 0x33, 0xFF, 0x3B, 0x38, 0x33, 0xFF,
    0x3E, 0x3A, 0x36, 0xFF, 0x3F, 0x3C, 0x38, 0xFF, 0x41, 0x3E, 0x39, 0xFF, 0x43, 0x3F, 0x3B, 0xFF,
    0x45, 0x40, 0x3D, 0xFF, 0x47, 0x43, 0x40, 0xFF, 0x49, 0x45, 0x42, 0xFF, 0x4B, 0x47, 0x44, 0xFF,
    0x4D, 0x49, 0x46, 0xFF, 0x50, 0x4B, 0x48, 0xFF, 0x52, 0x4E, 0x4B, 0xFF, 0x55, 0x51, 0x4D, 0xFF,
    0x5A, 0x54, 0x52, 0xFF, 0x5C, 0x56, 0x55, 0xFF, 0x5E, 0x59, 0x56, 0xFF, 0x61, 0x5C, 0x5B, 0xFF,
    0x63, 0x5E, 0x5C, 0xFF, 0x66, 0x61, 0x5E, 0xFF, 0x69, 0x64, 0x61, 0xFF, 0x6C, 0x67, 0x65, 0xFF,
    0x6F, 0x6A, 0x68, 0xFF, 0x72, 0x6D, 0x6B, 0xFF, 0x76, 0x71, 0x6F, 0xFF, 0x7A, 0x75, 0x72, 0xFF,
    0x7E, 0x7A, 0x78, 0xFF, 0x83, 0x7E, 0x7B, 0xFF, 0x86, 0x81, 0x80, 0xFF, 0x8C, 0x86, 0x85, 0xFF,
    0x91, 0x8C, 0x8A, 0xFF, 0x94, 0x8F, 0x8D, 0xFF, 0x98, 0x93, 0x91, 0xFF, 0x9C, 0x98, 0x96, 0xFF,
    0xA2, 0x9D, 0x9C, 0xFF, 0xA6, 0xA1, 0xA0, 0xFF, 0xAB, 0xA6, 0xA4, 0xFF, 0xAF, 0xAA, 0xA8, 0xFF,
    0xB3, 0xAE, 0xAD, 0xFF, 0xB6, 0xB1, 0xAF, 0xFF, 0xB6, 0xB1, 0xB1, 0xFF, 0xB1, 0xAC, 0xAB, 0xFF,
    0x9B, 0x96, 0x93, 0xFF, 0x7B, 0x75, 0x73, 0xFF, 0x58, 0x53, 0x50, 0xFF, 0x40, 0x3D, 0x39, 0xFF,
    0x38, 0x35, 0x31, 0xFF, 0x34, 0x30, 0x2E, 0xFF, 0x34, 0x30, 0x2F, 0xFF, 0x35, 0x31, 0x30, 0xFF,
    0x34, 0x30, 0x2E, 0xFF, 0x6B, 0x66, 0x63, 0xFF, 0x82, 0x7D, 0x7A, 0xFF, 0x87, 0x82, 0x7E, 0xFF,
    0x96, 0x90, 0x8D, 0xFF, 0xA6, 0xA1, 0xA0, 0xFF, 0xBE, 0xBA, 0xB8, 0xFF, 0xD0, 0xCC, 0xCA, 0xFF,
    0xDF, 0xDD, 0xD9, 0xFF, 0xAE, 0xAC, 0xA9, 0xF5, 0xAC, 0xA7, 0xA5, 0xF6, 0x89, 0x84, 0x82, 0xFF,
    0x6D, 0x68, 0x65, 0xFF, 0x60, 0x5B, 0x57, 0xFF, 0x53, 0x4F, 0x4A, 0xFF, 0x4C, 0x48, 0x43, 0xFF,
    0x45, 0x41, 0x3D, 0xFF, 0x39, 0x37, 0x32, 0xFB, 0x43, 0x40, 0x3C, 0xFF, 0x34, 0x33, 0x31, 0x9A,
    0x00, 0x00, 0x00, 0x00, 0x3F, 0x3F, 0x3F, 0x04, 0x00, 0x00, 0x00, 0x00, 0x00, 0x00, 0x00, 0x00,
    0x00, 0x00, 0x00, 0x00, 0x00, 0x00, 0x00, 0x00, 0x00, 0x00, 0x00, 0x00, 0x00, 0x00, 0x00, 0x00,
    0x00, 0x00, 0x00, 0x00, 0x00, 0x00, 0x00, 0x00, 0x00, 0x00, 0x00, 0x00, 0x00, 0x00, 0x00, 0x00,
    0x00, 0x00, 0x00, 0x00, 0x00, 0x00, 0x00, 0x00, 0x00, 0x00, 0x00, 0x00, 0x00, 0x00, 0x00, 0x00,
    0x00, 0x00, 0x00, 0x00, 0x00, 0x00, 0x00, 0x00, 0x00, 0x00, 0x00, 0x00, 0x00, 0x00, 0x00, 0x00,
    0x00, 0x00, 0x00, 0x00, 0x00, 0x00, 0x00, 0x00, 0x3F, 0x3F, 0x3F, 0x04, 0x00, 0x00, 0x00, 0x00,
    0x32, 0x30, 0x30, 0x83, 0x30, 0x2D, 0x2D, 0xFF, 0x2E, 0x2A, 0x2A, 0xFB, 0x35, 0x31, 0x30, 0xFF,
    0x37, 0x34, 0x31, 0xFF, 0x3D, 0x39, 0x36, 0xFF, 0x48, 0x44, 0x40, 0xFF, 0x4F, 0x4B, 0x46, 0xFF,
    0x5B, 0x57, 0x54, 0xFF, 0x5D, 0x59, 0x56, 0xFC, 0x39, 0x35, 0x33, 0xF7, 0x33, 0x2F, 0x2E, 0xFF,
    0x30, 0x2B, 0x2B, 0xFF, 0x30, 0x2C, 0x2B, 0xFF, 0x33, 0x31, 0x2E, 0xFF, 0x37, 0x34, 0x30, 0xFF,
    0x3D, 0x39, 0x35, 0xFF, 0x37, 0x35, 0x30, 0xFF, 0x71, 0x6D, 0x6A, 0xFF, 0xAA, 0xA5, 0xA3, 0xFF,
    0xA6, 0xA0, 0x9F, 0xFF, 0xA8, 0xA3, 0xA2, 0xFF, 0xA6, 0xA0, 0xA0, 0xFF, 0x9A, 0x94, 0x93, 0xFF,
    0x80, 0x7B, 0x78, 0xFF, 0x5D, 0x59, 0x55, 0xFF, 0x43, 0x40, 0x3C, 0xFF, 0x37, 0x34, 0x30, 0xFF,
    0x32, 0x2D, 0x2D, 0xFF, 0x31, 0x2C, 0x2C, 0xFF, 0x31, 0x2D, 0x2D, 0xFF, 0x32, 0x2E, 0x2E, 0xFF,
    0x32, 0x2E, 0x2E, 0xFF, 0x34, 0x2E, 0x2F, 0xFF, 0x35, 0x31, 0x30, 0xFF, 0x36, 0x32, 0x32, 0xFF,
    0x37, 0x33, 0x32, 0xFF, 0x39, 0x36, 0x31, 0xFF, 0x3B, 0x37, 0x33, 0xFF, 0x3C, 0x39, 0x35, 0xFF,
    0x3E, 0x39, 0x37, 0xFF, 0x40, 0x3B, 0x38, 0xFF, 0x42, 0x3D, 0x3B, 0xFF, 0x43, 0x40, 0x3C, 0xFF,
    0x45, 0x41, 0x3E, 0xFF, 0x47, 0x43, 0x40, 0xFF, 0x49, 0x46, 0x42, 0xFF, 0x4C, 0x48, 0x45, 0xFF,
    0x4D, 0x4A, 0x46, 0xFF, 0x50, 0x4C, 0x49, 0xFF, 0x53, 0x4F, 0x4B, 0xFF, 0x55, 0x51, 0x4E, 0xFF,
    0x59, 0x53, 0x51, 0xFF, 0x5C, 0x56, 0x54, 0xFF, 0x5E, 0x58, 0x56, 0xFF, 0x61, 0x5C, 0x59, 0xFF,
    0x64, 0x5F, 0x5C, 0xFF, 0x67, 0x61, 0x5E, 0xFF, 0x6A, 0x64, 0x63, 0xFF, 0x6B, 0x66, 0x66, 0xFF,
    0x70, 0x6B, 0x6A, 0xFF, 0x73, 0x6E, 0x6C, 0xFF, 0x76, 0x71, 0x6F, 0xFF, 0x79, 0x75, 0x73, 0xFF,
    0x7D, 0x78, 0x76, 0xFF, 0x82, 0x7D, 0x7B, 0xFF, 0x86, 0x81, 0x7F, 0xFF, 0x8B, 0x86, 0x83, 0xFF,
    0x8F, 0x8A, 0x88, 0xFF, 0x94, 0x8E, 0x8C, 0xFF, 0x97, 0x91, 0x90, 0xFF, 0x9C, 0x97, 0x95, 0xFF,
    0xA1, 0x9C, 0x9A, 0xFF, 0xA6, 0xA1, 0x9F, 0xFF, 0xAB, 0xA5, 0xA4, 0xFF, 0xAF, 0xA9, 0xA8, 0xFF,
    0xB2, 0xAE, 0xAD, 0xFF, 0xB6, 0xB1, 0xB0, 0xFF, 0xB6, 0xB2, 0xB1, 0xFF, 0xB4, 0xAE, 0xAF, 0xFF,
    0xA4, 0x9F, 0x9D, 0xFF, 0x85, 0x80, 0x7E, 0xFF, 0x61, 0x5C, 0x5B, 0xFF, 0x45, 0x42, 0x3E, 0xFF,
    0x3A, 0x36, 0x32, 0xFF, 0x34, 0x30, 0x2E, 0xFF, 0x34, 0x2F, 0x2E, 0xFF, 0x34, 0x30, 0x30, 0xFF,
    0x31, 0x2D, 0x2C, 0xFF, 0x43, 0x3F, 0x3C, 0xFF, 0x7C, 0x77, 0x74, 0xFF, 0x83, 0x7E, 0x7B, 0xFF,
    0x91, 0x8B, 0x88, 0xFF, 0xA0, 0x9B, 0x99, 0xFF, 0xB5, 0xB1, 0xAF, 0xFF, 0xCD, 0xC9, 0xC7, 0xFE,
    0xE1, 0xDC, 0xDB, 0xFF, 0xBE, 0xBE, 0xBD, 0xF1, 0xAF, 0xAC, 0xAA, 0xF3, 0x96, 0x90, 0x8D, 0xFF,
    0x72, 0x6C, 0x6A, 0xFF, 0x6E, 0x68, 0x65, 0xFF, 0x61, 0x5D, 0x59, 0xFF, 0x53, 0x4E, 0x4A, 0xFF,
    0x4A, 0x46, 0x41, 0xFF, 0x42, 0x3E, 0x39, 0xFC, 0x3D, 0x39, 0x35, 0xFF, 0x3F, 0x3D, 0x39, 0xC4,
    0x00, 0x00, 0x00, 0x00, 0xFF, 0xFF, 0xFF, 0x01, 0x00, 0x00, 0x00, 0x00, 0x00, 0x00, 0x00, 0x00,
    0x00, 0x00, 0x00, 0x00, 0x00, 0x00, 0x00, 0x00, 0x00, 0x00, 0x00, 0x00, 0x00, 0x00, 0x00, 0x00,
    0x00, 0x00, 0x00, 0x00, 0x00, 0x00, 0x00, 0x00, 0x00, 0x00, 0x00, 0x00, 0x00, 0x00, 0x00, 0x00,
    0x00, 0x00, 0x00, 0x00, 0x00, 0x00, 0x00, 0x00, 0x00, 0x00, 0x00, 0x00, 0x00, 0x00, 0x00, 0x00,
    0x00, 0x00, 0x00, 0x00, 0x00, 0x00, 0x00, 0x00, 0x00, 0x00, 0x00, 0x00, 0x00, 0x00, 0x00, 0x00,
    0x00, 0x00, 0x00, 0x00, 0x00, 0x00, 0x00, 0x00, 0x55, 0x55, 0x55, 0x03, 0x00, 0x00, 0x00, 0x00,
    0x2A, 0x27, 0x27, 0xA9, 0x35, 0x30, 0x30, 0xFF, 0x35, 0x31, 0x31, 0xFB, 0x39, 0x36, 0x32, 0xFF,
    0x42, 0x3D, 0x3A, 0xFF, 0x4C, 0x47, 0x44, 0xFF, 0x51, 0x4C, 0x48, 0xFF, 0x53, 0x4F, 0x4C, 0xFF,
    0x63, 0x5E, 0x5B, 0xFF, 0x5D, 0x57, 0x54, 0xFF, 0x37, 0x34, 0x30, 0xFE, 0x32, 0x2E, 0x2D, 0xFF,
    0x2F, 0x2C, 0x2B, 0xFF, 0x32, 0x2F, 0x2C, 0xFF, 0x36, 0x33, 0x2E, 0xFF, 0x3B, 0x38, 0x34, 0xFF,
    0x3A, 0x37, 0x31, 0xFF, 0x50, 0x4D, 0x49, 0xFF, 0xA1, 0x9D, 0x9B, 0xFF, 0xA6, 0xA1, 0x9F, 0xFF,
    0xA8, 0xA2, 0xA1, 0xFF, 0xA8, 0xA3, 0xA2, 0xFF, 0xA4, 0x9F, 0x9D, 0xFF, 0x95, 0x8F, 0x8E, 0xFF,
    0x78, 0x72, 0x6F, 0xFF, 0x54, 0x4F, 0x4D, 0xFF, 0x3F, 0x3C, 0x37, 0xFF, 0x36, 0x32, 0x2F, 0xFF,
    0x32, 0x2D, 0x2D, 0xFF, 0x31, 0x2D, 0x2C, 0xFF, 0x32, 0x2D, 0x2D, 0xFF, 0x32, 0x2E, 0x2E, 0xFF,
    0x33, 0x2F, 0x2E, 0xFF, 0x34, 0x30, 0x30, 0xFF, 0x35, 0x31, 0x31, 0xFF, 0x37, 0x32, 0x32, 0xFF,
    0x39, 0x34, 0x32, 0xFF, 0x39, 0x36, 0x31, 0xFF, 0x3C, 0x37, 0x34, 0xFF, 0x3D, 0x39, 0x36, 0xFF,
    0x3F, 0x3B, 0x37, 0xFF, 0x40, 0x3C, 0x39, 0xFF, 0x41, 0x3E, 0x3B, 0xFF, 0x43, 0x40, 0x3C, 0xFF,
    0x46, 0x42, 0x3E, 0xFF, 0x48, 0x43, 0x40, 0xFF, 0x4A, 0x46, 0x42, 0xFF, 0x4D, 0x48, 0x45, 0xFF,
    0x4E, 0x4B, 0x47, 0xFF, 0x51, 0x4D, 0x4A, 0xFF, 0x53, 0x4F, 0x4C, 0xFF, 0x55, 0x51, 0x4F, 0xFF,
    0x58, 0x53, 0x50, 0xFF, 0x5C, 0x56, 0x53, 0xFF, 0x5E, 0x59, 0x57, 0xFF, 0x62, 0x5C, 0x5A, 0xFF,
    0x64, 0x5F, 0x5E, 0xFF, 0x68, 0x62, 0x61, 0xFF, 0x6A, 0x64, 0x64, 0xFF, 0x6C, 0x67, 0x65, 0xFF,
    0x70, 0x6B, 0x6A, 0xFF, 0x73, 0x6D, 0x6B, 0xFF, 0x77, 0x71, 0x70, 0xFF, 0x7A, 0x75, 0x73, 0xFF,
    0x7D, 0x77, 0x75, 0xFF, 0x80, 0x7C, 0x7A, 0xFF, 0x85, 0x80, 0x7E, 0xFF, 0x8A, 0x85, 0x82, 0xFF,
    0x8D, 0x89, 0x86, 0xFF, 0x92, 0x8D, 0x8B, 0xFF, 0x96, 0x91, 0x90, 0xFF, 0x9B, 0x95, 0x93, 0xFF,
    0xA0, 0x9B, 0x99, 0xFF, 0xA5, 0xA0, 0x9F, 0xFF, 0xA9, 0xA4, 0xA3, 0xFF, 0xAD, 0xA9, 0xA8, 0xFF,
    0xB2, 0xAD, 0xAB, 0xFF, 0xB5, 0xB0, 0xAF, 0xFF, 0xB6, 0xB1, 0xB1, 0xFF, 0xB5, 0xB0, 0xB0, 0xFF,
    0xAA, 0xA5, 0xA3, 0xFF, 0x8E, 0x88, 0x85, 0xFF, 0x6B, 0x66, 0x64, 0xFF, 0x4A, 0x47, 0x43, 0xFF,
    0x3B, 0x38, 0x34, 0xFF, 0x34, 0x31, 0x2E, 0xFF, 0x33, 0x2F, 0x2F, 0xFF, 0x33, 0x2F, 0x2F, 0xFF,
    0x34, 0x31, 0x30, 0xFF, 0x2F, 0x2B, 0x2A, 0xFF, 0x5E, 0x5A, 0x56, 0xFF, 0x86, 0x80, 0x7D, 0xFF,
    0x8C, 0x86, 0x83, 0xFF, 0x9D, 0x96, 0x94, 0xFF, 0xAF, 0xA9, 0xA7, 0xFF, 0xC8, 0xC4, 0xC2, 0xFF,
    0xDE, 0xDB, 0xD9, 0xFF, 0xC5, 0xC4, 0xC2, 0xFC, 0xAB, 0xAA, 0xA8, 0xF0, 0x9F, 0x99, 0x97, 0xFF,
    0x75, 0x6F, 0x6F, 0xFF, 0x72, 0x6D, 0x6A, 0xFF, 0x6D, 0x65, 0x64, 0xFF, 0x63, 0x5D, 0x5A, 0xFF,
    0x54, 0x4F, 0x4B, 0xFF, 0x49, 0x45, 0x41, 0xFD, 0x44, 0x40, 0x3D, 0xFF, 0x36, 0x32, 0x30, 0xDD,
    0x00, 0x00, 0x00, 0x07, 0x00, 0x00, 0x00, 0x00, 0x00, 0x00, 0x00, 0x01, 0x00, 0x00, 0x00, 0x00,
    0x00, 0x00, 0x00, 0x00, 0x00, 0x00, 0x00, 0x00, 0x00, 0x00, 0x00, 0x00, 0x00, 0x00, 0x00, 0x00,
    0x00, 0x00, 0x00, 0x00, 0x00, 0x00, 0x00, 0x00, 0x00, 0x00, 0x00, 0x00, 0x00, 0x00, 0x00, 0x00,
    0x00, 0x00, 0x00, 0x00, 0x00, 0x00, 0x00, 0x00, 0x00, 0x00, 0x00, 0x00, 0x00, 0x00, 0x00, 0x00,
    0x00, 0x00, 0x00, 0x00, 0x00, 0x00, 0x00, 0x00, 0x00, 0x00, 0x00, 0x00, 0x00, 0x00, 0x00, 0x00,
    0x00, 0x00, 0x00, 0x00, 0x00, 0x00, 0x00, 0x00, 0x00, 0x00, 0x00, 0x01, 0x00, 0x00, 0x00, 0x00,
    0x2F, 0x2C, 0x2B, 0xCE, 0x3B, 0x36, 0x36, 0xFF, 0x3C, 0x38, 0x35, 0xFD, 0x47, 0x44, 0x40, 0xFF,
    0x51, 0x4C, 0x49, 0xFF, 0x54, 0x4E, 0x4C, 0xFF, 0x57, 0x53, 0x4E, 0xFF, 0x5B, 0x56, 0x53, 0xFF,
    0x6B, 0x65, 0x63, 0xFF, 0x5C, 0x56, 0x54, 0xF5, 0x35, 0x32, 0x2F, 0xF6, 0x33, 0x30, 0x2D, 0xFF,
    0x31, 0x2C, 0x2C, 0xFF, 0x34, 0x31, 0x2D, 0xFF, 0x38, 0x35, 0x31, 0xFF, 0x3D, 0x3B, 0x36, 0xFF,
    0x3C, 0x39, 0x33, 0xFF, 0x89, 0x85, 0x81, 0xFF, 0xAA, 0xA4, 0xA2, 0xFF, 0xA7, 0xA2, 0xA0, 0xFF,
    0xA9, 0xA4, 0xA3, 0xFF, 0xA8, 0xA3, 0xA3, 0xFF, 0xA1, 0x9C, 0x9B, 0xFF, 0x8F, 0x8A, 0x88, 0xFF,
    0x6F, 0x69, 0x67, 0xFF, 0x4D, 0x49, 0x46, 0xFF, 0x3B, 0x38, 0x35, 0xFF, 0x34, 0x30, 0x2F, 0xFF,
    0x31, 0x2D, 0x2C, 0xFF, 0x31, 0x2D, 0x2C, 0xFF, 0x32, 0x2D, 0x2C, 0xFF, 0x33, 0x2F, 0x2D, 0xFF,
    0x33, 0x2F, 0x2E, 0xFF, 0x34, 0x30, 0x30, 0xFF, 0x36, 0x32, 0x31, 0xFF, 0x37, 0x32, 0x32, 0xFF,
    0x39, 0x33, 0x32, 0xFF, 0x3A, 0x35, 0x33, 0xFF, 0x3C, 0x37, 0x35, 0xFF, 0x3D, 0x3A, 0x36, 0xFF,
    0x3F, 0x3C, 0x39, 0xFF, 0x41, 0x3D, 0x3B, 0xFF, 0x42, 0x3E, 0x3B, 0xFF, 0x45, 0x41, 0x3D, 0xFF,
    0x46, 0x42, 0x3F, 0xFF, 0x48, 0x44, 0x40, 0xFF, 0x4A, 0x47, 0x43, 0xFF, 0x4C, 0x49, 0x45, 0xFF,
    0x4F, 0x4B, 0x47, 0xFF, 0x51, 0x4D, 0x4A, 0xFF, 0x53, 0x4F, 0x4C, 0xFF, 0x56, 0x50, 0x4E, 0xFF,
    0x59, 0x54, 0x51, 0xFF, 0x5C, 0x57, 0x54, 0xFF, 0x5F, 0x59, 0x56, 0xFF, 0x62, 0x5D, 0x5B, 0xFF,
    0x66, 0x5F, 0x5E, 0xFF, 0x68, 0x63, 0x60, 0xFF, 0x69, 0x65, 0x64, 0xFF, 0x6C, 0x67, 0x65, 0xFF,
    0x70, 0x6B, 0x6B, 0xFF, 0x73, 0x6E, 0x6E, 0xFF, 0x75, 0x71, 0x70, 0xFF, 0x7A, 0x75, 0x73, 0xFF,
    0x7D, 0x78, 0x76, 0xFF, 0x81, 0x7D, 0x7A, 0xFF, 0x84, 0x7F, 0x7E, 0xFF, 0x88, 0x83, 0x81, 0xFF,
    0x8D, 0x88, 0x86, 0xFF, 0x91, 0x8C, 0x89, 0xFF, 0x95, 0x90, 0x8E, 0xFF, 0x99, 0x94, 0x93, 0xFF,
    0x9F, 0x9A, 0x98, 0xFF, 0xA4, 0x9E, 0x9C, 0xFF, 0xA8, 0xA2, 0xA1, 0xFF, 0xAD, 0xA8, 0xA7, 0xFF,
    0xB1, 0xAB, 0xAA, 0xFF, 0xB5, 0xAF, 0xB0, 0xFF, 0xB6, 0xB1, 0xB1, 0xFF, 0xB6, 0xB0, 0xB0, 0xFF,
    0xAE, 0xA8, 0xA8, 0xFF, 0x94, 0x90, 0x8D, 0xFF, 0x75, 0x6F, 0x6C, 0xFF, 0x51, 0x4C, 0x48, 0xFF,
    0x3D, 0x3A, 0x35, 0xFF, 0x35, 0x31, 0x2F, 0xFF, 0x32, 0x2F, 0x2E, 0xFF, 0x33, 0x2E, 0x2E, 0xFF,
    0x34, 0x2F, 0x2F, 0xFF, 0x32, 0x2E, 0x2E, 0xFF, 0x39, 0x36, 0x33, 0xFF, 0x7A, 0x75, 0x72, 0xFF,
    0x8A, 0x84, 0x82, 0xFF, 0x96, 0x91, 0x8F, 0xFF, 0xA7, 0xA2, 0xA0, 0xFF, 0xC4, 0xBF, 0xBE, 0xFF,
    0xD9, 0xD7, 0xD6, 0xFF, 0xD3, 0xD2, 0xD2, 0xF8, 0xAB, 0xAA, 0xA7, 0xED, 0xA6, 0xA2, 0x9F, 0xFF,
    0x78, 0x73, 0x71, 0xFE, 0x76, 0x71, 0x6E, 0xFF, 0x74, 0x6D, 0x69, 0xFF, 0x6D, 0x68, 0x64, 0xFF,
    0x67, 0x61, 0x5E, 0xFF, 0x55, 0x50, 0x4D, 0xFE, 0x4A, 0x47, 0x44, 0xFF, 0x3D, 0x3B, 0x38, 0xF7,
    0x28, 0x1E, 0x1E, 0x19, 0x00, 0x00, 0x00, 0x00, 0x00, 0x00, 0x00, 0x02, 0x00, 0x00, 0x00, 0x00,
    0x00, 0x00, 0x00, 0x00, 0x00, 0x00, 0x00, 0x00, 0x00, 0x00, 0x00, 0x00, 0x00, 0x00, 0x00, 0x00,
    0x00, 0x00, 0x00, 0x00, 0x00, 0x00, 0x00, 0x00, 0x00, 0x00, 0x00, 0x00, 0x00, 0x00, 0x00, 0x00,
    0x00, 0x00, 0x00, 0x00, 0x00, 0x00, 0x00, 0x00, 0x00, 0x00, 0x00, 0x00, 0x00, 0x00, 0x00, 0x00,
    0x00, 0x00, 0x00, 0x00, 0x00, 0x00, 0x00, 0x00, 0x00, 0x00, 0x00, 0x00, 0x00, 0x00, 0x00, 0x00,
    0x00, 0x00, 0x00, 0x00, 0x00, 0x00, 0x00, 0x01, 0x00, 0x00, 0x00, 0x00, 0x00, 0x00, 0x00, 0x0B,
    0x33, 0x31, 0x2F, 0xE2, 0x40, 0x3C, 0x3B, 0xFF, 0x4B, 0x46, 0x45, 0xFD, 0x56, 0x53, 0x4F, 0xFF,
    0x59, 0x54, 0x51, 0xFF, 0x5C, 0x56, 0x54, 0xFF, 0x5D, 0x59, 0x55, 0xFF, 0x61, 0x5B, 0x59, 0xFF,
    0x72, 0x6B, 0x6A, 0xFF, 0x51, 0x4D, 0x4B, 0xFD, 0x35, 0x31, 0x2F, 0xFC, 0x33, 0x2E, 0x2D, 0xFF,
    0x31, 0x2E, 0x2E, 0xFF, 0x36, 0x33, 0x30, 0xFF, 0x3C, 0x39, 0x35, 0xFF, 0x38, 0x35, 0x31, 0xFF,
    0x60, 0x5C, 0x59, 0xFF, 0xA9, 0xA3, 0xA2, 0xFF, 0xA6, 0xA0, 0x9E, 0xFF, 0xAA, 0xA4, 0xA4, 0xFF,
    0xAA, 0xA5, 0xA4, 0xFF, 0xA8, 0xA2, 0xA3, 0xFF, 0x9E, 0x99, 0x98, 0xFF, 0x88, 0x83, 0x82, 0xFF,
    0x66, 0x61, 0x5E, 0xFF, 0x47, 0x43, 0x40, 0xFF, 0x39, 0x35, 0x33, 0xFF, 0x33, 0x2F, 0x2F, 0xFF,
    0x31, 0x2D, 0x2D, 0xFF, 0x31, 0x2D, 0x2D, 0xFF, 0x32, 0x2E, 0x2D, 0xFF, 0x33, 0x2F, 0x2E, 0xFF,
    0x33, 0x2F, 0x2F, 0xFF, 0x35, 0x30, 0x30, 0xFF, 0x36, 0x32, 0x31, 0xFF, 0x38, 0x32, 0x33, 0xFF,
    0x39, 0x33, 0x34, 0xFF, 0x3A, 0x36, 0x34, 0xFF, 0x3C, 0x39, 0x35, 0xFF, 0x3E, 0x39, 0x36, 0xFF,
    0x3F, 0x3B, 0x38, 0xFF, 0x41, 0x3D, 0x39, 0xFF, 0x43, 0x3F, 0x3B, 0xFF, 0x45, 0x41, 0x3E, 0xFF,
    0x46, 0x42, 0x3F, 0xFF, 0x49, 0x45, 0x42, 0xFF, 0x4C, 0x48, 0x44, 0xFF, 0x4E, 0x4A, 0x47, 0xFF,
    0x4F, 0x4C, 0x48, 0xFF, 0x52, 0x4D, 0x4A, 0xFF, 0x54, 0x4F, 0x4C, 0xFF, 0x55, 0x50, 0x4E, 0xFF,
    0x58, 0x53, 0x52, 0xFF, 0x5C, 0x56, 0x55, 0xFF, 0x5E, 0x58, 0x57, 0xFF, 0x61, 0x5C, 0x5B, 0xFF,
    0x65, 0x5F, 0x5F, 0xFF, 0x67, 0x62, 0x62, 0xFF, 0x6A, 0x64, 0x63, 0xFF, 0x6D, 0x67, 0x66, 0xFF,
    0x70, 0x6A, 0x6A, 0xFF, 0x73, 0x6D, 0x6C, 0xFF, 0x75, 0x71, 0x6F, 0xFF, 0x79, 0x75, 0x72, 0xFF,
    0x7D, 0x78, 0x76, 0xFF, 0x80, 0x7B, 0x79, 0xFF, 0x82, 0x7E, 0x7C, 0xFF, 0x87, 0x82, 0x81, 0xFF,
    0x8C, 0x88, 0x86, 0xFF, 0x91, 0x8B, 0x89, 0xFF, 0x94, 0x8F, 0x8D, 0xFF, 0x98, 0x93, 0x92, 0xFF,
    0x9D, 0x98, 0x98, 0xFF, 0xA2, 0x9D, 0x9B, 0xFF, 0xA7, 0xA2, 0xA0, 0xFF, 0xAC, 0xA6, 0xA6, 0xFF,
    0xB0, 0xAA, 0xAB, 0xFF, 0xB3, 0xAF, 0xAE, 0xFF, 0xB6, 0xB1, 0xB0, 0xFF, 0xB6, 0xB1, 0xB1, 0xFF,
    0xB1, 0xAC, 0xAB, 0xFF, 0x9C, 0x97, 0x95, 0xFF, 0x7E, 0x78, 0x75, 0xFF, 0x58, 0x53, 0x50, 0xFF,
    0x40, 0x3D, 0x39, 0xFF, 0x36, 0x33, 0x30, 0xFF, 0x34, 0x2F, 0x2F, 0xFF, 0x33, 0x2E, 0x2E, 0xFF,
    0x32, 0x2D, 0x2E, 0xFF, 0x34, 0x2F, 0x30, 0xFF, 0x2F, 0x2B, 0x2A, 0xFF, 0x54, 0x50, 0x4D, 0xFF,
    0x8B, 0x85, 0x82, 0xFF, 0x91, 0x8C, 0x8B, 0xFF, 0xA1, 0x9C, 0x9C, 0xFF, 0xBE, 0xB9, 0xB8, 0xFF,
    0xD5, 0xD1, 0xD0, 0xFF, 0xD6, 0xD5, 0xD2, 0xFF, 0xA4, 0xA2, 0xA1, 0xF5, 0xAB, 0xA7, 0xA4, 0xFF,
    0x7E, 0x79, 0x76, 0xFF, 0x7B, 0x76, 0x73, 0xFF, 0x7B, 0x74, 0x71, 0xFF, 0x77, 0x72, 0x6E, 0xFF,
    0x71, 0x6D, 0x68, 0xFF, 0x69, 0x65, 0x62, 0xFE, 0x56, 0x51, 0x4E, 0xFF, 0x46, 0x42, 0x3F, 0xFD,
    0x29, 0x29, 0x29, 0x2B, 0x00, 0x00, 0x00, 0x00, 0x00, 0x00, 0x00, 0x02, 0x00, 0x00, 0x00, 0x00,
    0x00, 0x00, 0x00, 0x00, 0x00, 0x00, 0x00, 0x00, 0x00, 0x00, 0x00, 0x00, 0x00, 0x00, 0x00, 0x00,
    0x00, 0x00, 0x00, 0x00, 0x00, 0x00, 0x00, 0x00, 0x00, 0x00, 0x00, 0x00, 0x00, 0x00, 0x00, 0x00,
    0x00, 0x00, 0x00, 0x00, 0x00, 0x00, 0x00, 0x00, 0x00, 0x00, 0x00, 0x00, 0x00, 0x00, 0x00, 0x00,
    0x00, 0x00, 0x00, 0x00, 0x00, 0x00, 0x00, 0x00, 0x00, 0x00, 0x00, 0x00, 0x00, 0x00, 0x00, 0x00,
    0x00, 0x00, 0x00, 0x00, 0x00, 0x00, 0x00, 0x02, 0x00, 0x00, 0x00, 0x00, 0x12, 0x12, 0x1C, 0x1B,
    0x39, 0x36, 0x34, 0xF7, 0x4E, 0x49, 0x48, 0xFF, 0x5C, 0x57, 0x55, 0xFE, 0x60, 0x5C, 0x59, 0xFF,
    0x63, 0x60, 0x5C, 0xFF, 0x63, 0x5F, 0x5C, 0xFF, 0x64, 0x5F, 0x5B, 0xFF, 0x69, 0x63, 0x61, 0xFE,
    0x79, 0x74, 0x70, 0xFF, 0x4E, 0x4A, 0x47, 0xEA, 0x34, 0x30, 0x2F, 0xF9, 0x33, 0x2E, 0x2E, 0xFF,
    0x33, 0x2F, 0x2F, 0xFF, 0x38, 0x35, 0x31, 0xFF, 0x3C, 0x3A, 0x35, 0xFF, 0x41, 0x3E, 0x3A, 0xFF,
    0x92, 0x8E, 0x8D, 0xFF, 0xAA, 0xA5, 0xA5, 0xFF, 0xA9, 0xA4, 0xA3, 0xFF, 0xAA, 0xA5, 0xA5, 0xFF,
    0xAB, 0xA6, 0xA6, 0xFF, 0xA7, 0xA2, 0xA2, 0xFF, 0x9B, 0x95, 0x93, 0xFF, 0x7F, 0x7A, 0x78, 0xFF,
    0x5D, 0x58, 0x56, 0xFF, 0x42, 0x3E, 0x3A, 0xFF, 0x38, 0x34, 0x31, 0xFF, 0x33, 0x2E, 0x2E, 0xFF,
    0x31, 0x2C, 0x2C, 0xFF, 0x32, 0x2E, 0x2D, 0xFF, 0x32, 0x2E, 0x2E, 0xFF, 0x33, 0x2F, 0x2F, 0xFF,
    0x34, 0x30, 0x2F, 0xFF, 0x36, 0x31, 0x31, 0xFF, 0x36, 0x32, 0x31, 0xFF, 0x38, 0x33, 0x33, 0xFF,
    0x39, 0x34, 0x34, 0xFF, 0x3B, 0x37, 0x34, 0xFF, 0x3D, 0x39, 0x36, 0xFF, 0x3E, 0x39, 0x37, 0xFF,
    0x3F, 0x3B, 0x37, 0xFF, 0x41, 0x3E, 0x3A, 0xFF, 0x43, 0x3F, 0x3B, 0xFF, 0x46, 0x41, 0x3F, 0xFF,
    0x46, 0x43, 0x3F, 0xFF, 0x49, 0x44, 0x41, 0xFF, 0x4C, 0x48, 0x44, 0xFF, 0x4E, 0x4A, 0x48, 0xFF,
    0x51, 0x4C, 0x49, 0xFF, 0x52, 0x4E, 0x4B, 0xFF, 0x53, 0x4F, 0x4C, 0xFF, 0x54, 0x50, 0x4D, 0xFF,
    0x58, 0x52, 0x51, 0xFF, 0x5A, 0x55, 0x54, 0xFF, 0x5D, 0x58, 0x56, 0xFF, 0x61, 0x5B, 0x5A, 0xFF,
    0x64, 0x5E, 0x5D, 0xFF, 0x66, 0x61, 0x60, 0xFF, 0x6B, 0x64, 0x63, 0xFF, 0x6D, 0x68, 0x66, 0xFF,
    0x70, 0x6A, 0x69, 0xFF, 0x73, 0x6D, 0x6C, 0xFF, 0x76, 0x71, 0x71, 0xFF, 0x79, 0x74, 0x72, 0xFF,
    0x7C, 0x77, 0x75, 0xFF, 0x80, 0x7A, 0x78, 0xFF, 0x82, 0x7E, 0x7B, 0xFF, 0x87, 0x82, 0x80, 0xFF,
    0x8B, 0x86, 0x84, 0xFF, 0x90, 0x8A, 0x87, 0xFF, 0x94, 0x8E, 0x8D, 0xFF, 0x97, 0x92, 0x92, 0xFF,
    0x9C, 0x96, 0x95, 0xFF, 0xA2, 0x9C, 0x9A, 0xFF, 0xA6, 0xA0, 0x9E, 0xFF, 0xAB, 0xA6, 0xA4, 0xFF,
    0xAF, 0xAB, 0xA8, 0xFF, 0xB3, 0xAE, 0xAD, 0xFF, 0xB4, 0xAF, 0xAF, 0xFF, 0xB6, 0xB1, 0xB1, 0xFF,
    0xB3, 0xAE, 0xAE, 0xFF, 0xA4, 0x9D, 0x9C, 0xFF, 0x88, 0x81, 0x7E, 0xFF, 0x61, 0x5C, 0x59, 0xFF,
    0x44, 0x41, 0x3D, 0xFF, 0x38, 0x34, 0x30, 0xFF, 0x34, 0x30, 0x2F, 0xFF, 0x32, 0x2D, 0x2E, 0xFF,
    0x32, 0x2D, 0x2E, 0xFF, 0x33, 0x2E, 0x2E, 0xFF, 0x34, 0x30, 0x2F, 0xFF, 0x36, 0x33, 0x2F, 0xFF,
    0x77, 0x72, 0x70, 0xFF, 0x92, 0x8D, 0x8D, 0xFF, 0x9C, 0x97, 0x98, 0xFF, 0xB6, 0xB1, 0xB1, 0xFF,
    0xD0, 0xCC, 0xCB, 0xFF, 0xDA, 0xD8, 0xD6, 0xFF, 0xB0, 0xB0, 0xAD, 0xDF, 0xAF, 0xA9, 0xA7, 0xFF,
    0x85, 0x7F, 0x7C, 0xFF, 0x81, 0x7B, 0x77, 0xFF, 0x80, 0x7A, 0x77, 0xFF, 0x7E, 0x79, 0x76, 0xFF,
    0x7C, 0x77, 0x74, 0xFF, 0x77, 0x73, 0x70, 0xFF, 0x6C, 0x67, 0x64, 0xFC, 0x50, 0x4C, 0x4A, 0xFF,
    0x2A, 0x2A, 0x2A, 0x4E, 0x00, 0x00, 0x00, 0x00, 0x3F, 0x3F, 0x3F, 0x04, 0x00, 0x00, 0x00, 0x00,
    0x00, 0x00, 0x00, 0x00, 0x00, 0x00, 0x00, 0x00, 0x00, 0x00, 0x00, 0x00, 0x00, 0x00, 0x00, 0x00,
    0x00, 0x00, 0x00, 0x00, 0x00, 0x00, 0x00, 0x00, 0x00, 0x00, 0x00, 0x00, 0x00, 0x00, 0x00, 0x00,
    0x00, 0x00, 0x00, 0x00, 0x00, 0x00, 0x00, 0x00, 0x00, 0x00, 0x00, 0x00, 0x00, 0x00, 0x00, 0x00,
    0x00, 0x00, 0x00, 0x00, 0x00, 0x00, 0x00, 0x00, 0x00, 0x00, 0x00, 0x00, 0x00, 0x00, 0x00, 0x00,
    0x00, 0x00, 0x00, 0x00, 0x00, 0x00, 0x00, 0x02, 0x00, 0x00, 0x00, 0x00, 0x27, 0x1F, 0x1F, 0x20,
    0x43, 0x3F, 0x3D, 0xFA, 0x60, 0x5C, 0x59, 0xFF, 0x68, 0x63, 0x61, 0xFE, 0x6B, 0x67, 0x65, 0xFF,
    0x6D, 0x69, 0x65, 0xFF, 0x6C, 0x67, 0x64, 0xFF, 0x6A, 0x66, 0x63, 0xFF, 0x70, 0x6B, 0x69, 0xFE,
    0x80, 0x79, 0x76, 0xFF, 0x46, 0x41, 0x3D, 0xF3, 0x32, 0x2E, 0x2D, 0xFB, 0x33, 0x2E, 0x2E, 0xFF,
    0x35, 0x31, 0x2F, 0xFF, 0x3B, 0x38, 0x32, 0xFF, 0x39, 0x35, 0x31, 0xFF, 0x68, 0x64, 0x61, 0xFF,
    0xA9, 0xA5, 0xA4, 0xFF, 0xA8, 0xA3, 0xA2, 0xFF, 0xAB, 0xA6, 0xA6, 0xFF, 0xAC, 0xA7, 0xA6, 0xFF,
    0xAC, 0xA7, 0xA7, 0xFF, 0xA5, 0x9F, 0x9F, 0xFF, 0x96, 0x91, 0x8F, 0xFF, 0x79, 0x74, 0x71, 0xFF,
    0x56, 0x51, 0x4E, 0xFF, 0x3E, 0x3A, 0x36, 0xFF, 0x36, 0x32, 0x2F, 0xFF, 0x32, 0x2D, 0x2E, 0xFF,
    0x31, 0x2C, 0x2D, 0xFF, 0x32, 0x2E, 0x2D, 0xFF, 0x33, 0x2E, 0x2E, 0xFF, 0x33, 0x2F, 0x30, 0xFF,
    0x34, 0x30, 0x2F, 0xFF, 0x35, 0x31, 0x30, 0xFF, 0x37, 0x32, 0x33, 0xFF, 0x38, 0x33, 0x34, 0xFF,
    0x3A, 0x36, 0x33, 0xFF, 0x3A, 0x37, 0x34, 0xFF, 0x3D, 0x39, 0x36, 0xFF, 0x3F, 0x3B, 0x38, 0xFF,
    0x40, 0x3C, 0x39, 0xFF, 0x41, 0x3D, 0x3A, 0xFF, 0x43, 0x3F, 0x3C, 0xFF, 0x45, 0x42, 0x3E, 0xFF,
    0x47, 0x43, 0x3F, 0xFF, 0x48, 0x45, 0x41, 0xFF, 0x4A, 0x46, 0x43, 0xFF, 0x4D, 0x49, 0x45, 0xFF,
    0x50, 0x4D, 0x49, 0xFF, 0x53, 0x4E, 0x4B, 0xFF, 0x54, 0x50, 0x4D, 0xFF, 0x57, 0x51, 0x4F, 0xFF,
    0x57, 0x52, 0x50, 0xFF, 0x59, 0x55, 0x52, 0xFF, 0x5E, 0x57, 0x56, 0xFF, 0x60, 0x5B, 0x5A, 0xFF,
    0x63, 0x5E, 0x5B, 0xFF, 0x66, 0x61, 0x5F, 0xFF, 0x69, 0x63, 0x63, 0xFF, 0x6D, 0x68, 0x66, 0xFF,
    0x71, 0x6B, 0x69, 0xFF, 0x72, 0x6D, 0x6C, 0xFF, 0x75, 0x70, 0x6F, 0xFF, 0x79, 0x74, 0x72, 0xFF,
    0x7C, 0x77, 0x74, 0xFF, 0x7F, 0x7A, 0x78, 0xFF, 0x82, 0x7D, 0x7B, 0xFF, 0x86, 0x81, 0x80, 0xFF,
    0x8A, 0x85, 0x84, 0xFF, 0x8F, 0x8A, 0x88, 0xFF, 0x91, 0x8D, 0x8B, 0xFF, 0x96, 0x90, 0x91, 0xFF,
    0x9A, 0x96, 0x94, 0xFF, 0x9F, 0x9A, 0x9A, 0xFF, 0xA4, 0x9E, 0x9E, 0xFF, 0xA9, 0xA4, 0xA3, 0xFF,
    0xAE, 0xA9, 0xA8, 0xFF, 0xB1, 0xAC, 0xAC, 0xFF, 0xB3, 0xAF, 0xAE, 0xFF, 0xB5, 0xB1, 0xB0, 0xFF,
    0xB5, 0xB0, 0xAE, 0xFF, 0xA9, 0xA3, 0xA0, 0xFF, 0x8F, 0x88, 0x86, 0xFF, 0x69, 0x64, 0x62, 0xFF,
    0x48, 0x45, 0x41, 0xFF, 0x3A, 0x37, 0x32, 0xFF, 0x34, 0x31, 0x2F, 0xFF, 0x33, 0x2E, 0x2E, 0xFF,
    0x33, 0x2E, 0x2D, 0xFF, 0x33, 0x2E, 0x2E, 0xFF, 0x36, 0x31, 0x31, 0xFF, 0x33, 0x2F, 0x2B, 0xFF,
    0x52, 0x4E, 0x4B, 0xFF, 0x90, 0x8C, 0x8C, 0xFF, 0x97, 0x92, 0x93, 0xFF, 0xAE, 0xAA, 0xA9, 0xFF,
    0xC9, 0xC6, 0xC4, 0xFF, 0xDD, 0xDB, 0xD9, 0xFF, 0x9F, 0x9F, 0x9C, 0xFA, 0xAF, 0xAA, 0xA7, 0xFD,
    0x8C, 0x85, 0x82, 0xFF, 0x85, 0x7E, 0x7B, 0xFF, 0x84, 0x7E, 0x7B, 0xFF, 0x84, 0x80, 0x7C, 0xFF,
    0x85, 0x80, 0x7E, 0xFF, 0x85, 0x7E, 0x7C, 0xFF, 0x7D, 0x78, 0x75, 0xFC, 0x60, 0x5C, 0x57, 0xFF,
    0x37, 0x34, 0x31, 0x53, 0x00, 0x00, 0x00, 0x00, 0x3F, 0x3F, 0x3F, 0x04, 0x00, 0x00, 0x00, 0x00,
    0x00, 0x00, 0x00, 0x00, 0x00, 0x00, 0x00, 0x00, 0x00, 0x00, 0x00, 0x00, 0x00, 0x00, 0x00, 0x00,
    0x00, 0x00, 0x00, 0x00, 0x00, 0x00, 0x00, 0x00, 0x00, 0x00, 0x00, 0x00, 0x00, 0x00, 0x00, 0x00,
    0x00, 0x00, 0x00, 0x00, 0x00, 0x00, 0x00, 0x00, 0x00, 0x00, 0x00, 0x00, 0x00, 0x00, 0x00, 0x00,
    0x00, 0x00, 0x00, 0x00, 0x00, 0x00, 0x00, 0x00, 0x00, 0x00, 0x00, 0x00, 0x00, 0x00, 0x00, 0x00,
    0x00, 0x00, 0x00, 0x00, 0x00, 0x00, 0x00, 0x02, 0x00, 0x00, 0x00, 0x00, 0x23, 0x1D, 0x1D, 0x2B,
    0x51, 0x4C, 0x4A, 0xFE, 0x6F, 0x69, 0x66, 0xFF, 0x73, 0x6E, 0x6D, 0xFE, 0x77, 0x72, 0x70, 0xFF,
    0x76, 0x71, 0x6E, 0xFF, 0x74, 0x6F, 0x6D, 0xFF, 0x72, 0x6D, 0x6A, 0xFF, 0x7C, 0x76, 0x73, 0xFF,
    0x84, 0x7E, 0x7A, 0xFF, 0x40, 0x3B, 0x39, 0xF0, 0x33, 0x2F, 0x2C, 0xFF, 0x32, 0x2D, 0x2D, 0xFF,
    0x36, 0x33, 0x30, 0xFF, 0x3B, 0x37, 0x33, 0xFF, 0x41, 0x3E, 0x3A, 0xFF, 0x91, 0x8D, 0x8B, 0xFF,
    0xA8, 0xA3, 0xA3, 0xFF, 0xA9, 0xA5, 0xA3, 0xFF, 0xAD, 0xA8, 0xA7, 0xFF, 0xAE, 0xA8, 0xA8, 0xFF,
    0xAC, 0xA6, 0xA7, 0xFF, 0xA2, 0x9D, 0x9D, 0xFF, 0x8F, 0x8B, 0x88, 0xFF, 0x70, 0x6B, 0x69, 0xFF,
    0x4F, 0x4B, 0x47, 0xFF, 0x3A, 0x38, 0x33, 0xFF, 0x35, 0x30, 0x2F, 0xFF, 0x33, 0x2E, 0x2E, 0xFF,
    0x31, 0x2D, 0x2D, 0xFF, 0x32, 0x2D, 0x2E, 0xFF, 0x33, 0x2E, 0x2E, 0xFF, 0x34, 0x30, 0x30, 0xFF,
    0x35, 0x30, 0x31, 0xFF, 0x36, 0x31, 0x31, 0xFF, 0x38, 0x32, 0x33, 0xFF, 0x39, 0x34, 0x34, 0xFF,
    0x3B, 0x37, 0x33, 0xFF, 0x3B, 0x37, 0x34, 0xFF, 0x3E, 0x39, 0x37, 0xFF, 0x3F, 0x3B, 0x37, 0xFF,
    0x41, 0x3D, 0x39, 0xFF, 0x41, 0x3E, 0x3A, 0xFF, 0x44, 0x40, 0x3C, 0xFF, 0x46, 0x41, 0x3E, 0xFF,
    0x47, 0x43, 0x40, 0xFF, 0x49, 0x46, 0x42, 0xFF, 0x4C, 0x47, 0x44, 0xFF, 0x4E, 0x4A, 0x47, 0xFF,
    0x50, 0x4C, 0x49, 0xFF, 0x52, 0x4E, 0x4B, 0xFF, 0x55, 0x50, 0x4E, 0xFF, 0x57, 0x52, 0x50, 0xFF,
    0x58, 0x53, 0x50, 0xFF, 0x5B, 0x56, 0x53, 0xFF, 0x5D, 0x57, 0x57, 0xFF, 0x60, 0x5B, 0x5B, 0xFF,
    0x63, 0x5E, 0x5C, 0xFF, 0x66, 0x61, 0x5F, 0xFF, 0x6A, 0x64, 0x62, 0xFF, 0x6C, 0x67, 0x65, 0xFF,
    0x6F, 0x6B, 0x68, 0xFF, 0x72, 0x6D, 0x6B, 0xFF, 0x74, 0x70, 0x6F, 0xFF, 0x79, 0x74, 0x70, 0xFF,
    0x7C, 0x77, 0x74, 0xFF, 0x7F, 0x7A, 0x79, 0xFF, 0x82, 0x7D, 0x7B, 0xFF, 0x87, 0x81, 0x81, 0xFF,
    0x8A, 0x84, 0x84, 0xFF, 0x8E, 0x89, 0x87, 0xFF, 0x91, 0x8C, 0x8A, 0xFF, 0x95, 0x90, 0x8E, 0xFF,
    0x99, 0x95, 0x93, 0xFF, 0x9F, 0x9A, 0x99, 0xFF, 0xA3, 0x9D, 0x9D, 0xFF, 0xA7, 0xA2, 0xA1, 0xFF,
    0xAE, 0xA8, 0xA8, 0xFF, 0xB0, 0xAB, 0xAB, 0xFF, 0xB3, 0xAE, 0xAC, 0xFF, 0xB5, 0xB0, 0xAD, 0xFF,
    0xB5, 0xB0, 0xAF, 0xFF, 0xAB, 0xA7, 0xA5, 0xFF, 0x95, 0x8F, 0x8C, 0xFF, 0x73, 0x6E, 0x6B, 0xFF,
    0x4E, 0x4A, 0x46, 0xFF, 0x3B, 0x39, 0x33, 0xFF, 0x36, 0x32, 0x2F, 0xFF, 0x33, 0x2E, 0x2D, 0xFF,
    0x32, 0x2D, 0x2D, 0xFF, 0x32, 0x2C, 0x2E, 0xFF, 0x34, 0x2F, 0x30, 0xFF, 0x38, 0x34, 0x31, 0xFF,
    0x39, 0x35, 0x32, 0xFF, 0x7B, 0x76, 0x76, 0xFF, 0x98, 0x93, 0x93, 0xFF, 0xA6, 0xA1, 0x9F, 0xFF,
    0xC3, 0xBF, 0xBC, 0xFE, 0xDE, 0xDB, 0xDA, 0xFF, 0xB8, 0xB6, 0xB4, 0xD8, 0xB2, 0xAF, 0xAC, 0xF3,
    0x94, 0x8E, 0x8B, 0xFF, 0x88, 0x81, 0x7E, 0xFF, 0x89, 0x83, 0x80, 0xFF, 0x8B, 0x85, 0x82, 0xFF,
    0x8D, 0x88, 0x84, 0xFF, 0x8D, 0x87, 0x84, 0xFF, 0x88, 0x83, 0x81, 0xFB, 0x73, 0x6E, 0x6A, 0xFF,
    0x3F, 0x3D, 0x3A, 0x60, 0x00, 0x00, 0x00, 0x00, 0x3F, 0x3F, 0x3F, 0x04, 0x00, 0x00, 0x00, 0x00,
    0x00, 0x00, 0x00, 0x00, 0x00, 0x00, 0x00, 0x00, 0x00, 0x00, 0x00, 0x00, 0x00, 0x00, 0x00, 0x00,
    0x00, 0x00, 0x00, 0x00, 0x00, 0x00, 0x00, 0x00, 0x00, 0x00, 0x00, 0x00, 0x00, 0x00, 0x00, 0x00,
    0x00, 0x00, 0x00, 0x00, 0x00, 0x00, 0x00, 0x00, 0x00, 0x00, 0x00, 0x00, 0x00, 0x00, 0x00, 0x00,
    0x00, 0x00, 0x00, 0x00, 0x00, 0x00, 0x00, 0x00, 0x00, 0x00, 0x00, 0x00, 0x00, 0x00, 0x00, 0x00,
    0x00, 0x00, 0x00, 0x00, 0x55, 0x55, 0x00, 0x03, 0x00, 0x00, 0x00, 0x00, 0x23, 0x23, 0x1E, 0x3A,
    0x62, 0x5D, 0x5A, 0xFF, 0x7C, 0x75, 0x72, 0xFE, 0x7F, 0x78, 0x77, 0xFF, 0x7F, 0x79, 0x77, 0xFF,
    0x7E, 0x78, 0x76, 0xFF, 0x7A, 0x76, 0x73, 0xFF, 0x78, 0x73, 0x6F, 0xFF, 0x85, 0x7F, 0x7C, 0xFF,
    0x83, 0x7D, 0x7A, 0xFF, 0x3C, 0x36, 0x33, 0xF2, 0x33, 0x2F, 0x2E, 0xFF, 0x32, 0x2E, 0x2E, 0xFF,
    0x38, 0x35, 0x32, 0xFF, 0x37, 0x33, 0x2F, 0xFF, 0x61, 0x5C, 0x5A, 0xFF, 0xA4, 0x9F, 0x9F, 0xFF,
    0xA5, 0xA1, 0xA0, 0xFF, 0xAC, 0xA8, 0xA6, 0xFF, 0xAE, 0xA9, 0xA8, 0xFF, 0xAE, 0xA9, 0xA9, 0xFF,
    0xAB, 0xA6, 0xA4, 0xFF, 0x9F, 0x9A, 0x98, 0xFF, 0x8A, 0x83, 0x82, 0xFF, 0x68, 0x62, 0x62, 0xFF,
    0x48, 0x45, 0x41, 0xFF, 0x38, 0x35, 0x31, 0xFF, 0x34, 0x30, 0x2F, 0xFF, 0x32, 0x2E, 0x2E, 0xFF,
    0x32, 0x2F, 0x2C, 0xFF, 0x32, 0x2E, 0x2D, 0xFF, 0x33, 0x2F, 0x2E, 0xFF, 0x34, 0x2F, 0x30, 0xFF,
    0x35, 0x30, 0x31, 0xFF, 0x36, 0x32, 0x31, 0xFF, 0x39, 0x33, 0x33, 0xFF, 0x3A, 0x35, 0x33, 0xFF,
    0x3B, 0x36, 0x34, 0xFF, 0x3C, 0x38, 0x34, 0xFF, 0x3D, 0x39, 0x35, 0xFF, 0x3F, 0x3B, 0x37, 0xFF,
    0x42, 0x3D, 0x3A, 0xFF, 0x42, 0x3F, 0x3B, 0xFF, 0x44, 0x40, 0x3C, 0xFF, 0x45, 0x42, 0x3F, 0xFF,
    0x48, 0x44, 0x41, 0xFF, 0x4A, 0x46, 0x42, 0xFF, 0x4C, 0x48, 0x44, 0xFF, 0x4F, 0x4B, 0x48, 0xFF,
    0x51, 0x4C, 0x49, 0xFF, 0x53, 0x4E, 0x4B, 0xFF, 0x55, 0x50, 0x4D, 0xFF, 0x56, 0x52, 0x51, 0xFF,
    0x58, 0x53, 0x52, 0xFF, 0x5C, 0x56, 0x54, 0xFF, 0x5E, 0x58, 0x57, 0xFF, 0x60, 0x5B, 0x5A, 0xFF,
    0x63, 0x5E, 0x5C, 0xFF, 0x66, 0x60, 0x5F, 0xFF, 0x68, 0x63, 0x62, 0xFF, 0x6C, 0x67, 0x65, 0xFF,
    0x6E, 0x69, 0x69, 0xFF, 0x73, 0x6D, 0x6B, 0xFF, 0x75, 0x70, 0x6E, 0xFF, 0x77, 0x73, 0x71, 0xFF,
    0x7B, 0x76, 0x73, 0xFF, 0x7F, 0x78, 0x76, 0xFF, 0x82, 0x7D, 0x7B, 0xFF, 0x85, 0x80, 0x7F, 0xFF,
    0x89, 0x83, 0x81, 0xFF, 0x8D, 0x88, 0x84, 0xFF, 0x91, 0x8B, 0x88, 0xFF, 0x94, 0x8E, 0x8D, 0xFF,
    0x9A, 0x94, 0x93, 0xFF, 0x9E, 0x98, 0x97, 0xFF, 0xA3, 0x9E, 0x9C, 0xFF, 0xA7, 0xA2, 0xA1, 0xFF,
    0xAC, 0xA8, 0xA6, 0xFF, 0xAF, 0xAA, 0xA9, 0xFF, 0xB1, 0xAD, 0xAC, 0xFF, 0xB4, 0xB0, 0xAD, 0xFF,
    0xB5, 0xB0, 0xAF, 0xFF, 0xAE, 0xA9, 0xA8, 0xFF, 0x9B, 0x96, 0x93, 0xFF, 0x7C, 0x76, 0x73, 0xFF,
    0x56, 0x52, 0x4E, 0xFF, 0x3F, 0x3B, 0x37, 0xFF, 0x38, 0x33, 0x30, 0xFF, 0x33, 0x2E, 0x2E, 0xFF,
    0x32, 0x2D, 0x2E, 0xFF, 0x32, 0x2D, 0x2E, 0xFF, 0x33, 0x2F, 0x2F, 0xFF, 0x37, 0x34, 0x33, 0xFF,
    0x35, 0x31, 0x2E, 0xFF, 0x57, 0x53, 0x4F, 0xFF, 0x97, 0x92, 0x91, 0xFF, 0xA0, 0x9A, 0x9A, 0xFF,
    0xBB, 0xB6, 0xB6, 0xFF, 0xDC, 0xDA, 0xD7, 0xFF, 0xA4, 0xA1, 0x9F, 0xFE, 0xA8, 0xA3, 0xA1, 0xFF,
    0x9C, 0x97, 0x94, 0xFF, 0x8B, 0x84, 0x81, 0xFF, 0x8D, 0x87, 0x84, 0xFF, 0x91, 0x8B, 0x88, 0xFF,
    0x93, 0x8C, 0x8A, 0xFF, 0x92, 0x8D, 0x8A, 0xFF, 0x90, 0x8A, 0x88, 0xFB, 0x84, 0x7D, 0x7A, 0xFF,
    0x44, 0x40, 0x3E, 0x86, 0x00, 0x00, 0x00, 0x00, 0x3F, 0x3F, 0x3F, 0x04, 0x00, 0x00, 0x00, 0x00,
    0x00, 0x00, 0x00, 0x00, 0x00, 0x00, 0x00, 0x00, 0x00, 0x00, 0x00, 0x00, 0x00, 0x00, 0x00, 0x00,
    0x00, 0x00, 0x00, 0x00, 0x00, 0x00, 0x00, 0x00, 0x00, 0x00, 0x00, 0x00, 0x00, 0x00, 0x00, 0x00,
    0x00, 0x00, 0x00, 0x00, 0x00, 0x00, 0x00, 0x00, 0x00, 0x00, 0x00, 0x00, 0x00, 0x00, 0x00, 0x00,
    0x00, 0x00, 0x00, 0x00, 0x00, 0x00, 0x00, 0x00, 0x00, 0x00, 0x00, 0x00, 0x00, 0x00, 0x00, 0x00,
    0x00, 0x00, 0x00, 0x00, 0x55, 0x55, 0x55, 0x03, 0x00, 0x00, 0x00, 0x00, 0x31, 0x2D, 0x2A, 0x4E,
    0x74, 0x6E, 0x6B, 0xFF, 0x89, 0x83, 0x80, 0xFC, 0x87, 0x82, 0x7E, 0xFF, 0x85, 0x81, 0x7E, 0xFF,
    0x83, 0x7E, 0x7C, 0xFF, 0x80, 0x7B, 0x79, 0xFF, 0x7C, 0x78, 0x75, 0xFF, 0x8F, 0x8B, 0x88, 0xFF,
    0x83, 0x7E, 0x7A, 0xFB, 0x36, 0x33, 0x30, 0xF4, 0x34, 0x30, 0x30, 0xFF, 0x33, 0x30, 0x2F, 0xFE,
    0x38, 0x34, 0x32, 0xFF, 0x3A, 0x37, 0x33, 0xFF, 0x86, 0x82, 0x80, 0xFF, 0xA3, 0x9E, 0x9E, 0xFF,
    0xA7, 0xA2, 0xA2, 0xFF, 0xAD, 0xA8, 0xA7, 0xFF, 0xAE, 0xA8, 0xA9, 0xFF, 0xAE, 0xA8, 0xA8, 0xFF,
    0xA9, 0xA4, 0xA3, 0xFF, 0x9A, 0x95, 0x93, 0xFF, 0x81, 0x7D, 0x7A, 0xFF, 0x60, 0x5C, 0x58, 0xFF,
    0x43, 0x40, 0x3B, 0xFF, 0x37, 0x34, 0x30, 0xFF, 0x34, 0x2F, 0x2E, 0xFF, 0x32, 0x2E, 0x2E, 0xFF,
    0x32, 0x2E, 0x2E, 0xFF, 0x32, 0x2E, 0x2E, 0xFF, 0x33, 0x2F, 0x2F, 0xFF, 0x35, 0x31, 0x31, 0xFF,
    0x36, 0x31, 0x32, 0xFF, 0x37, 0x33, 0x32, 0xFF, 0x39, 0x34, 0x33, 0xFF, 0x39, 0x36, 0x31, 0xFF,
    0x3A, 0x36, 0x33, 0xFF, 0x3C, 0x38, 0x34, 0xFF, 0x3E, 0x3A, 0x36, 0xFF, 0x3F, 0x3C, 0x38, 0xFF,
    0x41, 0x3E, 0x3A, 0xFF, 0x43, 0x3F, 0x3B, 0xFF, 0x45, 0x41, 0x3D, 0xFF, 0x46, 0x42, 0x40, 0xFF,
    0x49, 0x44, 0x41, 0xFF, 0x4A, 0x47, 0x42, 0xFF, 0x4C, 0x47, 0x44, 0xFF, 0x4E, 0x4A, 0x46, 0xFF,
    0x51, 0x4D, 0x49, 0xFF, 0x52, 0x4E, 0x4B, 0xFF, 0x54, 0x50, 0x4D, 0xFF, 0x56, 0x51, 0x50, 0xFF,
    0x58, 0x53, 0x51, 0xFF, 0x5B, 0x56, 0x54, 0xFF, 0x5E, 0x58, 0x57, 0xFF, 0x5F, 0x5A, 0x59, 0xFF,
    0x63, 0x5E, 0x5D, 0xFF, 0x65, 0x61, 0x5F, 0xFF, 0x68, 0x63, 0x61, 0xFF, 0x6C, 0x67, 0x64, 0xFF,
    0x6F, 0x69, 0x67, 0xFF, 0x72, 0x6C, 0x6B, 0xFF, 0x75, 0x6F, 0x6D, 0xFF, 0x77, 0x72, 0x70, 0xFF,
    0x7B, 0x76, 0x73, 0xFF, 0x7E, 0x79, 0x77, 0xFF, 0x81, 0x7B, 0x7A, 0xFF, 0x84, 0x7F, 0x7F, 0xFF,
    0x88, 0x83, 0x81, 0xFF, 0x8C, 0x87, 0x84, 0xFF, 0x91, 0x89, 0x87, 0xFF, 0x94, 0x8E, 0x8C, 0xFF,
    0x98, 0x93, 0x91, 0xFF, 0x9C, 0x97, 0x96, 0xFF, 0xA1, 0x9B, 0x9A, 0xFF, 0xA5, 0xA1, 0x9F, 0xFF,
    0xAB, 0xA7, 0xA5, 0xFF, 0xAF, 0xAA, 0xA8, 0xFF, 0xB0, 0xAC, 0xAB, 0xFF, 0xB3, 0xAE, 0xAE, 0xFF,
    0xB4, 0xB0, 0xAF, 0xFF, 0xB0, 0xAB, 0xAA, 0xFF, 0xA1, 0x9B, 0x99, 0xFF, 0x84, 0x7D, 0x7B, 0xFF,
    0x5E, 0x59, 0x55, 0xFF, 0x43, 0x3F, 0x3A, 0xFF, 0x3A, 0x35, 0x31, 0xFF, 0x33, 0x2F, 0x2E, 0xFF,
    0x32, 0x2D, 0x2D, 0xFF, 0x32, 0x2D, 0x2D, 0xFF, 0x33, 0x2E, 0x2E, 0xFF, 0x35, 0x30, 0x30, 0xFF,
    0x38, 0x35, 0x31, 0xFF, 0x3C, 0x39, 0x35, 0xFF, 0x83, 0x7E, 0x7B, 0xFF, 0x9D, 0x98, 0x97, 0xFF,
    0xB1, 0xAD, 0xAA, 0xFE, 0xD8, 0xD4, 0xD3, 0xFF, 0xB9, 0xB8, 0xB7, 0xE5, 0xB2, 0xAE, 0xAB, 0xE5,
    0xA6, 0xA0, 0x9C, 0xFF, 0x8E, 0x88, 0x85, 0xFE, 0x93, 0x8B, 0x88, 0xFF, 0x95, 0x8E, 0x8B, 0xFF,
    0x98, 0x93, 0x90, 0xFF, 0x98, 0x93, 0x90, 0xFF, 0x97, 0x90, 0x8D, 0xFB, 0x90, 0x89, 0x85, 0xFF,
    0x52, 0x4E, 0x4C, 0x92, 0x00, 0x00, 0x00, 0x00, 0x7F, 0x7F, 0x7F, 0x04, 0x00, 0x00, 0x00, 0x00,
    0x00, 0x00, 0x00, 0x00, 0x00, 0x00, 0x00, 0x00, 0x00, 0x00, 0x00, 0x00, 0x00, 0x00, 0x00, 0x00,
    0x00, 0x00, 0x00, 0x00, 0x00, 0x00, 0x00, 0x00, 0x00, 0x00, 0x00, 0x00, 0x00, 0x00, 0x00, 0x00,
    0x00, 0x00, 0x00, 0x00, 0x00, 0x00, 0x00, 0x00, 0x00, 0x00, 0x00, 0x00, 0x00, 0x00, 0x00, 0x00,
    0x00, 0x00, 0x00, 0x00, 0x00, 0x00, 0x00, 0x00, 0x00, 0x00, 0x00, 0x00, 0x00, 0x00, 0x00, 0x00,
    0x00, 0x00, 0x00, 0x00, 0x3F, 0x3F, 0x3F, 0x04, 0x00, 0x00, 0x00, 0x00, 0x3C, 0x3C, 0x36, 0x54,
    0x84, 0x7F, 0x7B, 0xFF, 0x95, 0x8D, 0x8A, 0xFC, 0x91, 0x8A, 0x86, 0xFF, 0x8D, 0x86, 0x82, 0xFF,
    0x88, 0x83, 0x80, 0xFF, 0x85, 0x80, 0x7E, 0xFF, 0x80, 0x7B, 0x7A, 0xFF, 0x9B, 0x97, 0x94, 0xFF,
    0x83, 0x7F, 0x7B, 0xFA, 0x34, 0x31, 0x2F, 0xEE, 0x34, 0x30, 0x30, 0xFF, 0x35, 0x31, 0x30, 0xFE,
    0x34, 0x2F, 0x2C, 0xFF, 0x50, 0x4C, 0x49, 0xFF, 0x9D, 0x99, 0x97, 0xFF, 0xA1, 0x9B, 0x9B, 0xFF,
    0xA9, 0xA3, 0xA3, 0xFF, 0xAD, 0xA8, 0xA7, 0xFF, 0xAF, 0xAA, 0xA9, 0xFF, 0xAD, 0xA8, 0xA8, 0xFF,
    0xA6, 0xA1, 0xA0, 0xFF, 0x95, 0x90, 0x8E, 0xFF, 0x7A, 0x75, 0x72, 0xFF, 0x59, 0x55, 0x51, 0xFF,
    0x41, 0x3D, 0x39, 0xFF, 0x35, 0x33, 0x2F, 0xFF, 0x33, 0x2F, 0x2E, 0xFF, 0x32, 0x2E, 0x2D, 0xFF,
    0x32, 0x2E, 0x2E, 0xFF, 0x33, 0x2E, 0x2F, 0xFF, 0x34, 0x30, 0x2F, 0xFF, 0x35, 0x31, 0x30, 0xFF,
    0x36, 0x31, 0x32, 0xFF, 0x38, 0x33, 0x33, 0xFF, 0x38, 0x33, 0x34, 0xFF, 0x3A, 0x36, 0x33, 0xFF,
    0x3C, 0x37, 0x34, 0xFF, 0x3C, 0x39, 0x35, 0xFF, 0x3E, 0x3A, 0x37, 0xFF, 0x41, 0x3C, 0x39, 0xFF,
    0x41, 0x3E, 0x3A, 0xFF, 0x43, 0x40, 0x3B, 0xFF, 0x44, 0x41, 0x3D, 0xFF, 0x47, 0x42, 0x3F, 0xFF,
    0x49, 0x44, 0x42, 0xFF, 0x49, 0x46, 0x41, 0xFF, 0x4C, 0x47, 0x44, 0xFF, 0x4F, 0x4B, 0x47, 0xFF,
    0x51, 0x4D, 0x4A, 0xFF, 0x53, 0x4F, 0x4C, 0xFF, 0x55, 0x52, 0x4E, 0xFF, 0x56, 0x51, 0x4F, 0xFF,
    0x58, 0x53, 0x53, 0xFF, 0x5B, 0x56, 0x55, 0xFF, 0x5E, 0x58, 0x57, 0xFF, 0x60, 0x5A, 0x59, 0xFF,
    0x62, 0x5E, 0x5C, 0xFF, 0x65, 0x60, 0x5F, 0xFF, 0x68, 0x63, 0x62, 0xFF, 0x6B, 0x66, 0x64, 0xFF,
    0x6E, 0x69, 0x66, 0xFF, 0x71, 0x6C, 0x6A, 0xFF, 0x74, 0x6F, 0x6C, 0xFF, 0x77, 0x72, 0x6F, 0xFF,
    0x7B, 0x75, 0x73, 0xFF, 0x7D, 0x78, 0x76, 0xFF, 0x7F, 0x7A, 0x77, 0xFF, 0x83, 0x7E, 0x7D, 0xFF,
    0x88, 0x83, 0x81, 0xFF, 0x8B, 0x85, 0x84, 0xFF, 0x8E, 0x89, 0x87, 0xFF, 0x92, 0x8D, 0x8A, 0xFF,
    0x96, 0x91, 0x8F, 0xFF, 0x9B, 0x96, 0x95, 0xFF, 0x9F, 0x9A, 0x99, 0xFF, 0xA4, 0xA0, 0x9E, 0xFF,
    0xA9, 0xA5, 0xA3, 0xFF, 0xAE, 0xA8, 0xA6, 0xFF, 0xAF, 0xAA, 0xAA, 0xFF, 0xB2, 0xAD, 0xAC, 0xFF,
    0xB4, 0xAF, 0xAD, 0xFF, 0xB1, 0xAD, 0xAB, 0xFF, 0xA4, 0xA0, 0x9E, 0xFF, 0x8B, 0x85, 0x83, 0xFF,
    0x67, 0x61, 0x5F, 0xFF, 0x47, 0x44, 0x3F, 0xFF, 0x3B, 0x38, 0x34, 0xFF, 0x34, 0x31, 0x2E, 0xFF,
    0x32, 0x2D, 0x2E, 0xFF, 0x32, 0x2D, 0x2D, 0xFF, 0x33, 0x2E, 0x2E, 0xFF, 0x35, 0x30, 0x30, 0xFF,
    0x3A, 0x36, 0x32, 0xFF, 0x35, 0x32, 0x2D, 0xFF, 0x65, 0x60, 0x5D, 0xFF, 0x9C, 0x97, 0x95, 0xFF,
    0xA8, 0xA4, 0xA2, 0xFE, 0xD1, 0xCD, 0xCB, 0xFF, 0xBC, 0xBB, 0xBA, 0xEB, 0xAA, 0xA8, 0xA4, 0xEB,
    0xAF, 0xAA, 0xA6, 0xFF, 0x91, 0x8B, 0x88, 0xFE, 0x93, 0x8D, 0x8A, 0xFF, 0x99, 0x92, 0x8F, 0xFF,
    0x9C, 0x96, 0x93, 0xFF, 0x9D, 0x98, 0x95, 0xFF, 0x9D, 0x96, 0x94, 0xFB, 0x9A, 0x93, 0x90, 0xFF,
    0x62, 0x5E, 0x5C, 0x8F, 0x00, 0x00, 0x00, 0x00, 0x7F, 0x7F, 0x7F, 0x04, 0x00, 0x00, 0x00, 0x00,
    0x00, 0x00, 0x00, 0x00, 0x00, 0x00, 0x00, 0x00, 0x00, 0x00, 0x00, 0x00, 0x00, 0x00, 0x00, 0x00,
    0x00, 0x00, 0x00, 0x00, 0x00, 0x00, 0x00, 0x00, 0x00, 0x00, 0x00, 0x00, 0x00, 0x00, 0x00, 0x00,
    0x00, 0x00, 0x00, 0x00, 0x00, 0x00, 0x00, 0x00, 0x00, 0x00, 0x00, 0x00, 0x00, 0x00, 0x00, 0x00,
    0x00, 0x00, 0x00, 0x00, 0x00, 0x00, 0x00, 0x00, 0x00, 0x00, 0x00, 0x00, 0x00, 0x00, 0x00, 0x00,
    0x00, 0x00, 0x00, 0x00, 0x3F, 0x3F, 0x3F, 0x04, 0x00, 0x00, 0x00, 0x00, 0x49, 0x46, 0x44, 0x5A,
    0x91, 0x8C, 0x89, 0xFF, 0x9C, 0x95, 0x92, 0xFC, 0x97, 0x90, 0x8D, 0xFF, 0x90, 0x8A, 0x87, 0xFF,
    0x8D, 0x86, 0x83, 0xFF, 0x88, 0x83, 0x80, 0xFF, 0x83, 0x7E, 0x7C, 0xFF, 0xA6, 0xA0, 0x9E, 0xFF,
    0x80, 0x7B, 0x79, 0xFF, 0x33, 0x2F, 0x2D, 0xFF, 0x35, 0x30, 0x31, 0xFF, 0x38, 0x34, 0x33, 0xFF,
    0x33, 0x30, 0x2C, 0xFF, 0x71, 0x6D, 0x6A, 0xFF, 0xA2, 0x9C, 0x9A, 0xFF, 0xA3, 0x9E, 0x9D, 0xFF,
    0xAB, 0xA6, 0xA4, 0xFF, 0xAE, 0xA9, 0xA8, 0xFF, 0xAF, 0xAA, 0xA9, 0xFF, 0xAC, 0xA7, 0xA6, 0xFF,
    0xA2, 0x9D, 0x9C, 0xFF, 0x8F, 0x8A, 0x87, 0xFF, 0x72, 0x6E, 0x6C, 0xFF, 0x53, 0x50, 0x4C, 0xFF,
    0x3D, 0x3A, 0x35, 0xFF, 0x34, 0x31, 0x2F, 0xFF, 0x33, 0x2F, 0x2E, 0xFF, 0x32, 0x2E, 0x2D, 0xFF,
    0x32, 0x2E, 0x2D, 0xFF, 0x32, 0x2F, 0x2D, 0xFF, 0x34, 0x2F, 0x2E, 0xFF, 0x35, 0x30, 0x30, 0xFF,
    0x36, 0x31, 0x31, 0xFF, 0x37, 0x32, 0x33, 0xFF, 0x39, 0x34, 0x34, 0xFF, 0x3A, 0x35, 0x33, 0xFF,
    0x3C, 0x38, 0x34, 0xFF, 0x3D, 0x3A, 0x36, 0xFF, 0x3E, 0x3A, 0x37, 0xFF, 0x40, 0x3C, 0x39, 0xFF,
    0x41, 0x3F, 0x3A, 0xFF, 0x44, 0x40, 0x3B, 0xFF, 0x45, 0x41, 0x3D, 0xFF, 0x47, 0x43, 0x3F, 0xFF,
    0x48, 0x45, 0x41, 0xFF, 0x4A, 0x46, 0x42, 0xFF, 0x4B, 0x47, 0x43, 0xFF, 0x4E, 0x4A, 0x46, 0xFF,
    0x50, 0x4C, 0x49, 0xFF, 0x52, 0x4F, 0x4B, 0xFF, 0x55, 0x52, 0x4D, 0xFF, 0x56, 0x51, 0x50, 0xFF,
    0x58, 0x53, 0x53, 0xFF, 0x5B, 0x56, 0x54, 0xFF, 0x5D, 0x58, 0x56, 0xFF, 0x60, 0x5A, 0x59, 0xFF,
    0x62, 0x5C, 0x5B, 0xFF, 0x64, 0x60, 0x5E, 0xFF, 0x67, 0x62, 0x60, 0xFF, 0x69, 0x65, 0x63, 0xFF,
    0x6E, 0x68, 0x66, 0xFF, 0x71, 0x6C, 0x69, 0xFF, 0x73, 0x6E, 0x6C, 0xFF, 0x77, 0x72, 0x6F, 0xFF,
    0x7B, 0x75, 0x74, 0xFF, 0x7D, 0x78, 0x74, 0xFF, 0x7F, 0x7A, 0x78, 0xFF, 0x83, 0x7D, 0x7A, 0xFF,
    0x87, 0x81, 0x80, 0xFF, 0x8A, 0x84, 0x83, 0xFF, 0x8D, 0x88, 0x86, 0xFF, 0x90, 0x8B, 0x89, 0xFF,
    0x94, 0x8F, 0x8E, 0xFF, 0x99, 0x94, 0x93, 0xFF, 0x9D, 0x98, 0x97, 0xFF, 0xA3, 0x9E, 0x9C, 0xFF,
    0xA7, 0xA3, 0xA1, 0xFF, 0xAB, 0xA6, 0xA4, 0xFF, 0xAF, 0xAA, 0xA9, 0xFF, 0xB1, 0xAC, 0xAA, 0xFF,
    0xB3, 0xAE, 0xAC, 0xFF, 0xB2, 0xAD, 0xAC, 0xFF, 0xA9, 0xA3, 0xA2, 0xFF, 0x91, 0x8A, 0x89, 0xFF,
    0x6F, 0x68, 0x67, 0xFF, 0x4D, 0x48, 0x46, 0xFF, 0x3D, 0x3A, 0x36, 0xFF, 0x35, 0x31, 0x2F, 0xFF,
    0x32, 0x2D, 0x2D, 0xFF, 0x31, 0x2D, 0x2C, 0xFF, 0x31, 0x2E, 0x2D, 0xFF, 0x33, 0x2E, 0x2F, 0xFF,
    0x37, 0x32, 0x30, 0xFF, 0x37, 0x34, 0x2F, 0xFF, 0x48, 0x45, 0x43, 0xFF, 0x94, 0x90, 0x8E, 0xFF,
    0xA4, 0xA0, 0x9D, 0xFF, 0xC8, 0xC6, 0xC4, 0xFF, 0xB7, 0xB6, 0xB4, 0xFF, 0x9B, 0x98, 0x97, 0xFF,
    0xB5, 0xB1, 0xAE, 0xFF, 0x93, 0x8D, 0x8C, 0xFF, 0x93, 0x8D, 0x8A, 0xFF, 0x97, 0x91, 0x8E, 0xFF,
    0x9C, 0x96, 0x92, 0xFF, 0xA1, 0x99, 0x96, 0xFF, 0x9E, 0x98, 0x95, 0xFB, 0xA0, 0x99, 0x96, 0xFF,
    0x68, 0x65, 0x61, 0x97, 0x00, 0x00, 0x00, 0x00, 0x7F, 0x7F, 0x7F, 0x04, 0x00, 0x00, 0x00, 0x00,
    0x00, 0x00, 0x00, 0x00, 0x00, 0x00, 0x00, 0x00, 0x00, 0x00, 0x00, 0x00, 0x00, 0x00, 0x00, 0x00,
    0x00, 0x00, 0x00, 0x00, 0x00, 0x00, 0x00, 0x00, 0x00, 0x00, 0x00, 0x00, 0x00, 0x00, 0x00, 0x00,
    0x00, 0x00, 0x00, 0x00, 0x00, 0x00, 0x00, 0x00, 0x00, 0x00, 0x00, 0x00, 0x00, 0x00, 0x00, 0x00,
    0x00, 0x00, 0x00, 0x00, 0x00, 0x00, 0x00, 0x00, 0x00, 0x00, 0x00, 0x00, 0x00, 0x00, 0x00, 0x00,
    0x00, 0x00, 0x00, 0x00, 0x3F, 0x3F, 0x3F, 0x04, 0x00, 0x00, 0x00, 0x00, 0x4C, 0x49, 0x49, 0x64,
    0x9A, 0x95, 0x92, 0xFF, 0xA2, 0x9B, 0x99, 0xFB, 0x9A, 0x94, 0x91, 0xFF, 0x95, 0x8F, 0x8C, 0xFF,
    0x90, 0x89, 0x85, 0xFF, 0x8A, 0x84, 0x81, 0xFF, 0x86, 0x81, 0x7F, 0xFF, 0xAF, 0xAA, 0xA8, 0xFF,
    0x7D, 0x78, 0x76, 0xF8, 0x32, 0x2F, 0x2C, 0xF8, 0x37, 0x33, 0x32, 0xFF, 0x38, 0x34, 0x32, 0xFF,
    0x3E, 0x3B, 0x36, 0xFF, 0x8D, 0x88, 0x84, 0xFF, 0x9F, 0x9A, 0x97, 0xFF, 0xA6, 0xA0, 0x9E, 0xFF,
    0xAC, 0xA7, 0xA6, 0xFF, 0xAF, 0xAA, 0xA9, 0xFF, 0xAF, 0xAA, 0xA8, 0xFF, 0xAA, 0xA5, 0xA4, 0xFF,
    0x9E, 0x9A, 0x99, 0xFF, 0x88, 0x84, 0x81, 0xFF, 0x6C, 0x67, 0x63, 0xFF, 0x4E, 0x4A, 0x47, 0xFF,
    0x3B, 0x38, 0x34, 0xFF, 0x34, 0x30, 0x2F, 0xFF, 0x33, 0x2F, 0x2E, 0xFF, 0x32, 0x2E, 0x2D, 0xFF,
    0x32, 0x2E, 0x2D, 0xFF, 0x33, 0x2F, 0x2F, 0xFF, 0x35, 0x2F, 0x31, 0xFF, 0x36, 0x30, 0x31, 0xFF,
    0x37, 0x32, 0x32, 0xFF, 0x38, 0x33, 0x34, 0xFF, 0x39, 0x33, 0x34, 0xFF, 0x3A, 0x36, 0x33, 0xFF,
    0x3C, 0x38, 0x34, 0xFF, 0x3D, 0x39, 0x35, 0xFF, 0x3F, 0x3C, 0x38, 0xFF, 0x40, 0x3D, 0x39, 0xFF,
    0x41, 0x3E, 0x3A, 0xFF, 0x43, 0x3F, 0x3B, 0xFF, 0x45, 0x41, 0x3E, 0xFF, 0x47, 0x43, 0x3F, 0xFF,
    0x49, 0x45, 0x41, 0xFF, 0x4A, 0x46, 0x43, 0xFF, 0x4C, 0x48, 0x44, 0xFF, 0x4E, 0x4A, 0x46, 0xFF,
    0x50, 0x4D, 0x48, 0xFF, 0x53, 0x4F, 0x4C, 0xFF, 0x55, 0x50, 0x4E, 0xFF, 0x57, 0x52, 0x51, 0xFF,
    0x59, 0x54, 0x52, 0xFF, 0x5B, 0x56, 0x55, 0xFF, 0x5D, 0x58, 0x57, 0xFF, 0x60, 0x5B, 0x59, 0xFF,
    0x63, 0x5E, 0x5C, 0xFF, 0x64, 0x5F, 0x5D, 0xFF, 0x67, 0x61, 0x60, 0xFF, 0x69, 0x64, 0x63, 0xFF,
    0x6D, 0x68, 0x66, 0xFF, 0x70, 0x6B, 0x69, 0xFF, 0x74, 0x6F, 0x6D, 0xFF, 0x76, 0x71, 0x6F, 0xFF,
    0x7A, 0x74, 0x72, 0xFF, 0x7D, 0x77, 0x74, 0xFF, 0x7F, 0x79, 0x77, 0xFF, 0x82, 0x7D, 0x7A, 0xFF,
    0x85, 0x80, 0x7D, 0xFF, 0x89, 0x83, 0x81, 0xFF, 0x8C, 0x86, 0x85, 0xFF, 0x8F, 0x8A, 0x88, 0xFF,
    0x93, 0x8E, 0x8C, 0xFF, 0x98, 0x93, 0x91, 0xFF, 0x9C, 0x97, 0x96, 0xFF, 0xA1, 0x9C, 0x9A, 0xFF,
    0xA6, 0xA3, 0xA0, 0xFF, 0xAB, 0xA6, 0xA5, 0xFF, 0xAD, 0xA8, 0xA7, 0xFF, 0xB1, 0xAC, 0xAA, 0xFF,
    0xB3, 0xAE, 0xAC, 0xFF, 0xB3, 0xAD, 0xAC, 0xFF, 0xAC, 0xA6, 0xA5, 0xFF, 0x96, 0x91, 0x8E, 0xFF,
    0x76, 0x71, 0x6E, 0xFF, 0x53, 0x4F, 0x4C, 0xFF, 0x41, 0x3D, 0x39, 0xFF, 0x37, 0x33, 0x30, 0xFF,
    0x33, 0x2D, 0x2D, 0xFF, 0x31, 0x2C, 0x2C, 0xFF, 0x32, 0x2E, 0x2D, 0xFF, 0x32, 0x2D, 0x2E, 0xFF,
    0x35, 0x31, 0x31, 0xFF, 0x3A, 0x37, 0x32, 0xFF, 0x39, 0x35, 0x33, 0xFF, 0x80, 0x7B, 0x79, 0xFF,
    0xA4, 0x9F, 0x9B, 0xFF, 0xC1, 0xBE, 0xBA, 0xFF, 0xC6, 0xC5, 0xC1, 0xF2, 0xAF, 0xAE, 0xAB, 0xD7,
    0xBA, 0xB7, 0xB4, 0xFF, 0x94, 0x8F, 0x8C, 0xFE, 0x91, 0x8B, 0x88, 0xFF, 0x97, 0x90, 0x8D, 0xFF,
    0x9C, 0x95, 0x92, 0xFF, 0xA0, 0x99, 0x96, 0xFF, 0xA0, 0x9B, 0x97, 0xFC, 0xA4, 0x9D, 0x9B, 0xFF,
    0x69, 0x64, 0x63, 0xAC, 0x00, 0x00, 0x00, 0x00, 0xAA, 0xAA, 0xAA, 0x03, 0x00, 0x00, 0x00, 0x00,
    0x00, 0x00, 0x00, 0x00, 0x00, 0x00, 0x00, 0x00, 0x00, 0x00, 0x00, 0x00, 0x00, 0x00, 0x00, 0x00,
    0x00, 0x00, 0x00, 0x00, 0x00, 0x00, 0x00, 0x00, 0x00, 0x00, 0x00, 0x00, 0x00, 0x00, 0x00, 0x00,
    0x00, 0x00, 0x00, 0x00, 0x00, 0x00, 0x00, 0x00, 0x00, 0x00, 0x00, 0x00, 0x00, 0x00, 0x00, 0x00,
    0x00, 0x00, 0x00, 0x00, 0x00, 0x00, 0x00, 0x00, 0x00, 0x00, 0x00, 0x00, 0x00, 0x00, 0x00, 0x00,
    0x00, 0x00, 0x00, 0x00, 0x7F, 0x7F, 0x7F, 0x04, 0x00, 0x00, 0x00, 0x00, 0x4F, 0x4D, 0x4B, 0x70,
    0x9F, 0x9A, 0x97, 0xFF, 0xA2, 0x9E, 0x9A, 0xFB, 0x9D, 0x98, 0x94, 0xFF, 0x95, 0x8F, 0x8C, 0xFF,
    0x8E, 0x8A, 0x86, 0xFF, 0x8B, 0x86, 0x82, 0xFF, 0x88, 0x83, 0x80, 0xFF, 0xB6, 0xB1, 0xAF, 0xFF,
    0x76, 0x71, 0x6E, 0xFA, 0x31, 0x2D, 0x2B, 0xFB, 0x38, 0x34, 0x34, 0xFF, 0x35, 0x32, 0x2F, 0xFF,
    0x52, 0x4E, 0x4A, 0xFF, 0x9B, 0x95, 0x92, 0xFF, 0x9E, 0x99, 0x96, 0xFF, 0xA7, 0xA2, 0x9F, 0xFF,
    0xAC, 0xA8, 0xA6, 0xFF, 0xAF, 0xAB, 0xAA, 0xFF, 0xAF, 0xAA, 0xA9, 0xFF, 0xA9, 0xA4, 0xA2, 0xFF,
    0x9A, 0x96, 0x93, 0xFF, 0x83, 0x7E, 0x7C, 0xFF, 0x65, 0x60, 0x5D, 0xFF, 0x49, 0x45, 0x41, 0xFF,
    0x3A, 0x36, 0x33, 0xFF, 0x34, 0x30, 0x2F, 0xFF, 0x33, 0x2F, 0x2F, 0xFF, 0x33, 0x2D, 0x2E, 0xFF,
    0x33, 0x2E, 0x2F, 0xFF, 0x34, 0x2F, 0x30, 0xFF, 0x35, 0x30, 0x30, 0xFF, 0x36, 0x30, 0x32, 0xFF,
    0x38, 0x33, 0x33, 0xFF, 0x38, 0x34, 0x34, 0xFF, 0x38, 0x34, 0x34, 0xFF, 0x3B, 0x37, 0x34, 0xFF,
    0x3C, 0x39, 0x34, 0xFF, 0x3E, 0x3A, 0x37, 0xFF, 0x3F, 0x3B, 0x37, 0xFF, 0x41, 0x3D, 0x39, 0xFF,
    0x42, 0x3F, 0x3A, 0xFF, 0x43, 0x41, 0x3C, 0xFF, 0x45, 0x43, 0x3E, 0xFF, 0x48, 0x43, 0x40, 0xFF,
    0x4A, 0x45, 0x42, 0xFF, 0x4A, 0x47, 0x43, 0xFF, 0x4C, 0x48, 0x44, 0xFF, 0x4F, 0x4B, 0x47, 0xFF,
    0x51, 0x4C, 0x4A, 0xFF, 0x53, 0x4F, 0x4D, 0xFF, 0x55, 0x50, 0x4E, 0xFF, 0x56, 0x51, 0x4F, 0xFF,
    0x59, 0x54, 0x51, 0xFF, 0x5C, 0x56, 0x55, 0xFF, 0x5D, 0x58, 0x56, 0xFF, 0x60, 0x5B, 0x5A, 0xFF,
    0x62, 0x5D, 0x5B, 0xFF, 0x64, 0x5F, 0x5D, 0xFF, 0x67, 0x62, 0x5F, 0xFF, 0x69, 0x64, 0x62, 0xFF,
    0x6C, 0x67, 0x65, 0xFF, 0x70, 0x6B, 0x67, 0xFF, 0x73, 0x6D, 0x6B, 0xFF, 0x76, 0x70, 0x6E, 0xFF,
    0x78, 0x72, 0x70, 0xFF, 0x7A, 0x76, 0x72, 0xFF, 0x7E, 0x79, 0x76, 0xFF, 0x81, 0x7C, 0x7A, 0xFF,
    0x84, 0x7E, 0x7D, 0xFF, 0x88, 0x82, 0x81, 0xFF, 0x8A, 0x85, 0x83, 0xFF, 0x8E, 0x88, 0x86, 0xFF,
    0x92, 0x8E, 0x8B, 0xFF, 0x97, 0x92, 0x8F, 0xFF, 0x9B, 0x96, 0x93, 0xFF, 0xA0, 0x9B, 0x98, 0xFF,
    0xA4, 0xA0, 0x9D, 0xFF, 0xA9, 0xA5, 0xA3, 0xFF, 0xAC, 0xA7, 0xA6, 0xFF, 0xB0, 0xAB, 0xAA, 0xFF,
    0xB2, 0xAE, 0xAC, 0xFF, 0xB2, 0xAD, 0xAB, 0xFF, 0xAD, 0xA7, 0xA7, 0xFF, 0x9B, 0x95, 0x93, 0xFF,
    0x7E, 0x79, 0x77, 0xFF, 0x5C, 0x56, 0x54, 0xFF, 0x44, 0x3F, 0x3C, 0xFF, 0x39, 0x35, 0x32, 0xFF,
    0x33, 0x30, 0x2F, 0xFF, 0x32, 0x2E, 0x2D, 0xFF, 0x33, 0x2E, 0x2E, 0xFF, 0x33, 0x2E, 0x2E, 0xFF,
    0x35, 0x31, 0x30, 0xFF, 0x3A, 0x37, 0x32, 0xFF, 0x35, 0x32, 0x2E, 0xFF, 0x68, 0x64, 0x61, 0xFF,
    0xA5, 0x9F, 0x9D, 0xFF, 0xBC, 0xB7, 0xB5, 0xFF, 0xC5, 0xC3, 0xC1, 0xF9, 0x9F, 0x9D, 0x98, 0xED,
    0xBF, 0xBA, 0xB8, 0xFF, 0x94, 0x8F, 0x8D, 0xFE, 0x8F, 0x89, 0x86, 0xFF, 0x94, 0x8D, 0x89, 0xFF,
    0x98, 0x90, 0x8C, 0xFF, 0x9D, 0x95, 0x93, 0xFF, 0x9E, 0x98, 0x96, 0xFC, 0xA1, 0x9C, 0x99, 0xFF,
    0x66, 0x64, 0x61, 0xBF, 0x00, 0x00, 0x00, 0x00, 0xFF, 0xFF, 0xFF, 0x02, 0x00, 0x00, 0x00, 0x00,
    0x00, 0x00, 0x00, 0x00, 0x00, 0x00, 0x00, 0x00, 0x00, 0x00, 0x00, 0x00, 0x00, 0x00, 0x00, 0x00,
    0x00, 0x00, 0x00, 0x00, 0x00, 0x00, 0x00, 0x00, 0x00, 0x00, 0x00, 0x00, 0x00, 0x00, 0x00, 0x00,
    0x00, 0x00, 0x00, 0x00, 0x00, 0x00, 0x00, 0x00, 0x00, 0x00, 0x00, 0x00, 0x00, 0x00, 0x00, 0x00,
    0x00, 0x00, 0x00, 0x00, 0x00, 0x00, 0x00, 0x00, 0x00, 0x00, 0x00, 0x00, 0x00, 0x00, 0x00, 0x00,
    0x00, 0x00, 0x00, 0x00, 0x7F, 0x7F, 0x7F, 0x04, 0x00, 0x00, 0x00, 0x00, 0x52, 0x4F, 0x4D, 0x76,
    0x9E, 0x99, 0x96, 0xFF, 0xA1, 0x9D, 0x9A, 0xFB, 0x9C, 0x97, 0x94, 0xFF, 0x93, 0x8E, 0x8A, 0xFF,
    0x8D, 0x88, 0x84, 0xFF, 0x89, 0x85, 0x80, 0xFF, 0x89, 0x84, 0x80, 0xFF, 0xBB, 0xB6, 0xB3, 0xFF,
    0x6D, 0x69, 0x65, 0xFF, 0x32, 0x2D, 0x2C, 0xFF, 0x39, 0x34, 0x35, 0xFF, 0x36, 0x32, 0x2F, 0xFF,
    0x67, 0x63, 0x61, 0xFF, 0x9E, 0x98, 0x96, 0xFF, 0x9F, 0x99, 0x98, 0xFF, 0xA8, 0xA3, 0xA1, 0xFF,
    0xAE, 0xA8, 0xA7, 0xFF, 0xAF, 0xAA, 0xA9, 0xFF, 0xAD, 0xA8, 0xA7, 0xFF, 0xA6, 0xA0, 0x9F, 0xFF,
    0x96, 0x91, 0x8E, 0xFF, 0x7C, 0x77, 0x74, 0xFF, 0x5E, 0x59, 0x56, 0xFF, 0x45, 0x42, 0x3C, 0xFF,
    0x38, 0x35, 0x32, 0xFF, 0x34, 0x2F, 0x2F, 0xFF, 0x33, 0x2E, 0x2E, 0xFF, 0x33, 0x2E, 0x2E, 0xFF,
    0x33, 0x2F, 0x2F, 0xFF, 0x34, 0x2F, 0x30, 0xFF, 0x35, 0x30, 0x30, 0xFF, 0x36, 0x31, 0x32, 0xFF,
    0x37, 0x33, 0x34, 0xFF, 0x39, 0x35, 0x33, 0xFF, 0x3A, 0x36, 0x34, 0xFF, 0x3C, 0x38, 0x34, 0xFF,
    0x3C, 0x39, 0x35, 0xFF, 0x3E, 0x3B, 0x37, 0xFF, 0x3F, 0x3C, 0x37, 0xFF, 0x41, 0x3D, 0x39, 0xFF,
    0x42, 0x3F, 0x3B, 0xFF, 0x44, 0x41, 0x3C, 0xFF, 0x45, 0x43, 0x3F, 0xFF, 0x48, 0x44, 0x40, 0xFF,
    0x49, 0x46, 0x42, 0xFF, 0x4B, 0x46, 0x43, 0xFF, 0x4D, 0x48, 0x45, 0xFF, 0x4F, 0x4B, 0x47, 0xFF,
    0x51, 0x4D, 0x4A, 0xFF, 0x53, 0x4E, 0x4C, 0xFF, 0x56, 0x51, 0x4F, 0xFF, 0x57, 0x52, 0x50, 0xFF,
    0x58, 0x53, 0x51, 0xFF, 0x5A, 0x56, 0x53, 0xFF, 0x5D, 0x58, 0x55, 0xFF, 0x60, 0x5B, 0x59, 0xFF,
    0x62, 0x5D, 0x5C, 0xFF, 0x64, 0x5F, 0x5E, 0xFF, 0x66, 0x63, 0x60, 0xFF, 0x69, 0x66, 0x63, 0xFF,
    0x6B, 0x66, 0x64, 0xFF, 0x6F, 0x6A, 0x67, 0xFF, 0x72, 0x6D, 0x6A, 0xFF, 0x76, 0x6F, 0x6D, 0xFF,
    0x78, 0x72, 0x70, 0xFF, 0x7B, 0x76, 0x72, 0xFF, 0x7D, 0x77, 0x75, 0xFF, 0x7F, 0x7A, 0x78, 0xFF,
    0x82, 0x7D, 0x7B, 0xFF, 0x86, 0x81, 0x80, 0xFF, 0x8A, 0x84, 0x82, 0xFF, 0x8D, 0x88, 0x86, 0xFF,
    0x91, 0x8C, 0x8A, 0xFF, 0x97, 0x91, 0x8E, 0xFF, 0x9B, 0x96, 0x93, 0xFF, 0x9F, 0x9A, 0x99, 0xFF,
    0xA4, 0x9F, 0x9D, 0xFF, 0xA8, 0xA3, 0xA0, 0xFF, 0xAB, 0xA7, 0xA4, 0xFF, 0xAE, 0xA9, 0xA9, 0xFF,
    0xB2, 0xAD, 0xAB, 0xFF, 0xB1, 0xAC, 0xAB, 0xFF, 0xAD, 0xA9, 0xA7, 0xFF, 0x9F, 0x9A, 0x98, 0xFF,
    0x84, 0x7F, 0x7D, 0xFF, 0x63, 0x5D, 0x5C, 0xFF, 0x48, 0x43, 0x41, 0xFF, 0x3B, 0x37, 0x34, 0xFF,
    0x34, 0x31, 0x2F, 0xFF, 0x32, 0x2E, 0x2E, 0xFF, 0x33, 0x2E, 0x2E, 0xFF, 0x32, 0x2E, 0x2E, 0xFF,
    0x34, 0x30, 0x2F, 0xFF, 0x39, 0x35, 0x32, 0xFF, 0x37, 0x34, 0x30, 0xFF, 0x54, 0x4F, 0x4B, 0xFF,
    0xA1, 0x9B, 0x98, 0xFF, 0xB6, 0xB1, 0xAF, 0xFF, 0xC6, 0xC3, 0xC2, 0xFF, 0x94, 0x92, 0x90, 0xFF,
    0xC3, 0xBF, 0xBD, 0xFF, 0x96, 0x90, 0x8F, 0xFF, 0x8B, 0x85, 0x83, 0xFF, 0x8E, 0x87, 0x85, 0xFF,
    0x92, 0x8B, 0x88, 0xFF, 0x97, 0x8F, 0x8C, 0xFF, 0x98, 0x92, 0x90, 0xFC, 0x9B, 0x96, 0x94, 0xFF,
    0x62, 0x5E, 0x5D, 0xC8, 0x00, 0x00, 0x00, 0x00, 0xFF, 0xFF, 0xFF, 0x01, 0x00, 0x00, 0x00, 0x00,
    0x00, 0x00, 0x00, 0x00, 0x00, 0x00, 0x00, 0x00, 0x00, 0x00, 0x00, 0x00, 0x00, 0x00, 0x00, 0x00,
    0x00, 0x00, 0x00, 0x00, 0x00, 0x00, 0x00, 0x00, 0x00, 0x00, 0x00, 0x00, 0x00, 0x00, 0x00, 0x00,
    0x00, 0x00, 0x00, 0x00, 0x00, 0x00, 0x00, 0x00, 0x00, 0x00, 0x00, 0x00, 0x00, 0x00, 0x00, 0x00,
    0x00, 0x00, 0x00, 0x00, 0x00, 0x00, 0x00, 0x00, 0x00, 0x00, 0x00, 0x00, 0x00, 0x00, 0x00, 0x00,
    0x00, 0x00, 0x00, 0x00, 0x7F, 0x7F, 0x7F, 0x04, 0x00, 0x00, 0x00, 0x00, 0x4D, 0x4B, 0x48, 0x77,
    0x96, 0x91, 0x8E, 0xFF, 0x9C, 0x97, 0x94, 0xFB, 0x95, 0x91, 0x8D, 0xFF, 0x8F, 0x89, 0x87, 0xFF,
    0x89, 0x83, 0x81, 0xFF, 0x85, 0x7F, 0x7C, 0xFF, 0x88, 0x82, 0x7F, 0xFF, 0xBE, 0xBA, 0xB6, 0xFF,
    0x69, 0x63, 0x61, 0xF7, 0x30, 0x2C, 0x2B, 0xFD, 0x39, 0x35, 0x35, 0xFF, 0x3A, 0x37, 0x34, 0xFF,
    0x7C, 0x77, 0x75, 0xFF, 0x9E, 0x98, 0x96, 0xFF, 0xA1, 0x9C, 0x9B, 0xFF, 0xA9, 0xA4, 0xA3, 0xFF,
    0xAD, 0xA9, 0xA7, 0xFF, 0xAF, 0xA9, 0xA8, 0xFF, 0xAC, 0xA7, 0xA4, 0xFF, 0xA1, 0x9D, 0x9C, 0xFF,
    0x8F, 0x8A, 0x88, 0xFF, 0x76, 0x71, 0x6E, 0xFF, 0x56, 0x53, 0x4F, 0xFF, 0x41, 0x3E, 0x3A, 0xFF,
    0x36, 0x33, 0x31, 0xFF, 0x33, 0x2F, 0x2F, 0xFF, 0x33, 0x2F, 0x2E, 0xFF, 0x34, 0x2F, 0x2E, 0xFF,
    0x34, 0x2F, 0x2F, 0xFF, 0x35, 0x30, 0x2F, 0xFF, 0x36, 0x31, 0x31, 0xFF, 0x37, 0x32, 0x32, 0xFF,
    0x38, 0x33, 0x33, 0xFF, 0x3A, 0x36, 0x33, 0xFF, 0x3B, 0x37, 0x33, 0xFF, 0x3C, 0x39, 0x34, 0xFF,
    0x3D, 0x3A, 0x35, 0xFF, 0x3E, 0x3B, 0x36, 0xFF, 0x40, 0x3C, 0x38, 0xFF, 0x41, 0x3F, 0x3A, 0xFF,
    0x43, 0x40, 0x3B, 0xFF, 0x45, 0x41, 0x3D, 0xFF, 0x47, 0x44, 0x3F, 0xFF, 0x49, 0x45, 0x41, 0xFF,
    0x4A, 0x46, 0x43, 0xFF, 0x4B, 0x48, 0x44, 0xFF, 0x4D, 0x4A, 0x45, 0xFF, 0x50, 0x4C, 0x48, 0xFF,
    0x52, 0x4E, 0x4B, 0xFF, 0x54, 0x50, 0x4C, 0xFF, 0x55, 0x51, 0x4E, 0xFF, 0x57, 0x52, 0x50, 0xFF,
    0x58, 0x53, 0x50, 0xFF, 0x5B, 0x56, 0x54, 0xFF, 0x5D, 0x58, 0x55, 0xFF, 0x5F, 0x5A, 0x58, 0xFF,
    0x62, 0x5D, 0x5C, 0xFF, 0x64, 0x5F, 0x5D, 0xFF, 0x66, 0x61, 0x60, 0xFF, 0x69, 0x64, 0x62, 0xFF,
    0x6B, 0x66, 0x64, 0xFF, 0x6F, 0x69, 0x68, 0xFF, 0x73, 0x6D, 0x6A, 0xFF, 0x74, 0x6F, 0x6E, 0xFF,
    0x77, 0x71, 0x6F, 0xFF, 0x79, 0x74, 0x72, 0xFF, 0x7B, 0x76, 0x75, 0xFF, 0x7F, 0x7A, 0x78, 0xFF,
    0x82, 0x7D, 0x7B, 0xFF, 0x86, 0x80, 0x7D, 0xFF, 0x8A, 0x84, 0x82, 0xFF, 0x8D, 0x88, 0x85, 0xFF,
    0x90, 0x8C, 0x89, 0xFF, 0x94, 0x90, 0x8D, 0xFF, 0x98, 0x94, 0x91, 0xFF, 0x9D, 0x97, 0x95, 0xFF,
    0xA2, 0x9D, 0x9D, 0xFF, 0xA6, 0xA1, 0xA0, 0xFF, 0xAA, 0xA5, 0xA3, 0xFF, 0xAD, 0xA9, 0xA6, 0xFF,
    0xB0, 0xAB, 0xA9, 0xFF, 0xB2, 0xAD, 0xAB, 0xFF, 0xAF, 0xAA, 0xA8, 0xFF, 0xA4, 0x9F, 0x9D, 0xFF,
    0x8B, 0x86, 0x84, 0xFF, 0x6A, 0x65, 0x64, 0xFF, 0x4D, 0x48, 0x45, 0xFF, 0x3D, 0x3A, 0x35, 0xFF,
    0x36, 0x32, 0x30, 0xFF, 0x33, 0x2F, 0x2F, 0xFF, 0x32, 0x2F, 0x2E, 0xFF, 0x32, 0x2E, 0x2E, 0xFF,
    0x34, 0x30, 0x30, 0xFF, 0x38, 0x34, 0x32, 0xFF, 0x3B, 0x37, 0x33, 0xFF, 0x45, 0x3F, 0x3C, 0xFF,
    0x97, 0x91, 0x8E, 0xFF, 0xB3, 0xAF, 0xAD, 0xFF, 0xC9, 0xC6, 0xC5, 0xFF, 0xA1, 0x9E, 0x9D, 0xE4,
    0xC5, 0xC1, 0xBE, 0xFF, 0x96, 0x90, 0x8E, 0xFF, 0x85, 0x80, 0x7D, 0xFF, 0x86, 0x7F, 0x7E, 0xFF,
    0x8B, 0x83, 0x80, 0xFF, 0x8D, 0x87, 0x85, 0xFF, 0x8E, 0x89, 0x86, 0xFC, 0x93, 0x8E, 0x8B, 0xFF,
    0x5D, 0x5A, 0x56, 0xCC, 0x00, 0x00, 0x00, 0x00, 0xFF, 0xFF, 0xFF, 0x01, 0x00, 0x00, 0x00, 0x00,
    0x00, 0x00, 0x00, 0x00, 0x00, 0x00, 0x00, 0x00, 0x00, 0x00, 0x00, 0x00, 0x00, 0x00, 0x00, 0x00,
    0x00, 0x00, 0x00, 0x00, 0x00, 0x00, 0x00, 0x00, 0x00, 0x00, 0x00, 0x00, 0x00, 0x00, 0x00, 0x00,
    0x00, 0x00, 0x00, 0x00, 0x00, 0x00, 0x00, 0x00, 0x00, 0x00, 0x00, 0x00, 0x00, 0x00, 0x00, 0x00,
    0x00, 0x00, 0x00, 0x00, 0x00, 0x00, 0x00, 0x00, 0x00, 0x00, 0x00, 0x00, 0x00, 0x00, 0x00, 0x00,
    0x00, 0x00, 0x00, 0x00, 0x7F, 0x3F, 0x3F, 0x04, 0x00, 0x00, 0x00, 0x00, 0x49, 0x47, 0x43, 0x79,
    0x87, 0x82, 0x7E, 0xFF, 0x93, 0x8E, 0x8A, 0xFB, 0x90, 0x8A, 0x87, 0xFF, 0x89, 0x83, 0x80, 0xFF,
    0x82, 0x7D, 0x7B, 0xFF, 0x7E, 0x78, 0x76, 0xFF, 0x86, 0x81, 0x7E, 0xFF, 0xC1, 0xBB, 0xB7, 0xFF,
    0x61, 0x5A, 0x57, 0xF4, 0x30, 0x2C, 0x2A, 0xFB, 0x38, 0x34, 0x31, 0xFF, 0x40, 0x3C, 0x39, 0xFF,
    0x89, 0x84, 0x82, 0xFF, 0x9C, 0x97, 0x95, 0xFF, 0xA2, 0x9D, 0x9B, 0xFF, 0xAA, 0xA5, 0xA3, 0xFF,
    0xAD, 0xA9, 0xA7, 0xFF, 0xAF, 0xAA, 0xA8, 0xFF, 0xAA, 0xA6, 0xA3, 0xFF, 0x9E, 0x9A, 0x98, 0xFF,
    0x8A, 0x85, 0x82, 0xFF, 0x6F, 0x6A, 0x67, 0xFF, 0x50, 0x4D, 0x49, 0xFF, 0x3E, 0x3B, 0x37, 0xFF,
    0x35, 0x31, 0x31, 0xFF, 0x33, 0x2E, 0x2E, 0xFF, 0x33, 0x2F, 0x2E, 0xFF, 0x34, 0x2F, 0x2F, 0xFF,
    0x35, 0x2F, 0x2F, 0xFF, 0x35, 0x31, 0x31, 0xFF, 0x35, 0x31, 0x31, 0xFF, 0x37, 0x33, 0x33, 0xFF,
    0x39, 0x35, 0x34, 0xFF, 0x3A, 0x36, 0x33, 0xFF, 0x3B, 0x37, 0x34, 0xFF, 0x3D, 0x39, 0x34, 0xFF,
    0x3E, 0x3A, 0x36, 0xFF, 0x40, 0x3C, 0x38, 0xFF, 0x41, 0x3D, 0x39, 0xFF, 0x42, 0x3F, 0x3B, 0xFF,
    0x43, 0x41, 0x3C, 0xFF, 0x45, 0x43, 0x3E, 0xFF, 0x47, 0x43, 0x3F, 0xFF, 0x49, 0x45, 0x43, 0xFF,
    0x4B, 0x47, 0x44, 0xFF, 0x4C, 0x48, 0x45, 0xFF, 0x4D, 0x49, 0x46, 0xFF, 0x4F, 0x4A, 0x48, 0xFF,
    0x52, 0x4D, 0x4B, 0xFF, 0x53, 0x4F, 0x4C, 0xFF, 0x55, 0x51, 0x4E, 0xFF, 0x56, 0x52, 0x4E, 0xFF,
    0x58, 0x53, 0x50, 0xFF, 0x5C, 0x57, 0x54, 0xFF, 0x5D, 0x59, 0x56, 0xFF, 0x5F, 0x5B, 0x58, 0xFF,
    0x62, 0x5D, 0x5A, 0xFF, 0x64, 0x5F, 0x5D, 0xFF, 0x66, 0x61, 0x60, 0xFF, 0x6A, 0x64, 0x61, 0xFF,
    0x6C, 0x67, 0x65, 0xFF, 0x6E, 0x69, 0x68, 0xFF, 0x72, 0x6C, 0x6A, 0xFF, 0x75, 0x6F, 0x6E, 0xFF,
    0x76, 0x71, 0x6F, 0xFF, 0x78, 0x73, 0x72, 0xFF, 0x7B, 0x75, 0x75, 0xFF, 0x7E, 0x79, 0x78, 0xFF,
    0x81, 0x7D, 0x7B, 0xFF, 0x85, 0x80, 0x7E, 0xFF, 0x88, 0x83, 0x81, 0xFF, 0x8B, 0x86, 0x83, 0xFF,
    0x8F, 0x8B, 0x88, 0xFF, 0x94, 0x8E, 0x8C, 0xFF, 0x98, 0x93, 0x90, 0xFF, 0x9C, 0x97, 0x95, 0xFF,
    0xA1, 0x9C, 0x9A, 0xFF, 0xA6, 0xA1, 0x9F, 0xFF, 0xA9, 0xA4, 0xA2, 0xFF, 0xAD, 0xA7, 0xA6, 0xFF,
    0xAF, 0xAA, 0xA9, 0xFF, 0xB1, 0xAC, 0xAB, 0xFF, 0xAF, 0xAA, 0xA9, 0xFF, 0xA6, 0xA2, 0xA0, 0xFF,
    0x92, 0x8B, 0x89, 0xFF, 0x73, 0x6E, 0x6B, 0xFF, 0x53, 0x4E, 0x4B, 0xFF, 0x40, 0x3D, 0x39, 0xFF,
    0x37, 0x33, 0x32, 0xFF, 0x33, 0x30, 0x2E, 0xFF, 0x32, 0x2F, 0x2D, 0xFF, 0x32, 0x2F, 0x2D, 0xFF,
    0x34, 0x30, 0x30, 0xFF, 0x37, 0x33, 0x32, 0xFF, 0x3C, 0x38, 0x34, 0xFF, 0x3C, 0x38, 0x34, 0xFF,
    0x8A, 0x86, 0x83, 0xFF, 0xB3, 0xAD, 0xAC, 0xFF, 0xCA, 0xC7, 0xC5, 0xFF, 0xB5, 0xB4, 0xB0, 0xC6,
    0xC4, 0xC1, 0xBF, 0xFF, 0x96, 0x91, 0x8E, 0xFF, 0x7F, 0x79, 0x77, 0xFF, 0x7E, 0x78, 0x76, 0xFF,
    0x80, 0x7A, 0x77, 0xFF, 0x82, 0x7D, 0x7A, 0xFF, 0x85, 0x80, 0x7D, 0xFC, 0x87, 0x83, 0x7F, 0xFF,
    0x57, 0x56, 0x51, 0xCC, 0x00, 0x00, 0x00, 0x00, 0xFF, 0xFF, 0xFF, 0x01, 0x00, 0x00, 0x00, 0x00,
    0x00, 0x00, 0x00, 0x00, 0x00, 0x00, 0x00, 0x00, 0x00, 0x00, 0x00, 0x00, 0x00, 0x00, 0x00, 0x00,
    0x00, 0x00, 0x00, 0x00, 0x00, 0x00, 0x00, 0x00, 0x00, 0x00, 0x00, 0x00, 0x00, 0x00, 0x00, 0x00,
    0x00, 0x00, 0x00, 0x00, 0x00, 0x00, 0x00, 0x00, 0x00, 0x00, 0x00, 0x00, 0x00, 0x00, 0x00, 0x00,
    0x00, 0x00, 0x00, 0x00, 0x00, 0x00, 0x00, 0x00, 0x00, 0x00, 0x00, 0x00, 0x00, 0x00, 0x00, 0x00,
    0x00, 0x00, 0x00, 0x00, 0x3F, 0x3F, 0x3F, 0x04, 0x00, 0x00, 0x00, 0x00, 0x45, 0x43, 0x3F, 0x84,
    0x7B, 0x76, 0x72, 0xFF, 0x81, 0x7B, 0x78, 0xFB, 0x88, 0x83, 0x7F, 0xFF, 0x80, 0x7C, 0x78, 0xFF,
    0x7B, 0x77, 0x74, 0xFF, 0x79, 0x73, 0x70, 0xFF, 0x87, 0x82, 0x7E, 0xFF, 0xBF, 0xBA, 0xB6, 0xFF,
    0x52, 0x4E, 0x4A, 0xFE, 0x30, 0x2E, 0x2B, 0xFF, 0x37, 0x33, 0x31, 0xFF, 0x49, 0x44, 0x41, 0xFF,
    0x91, 0x8B, 0x89, 0xFF, 0x9C, 0x97, 0x94, 0xFF, 0xA3, 0x9E, 0x9C, 0xFF, 0xAA, 0xA5, 0xA3, 0xFF,
    0xAE, 0xA9, 0xA7, 0xFF, 0xAD, 0xA8, 0xA7, 0xFF, 0xA8, 0xA3, 0xA1, 0xFF, 0x99, 0x95, 0x93, 0xFF,
    0x85, 0x7F, 0x7C, 0xFF, 0x68, 0x63, 0x60, 0xFF, 0x4B, 0x47, 0x44, 0xFF, 0x3C, 0x39, 0x35, 0xFF,
    0x35, 0x30, 0x30, 0xFF, 0x33, 0x2E, 0x2F, 0xFF, 0x33, 0x2E, 0x2F, 0xFF, 0x34, 0x2F, 0x2F, 0xFF,
    0x34, 0x30, 0x30, 0xFF, 0x35, 0x30, 0x31, 0xFF, 0x35, 0x31, 0x31, 0xFF, 0x38, 0x32, 0x33, 0xFF,
    0x38, 0x35, 0x33, 0xFF, 0x3A, 0x37, 0x32, 0xFF, 0x3C, 0x38, 0x34, 0xFF, 0x3D, 0x3A, 0x35, 0xFF,
    0x3E, 0x3A, 0x37, 0xFF, 0x40, 0x3C, 0x38, 0xFF, 0x41, 0x3E, 0x39, 0xFF, 0x41, 0x3E, 0x3A, 0xFF,
    0x43, 0x40, 0x3D, 0xFF, 0x45, 0x41, 0x3E, 0xFF, 0x46, 0x43, 0x40, 0xFF, 0x48, 0x45, 0x41, 0xFF,
    0x4B, 0x47, 0x44, 0xFF, 0x4C, 0x48, 0x46, 0xFF, 0x4E, 0x49, 0x47, 0xFF, 0x4F, 0x4A, 0x47, 0xFF,
    0x52, 0x4C, 0x49, 0xFF, 0x53, 0x4F, 0x4C, 0xFF, 0x54, 0x50, 0x4E, 0xFF, 0x56, 0x51, 0x4E, 0xFF,
    0x57, 0x53, 0x50, 0xFF, 0x5B, 0x56, 0x53, 0xFF, 0x5D, 0x58, 0x56, 0xFF, 0x5F, 0x5B, 0x59, 0xFF,
    0x62, 0x5D, 0x5A, 0xFF, 0x64, 0x5F, 0x5D, 0xFF, 0x66, 0x62, 0x5F, 0xFF, 0x69, 0x63, 0x62, 0xFF,
    0x6C, 0x66, 0x63, 0xFF, 0x6F, 0x69, 0x66, 0xFF, 0x71, 0x6B, 0x69, 0xFF, 0x73, 0x6E, 0x6B, 0xFF,
    0x76, 0x70, 0x6E, 0xFF, 0x78, 0x73, 0x71, 0xFF, 0x7B, 0x75, 0x72, 0xFF, 0x7D, 0x78, 0x74, 0xFF,
    0x81, 0x7C, 0x7A, 0xFF, 0x84, 0x7F, 0x7D, 0xFF, 0x88, 0x82, 0x81, 0xFF, 0x8C, 0x86, 0x83, 0xFF,
    0x8F, 0x8A, 0x88, 0xFF, 0x92, 0x8E, 0x8C, 0xFF, 0x96, 0x92, 0x90, 0xFF, 0x9B, 0x96, 0x94, 0xFF,
    0xA0, 0x9B, 0x98, 0xFF, 0xA5, 0x9F, 0x9D, 0xFF, 0xA8, 0xA2, 0xA0, 0xFF, 0xAA, 0xA5, 0xA4, 0xFF,
    0xAF, 0xA9, 0xA9, 0xFF, 0xB0, 0xAC, 0xAB, 0xFF, 0xAF, 0xAB, 0xA9, 0xFF, 0xA9, 0xA4, 0xA3, 0xFF,
    0x96, 0x91, 0x90, 0xFF, 0x7A, 0x74, 0x72, 0xFF, 0x5A, 0x55, 0x51, 0xFF, 0x43, 0x40, 0x3B, 0xFF,
    0x38, 0x34, 0x33, 0xFF, 0x33, 0x31, 0x30, 0xFF, 0x32, 0x2F, 0x2E, 0xFF, 0x31, 0x2E, 0x2D, 0xFF,
    0x34, 0x2F, 0x2F, 0xFF, 0x37, 0x32, 0x32, 0xFF, 0x3D, 0x39, 0x36, 0xFF, 0x3A, 0x36, 0x33, 0xFF,
    0x7D, 0x7A, 0x78, 0xFF, 0xB2, 0xAC, 0xAA, 0xFF, 0xCB, 0xC7, 0xC5, 0xFF, 0x9B, 0x98, 0x96, 0xEA,
    0xC3, 0xC0, 0xBE, 0xFF, 0x96, 0x90, 0x8E, 0xFF, 0x77, 0x71, 0x6F, 0xFF, 0x77, 0x71, 0x6F, 0xFF,
    0x78, 0x73, 0x70, 0xFF, 0x7B, 0x76, 0x73, 0xFF, 0x7B, 0x77, 0x73, 0xFC, 0x77, 0x72, 0x6E, 0xFF,
    0x53, 0x51, 0x4D, 0xCC, 0x00, 0x00, 0x00, 0x00, 0xFF, 0xFF, 0xFF, 0x01, 0x00, 0x00, 0x00, 0x00,
    0x00, 0x00, 0x00, 0x00, 0x00, 0x00, 0x00, 0x00, 0x00, 0x00, 0x00, 0x00, 0x00, 0x00, 0x00, 0x00,
    0x00, 0x00, 0x00, 0x00, 0x00, 0x00, 0x00, 0x00, 0x00, 0x00, 0x00, 0x00, 0x00, 0x00, 0x00, 0x00,
    0x00, 0x00, 0x00, 0x00, 0x00, 0x00, 0x00, 0x00, 0x00, 0x00, 0x00, 0x00, 0x00, 0x00, 0x00, 0x00,
    0x00, 0x00, 0x00, 0x00, 0x00, 0x00, 0x00, 0x00, 0x00, 0x00, 0x00, 0x00, 0x00, 0x00, 0x00, 0x00,
    0x00, 0x00, 0x00, 0x00, 0x3F, 0x3F, 0x3F, 0x04, 0x00, 0x00, 0x00, 0x00, 0x42, 0x3F, 0x3B, 0x8D,
    0x74, 0x6F, 0x6B, 0xFF, 0x72, 0x6D, 0x6A, 0xFB, 0x79, 0x74, 0x72, 0xFF, 0x78, 0x74, 0x71, 0xFF,
    0x75, 0x70, 0x6C, 0xFF, 0x74, 0x6E, 0x6B, 0xFF, 0x89, 0x83, 0x80, 0xFF, 0xBD, 0xB8, 0xB4, 0xFF,
    0x49, 0x45, 0x43, 0xFD, 0x31, 0x2E, 0x2C, 0xFF, 0x35, 0x32, 0x2F, 0xFF, 0x53, 0x4D, 0x4A, 0xFF,
    0x95, 0x8F, 0x8C, 0xFF, 0x9C, 0x97, 0x95, 0xFF, 0xA4, 0x9E, 0x9D, 0xFF, 0xAA, 0xA5, 0xA2, 0xFF,
    0xAD, 0xA9, 0xA7, 0xFF, 0xAC, 0xA8, 0xA5, 0xFF, 0xA4, 0xA0, 0x9E, 0xFF, 0x96, 0x90, 0x8E, 0xFF,
    0x81, 0x7A, 0x76, 0xFF, 0x60, 0x5B, 0x59, 0xFF, 0x47, 0x43, 0x40, 0xFF, 0x3A, 0x37, 0x35, 0xFF,
    0x35, 0x31, 0x31, 0xFF, 0x34, 0x2F, 0x2E, 0xFF, 0x33, 0x2F, 0x2E, 0xFF, 0x34, 0x2F, 0x2F, 0xFF,
    0x35, 0x31, 0x30, 0xFF, 0x36, 0x30, 0x31, 0xFF, 0x37, 0x32, 0x33, 0xFF, 0x38, 0x33, 0x34, 0xFF,
    0x39, 0x35, 0x34, 0xFF, 0x3B, 0x37, 0x33, 0xFF, 0x3C, 0x38, 0x34, 0xFF, 0x3D, 0x3A, 0x36, 0xFF,
    0x3F, 0x3C, 0x37, 0xFF, 0x3F, 0x3C, 0x37, 0xFF, 0x40, 0x3E, 0x3A, 0xFF, 0x42, 0x3F, 0x3C, 0xFF,
    0x44, 0x41, 0x3C, 0xFF, 0x45, 0x41, 0x3D, 0xFF, 0x47, 0x44, 0x40, 0xFF, 0x48, 0x44, 0x40, 0xFF,
    0x4A, 0x45, 0x42, 0xFF, 0x4D, 0x49, 0x46, 0xFF, 0x4E, 0x4A, 0x47, 0xFF, 0x4E, 0x4A, 0x48, 0xFF,
    0x51, 0x4D, 0x4B, 0xFF, 0x53, 0x4F, 0x4C, 0xFF, 0x54, 0x50, 0x4E, 0xFF, 0x56, 0x52, 0x4F, 0xFF,
    0x57, 0x53, 0x51, 0xFF, 0x5A, 0x56, 0x54, 0xFF, 0x5E, 0x59, 0x56, 0xFF, 0x60, 0x5C, 0x59, 0xFF,
    0x63, 0x5F, 0x5E, 0xFF, 0x65, 0x60, 0x5F, 0xFF, 0x66, 0x62, 0x5F, 0xFF, 0x68, 0x63, 0x61, 0xFF,
    0x6C, 0x66, 0x64, 0xFF, 0x6E, 0x68, 0x66, 0xFF, 0x70, 0x6B, 0x69, 0xFF, 0x72, 0x6D, 0x6B, 0xFF,
    0x75, 0x6F, 0x6D, 0xFF, 0x77, 0x72, 0x71, 0xFF, 0x7B, 0x75, 0x74, 0xFF, 0x7D, 0x78, 0x76, 0xFF,
    0x80, 0x7B, 0x78, 0xFF, 0x84, 0x80, 0x7E, 0xFF, 0x87, 0x82, 0x80, 0xFF, 0x8B, 0x86, 0x83, 0xFF,
    0x8E, 0x8A, 0x86, 0xFF, 0x92, 0x8E, 0x8B, 0xFF, 0x95, 0x91, 0x90, 0xFF, 0x9A, 0x96, 0x94, 0xFF,
    0xA0, 0x9A, 0x99, 0xFF, 0xA3, 0x9E, 0x9C, 0xFF, 0xA7, 0xA1, 0x9F, 0xFF, 0xAA, 0xA5, 0xA3, 0xFF,
    0xAD, 0xA8, 0xA7, 0xFF, 0xAF, 0xAA, 0xA9, 0xFF, 0xAE, 0xAA, 0xA8, 0xFF, 0xA9, 0xA5, 0xA4, 0xFF,
    0x9A, 0x96, 0x94, 0xFF, 0x7F, 0x7A, 0x78, 0xFF, 0x60, 0x5B, 0x58, 0xFF, 0x47, 0x43, 0x3F, 0xFF,
    0x3A, 0x37, 0x32, 0xFF, 0x35, 0x31, 0x2F, 0xFF, 0x34, 0x30, 0x2F, 0xFF, 0x33, 0x2F, 0x2E, 0xFF,
    0x33, 0x30, 0x30, 0xFF, 0x37, 0x32, 0x33, 0xFF, 0x3D, 0x39, 0x36, 0xFF, 0x39, 0x36, 0x32, 0xFF,
    0x73, 0x6F, 0x6C, 0xFF, 0xB1, 0xAB, 0xA9, 0xFF, 0xCA, 0xC6, 0xC5, 0xFF, 0x93, 0x90, 0x8D, 0xFF,
    0xC1, 0xBF, 0xBB, 0xFF, 0x96, 0x92, 0x8F, 0xFF, 0x70, 0x6B, 0x68, 0xFF, 0x6E, 0x6A, 0x66, 0xFF,
    0x71, 0x6C, 0x6A, 0xFF, 0x70, 0x6C, 0x68, 0xFF, 0x69, 0x65, 0x61, 0xFC, 0x6B, 0x66, 0x62, 0xFF,
    0x51, 0x4D, 0x49, 0xCC, 0x00, 0x00, 0x00, 0x00, 0xFF, 0xFF, 0xFF, 0x01, 0x00, 0x00, 0x00, 0x00,
    0x00, 0x00, 0x00, 0x00, 0x00, 0x00, 0x00, 0x00, 0x00, 0x00, 0x00, 0x00, 0x00, 0x00, 0x00, 0x00,
    0x00, 0x00, 0x00, 0x00, 0x00, 0x00, 0x00, 0x00, 0x00, 0x00, 0x00, 0x00, 0x00, 0x00, 0x00, 0x00,
    0x00, 0x00, 0x00, 0x00, 0x00, 0x00, 0x00, 0x00, 0x00, 0x00, 0x00, 0x00, 0x00, 0x00, 0x00, 0x00,
    0x00, 0x00, 0x00, 0x00, 0x00, 0x00, 0x00, 0x00, 0x00, 0x00, 0x00, 0x00, 0x00, 0x00, 0x00, 0x00,
    0x00, 0x00, 0x00, 0x00, 0x3F, 0x3F, 0x3F, 0x04, 0x00, 0x00, 0x00, 0x00, 0x3C, 0x3A, 0x38, 0x90,
    0x69, 0x65, 0x60, 0xFF, 0x6A, 0x63, 0x60, 0xFB, 0x69, 0x64, 0x61, 0xFF, 0x68, 0x63, 0x61, 0xFF,
    0x6C, 0x67, 0x64, 0xFF, 0x70, 0x6A, 0x67, 0xFF, 0x8C, 0x87, 0x84, 0xFF, 0xBA, 0xB6, 0xB1, 0xFF,
    0x46, 0x43, 0x40, 0xE4, 0x32, 0x2E, 0x2E, 0xFF, 0x33, 0x30, 0x2E, 0xFF, 0x59, 0x54, 0x51, 0xFF,
    0x97, 0x91, 0x8E, 0xFF, 0x9A, 0x95, 0x93, 0xFF, 0xA3, 0x9F, 0x9D, 0xFF, 0xAA, 0xA4, 0xA2, 0xFF,
    0xAC, 0xA7, 0xA6, 0xFF, 0xA9, 0xA5, 0xA2, 0xFF, 0xA1, 0x9C, 0x9A, 0xFF, 0x91, 0x8B, 0x88, 0xFF,
    0x79, 0x73, 0x71, 0xFF, 0x59, 0x53, 0x51, 0xFF, 0x44, 0x41, 0x3D, 0xFF, 0x3A, 0x36, 0x32, 0xFF,
    0x35, 0x31, 0x30, 0xFF, 0x33, 0x2F, 0x2F, 0xFF, 0x34, 0x2E, 0x30, 0xFF, 0x35, 0x2F, 0x30, 0xFF,
    0x35, 0x32, 0x31, 0xFF, 0x36, 0x32, 0x32, 0xFF, 0x38, 0x33, 0x33, 0xFF, 0x39, 0x34, 0x34, 0xFF,
    0x3A, 0x36, 0x35, 0xFF, 0x3B, 0x37, 0x34, 0xFF, 0x3C, 0x39, 0x35, 0xFF, 0x3E, 0x3A, 0x36, 0xFF,
    0x3F, 0x3B, 0x37, 0xFF, 0x40, 0x3D, 0x39, 0xFF, 0x42, 0x3F, 0x39, 0xFF, 0x42, 0x3F, 0x3B, 0xFF,
    0x44, 0x40, 0x3C, 0xFF, 0x46, 0x42, 0x3E, 0xFF, 0x47, 0x43, 0x40, 0xFF, 0x48, 0x44, 0x40, 0xFF,
    0x4B, 0x45, 0x43, 0xFF, 0x4C, 0x48, 0x45, 0xFF, 0x4E, 0x4B, 0x47, 0xFF, 0x50, 0x4C, 0x48, 0xFF,
    0x51, 0x4D, 0x4B, 0xFF, 0x54, 0x4E, 0x4B, 0xFF, 0x56, 0x50, 0x4E, 0xFF, 0x58, 0x52, 0x50, 0xFF,
    0x59, 0x53, 0x50, 0xFF, 0x5B, 0x56, 0x53, 0xFF, 0x5E, 0x59, 0x56, 0xFF, 0x61, 0x5C, 0x5A, 0xFF,
    0x64, 0x5F, 0x5E, 0xFF, 0x66, 0x61, 0x5F, 0xFF, 0x66, 0x61, 0x60, 0xFF, 0x69, 0x63, 0x62, 0xFF,
    0x6B, 0x66, 0x64, 0xFF, 0x6E, 0x69, 0x67, 0xFF, 0x72, 0x6B, 0x6A, 0xFF, 0x74, 0x6C, 0x6B, 0xFF,
    0x75, 0x6F, 0x6D, 0xFF, 0x77, 0x72, 0x70, 0xFF, 0x7A, 0x74, 0x73, 0xFF, 0x7D, 0x78, 0x75, 0xFF,
    0x80, 0x7C, 0x79, 0xFF, 0x83, 0x7E, 0x7C, 0xFF, 0x86, 0x81, 0x80, 0xFF, 0x8A, 0x85, 0x83, 0xFF,
    0x8D, 0x88, 0x85, 0xFF, 0x91, 0x8C, 0x8A, 0xFF, 0x93, 0x8F, 0x8D, 0xFF, 0x99, 0x94, 0x92, 0xFF,
    0x9E, 0x99, 0x96, 0xFF, 0xA2, 0x9C, 0x9A, 0xFF, 0xA5, 0xA0, 0x9E, 0xFF, 0xAA, 0xA4, 0xA2, 0xFF,
    0xAC, 0xA7, 0xA6, 0xFF, 0xAE, 0xA9, 0xA8, 0xFF, 0xAE, 0xAA, 0xA9, 0xFF, 0xAB, 0xA6, 0xA6, 0xFF,
    0x9D, 0x99, 0x97, 0xFF, 0x85, 0x80, 0x7E, 0xFF, 0x67, 0x61, 0x5F, 0xFF, 0x4B, 0x47, 0x43, 0xFF,
    0x3C, 0x3A, 0x34, 0xFF, 0x36, 0x32, 0x30, 0xFF, 0x34, 0x30, 0x2F, 0xFF, 0x32, 0x30, 0x2E, 0xFF,
    0x33, 0x30, 0x2F, 0xFF, 0x37, 0x33, 0x32, 0xFF, 0x3C, 0x39, 0x36, 0xFF, 0x3A, 0x37, 0x33, 0xFF,
    0x6B, 0x67, 0x63, 0xFF, 0xAE, 0xA9, 0xA7, 0xFF, 0xCA, 0xC5, 0xC5, 0xFF, 0x9A, 0x96, 0x95, 0xF0,
    0xC2, 0xC0, 0xBA, 0xFB, 0x99, 0x95, 0x91, 0xFF, 0x6A, 0x65, 0x62, 0xFF, 0x66, 0x61, 0x5E, 0xFF,
    0x60, 0x5C, 0x59, 0xFF, 0x60, 0x5C, 0x58, 0xFF, 0x5D, 0x59, 0x56, 0xFD, 0x61, 0x5C, 0x58, 0xFF,
    0x45, 0x42, 0x3F, 0xD2, 0x00, 0x00, 0x00, 0x00, 0x01, 0x01, 0x01, 0x00, 0x00, 0x00, 0x00, 0x00,
    0x00, 0x00, 0x00, 0x00, 0x00, 0x00, 0x00, 0x00, 0x00, 0x00, 0x00, 0x00, 0x00, 0x00, 0x00, 0x00,
    0x00, 0x00, 0x00, 0x00, 0x00, 0x00, 0x00, 0x00, 0x00, 0x00, 0x00, 0x00, 0x00, 0x00, 0x00, 0x00,
    0x00, 0x00, 0x00, 0x00, 0x00, 0x00, 0x00, 0x00, 0x00, 0x00, 0x00, 0x00, 0x00, 0x00, 0x00, 0x00,
    0x00, 0x00, 0x00, 0x00, 0x00, 0x00, 0x00, 0x00, 0x00, 0x00, 0x00, 0x00, 0x00, 0x00, 0x00, 0x00,
    0x00, 0x00, 0x00, 0x00, 0x3F, 0x3F, 0x3F, 0x04, 0x00, 0x00, 0x00, 0x00, 0x37, 0x36, 0x34, 0x92,
    0x61, 0x5E, 0x59, 0xFF, 0x60, 0x5C, 0x56, 0xFB, 0x60, 0x5B, 0x56, 0xFF, 0x5E, 0x59, 0x55, 0xFF,
    0x62, 0x5C, 0x5A, 0xFF, 0x68, 0x63, 0x60, 0xFF, 0x90, 0x8A, 0x89, 0xFF, 0xB5, 0xAF, 0xAC, 0xFF,
    0x40, 0x3C, 0x38, 0xE0, 0x31, 0x2E, 0x2D, 0xFF, 0x32, 0x2E, 0x2C, 0xFF, 0x5E, 0x5A, 0x58, 0xFF,
    0x96, 0x91, 0x90, 0xFF, 0x9A, 0x95, 0x93, 0xFF, 0xA3, 0x9E, 0x9C, 0xFF, 0xA8, 0xA4, 0xA2, 0xFF,
    0xAA, 0xA6, 0xA4, 0xFF, 0xA7, 0xA2, 0xA1, 0xFF, 0x9E, 0x98, 0x97, 0xFF, 0x8B, 0x86, 0x84, 0xFF,
    0x72, 0x6D, 0x6A, 0xFF, 0x54, 0x4F, 0x4C, 0xFF, 0x42, 0x3E, 0x3A, 0xFF, 0x39, 0x35, 0x32, 0xFF,
    0x35, 0x30, 0x30, 0xFF, 0x34, 0x30, 0x30, 0xFF, 0x35, 0x30, 0x30, 0xFF, 0x34, 0x30, 0x30, 0xFF,
    0x36, 0x32, 0x31, 0xFF, 0x37, 0x33, 0x32, 0xFF, 0x39, 0x34, 0x33, 0xFF, 0x3A, 0x35, 0x35, 0xFF,
    0x3A, 0x36, 0x35, 0xFF, 0x3B, 0x37, 0x34, 0xFF, 0x3D, 0x39, 0x35, 0xFF, 0x3E, 0x3B, 0x37, 0xFF,
    0x3F, 0x3C, 0x38, 0xFF, 0x41, 0x3E, 0x3A, 0xFF, 0x41, 0x3E, 0x3A, 0xFF, 0x42, 0x40, 0x3C, 0xFF,
    0x45, 0x41, 0x3D, 0xFF, 0x47, 0x43, 0x40, 0xFF, 0x48, 0x44, 0x41, 0xFF, 0x49, 0x46, 0x42, 0xFF,
    0x4B, 0x47, 0x43, 0xFF, 0x4C, 0x49, 0x45, 0xFF, 0x4E, 0x4C, 0x47, 0xFF, 0x50, 0x4C, 0x48, 0xFF,
    0x52, 0x4D, 0x4A, 0xFF, 0x55, 0x4F, 0x4C, 0xFF, 0x56, 0x51, 0x4F, 0xFF, 0x57, 0x52, 0x51, 0xFF,
    0x59, 0x54, 0x53, 0xFF, 0x5B, 0x56, 0x54, 0xFF, 0x5E, 0x59, 0x56, 0xFF, 0x61, 0x5C, 0x5A, 0xFF,
    0x64, 0x5E, 0x5D, 0xFF, 0x66, 0x60, 0x5E, 0xFF, 0x68, 0x62, 0x60, 0xFF, 0x69, 0x64, 0x62, 0xFF,
    0x6C, 0x66, 0x63, 0xFF, 0x6E, 0x68, 0x67, 0xFF, 0x71, 0x6B, 0x69, 0xFF, 0x74, 0x6E, 0x6C, 0xFF,
    0x75, 0x70, 0x6D, 0xFF, 0x77, 0x72, 0x70, 0xFF, 0x7A, 0x75, 0x73, 0xFF, 0x7D, 0x77, 0x75, 0xFF,
    0x80, 0x7B, 0x78, 0xFF, 0x83, 0x7E, 0x7C, 0xFF, 0x86, 0x80, 0x80, 0xFF, 0x89, 0x84, 0x82, 0xFF,
    0x8C, 0x87, 0x85, 0xFF, 0x91, 0x8C, 0x8A, 0xFF, 0x93, 0x8E, 0x8C, 0xFF, 0x98, 0x93, 0x91, 0xFF,
    0x9C, 0x97, 0x96, 0xFF, 0xA1, 0x9B, 0x9A, 0xFF, 0xA4, 0x9F, 0x9E, 0xFF, 0xA8, 0xA2, 0xA1, 0xFF,
    0xAC, 0xA6, 0xA6, 0xFF, 0xAC, 0xA8, 0xA7, 0xFF, 0xAD, 0xA9, 0xA7, 0xFF, 0xAC, 0xA7, 0xA5, 0xFF,
    0xA1, 0x9C, 0x9B, 0xFF, 0x8C, 0x86, 0x83, 0xFF, 0x6F, 0x69, 0x67, 0xFF, 0x4F, 0x4B, 0x47, 0xFF,
    0x3F, 0x3C, 0x37, 0xFF, 0x38, 0x34, 0x32, 0xFF, 0x35, 0x30, 0x30, 0xFF, 0x32, 0x2F, 0x2E, 0xFF,
    0x33, 0x30, 0x30, 0xFF, 0x36, 0x32, 0x32, 0xFF, 0x3C, 0x38, 0x36, 0xFF, 0x3B, 0x37, 0x33, 0xFF,
    0x64, 0x60, 0x5C, 0xFF, 0xAE, 0xA8, 0xA5, 0xFD, 0xC8, 0xC4, 0xC2, 0xFF, 0xB4, 0xB2, 0xB1, 0xCB,
    0xC9, 0xC6, 0xC2, 0xF0, 0x9E, 0x99, 0x96, 0xFF, 0x66, 0x61, 0x5F, 0xFF, 0x5C, 0x56, 0x53, 0xFF,
    0x54, 0x50, 0x4C, 0xFF, 0x57, 0x53, 0x50, 0xFF, 0x57, 0x52, 0x50, 0xFD, 0x57, 0x52, 0x4E, 0xFF,
    0x3F, 0x3B, 0x39, 0xD6, 0x00, 0x00, 0x00, 0x02, 0x01, 0x01, 0x01, 0x00, 0x00, 0x00, 0x00, 0x01,
    0x00, 0x00, 0x00, 0x00, 0x00, 0x00, 0x00, 0x00, 0x00, 0x00, 0x00, 0x00, 0x00, 0x00, 0x00, 0x00,
    0x00, 0x00, 0x00, 0x00, 0x00, 0x00, 0x00, 0x00, 0x00, 0x00, 0x00, 0x00, 0x00, 0x00, 0x00, 0x00,
    0x00, 0x00, 0x00, 0x00, 0x00, 0x00, 0x00, 0x00, 0x00, 0x00, 0x00, 0x00, 0x00, 0x00, 0x00, 0x00,
    0x00, 0x00, 0x00, 0x00, 0x00, 0x00, 0x00, 0x00, 0x00, 0x00, 0x00, 0x00, 0x00, 0x00, 0x00, 0x00,
    0x00, 0x00, 0x00, 0x00, 0x3F, 0x3F, 0x3F, 0x04, 0x00, 0x00, 0x00, 0x00, 0x36, 0x32, 0x30, 0x92,
    0x57, 0x52, 0x4F, 0xFF, 0x57, 0x53, 0x4F, 0xFB, 0x54, 0x50, 0x4A, 0xFF, 0x4C, 0x47, 0x42, 0xFF,
    0x51, 0x4C, 0x48, 0xFF, 0x63, 0x5E, 0x5B, 0xFF, 0x92, 0x8E, 0x8C, 0xFF, 0xAF, 0xAA, 0xA8, 0xFF,
    0x3A, 0x36, 0x33, 0xEB, 0x31, 0x2E, 0x2E, 0xFF, 0x31, 0x2E, 0x2C, 0xFF, 0x63, 0x5F, 0x5B, 0xFF,
    0x95, 0x90, 0x8E, 0xFF, 0x9A, 0x94, 0x93, 0xFF, 0xA3, 0x9E, 0x9C, 0xFF, 0xA8, 0xA3, 0xA0, 0xFF,
    0xA9, 0xA4, 0xA2, 0xFF, 0xA6, 0xA0, 0x9E, 0xFF, 0x9B, 0x95, 0x94, 0xFF, 0x87, 0x82, 0x80, 0xFF,
    0x6D, 0x67, 0x64, 0xFF, 0x4E, 0x49, 0x46, 0xFF, 0x40, 0x3C, 0x38, 0xFF, 0x39, 0x34, 0x33, 0xFF,
    0x35, 0x30, 0x30, 0xFF, 0x35, 0x31, 0x31, 0xFF, 0x35, 0x30, 0x30, 0xFF, 0x35, 0x31, 0x31, 0xFF,
    0x37, 0x32, 0x32, 0xFF, 0x37, 0x33, 0x33, 0xFF, 0x38, 0x34, 0x34, 0xFF, 0x39, 0x35, 0x35, 0xFF,
    0x3B, 0x36, 0x36, 0xFF, 0x3C, 0x38, 0x36, 0xFF, 0x3D, 0x39, 0x35, 0xFF, 0x3F, 0x3B, 0x38, 0xFF,
    0x40, 0x3D, 0x39, 0xFF, 0x41, 0x3E, 0x3A, 0xFF, 0x43, 0x3F, 0x3B, 0xFF, 0x45, 0x41, 0x3E, 0xFF,
    0x47, 0x42, 0x3F, 0xFF, 0x47, 0x44, 0x41, 0xFF, 0x49, 0x45, 0x42, 0xFF, 0x4A, 0x47, 0x42, 0xFF,
    0x4B, 0x47, 0x43, 0xFF, 0x4D, 0x4A, 0x46, 0xFF, 0x4E, 0x4B, 0x48, 0xFF, 0x50, 0x4C, 0x4A, 0xFF,
    0x52, 0x4D, 0x4C, 0xFF, 0x54, 0x4F, 0x4D, 0xFF, 0x56, 0x51, 0x4F, 0xFF, 0x58, 0x53, 0x51, 0xFF,
    0x59, 0x55, 0x52, 0xFF, 0x5D, 0x58, 0x56, 0xFF, 0x5F, 0x5A, 0x58, 0xFF, 0x62, 0x5C, 0x5B, 0xFF,
    0x64, 0x5F, 0x5D, 0xFF, 0x68, 0x61, 0x5F, 0xFF, 0x68, 0x63, 0x61, 0xFF, 0x68, 0x64, 0x63, 0xFF,
    0x6C, 0x66, 0x63, 0xFF, 0x6E, 0x68, 0x66, 0xFF, 0x6F, 0x6B, 0x6A, 0xFF, 0x73, 0x6E, 0x6C, 0xFF,
    0x76, 0x70, 0x6D, 0xFF, 0x77, 0x72, 0x6F, 0xFF, 0x7A, 0x75, 0x72, 0xFF, 0x7D, 0x78, 0x75, 0xFF,
    0x7F, 0x7B, 0x79, 0xFF, 0x82, 0x7E, 0x7D, 0xFF, 0x84, 0x80, 0x7E, 0xFF, 0x88, 0x83, 0x80, 0xFF,
    0x8C, 0x87, 0x84, 0xFF, 0x90, 0x8A, 0x88, 0xFF, 0x93, 0x8D, 0x8B, 0xFF, 0x97, 0x92, 0x91, 0xFF,
    0x9C, 0x97, 0x96, 0xFF, 0x9F, 0x9B, 0x99, 0xFF, 0xA3, 0x9E, 0x9C, 0xFF, 0xA7, 0xA2, 0xA1, 0xFF,
    0xAA, 0xA5, 0xA5, 0xFF, 0xAD, 0xA8, 0xA7, 0xFF, 0xAD, 0xA8, 0xA7, 0xFF, 0xAC, 0xA7, 0xA5, 0xFF,
    0xA3, 0x9F, 0x9E, 0xFF, 0x90, 0x8A, 0x88, 0xFF, 0x75, 0x70, 0x6D, 0xFF, 0x54, 0x50, 0x4C, 0xFF,
    0x41, 0x3E, 0x3A, 0xFF, 0x39, 0x35, 0x33, 0xFF, 0x36, 0x31, 0x31, 0xFF, 0x33, 0x2F, 0x2F, 0xFF,
    0x33, 0x30, 0x30, 0xFF, 0x37, 0x32, 0x32, 0xFF, 0x3D, 0x38, 0x37, 0xFF, 0x3C, 0x38, 0x34, 0xFF,
    0x5F, 0x5A, 0x57, 0xFF, 0xAC, 0xA7, 0xA5, 0xFD, 0xC9, 0xC4, 0xC2, 0xFF, 0xB9, 0xB6, 0xB4, 0xCB,
    0xC7, 0xC3, 0xC0, 0xF0, 0xA2, 0x9E, 0x9C, 0xFF, 0x62, 0x5D, 0x5B, 0xFF, 0x51, 0x4C, 0x49, 0xFF,
    0x49, 0x45, 0x41, 0xFF, 0x4C, 0x47, 0x44, 0xFF, 0x4D, 0x49, 0x46, 0xFD, 0x4F, 0x4B, 0x47, 0xFF,
    0x3B, 0x37, 0x33, 0xD8, 0x00, 0x00, 0x00, 0x03, 0x00, 0x00, 0x00, 0x00, 0x00, 0x00, 0x00, 0x01,
    0x00, 0x00, 0x00, 0x00, 0x00, 0x00, 0x00, 0x00, 0x00, 0x00, 0x00, 0x00, 0x00, 0x00, 0x00, 0x00,
    0x00, 0x00, 0x00, 0x00, 0x00, 0x00, 0x00, 0x00, 0x00, 0x00, 0x00, 0x00, 0x00, 0x00, 0x00, 0x00,
    0x00, 0x00, 0x00, 0x00, 0x00, 0x00, 0x00, 0x00, 0x00, 0x00, 0x00, 0x00, 0x00, 0x00, 0x00, 0x00,
    0x00, 0x00, 0x00, 0x00, 0x00, 0x00, 0x00, 0x00, 0x00, 0x00, 0x00, 0x00, 0x00, 0x00, 0x00, 0x00,
    0x00, 0x00, 0x00, 0x00, 0x3F, 0x3F, 0x3F, 0x04, 0x00, 0x00, 0x00, 0x00, 0x32, 0x2E, 0x2E, 0x93,
    0x4A, 0x46, 0x43, 0xFF, 0x4A, 0x45, 0x43, 0xFB, 0x46, 0x42, 0x3F, 0xFF, 0x42, 0x3F, 0x3A, 0xFF,
    0x45, 0x41, 0x3D, 0xFF, 0x5E, 0x59, 0x55, 0xFF, 0x95, 0x91, 0x8E, 0xFF, 0xA9, 0xA5, 0xA3, 0xFF,
    0x35, 0x30, 0x2F, 0xFD, 0x31, 0x2F, 0x2E, 0xFF, 0x31, 0x2E, 0x2C, 0xFF, 0x67, 0x63, 0x60, 0xFF,
    0x95, 0x8F, 0x8D, 0xFF, 0x99, 0x94, 0x91, 0xFF, 0xA1, 0x9C, 0x9A, 0xFF, 0xA6, 0xA1, 0x9F, 0xFF,
    0xA7, 0xA2, 0xA1, 0xFF, 0xA2, 0x9D, 0x9C, 0xFF, 0x97, 0x91, 0x90, 0xFF, 0x82, 0x7C, 0x7A, 0xFF,
    0x66, 0x60, 0x5F, 0xFF, 0x4B, 0x47, 0x43, 0xFF, 0x3E, 0x3A, 0x38, 0xFF, 0x38, 0x32, 0x33, 0xFF,
    0x35, 0x30, 0x30, 0xFF, 0x36, 0x31, 0x31, 0xFF, 0x35, 0x31, 0x31, 0xFF, 0x35, 0x31, 0x31, 0xFF,
    0x37, 0x33, 0x32, 0xFF, 0x38, 0x32, 0x33, 0xFF, 0x39, 0x33, 0x35, 0xFF, 0x3A, 0x36, 0x34, 0xFF,
    0x3C, 0x38, 0x35, 0xFF, 0x3D, 0x38, 0x36, 0xFF, 0x3D, 0x39, 0x36, 0xFF, 0x3F, 0x3A, 0x37, 0xFF,
    0x40, 0x3D, 0x39, 0xFF, 0x42, 0x3E, 0x3B, 0xFF, 0x43, 0x3F, 0x3B, 0xFF, 0x45, 0x41, 0x3D, 0xFF,
    0x47, 0x42, 0x3F, 0xFF, 0x48, 0x43, 0x40, 0xFF, 0x48, 0x45, 0x41, 0xFF, 0x49, 0x46, 0x42, 0xFF,
    0x4C, 0x48, 0x45, 0xFF, 0x4D, 0x4A, 0x47, 0xFF, 0x50, 0x4C, 0x49, 0xFF, 0x52, 0x4D, 0x4A, 0xFF,
    0x53, 0x4F, 0x4D, 0xFF, 0x55, 0x50, 0x4D, 0xFF, 0x57, 0x52, 0x51, 0xFF, 0x59, 0x54, 0x52, 0xFF,
    0x5A, 0x55, 0x53, 0xFF, 0x5D, 0x58, 0x55, 0xFF, 0x61, 0x5B, 0x5A, 0xFF, 0x62, 0x5D, 0x5D, 0xFF,
    0x64, 0x5E, 0x5E, 0xFF, 0x66, 0x60, 0x60, 0xFF, 0x68, 0x62, 0x62, 0xFF, 0x6A, 0x64, 0x64, 0xFF,
    0x6B, 0x66, 0x65, 0xFF, 0x6E, 0x69, 0x67, 0xFF, 0x70, 0x6A, 0x68, 0xFF, 0x72, 0x6C, 0x6B, 0xFF,
    0x74, 0x6F, 0x6D, 0xFF, 0x77, 0x72, 0x6E, 0xFF, 0x7A, 0x74, 0x73, 0xFF, 0x7B, 0x76, 0x74, 0xFF,
    0x7E, 0x79, 0x77, 0xFF, 0x83, 0x7D, 0x7B, 0xFF, 0x85, 0x80, 0x7E, 0xFF, 0x87, 0x83, 0x81, 0xFF,
    0x8C, 0x86, 0x85, 0xFF, 0x8E, 0x89, 0x88, 0xFF, 0x91, 0x8C, 0x8B, 0xFF, 0x96, 0x91, 0x91, 0xFF,
    0x9A, 0x95, 0x95, 0xFF, 0x9F, 0x99, 0x98, 0xFF, 0xA2, 0x9C, 0x9B, 0xFF, 0xA6, 0xA0, 0xA0, 0xFF,
    0xA8, 0xA3, 0xA2, 0xFF, 0xAB, 0xA7, 0xA4, 0xFF, 0xAD, 0xA7, 0xA6, 0xFF, 0xAC, 0xA7, 0xA6, 0xFF,
    0xA6, 0xA0, 0x9F, 0xFF, 0x95, 0x8F, 0x8C, 0xFF, 0x7C, 0x76, 0x73, 0xFF, 0x5C, 0x56, 0x53, 0xFF,
    0x44, 0x41, 0x3D, 0xFF, 0x3A, 0x37, 0x34, 0xFF, 0x36, 0x32, 0x31, 0xFF, 0x34, 0x30, 0x30, 0xFF,
    0x34, 0x31, 0x31, 0xFF, 0x37, 0x32, 0x32, 0xFF, 0x3D, 0x38, 0x35, 0xFF, 0x3D, 0x39, 0x35, 0xFF,
    0x5B, 0x56, 0x54, 0xFF, 0xA9, 0xA4, 0xA3, 0xFF, 0xC8, 0xC3, 0xC3, 0xFF, 0x9F, 0x9C, 0x9B, 0xF3,
    0xBA, 0xB7, 0xB4, 0xFB, 0xA5, 0xA2, 0x9F, 0xFF, 0x5E, 0x59, 0x56, 0xFF, 0x49, 0x44, 0x43, 0xFF,
    0x3E, 0x3B, 0x38, 0xFF, 0x43, 0x40, 0x3B, 0xFF, 0x46, 0x42, 0x3E, 0xFD, 0x48, 0x44, 0x41, 0xFF,
    0x35, 0x33, 0x30, 0xD6, 0x00, 0x00, 0x00, 0x01, 0x00, 0x00, 0x00, 0x00, 0x00, 0x00, 0x00, 0x01,
    0x00, 0x00, 0x00, 0x00, 0x00, 0x00, 0x00, 0x00, 0x00, 0x00, 0x00, 0x00, 0x00, 0x00, 0x00, 0x00,
    0x00, 0x00, 0x00, 0x00, 0x00, 0x00, 0x00, 0x00, 0x00, 0x00, 0x00, 0x00, 0x00, 0x00, 0x00, 0x00,
    0x00, 0x00, 0x00, 0x00, 0x00, 0x00, 0x00, 0x00, 0x00, 0x00, 0x00, 0x00, 0x00, 0x00, 0x00, 0x00,
    0x00, 0x00, 0x00, 0x00, 0x00, 0x00, 0x00, 0x00, 0x00, 0x00, 0x00, 0x00, 0x00, 0x00, 0x00, 0x00,
    0x00, 0x00, 0x00, 0x00, 0x3F, 0x3F, 0x3F, 0x04, 0x00, 0x00, 0x00, 0x00, 0x31, 0x2E, 0x2E, 0x90,
    0x43, 0x3E, 0x3B, 0xFF, 0x42, 0x3D, 0x38, 0xFB, 0x41, 0x3C, 0x39, 0xFF, 0x40, 0x3D, 0x39, 0xFF,
    0x42, 0x3E, 0x3A, 0xFF, 0x58, 0x52, 0x50, 0xFF, 0x98, 0x94, 0x92, 0xFF, 0xA3, 0x9E, 0x9A, 0xFF,
    0x33, 0x2E, 0x2C, 0xFF, 0x32, 0x30, 0x2F, 0xFF, 0x32, 0x2E, 0x2E, 0xFF, 0x6C, 0x67, 0x66, 0xFF,
    0x94, 0x8F, 0x8C, 0xFF, 0x98, 0x92, 0x90, 0xFF, 0xA0, 0x9B, 0x99, 0xFF, 0xA4, 0x9F, 0x9D, 0xFF,
    0xA4, 0x9F, 0x9F, 0xFF, 0x9E, 0x99, 0x99, 0xFF, 0x91, 0x8C, 0x8A, 0xFF, 0x7D, 0x76, 0x74, 0xFF,
    0x60, 0x5A, 0x59, 0xFF, 0x48, 0x45, 0x41, 0xFF, 0x3D, 0x39, 0x37, 0xFF, 0x37, 0x31, 0x32, 0xFF,
    0x35, 0x30, 0x30, 0xFF, 0x36, 0x31, 0x30, 0xFF, 0x36, 0x31, 0x31, 0xFF, 0x37, 0x33, 0x32, 0xFF,
    0x37, 0x33, 0x33, 0xFF, 0x38, 0x33, 0x33, 0xFF, 0x39, 0x35, 0x33, 0xFF, 0x3A, 0x36, 0x33, 0xFF,
    0x3B, 0x38, 0x34, 0xFF, 0x3C, 0x38, 0x34, 0xFF, 0x3E, 0x39, 0x36, 0xFF, 0x3F, 0x3B, 0x38, 0xFF,
    0x41, 0x3C, 0x39, 0xFF, 0x42, 0x3E, 0x3A, 0xFF, 0x44, 0x3F, 0x3C, 0xFF, 0x44, 0x40, 0x3E, 0xFF,
    0x47, 0x43, 0x3F, 0xFF, 0x48, 0x43, 0x41, 0xFF, 0x49, 0x45, 0x42, 0xFF, 0x4A, 0x47, 0x44, 0xFF,
    0x4C, 0x48, 0x45, 0xFF, 0x4E, 0x4A, 0x47, 0xFF, 0x50, 0x4C, 0x48, 0xFF, 0x52, 0x4D, 0x4A, 0xFF,
    0x54, 0x4F, 0x4C, 0xFF, 0x56, 0x50, 0x4F, 0xFF, 0x58, 0x53, 0x51, 0xFF, 0x5A, 0x55, 0x52, 0xFF,
    0x5B, 0x55, 0x53, 0xFF, 0x5D, 0x58, 0x56, 0xFF, 0x61, 0x5C, 0x59, 0xFF, 0x62, 0x5D, 0x5B, 0xFF,
    0x65, 0x5F, 0x5F, 0xFF, 0x67, 0x60, 0x5F, 0xFF, 0x68, 0x61, 0x61, 0xFF, 0x69, 0x64, 0x63, 0xFF,
    0x6B, 0x66, 0x64, 0xFF, 0x6E, 0x68, 0x66, 0xFF, 0x70, 0x6A, 0x68, 0xFF, 0x72, 0x6C, 0x6A, 0xFF,
    0x75, 0x70, 0x6F, 0xFF, 0x77, 0x72, 0x71, 0xFF, 0x7A, 0x74, 0x71, 0xFF, 0x7C, 0x76, 0x74, 0xFF,
    0x7E, 0x79, 0x76, 0xFF, 0x81, 0x7B, 0x79, 0xFF, 0x84, 0x7E, 0x7E, 0xFF, 0x88, 0x82, 0x81, 0xFF,
    0x8B, 0x85, 0x84, 0xFF, 0x8D, 0x88, 0x88, 0xFF, 0x91, 0x8C, 0x8B, 0xFF, 0x95, 0x90, 0x8E, 0xFF,
    0x99, 0x94, 0x93, 0xFF, 0x9E, 0x98, 0x98, 0xFF, 0xA0, 0x9B, 0x9B, 0xFF, 0xA4, 0x9F, 0x9F, 0xFF,
    0xA8, 0xA3, 0xA2, 0xFF, 0xAB, 0xA5, 0xA5, 0xFF, 0xAC, 0xA7, 0xA6, 0xFF, 0xAB, 0xA7, 0xA5, 0xFF,
    0xA6, 0xA1, 0xA1, 0xFF, 0x97, 0x92, 0x90, 0xFF, 0x83, 0x7C, 0x79, 0xFF, 0x61, 0x5C, 0x59, 0xFF,
    0x49, 0x45, 0x40, 0xFF, 0x3D, 0x3A, 0x35, 0xFF, 0x37, 0x34, 0x33, 0xFF, 0x35, 0x30, 0x30, 0xFF,
    0x36, 0x30, 0x31, 0xFF, 0x38, 0x33, 0x33, 0xFF, 0x3D, 0x39, 0x35, 0xFF, 0x3D, 0x3A, 0x36, 0xFF,
    0x56, 0x52, 0x4F, 0xFF, 0xA8, 0xA2, 0xA1, 0xFF, 0xC8, 0xC3, 0xC1, 0xFF, 0x9D, 0x9B, 0x98, 0xFF,
    0xB5, 0xB2, 0xAE, 0xFF, 0xA9, 0xA5, 0xA2, 0xFF, 0x5B, 0x56, 0x54, 0xFF, 0x45, 0x41, 0x40, 0xFF,
    0x3B, 0x37, 0x37, 0xFF, 0x3C, 0x38, 0x36, 0xFF, 0x3E, 0x39, 0x38, 0xFD, 0x40, 0x3B, 0x3B, 0xFF,
    0x32, 0x2F, 0x2E, 0xD1, 0x00, 0x00, 0x00, 0x00, 0x00, 0x00, 0x00, 0x00, 0x00, 0x00, 0x00, 0x00,
    0x00, 0x00, 0x00, 0x00, 0x00, 0x00, 0x00, 0x00, 0x00, 0x00, 0x00, 0x00, 0x00, 0x00, 0x00, 0x00,
    0x00, 0x00, 0x00, 0x00, 0x00, 0x00, 0x00, 0x00, 0x00, 0x00, 0x00, 0x00, 0x00, 0x00, 0x00, 0x00,
    0x00, 0x00, 0x00, 0x00, 0x00, 0x00, 0x00, 0x00, 0x00, 0x00, 0x00, 0x00, 0x00, 0x00, 0x00, 0x00,
    0x00, 0x00, 0x00, 0x00, 0x00, 0x00, 0x00, 0x00, 0x00, 0x00, 0x00, 0x00, 0x00, 0x00, 0x00, 0x00,
    0x00, 0x00, 0x00, 0x00, 0x3F, 0x3F, 0x3F, 0x04, 0x00, 0x00, 0x00, 0x00, 0x2C, 0x2A, 0x28, 0x90,
    0x3A, 0x37, 0x34, 0xFF, 0x3A, 0x36, 0x33, 0xFB, 0x3B, 0x38, 0x34, 0xFF, 0x3D, 0x39, 0x36, 0xFF,
    0x3F, 0x3B, 0x37, 0xFF, 0x55, 0x50, 0x4D, 0xFF, 0x9C, 0x98, 0x95, 0xFF, 0x9D, 0x98, 0x96, 0xFE,
    0x30, 0x2D, 0x2A, 0xFB, 0x32, 0x30, 0x2F, 0xFF, 0x32, 0x30, 0x30, 0xFF, 0x6E, 0x69, 0x67, 0xFF,
    0x92, 0x8C, 0x8A, 0xFF, 0x95, 0x90, 0x8F, 0xFF, 0x9D, 0x99, 0x96, 0xFF, 0xA2, 0x9D, 0x9C, 0xFF,
    0xA3, 0x9D, 0x9D, 0xFF, 0x9A, 0x96, 0x96, 0xFF, 0x8C, 0x87, 0x87, 0xFF, 0x77, 0x70, 0x70, 0xFF,
    0x5A, 0x55, 0x53, 0xFF, 0x46, 0x42, 0x3F, 0xFF, 0x3B, 0x37, 0x37, 0xFF, 0x37, 0x32, 0x32, 0xFF,
    0x35, 0x31, 0x31, 0xFF, 0x36, 0x32, 0x31, 0xFF, 0x36, 0x32, 0x32, 0xFF, 0x36, 0x32, 0x32, 0xFF,
    0x37, 0x32, 0x33, 0xFF, 0x38, 0x33, 0x34, 0xFF, 0x39, 0x35, 0x34, 0xFF, 0x3A, 0x37, 0x33, 0xFF,
    0x3B, 0x37, 0x34, 0xFF, 0x3C, 0x38, 0x35, 0xFF, 0x3E, 0x3A, 0x37, 0xFF, 0x3F, 0x3C, 0x38, 0xFF,
    0x41, 0x3E, 0x3A, 0xFF, 0x44, 0x3E, 0x3C, 0xFF, 0x44, 0x3F, 0x3D, 0xFF, 0x46, 0x41, 0x3E, 0xFF,
    0x47, 0x43, 0x40, 0xFF, 0x48, 0x44, 0x42, 0xFF, 0x4A, 0x46, 0x43, 0xFF, 0x4B, 0x47, 0x45, 0xFF,
    0x4C, 0x49, 0x45, 0xFF, 0x4F, 0x4A, 0x47, 0xFF, 0x50, 0x4B, 0x49, 0xFF, 0x52, 0x4D, 0x4A, 0xFF,
    0x54, 0x4F, 0x4E, 0xFF, 0x57, 0x52, 0x50, 0xFF, 0x59, 0x54, 0x52, 0xFF, 0x5B, 0x55, 0x53, 0xFF,
    0x5B, 0x56, 0x53, 0xFF, 0x5D, 0x58, 0x57, 0xFF, 0x60, 0x5A, 0x5A, 0xFF, 0x62, 0x5D, 0x5B, 0xFF,
    0x64, 0x5F, 0x5D, 0xFF, 0x67, 0x61, 0x60, 0xFF, 0x67, 0x61, 0x61, 0xFF, 0x69, 0x64, 0x62, 0xFF,
    0x6B, 0x66, 0x65, 0xFF, 0x6D, 0x68, 0x68, 0xFF, 0x70, 0x6B, 0x6A, 0xFF, 0x72, 0x6D, 0x6B, 0xFF,
    0x74, 0x6F, 0x6D, 0xFF, 0x77, 0x72, 0x70, 0xFF, 0x79, 0x73, 0x71, 0xFF, 0x7C, 0x77, 0x74, 0xFF,
    0x7E, 0x78, 0x76, 0xFF, 0x80, 0x7B, 0x79, 0xFF, 0x83, 0x7E, 0x7D, 0xFF, 0x87, 0x81, 0x81, 0xFF,
    0x89, 0x83, 0x83, 0xFF, 0x8D, 0x87, 0x86, 0xFF, 0x91, 0x8C, 0x89, 0xFF, 0x93, 0x8F, 0x8D, 0xFF,
    0x97, 0x93, 0x91, 0xFF, 0x9C, 0x97, 0x95, 0xFF, 0x9F, 0x9A, 0x9A, 0xFF, 0xA3, 0x9E, 0x9C, 0xFF,
    0xA6, 0xA1, 0xA1, 0xFF, 0xAA, 0xA4, 0xA3, 0xFF, 0xAB, 0xA6, 0xA5, 0xFF, 0xAB, 0xA6, 0xA4, 0xFF,
    0xA8, 0xA3, 0xA1, 0xFF, 0x9A, 0x96, 0x94, 0xFF, 0x85, 0x80, 0x7D, 0xFF, 0x68, 0x63, 0x60, 0xFF,
    0x4D, 0x49, 0x45, 0xFF, 0x40, 0x3C, 0x38, 0xFF, 0x39, 0x35, 0x35, 0xFF, 0x36, 0x32, 0x32, 0xFF,
    0x36, 0x31, 0x32, 0xFF, 0x39, 0x33, 0x33, 0xFF, 0x3C, 0x38, 0x35, 0xFF, 0x3E, 0x3A, 0x36, 0xFF,
    0x53, 0x4F, 0x4B, 0xFF, 0xA6, 0xA0, 0x9D, 0xFF, 0xC7, 0xC3, 0xC0, 0xFF, 0xA4, 0xA1, 0x9F, 0xF8,
    0xB6, 0xB1, 0xAE, 0xF9, 0xAD, 0xA8, 0xA5, 0xFF, 0x59, 0x54, 0x52, 0xFF, 0x3F, 0x3D, 0x39, 0xFF,
    0x38, 0x34, 0x33, 0xFF, 0x37, 0x33, 0x33, 0xFF, 0x37, 0x33, 0x32, 0xFC, 0x38, 0x33, 0x32, 0xFF,
    0x2F, 0x2D, 0x2B, 0xCC, 0x00, 0x00, 0x00, 0x00, 0x00, 0x00, 0x00, 0x01, 0x00, 0x00, 0x00, 0x00,
    0x00, 0x00, 0x00, 0x00, 0x00, 0x00, 0x00, 0x00, 0x00, 0x00, 0x00, 0x00, 0x00, 0x00, 0x00, 0x00,
    0x00, 0x00, 0x00, 0x00, 0x00, 0x00, 0x00, 0x00, 0x00, 0x00, 0x00, 0x00, 0x00, 0x00, 0x00, 0x00,
    0x00, 0x00, 0x00, 0x00, 0x00, 0x00, 0x00, 0x00, 0x00, 0x00, 0x00, 0x00, 0x00, 0x00, 0x00, 0x00,
    0x00, 0x00, 0x00, 0x00, 0x00, 0x00, 0x00, 0x00, 0x00, 0x00, 0x00, 0x00, 0x00, 0x00, 0x00, 0x00,
    0x00, 0x00, 0x00, 0x00, 0x3F, 0x3F, 0x3F, 0x04, 0x00, 0x00, 0x00, 0x00, 0x26, 0x25, 0x25, 0x90,
    0x34, 0x31, 0x2E, 0xFF, 0x35, 0x31, 0x2D, 0xFB, 0x37, 0x34, 0x30, 0xFF, 0x3B, 0x36, 0x34, 0xFF,
    0x3D, 0x39, 0x35, 0xFF, 0x52, 0x4E, 0x4B, 0xFF, 0xA1, 0x9C, 0x99, 0xFF, 0x99, 0x95, 0x92, 0xFC,
    0x30, 0x2C, 0x2A, 0xF5, 0x32, 0x30, 0x2F, 0xFF, 0x34, 0x32, 0x31, 0xFF, 0x6F, 0x6A, 0x68, 0xFF,
    0x90, 0x8B, 0x89, 0xFF, 0x94, 0x8E, 0x8D, 0xFF, 0x9B, 0x96, 0x95, 0xFF, 0x9F, 0x9A, 0x99, 0xFF,
    0x9F, 0x9A, 0x9A, 0xFF, 0x96, 0x91, 0x8F, 0xFF, 0x88, 0x82, 0x80, 0xFF, 0x70, 0x6B, 0x68, 0xFF,
    0x54, 0x50, 0x4E, 0xFF, 0x43, 0x3F, 0x3C, 0xFF, 0x3B, 0x36, 0x35, 0xFF, 0x36, 0x30, 0x32, 0xFF,
    0x35, 0x30, 0x31, 0xFF, 0x35, 0x31, 0x30, 0xFF, 0x36, 0x32, 0x30, 0xFF, 0x36, 0x32, 0x31, 0xFF,
    0x37, 0x32, 0x33, 0xFF, 0x39, 0x34, 0x34, 0xFF, 0x39, 0x35, 0x34, 0xFF, 0x3B, 0x37, 0x34, 0xFF,
    0x3C, 0x38, 0x35, 0xFF, 0x3D, 0x39, 0x35, 0xFF, 0x3F, 0x3A, 0x37, 0xFF, 0x40, 0x3C, 0x39, 0xFF,
    0x42, 0x3E, 0x39, 0xFF, 0x43, 0x3F, 0x3C, 0xFF, 0x44, 0x40, 0x3D, 0xFF, 0x46, 0x42, 0x3F, 0xFF,
    0x48, 0x44, 0x40, 0xFF, 0x4A, 0x45, 0x42, 0xFF, 0x4A, 0x46, 0x42, 0xFF, 0x4B, 0x48, 0x44, 0xFF,
    0x4D, 0x49, 0x46, 0xFF, 0x4F, 0x4B, 0x47, 0xFF, 0x51, 0x4C, 0x4A, 0xFF, 0x54, 0x4E, 0x4C, 0xFF,
    0x55, 0x50, 0x4E, 0xFF, 0x57, 0x52, 0x51, 0xFF, 0x59, 0x54, 0x53, 0xFF, 0x5B, 0x55, 0x53, 0xFF,
    0x5C, 0x56, 0x54, 0xFF, 0x5E, 0x58, 0x56, 0xFF, 0x61, 0x5A, 0x5A, 0xFF, 0x62, 0x5D, 0x5C, 0xFF,
    0x64, 0x5F, 0x5D, 0xFF, 0x66, 0x61, 0x61, 0xFF, 0x67, 0x60, 0x61, 0xFF, 0x68, 0x63, 0x62, 0xFF,
    0x6B, 0x66, 0x64, 0xFF, 0x6E, 0x68, 0x65, 0xFF, 0x70, 0x6A, 0x69, 0xFF, 0x72, 0x6D, 0x6C, 0xFF,
    0x73, 0x6F, 0x6C, 0xFF, 0x77, 0x72, 0x6F, 0xFF, 0x79, 0x73, 0x71, 0xFF, 0x7C, 0x76, 0x73, 0xFF,
    0x7D, 0x78, 0x76, 0xFF, 0x80, 0x7B, 0x7A, 0xFF, 0x83, 0x7E, 0x7B, 0xFF, 0x86, 0x81, 0x80, 0xFF,
    0x89, 0x83, 0x83, 0xFF, 0x8C, 0x86, 0x86, 0xFF, 0x8F, 0x89, 0x89, 0xFF, 0x93, 0x8D, 0x8D, 0xFF,
    0x96, 0x91, 0x90, 0xFF, 0x9A, 0x95, 0x93, 0xFF, 0x9E, 0x98, 0x98, 0xFF, 0xA1, 0x9C, 0x9C, 0xFF,
    0xA6, 0xA0, 0xA0, 0xFF, 0xA8, 0xA3, 0xA2, 0xFF, 0xAA, 0xA5, 0xA4, 0xFF, 0xAA, 0xA6, 0xA6, 0xFF,
    0xA8, 0xA3, 0xA3, 0xFF, 0x9D, 0x98, 0x96, 0xFF, 0x89, 0x84, 0x81, 0xFF, 0x6F, 0x69, 0x67, 0xFF,
    0x52, 0x4D, 0x4B, 0xFF, 0x42, 0x3F, 0x3B, 0xFF, 0x3B, 0x37, 0x36, 0xFF, 0x37, 0x33, 0x34, 0xFF,
    0x37, 0x33, 0x33, 0xFF, 0x38, 0x35, 0x32, 0xFF, 0x3D, 0x39, 0x35, 0xFF, 0x3F, 0x3B, 0x38, 0xFF,
    0x51, 0x4C, 0x49, 0xFF, 0xA3, 0x9E, 0x9D, 0xFE, 0xC6, 0xC2, 0xBF, 0xFF, 0xBB, 0xB8, 0xB5, 0xDC,
    0xC6, 0xC2, 0xBE, 0xDE, 0xB1, 0xAC, 0xA8, 0xFF, 0x56, 0x51, 0x4F, 0xFE, 0x3C, 0x38, 0x38, 0xFF,
    0x36, 0x32, 0x31, 0xFF, 0x35, 0x30, 0x2F, 0xFF, 0x34, 0x2F, 0x2E, 0xFC, 0x33, 0x2F, 0x2E, 0xFF,
    0x2D, 0x29, 0x28, 0xCC, 0x00, 0x00, 0x00, 0x00, 0x00, 0x00, 0x00, 0x01, 0x00, 0x00, 0x00, 0x00,
    0x00, 0x00, 0x00, 0x00, 0x00, 0x00, 0x00, 0x00, 0x00, 0x00, 0x00, 0x00, 0x00, 0x00, 0x00, 0x00,
    0x00, 0x00, 0x00, 0x00, 0x00, 0x00, 0x00, 0x00, 0x00, 0x00, 0x00, 0x00, 0x00, 0x00, 0x00, 0x00,
    0x00, 0x00, 0x00, 0x00, 0x00, 0x00, 0x00, 0x00, 0x00, 0x00, 0x00, 0x00, 0x00, 0x00, 0x00, 0x00,
    0x00, 0x00, 0x00, 0x00, 0x00, 0x00, 0x00, 0x00, 0x00, 0x00, 0x00, 0x00, 0x00, 0x00, 0x00, 0x00,
    0x00, 0x00, 0x00, 0x00, 0x3F, 0x3F, 0x3F, 0x04, 0x00, 0x00, 0x00, 0x00, 0x25, 0x23, 0x23, 0x8F,
    0x32, 0x2F, 0x2C, 0xFF, 0x32, 0x2E, 0x2B, 0xFB, 0x35, 0x30, 0x2E, 0xFF, 0x38, 0x33, 0x30, 0xFF,
    0x3A, 0x36, 0x32, 0xFF, 0x4F, 0x4B, 0x4A, 0xFF, 0xA5, 0xA0, 0x9E, 0xFF, 0x95, 0x91, 0x8D, 0xFB,
    0x30, 0x2C, 0x28, 0xF3, 0x33, 0x30, 0x2F, 0xFF, 0x36, 0x32, 0x32, 0xFF, 0x70, 0x6B, 0x69, 0xFF,
    0x8F, 0x89, 0x86, 0xFF, 0x92, 0x8D, 0x8B, 0xFF, 0x9A, 0x94, 0x93, 0xFF, 0x9D, 0x98, 0x97, 0xFF,
    0x9C, 0x96, 0x96, 0xFF, 0x91, 0x8C, 0x8A, 0xFF, 0x83, 0x7E, 0x7D, 0xFF, 0x6A, 0x66, 0x62, 0xFF,
    0x50, 0x4D, 0x49, 0xFF, 0x41, 0x3E, 0x39, 0xFF, 0x39, 0x35, 0x34, 0xFF, 0x36, 0x31, 0x33, 0xFF,
    0x36, 0x31, 0x31, 0xFF, 0x35, 0x31, 0x30, 0xFF, 0x36, 0x32, 0x31, 0xFF, 0x36, 0x32, 0x31, 0xFF,
    0x38, 0x34, 0x32, 0xFF, 0x39, 0x34, 0x34, 0xFF, 0x3A, 0x35, 0x34, 0xFF, 0x3B, 0x38, 0x34, 0xFF,
    0x3C, 0x38, 0x36, 0xFF, 0x3D, 0x3A, 0x36, 0xFF, 0x3F, 0x3B, 0x38, 0xFF, 0x40, 0x3C, 0x38, 0xFF,
    0x42, 0x3E, 0x3B, 0xFF, 0x43, 0x3F, 0x3C, 0xFF, 0x46, 0x42, 0x3E, 0xFF, 0x46, 0x43, 0x3F, 0xFF,
    0x48, 0x45, 0x41, 0xFF, 0x4A, 0x47, 0x43, 0xFF, 0x4C, 0x48, 0x45, 0xFF, 0x4D, 0x49, 0x45, 0xFF,
    0x4E, 0x4A, 0x47, 0xFF, 0x51, 0x4C, 0x49, 0xFF, 0x53, 0x4D, 0x4B, 0xFF, 0x55, 0x4F, 0x4D, 0xFF,
    0x56, 0x51, 0x4E, 0xFF, 0x57, 0x52, 0x51, 0xFF, 0x58, 0x53, 0x53, 0xFF, 0x5A, 0x55, 0x52, 0xFF,
    0x5C, 0x57, 0x54, 0xFF, 0x5E, 0x5A, 0x57, 0xFF, 0x60, 0x5B, 0x5A, 0xFF, 0x62, 0x5E, 0x5D, 0xFF,
    0x64, 0x5F, 0x5E, 0xFF, 0x67, 0x62, 0x61, 0xFF, 0x69, 0x63, 0x63, 0xFF, 0x69, 0x65, 0x64, 0xFF,
    0x6C, 0x66, 0x63, 0xFF, 0x6E, 0x68, 0x66, 0xFF, 0x70, 0x6B, 0x6A, 0xFF, 0x71, 0x6D, 0x6B, 0xFF,
    0x74, 0x6F, 0x6D, 0xFF, 0x77, 0x71, 0x6E, 0xFF, 0x79, 0x74, 0x71, 0xFF, 0x7B, 0x76, 0x73, 0xFF,
    0x7F, 0x77, 0x76, 0xFF, 0x80, 0x7B, 0x79, 0xFF, 0x83, 0x7D, 0x7C, 0xFF, 0x85, 0x80, 0x7F, 0xFF,
    0x89, 0x83, 0x82, 0xFF, 0x8C, 0x86, 0x85, 0xFF, 0x8F, 0x8A, 0x89, 0xFF, 0x92, 0x8D, 0x8B, 0xFF,
    0x95, 0x91, 0x8F, 0xFF, 0x99, 0x94, 0x94, 0xFF, 0x9C, 0x98, 0x96, 0xFF, 0xA0, 0x9B, 0x9A, 0xFF,
    0xA4, 0x9F, 0x9D, 0xFF, 0xA6, 0xA1, 0xA1, 0xFF, 0xA8, 0xA4, 0xA3, 0xFF, 0xAA, 0xA5, 0xA4, 0xFF,
    0xA6, 0xA3, 0xA1, 0xFF, 0x9F, 0x9A, 0x97, 0xFF, 0x8D, 0x87, 0x85, 0xFF, 0x74, 0x6F, 0x6C, 0xFF,
    0x58, 0x53, 0x50, 0xFF, 0x46, 0x42, 0x3E, 0xFF, 0x3E, 0x3A, 0x37, 0xFF, 0x39, 0x34, 0x34, 0xFF,
    0x39, 0x35, 0x34, 0xFF, 0x3A, 0x35, 0x34, 0xFF, 0x3E, 0x3A, 0x36, 0xFF, 0x40, 0x3D, 0x39, 0xFF,
    0x50, 0x4C, 0x49, 0xFF, 0xA4, 0x9E, 0x9D, 0xFD, 0xC5, 0xC0, 0xBF, 0xFF, 0xC4, 0xC2, 0xBE, 0xD6,
    0xC7, 0xC2, 0xC0, 0xD8, 0xB5, 0xB1, 0xAD, 0xFF, 0x54, 0x50, 0x4C, 0xFE, 0x39, 0x35, 0x34, 0xFF,
    0x34, 0x30, 0x2F, 0xFF, 0x33, 0x2E, 0x2C, 0xFF, 0x30, 0x2D, 0x2B, 0xFC, 0x30, 0x2B, 0x29, 0xFF,
    0x2A, 0x28, 0x25, 0xCC, 0x00, 0x00, 0x00, 0x00, 0x00, 0x00, 0x00, 0x01, 0x00, 0x00, 0x00, 0x00,
    0x00, 0x00, 0x00, 0x00, 0x00, 0x00, 0x00, 0x00, 0x00, 0x00, 0x00, 0x00, 0x00, 0x00, 0x00, 0x00,
    0x00, 0x00, 0x00, 0x00, 0x00, 0x00, 0x00, 0x00, 0x00, 0x00, 0x00, 0x00, 0x00, 0x00, 0x00, 0x00,
    0x00, 0x00, 0x00, 0x00, 0x00, 0x00, 0x00, 0x00, 0x00, 0x00, 0x00, 0x00, 0x00, 0x00, 0x00, 0x00,
    0x00, 0x00, 0x00, 0x00, 0x00, 0x00, 0x00, 0x00, 0x00, 0x00, 0x00, 0x00, 0x00, 0x00, 0x00, 0x00,
    0x00, 0x00, 0x00, 0x00, 0x3F, 0x3F, 0x3F, 0x04, 0x00, 0x00, 0x00, 0x00, 0x23, 0x21, 0x21, 0x83,
    0x2F, 0x2A, 0x2A, 0xFF, 0x2F, 0x2A, 0x2A, 0xFB, 0x31, 0x2C, 0x2B, 0xFF, 0x34, 0x30, 0x2C, 0xFF,
    0x38, 0x33, 0x2F, 0xFF, 0x4E, 0x4A, 0x48, 0xFF, 0xA8, 0xA4, 0xA3, 0xFF, 0x8F, 0x8A, 0x88, 0xFE,
    0x2F, 0x2B, 0x29, 0xFA, 0x34, 0x30, 0x2F, 0xFF, 0x38, 0x33, 0x32, 0xFF, 0x71, 0x6C, 0x69, 0xFF,
    0x8D, 0x87, 0x84, 0xFF, 0x92, 0x8B, 0x89, 0xFF, 0x97, 0x91, 0x90, 0xFF, 0x99, 0x95, 0x93, 0xFF,
    0x98, 0x92, 0x92, 0xFF, 0x8D, 0x88, 0x87, 0xFF, 0x7D, 0x77, 0x76, 0xFF, 0x65, 0x5E, 0x5C, 0xFF,
    0x4D, 0x49, 0x46, 0xFF, 0x40, 0x3C, 0x39, 0xFF, 0x39, 0x35, 0x34, 0xFF, 0x36, 0x32, 0x33, 0xFF,
    0x36, 0x32, 0x32, 0xFF, 0x37, 0x32, 0x32, 0xFF, 0x37, 0x32, 0x32, 0xFF, 0x37, 0x33, 0x32, 0xFF,
    0x38, 0x34, 0x33, 0xFF, 0x39, 0x36, 0x32, 0xFF, 0x3B, 0x37, 0x33, 0xFF, 0x3C, 0x38, 0x34, 0xFF,
    0x3D, 0x38, 0x35, 0xFF, 0x3F, 0x39, 0x37, 0xFF, 0x40, 0x3B, 0x38, 0xFF, 0x41, 0x3D, 0x39, 0xFF,
    0x42, 0x3E, 0x3B, 0xFF, 0x44, 0x40, 0x3C, 0xFF, 0x45, 0x41, 0x3D, 0xFF, 0x48, 0x43, 0x40, 0xFF,
    0x49, 0x44, 0x42, 0xFF, 0x4A, 0x47, 0x42, 0xFF, 0x4B, 0x49, 0x45, 0xFF, 0x4C, 0x4A, 0x46, 0xFF,
    0x4F, 0x4C, 0x48, 0xFF, 0x52, 0x4D, 0x4A, 0xFF, 0x53, 0x4E, 0x4D, 0xFF, 0x55, 0x50, 0x4F, 0xFF,
    0x56, 0x51, 0x51, 0xFF, 0x57, 0x52, 0x4F, 0xFF, 0x58, 0x52, 0x50, 0xFF, 0x5A, 0x56, 0x53, 0xFF,
    0x5C, 0x58, 0x55, 0xFF, 0x5D, 0x59, 0x56, 0xFF, 0x5F, 0x5A, 0x58, 0xFF, 0x62, 0x5C, 0x59, 0xFF,
    0x64, 0x5F, 0x5D, 0xFF, 0x67, 0x62, 0x61, 0xFF, 0x68, 0x63, 0x62, 0xFF, 0x69, 0x65, 0x63, 0xFF,
    0x6C, 0x66, 0x63, 0xFF, 0x6E, 0x68, 0x67, 0xFF, 0x6F, 0x6B, 0x6A, 0xFF, 0x72, 0x6D, 0x6A, 0xFF,
    0x75, 0x6F, 0x6B, 0xFF, 0x77, 0x72, 0x6F, 0xFF, 0x79, 0x72, 0x71, 0xFF, 0x7A, 0x75, 0x74, 0xFF,
    0x7D, 0x77, 0x76, 0xFF, 0x80, 0x7B, 0x79, 0xFF, 0x82, 0x7D, 0x7C, 0xFF, 0x85, 0x80, 0x7F, 0xFF,
    0x88, 0x83, 0x82, 0xFF, 0x8A, 0x86, 0x85, 0xFF, 0x8D, 0x88, 0x87, 0xFF, 0x91, 0x8B, 0x89, 0xFF,
    0x93, 0x8E, 0x8D, 0xFF, 0x99, 0x93, 0x91, 0xFF, 0x9C, 0x96, 0x94, 0xFF, 0x9F, 0x99, 0x99, 0xFF,
    0xA2, 0x9D, 0x9C, 0xFF, 0xA5, 0xA0, 0x9E, 0xFF, 0xA7, 0xA3, 0xA1, 0xFF, 0xA9, 0xA3, 0xA2, 0xFF,
    0xA7, 0xA1, 0xA1, 0xFF, 0xA0, 0x9B, 0x99, 0xFF, 0x90, 0x8B, 0x89, 0xFF, 0x7C, 0x75, 0x72, 0xFF,
    0x5E, 0x58, 0x56, 0xFF, 0x49, 0x44, 0x41, 0xFF, 0x3F, 0x3D, 0x38, 0xFF, 0x3A, 0x36, 0x34, 0xFF,
    0x3A, 0x35, 0x33, 0xFF, 0x3B, 0x36, 0x35, 0xFF, 0x3E, 0x3B, 0x37, 0xFF, 0x42, 0x3E, 0x3A, 0xFF,
    0x50, 0x4B, 0x49, 0xFF, 0xA3, 0x9D, 0x9B, 0xFD, 0xC5, 0xC0, 0xBE, 0xFF, 0xC7, 0xC3, 0xC1, 0xD7,
    0xC0, 0xBD, 0xB9, 0xD9, 0xBB, 0xB7, 0xB3, 0xFF, 0x53, 0x4F, 0x4B, 0xFE, 0x35, 0x31, 0x30, 0xFF,
    0x32, 0x2E, 0x2D, 0xFF, 0x31, 0x2B, 0x2A, 0xFF, 0x2E, 0x2A, 0x28, 0xFC, 0x2D, 0x28, 0x27, 0xFF,
    0x28, 0x24, 0x23, 0xCC, 0x00, 0x00, 0x00, 0x00, 0x00, 0x00, 0x00, 0x01, 0x00, 0x00, 0x00, 0x00,
    0x00, 0x00, 0x00, 0x00, 0x00, 0x00, 0x00, 0x00, 0x00, 0x00, 0x00, 0x00, 0x00, 0x00, 0x00, 0x00,
    0x00, 0x00, 0x00, 0x00, 0x00, 0x00, 0x00, 0x00, 0x00, 0x00, 0x00, 0x00, 0x00, 0x00, 0x00, 0x00,
    0x00, 0x00, 0x00, 0x00, 0x00, 0x00, 0x00, 0x00, 0x00, 0x00, 0x00, 0x00, 0x00, 0x00, 0x00, 0x00,
    0x00, 0x00, 0x00, 0x00, 0x00, 0x00, 0x00, 0x00, 0x00, 0x00, 0x00, 0x00, 0x00, 0x00, 0x00, 0x00,
    0x00, 0x00, 0x00, 0x00, 0x3F, 0x3F, 0x3F, 0x04, 0x00, 0x00, 0x00, 0x00, 0x20, 0x20, 0x20, 0x75,
    0x2A, 0x27, 0x26, 0xFF, 0x2C, 0x28, 0x27, 0xFB, 0x2E, 0x29, 0x27, 0xFF, 0x30, 0x2C, 0x28, 0xFF,
    0x35, 0x30, 0x2D, 0xFF, 0x4D, 0x49, 0x45, 0xFF, 0xAD, 0xA9, 0xA6, 0xFF, 0x88, 0x84, 0x81, 0xFF,
    0x2F, 0x2D, 0x2A, 0xFF, 0x34, 0x30, 0x31, 0xFF, 0x38, 0x34, 0x33, 0xFF, 0x70, 0x6B, 0x69, 0xFF,
    0x8B, 0x85, 0x82, 0xFF, 0x90, 0x89, 0x87, 0xFF, 0x95, 0x8F, 0x8E, 0xFF, 0x97, 0x92, 0x90, 0xFF,
    0x94, 0x90, 0x8E, 0xFF, 0x89, 0x84, 0x83, 0xFF, 0x78, 0x72, 0x70, 0xFF, 0x5E, 0x59, 0x57, 0xFF,
    0x49, 0x46, 0x43, 0xFF, 0x3E, 0x3B, 0x37, 0xFF, 0x39, 0x34, 0x34, 0xFF, 0x37, 0x33, 0x33, 0xFF,
    0x37, 0x33, 0x32, 0xFF, 0x37, 0x33, 0x32, 0xFF, 0x38, 0x33, 0x32, 0xFF, 0x37, 0x33, 0x33, 0xFF,
    0x38, 0x34, 0x34, 0xFF, 0x3A, 0x36, 0x34, 0xFF, 0x3C, 0x38, 0x34, 0xFF, 0x3D, 0x39, 0x36, 0xFF,
    0x3E, 0x39, 0x36, 0xFF, 0x3F, 0x3A, 0x38, 0xFF, 0x40, 0x3C, 0x39, 0xFF, 0x41, 0x3E, 0x3A, 0xFF,
    0x43, 0x3F, 0x3C, 0xFF, 0x44, 0x40, 0x3E, 0xFF, 0x46, 0x43, 0x3F, 0xFF, 0x49, 0x43, 0x41, 0xFF,
    0x4A, 0x46, 0x43, 0xFF, 0x4B, 0x48, 0x43, 0xFF, 0x4C, 0x49, 0x45, 0xFF, 0x4D, 0x4B, 0x46, 0xFF,
    0x50, 0x4C, 0x48, 0xFF, 0x52, 0x4E, 0x4B, 0xFF, 0x54, 0x4E, 0x4D, 0xFF, 0x56, 0x50, 0x4E, 0xFF,
    0x56, 0x51, 0x50, 0xFF, 0x57, 0x52, 0x50, 0xFF, 0x59, 0x53, 0x52, 0xFF, 0x5B, 0x57, 0x55, 0xFF,
    0x5D, 0x59, 0x55, 0xFF, 0x5E, 0x59, 0x56, 0xFF, 0x5F, 0x5A, 0x59, 0xFF, 0x62, 0x5D, 0x5C, 0xFF,
    0x64, 0x5F, 0x5E, 0xFF, 0x66, 0x61, 0x60, 0xFF, 0x67, 0x62, 0x60, 0xFF, 0x69, 0x65, 0x63, 0xFF,
    0x6C, 0x67, 0x65, 0xFF, 0x6E, 0x69, 0x67, 0xFF, 0x6F, 0x6A, 0x69, 0xFF, 0x71, 0x6C, 0x6A, 0xFF,
    0x74, 0x6E, 0x6D, 0xFF, 0x76, 0x71, 0x70, 0xFF, 0x77, 0x72, 0x70, 0xFF, 0x7A, 0x74, 0x73, 0xFF,
    0x7C, 0x76, 0x74, 0xFF, 0x7E, 0x79, 0x79, 0xFF, 0x81, 0x7C, 0x79, 0xFF, 0x85, 0x7F, 0x7E, 0xFF,
    0x87, 0x82, 0x81, 0xFF, 0x8B, 0x86, 0x85, 0xFF, 0x8D, 0x88, 0x87, 0xFF, 0x90, 0x8B, 0x89, 0xFF,
    0x93, 0x8E, 0x8C, 0xFF, 0x97, 0x92, 0x8F, 0xFF, 0x9A, 0x95, 0x94, 0xFF, 0x9E, 0x99, 0x99, 0xFF,
    0xA1, 0x9C, 0x9C, 0xFF, 0xA4, 0xA0, 0x9D, 0xFF, 0xA6, 0xA1, 0xA0, 0xFF, 0xA8, 0xA3, 0xA2, 0xFF,
    0xA7, 0xA2, 0xA1, 0xFF, 0xA1, 0x9C, 0x9A, 0xFF, 0x93, 0x8E, 0x8C, 0xFF, 0x7F, 0x79, 0x76, 0xFF,
    0x64, 0x5F, 0x5D, 0xFF, 0x4E, 0x49, 0x46, 0xFF, 0x42, 0x3E, 0x3B, 0xFF, 0x3C, 0x38, 0x35, 0xFF,
    0x3B, 0x37, 0x33, 0xFF, 0x3C, 0x38, 0x34, 0xFF, 0x3E, 0x3C, 0x38, 0xFF, 0x43, 0x40, 0x3C, 0xFF,
    0x50, 0x4C, 0x48, 0xFF, 0x9F, 0x9B, 0x99, 0xFE, 0xC3, 0xBE, 0xBD, 0xFF, 0xB6, 0xB2, 0xB1, 0xEE,
    0xAC, 0xA9, 0xA6, 0xEE, 0xC1, 0xBB, 0xB8, 0xFF, 0x55, 0x50, 0x4E, 0xFE, 0x33, 0x30, 0x2D, 0xFF,
    0x31, 0x2C, 0x2B, 0xFF, 0x2F, 0x29, 0x28, 0xFF, 0x2C, 0x27, 0x27, 0xFC, 0x2A, 0x26, 0x26, 0xFF,
    0x24, 0x21, 0x21, 0xCB, 0x00, 0x00, 0x00, 0x00, 0x00, 0x00, 0x00, 0x01, 0x00, 0x00, 0x00, 0x00,
    0x00, 0x00, 0x00, 0x00, 0x00, 0x00, 0x00, 0x00, 0x00, 0x00, 0x00, 0x00, 0x00, 0x00, 0x00, 0x00,
    0x00, 0x00, 0x00, 0x00, 0x00, 0x00, 0x00, 0x00, 0x00, 0x00, 0x00, 0x00, 0x00, 0x00, 0x00, 0x00,
    0x00, 0x00, 0x00, 0x00, 0x00, 0x00, 0x00, 0x00, 0x00, 0x00, 0x00, 0x00, 0x00, 0x00, 0x00, 0x00,
    0x00, 0x00, 0x00, 0x00, 0x00, 0x00, 0x00, 0x00, 0x00, 0x00, 0x00, 0x00, 0x00, 0x00, 0x00, 0x00,
    0x00, 0x00, 0x00, 0x00, 0x3F, 0x3F, 0x3F, 0x04, 0x00, 0x00, 0x00, 0x00, 0x21, 0x21, 0x21, 0x62,
    0x27, 0x24, 0x24, 0xFF, 0x29, 0x25, 0x24, 0xFB, 0x2C, 0x27, 0x27, 0xFF, 0x2E, 0x2A, 0x26, 0xFF,
    0x31, 0x2E, 0x2A, 0xFF, 0x4F, 0x4A, 0x47, 0xFF, 0xB2, 0xAE, 0xAA, 0xFF, 0x82, 0x7E, 0x7B, 0xFF,
    0x30, 0x2C, 0x2B, 0xFF, 0x34, 0x31, 0x30, 0xFF, 0x39, 0x35, 0x34, 0xFF, 0x70, 0x6A, 0x69, 0xFF,
    0x88, 0x82, 0x7F, 0xFF, 0x8D, 0x87, 0x84, 0xFF, 0x94, 0x8D, 0x8C, 0xFF, 0x96, 0x8F, 0x8E, 0xFF,
    0x90, 0x8B, 0x89, 0xFF, 0x85, 0x7F, 0x7E, 0xFF, 0x72, 0x6B, 0x69, 0xFF, 0x59, 0x55, 0x53, 0xFF,
    0x46, 0x44, 0x3F, 0xFF, 0x3D, 0x3A, 0x36, 0xFF, 0x38, 0x34, 0x33, 0xFF, 0x37, 0x33, 0x34, 0xFF,
    0x37, 0x33, 0x33, 0xFF, 0x38, 0x33, 0x33, 0xFF, 0x38, 0x34, 0x33, 0xFF, 0x38, 0x34, 0x33, 0xFF,
    0x39, 0x33, 0x35, 0xFF, 0x3A, 0x36, 0x35, 0xFF, 0x3C, 0x38, 0x35, 0xFF, 0x3D, 0x39, 0x37, 0xFF,
    0x3F, 0x3A, 0x37, 0xFF, 0x40, 0x3C, 0x38, 0xFF, 0x40, 0x3D, 0x3A, 0xFF, 0x42, 0x3E, 0x3B, 0xFF,
    0x43, 0x3F, 0x3C, 0xFF, 0x45, 0x41, 0x3E, 0xFF, 0x47, 0x43, 0x40, 0xFF, 0x47, 0x44, 0x40, 0xFF,
    0x49, 0x46, 0x42, 0xFF, 0x4B, 0x48, 0x43, 0xFF, 0x4D, 0x49, 0x45, 0xFF, 0x4F, 0x4B, 0x47, 0xFF,
    0x51, 0x4D, 0x49, 0xFF, 0x53, 0x4D, 0x4C, 0xFF, 0x53, 0x4E, 0x4D, 0xFF, 0x55, 0x50, 0x4E, 0xFF,
    0x56, 0x51, 0x4F, 0xFF, 0x58, 0x53, 0x51, 0xFF, 0x5A, 0x55, 0x52, 0xFF, 0x5C, 0x56, 0x54, 0xFF,
    0x5D, 0x58, 0x56, 0xFF, 0x60, 0x59, 0x57, 0xFF, 0x61, 0x5B, 0x58, 0xFF, 0x62, 0x5D, 0x5B, 0xFF,
    0x63, 0x5F, 0x5D, 0xFF, 0x65, 0x60, 0x5D, 0xFF, 0x68, 0x62, 0x5E, 0xFF, 0x69, 0x64, 0x62, 0xFF,
    0x6C, 0x67, 0x65, 0xFF, 0x6E, 0x69, 0x67, 0xFF, 0x6E, 0x6A, 0x68, 0xFF, 0x71, 0x6B, 0x69, 0xFF,
    0x74, 0x6E, 0x6C, 0xFF, 0x75, 0x70, 0x6E, 0xFF, 0x78, 0x73, 0x70, 0xFF, 0x79, 0x74, 0x71, 0xFF,
    0x7B, 0x76, 0x74, 0xFF, 0x7D, 0x78, 0x78, 0xFF, 0x80, 0x7B, 0x79, 0xFF, 0x83, 0x7E, 0x7C, 0xFF,
    0x86, 0x81, 0x80, 0xFF, 0x89, 0x84, 0x82, 0xFF, 0x8C, 0x87, 0x84, 0xFF, 0x8F, 0x8A, 0x89, 0xFF,
    0x93, 0x8D, 0x8C, 0xFF, 0x95, 0x90, 0x8E, 0xFF, 0x99, 0x94, 0x93, 0xFF, 0x9D, 0x98, 0x96, 0xFF,
    0x9F, 0x9B, 0x99, 0xFF, 0xA3, 0x9E, 0x9D, 0xFF, 0xA5, 0xA0, 0x9F, 0xFF, 0xA6, 0xA2, 0xA0, 0xFF,
    0xA6, 0xA1, 0xA1, 0xFF, 0xA1, 0x9C, 0x9B, 0xFF, 0x96, 0x91, 0x8E, 0xFF, 0x81, 0x7C, 0x7A, 0xFF,
    0x6A, 0x64, 0x62, 0xFF, 0x53, 0x4D, 0x4C, 0xFF, 0x46, 0x41, 0x3F, 0xFF, 0x3F, 0x3A, 0x37, 0xFF,
    0x3B, 0x39, 0x34, 0xFF, 0x3D, 0x39, 0x36, 0xFF, 0x40, 0x3D, 0x39, 0xFF, 0x44, 0x41, 0x3D, 0xFF,
    0x4F, 0x4D, 0x48, 0xFF, 0x9E, 0x9B, 0x98, 0xFF, 0xC2, 0xBC, 0xBC, 0xFF, 0xAF, 0xAB, 0xAA, 0xFF,
    0xA0, 0x9C, 0x99, 0xFF, 0xC4, 0xBF, 0xBD, 0xFF, 0x57, 0x52, 0x50, 0xFF, 0x32, 0x2D, 0x2C, 0xFF,
    0x2F, 0x2B, 0x2A, 0xFF, 0x2C, 0x28, 0x27, 0xFF, 0x2A, 0x26, 0x26, 0xFC, 0x28, 0x24, 0x24, 0xFF,
    0x22, 0x21, 0x21, 0xB1, 0x00, 0x00, 0x00, 0x00, 0x00, 0x00, 0x00, 0x02, 0x00, 0x00, 0x00, 0x00,
    0x00, 0x00, 0x00, 0x00, 0x00, 0x00, 0x00, 0x00, 0x00, 0x00, 0x00, 0x00, 0x00, 0x00, 0x00, 0x00,
    0x00, 0x00, 0x00, 0x00, 0x00, 0x00, 0x00, 0x00, 0x00, 0x00, 0x00, 0x00, 0x00, 0x00, 0x00, 0x00,
    0x00, 0x00, 0x00, 0x00, 0x00, 0x00, 0x00, 0x00, 0x00, 0x00, 0x00, 0x00, 0x00, 0x00, 0x00, 0x00,
    0x00, 0x00, 0x00, 0x00, 0x00, 0x00, 0x00, 0x00, 0x00, 0x00, 0x00, 0x00, 0x00, 0x00, 0x00, 0x00,
    0x00, 0x00, 0x00, 0x00, 0x3F, 0x3F, 0x00, 0x04, 0x00, 0x00, 0x00, 0x00, 0x23, 0x23, 0x23, 0x50,
    0x25, 0x23, 0x22, 0xFF, 0x27, 0x23, 0x23, 0xFC, 0x2A, 0x27, 0x26, 0xFF, 0x2D, 0x2A, 0x26, 0xFF,
    0x30, 0x2D, 0x29, 0xFF, 0x51, 0x4D, 0x49, 0xFF, 0xB4, 0xB0, 0xAD, 0xFF, 0x7A, 0x77, 0x73, 0xFF,
    0x2E, 0x2D, 0x28, 0xFF, 0x33, 0x30, 0x2F, 0xFF, 0x39, 0x35, 0x34, 0xFF, 0x6F, 0x69, 0x68, 0xFF,
    0x85, 0x80, 0x7D, 0xFF, 0x8A, 0x85, 0x82, 0xFF, 0x90, 0x8A, 0x88, 0xFF, 0x91, 0x8C, 0x8A, 0xFF,
    0x8C, 0x87, 0x84, 0xFF, 0x80, 0x7B, 0x77, 0xFF, 0x6B, 0x66, 0x64, 0xFF, 0x54, 0x51, 0x4D, 0xFF,
    0x45, 0x42, 0x3E, 0xFF, 0x3C, 0x39, 0x35, 0xFF, 0x38, 0x34, 0x33, 0xFF, 0x37, 0x33, 0x33, 0xFF,
    0x38, 0x34, 0x33, 0xFF, 0x38, 0x34, 0x33, 0xFF, 0x38, 0x34, 0x34, 0xFF, 0x39, 0x34, 0x34, 0xFF,
    0x3A, 0x35, 0x34, 0xFF, 0x3B, 0x37, 0x34, 0xFF, 0x3C, 0x38, 0x34, 0xFF, 0x3E, 0x3A, 0x36, 0xFF,
    0x3F, 0x3A, 0x37, 0xFF, 0x40, 0x3C, 0x38, 0xFF, 0x42, 0x3D, 0x3A, 0xFF, 0x43, 0x3F, 0x3B, 0xFF,
    0x44, 0x3F, 0x3D, 0xFF, 0x46, 0x42, 0x3E, 0xFF, 0x47, 0x44, 0x3F, 0xFF, 0x48, 0x45, 0x40, 0xFF,
    0x4A, 0x46, 0x41, 0xFF, 0x4A, 0x48, 0x43, 0xFF, 0x4D, 0x4A, 0x45, 0xFF, 0x4F, 0x4B, 0x47, 0xFF,
    0x51, 0x4C, 0x4A, 0xFF, 0x53, 0x4D, 0x4C, 0xFF, 0x53, 0x4F, 0x4D, 0xFF, 0x54, 0x50, 0x4E, 0xFF,
    0x56, 0x51, 0x50, 0xFF, 0x58, 0x53, 0x52, 0xFF, 0x5B, 0x55, 0x52, 0xFF, 0x5C, 0x57, 0x53, 0xFF,
    0x5E, 0x59, 0x55, 0xFF, 0x5F, 0x5A, 0x58, 0xFF, 0x62, 0x5D, 0x5B, 0xFF, 0x63, 0x5E, 0x5C, 0xFF,
    0x65, 0x5F, 0x5E, 0xFF, 0x66, 0x61, 0x5F, 0xFF, 0x67, 0x62, 0x5F, 0xFF, 0x6A, 0x65, 0x62, 0xFF,
    0x6C, 0x66, 0x64, 0xFF, 0x6D, 0x68, 0x66, 0xFF, 0x6F, 0x6A, 0x68, 0xFF, 0x72, 0x6C, 0x6B, 0xFF,
    0x73, 0x6E, 0x6B, 0xFF, 0x75, 0x70, 0x6D, 0xFF, 0x77, 0x72, 0x6F, 0xFF, 0x79, 0x73, 0x71, 0xFF,
    0x7B, 0x76, 0x74, 0xFF, 0x7D, 0x77, 0x75, 0xFF, 0x7F, 0x7A, 0x7A, 0xFF, 0x82, 0x7D, 0x7C, 0xFF,
    0x85, 0x80, 0x7E, 0xFF, 0x87, 0x82, 0x80, 0xFF, 0x89, 0x85, 0x82, 0xFF, 0x8E, 0x89, 0x87, 0xFF,
    0x91, 0x8D, 0x8A, 0xFF, 0x94, 0x90, 0x8E, 0xFF, 0x98, 0x93, 0x91, 0xFF, 0x9B, 0x96, 0x94, 0xFF,
    0x9D, 0x99, 0x97, 0xFF, 0xA1, 0x9C, 0x9B, 0xFF, 0xA4, 0x9F, 0x9C, 0xFF, 0xA5, 0xA0, 0x9E, 0xFF,
    0xA5, 0xA0, 0xA0, 0xFF, 0xA2, 0x9C, 0x9C, 0xFF, 0x97, 0x92, 0x8F, 0xFF, 0x85, 0x7F, 0x7C, 0xFF,
    0x6F, 0x69, 0x67, 0xFF, 0x58, 0x52, 0x52, 0xFF, 0x4A, 0x45, 0x42, 0xFF, 0x40, 0x3D, 0x39, 0xFF,
    0x3D, 0x3B, 0x37, 0xFF, 0x3F, 0x3B, 0x37, 0xFF, 0x42, 0x3F, 0x3B, 0xFF, 0x45, 0x41, 0x3E, 0xFF,
    0x51, 0x4C, 0x49, 0xFF, 0x9D, 0x99, 0x97, 0xFF, 0xC1, 0xBC, 0xBA, 0xFF, 0xB1, 0xAE, 0xAB, 0xFF,
    0x9B, 0x99, 0x95, 0xFF, 0xC7, 0xC3, 0xC0, 0xFF, 0x5A, 0x56, 0x52, 0xFF, 0x32, 0x2E, 0x2B, 0xFF,
    0x2E, 0x2A, 0x29, 0xFF, 0x2B, 0x27, 0x27, 0xFF, 0x29, 0x25, 0x24, 0xFB, 0x26, 0x24, 0x23, 0xFF,
    0x24, 0x22, 0x22, 0x9B, 0x00, 0x00, 0x00, 0x00, 0x3F, 0x3F, 0x3F, 0x04, 0x00, 0x00, 0x00, 0x00,
    0x00, 0x00, 0x00, 0x00, 0x00, 0x00, 0x00, 0x00, 0x00, 0x00, 0x00, 0x00, 0x00, 0x00, 0x00, 0x00,
    0x00, 0x00, 0x00, 0x00, 0x00, 0x00, 0x00, 0x00, 0x00, 0x00, 0x00, 0x00, 0x00, 0x00, 0x00, 0x00,
    0x00, 0x00, 0x00, 0x00, 0x00, 0x00, 0x00, 0x00, 0x00, 0x00, 0x00, 0x00, 0x00, 0x00, 0x00, 0x00,
    0x00, 0x00, 0x00, 0x00, 0x00, 0x00, 0x00, 0x00, 0x00, 0x00, 0x00, 0x00, 0x00, 0x00, 0x00, 0x00,
    0x00, 0x00, 0x00, 0x00, 0x00, 0x00, 0x00, 0x04, 0x00, 0x00, 0x00, 0x00, 0x20, 0x23, 0x23, 0x4F,
    0x24, 0x22, 0x20, 0xFF, 0x24, 0x23, 0x1F, 0xFC, 0x28, 0x26, 0x25, 0xFF, 0x2C, 0x29, 0x27, 0xFF,
    0x31, 0x2C, 0x2A, 0xFF, 0x55, 0x50, 0x4C, 0xFF, 0xB8, 0xB4, 0xB0, 0xFF, 0x77, 0x73, 0x6F, 0xFF,
    0x2F, 0x2C, 0x2A, 0xFF, 0x33, 0x31, 0x30, 0xFF, 0x39, 0x36, 0x33, 0xFF, 0x6E, 0x68, 0x64, 0xFF,
    0x84, 0x7E, 0x7B, 0xFF, 0x89, 0x83, 0x81, 0xFF, 0x8C, 0x87, 0x85, 0xFF, 0x8D, 0x88, 0x88, 0xFF,
    0x88, 0x83, 0x81, 0xFF, 0x7B, 0x75, 0x72, 0xFF, 0x66, 0x61, 0x5E, 0xFF, 0x50, 0x4D, 0x49, 0xFF,
    0x43, 0x40, 0x3C, 0xFF, 0x3B, 0x37, 0x33, 0xFF, 0x38, 0x35, 0x32, 0xFF, 0x38, 0x33, 0x33, 0xFF,
    0x39, 0x34, 0x34, 0xFF, 0x39, 0x34, 0x34, 0xFF, 0x39, 0x34, 0x34, 0xFF, 0x39, 0x34, 0x35, 0xFF,
    0x3A, 0x36, 0x35, 0xFF, 0x3C, 0x37, 0x34, 0xFF, 0x3E, 0x39, 0x36, 0xFF, 0x3E, 0x3B, 0x37, 0xFF,
    0x3F, 0x3C, 0x37, 0xFF, 0x41, 0x3E, 0x3A, 0xFF, 0x43, 0x3F, 0x3B, 0xFF, 0x43, 0x40, 0x3B, 0xFF,
    0x45, 0x40, 0x3E, 0xFF, 0x46, 0x43, 0x3F, 0xFF, 0x47, 0x45, 0x40, 0xFF, 0x48, 0x46, 0x41, 0xFF,
    0x4A, 0x47, 0x42, 0xFF, 0x4B, 0x48, 0x43, 0xFF, 0x4D, 0x4A, 0x46, 0xFF, 0x4E, 0x4A, 0x47, 0xFF,
    0x51, 0x4C, 0x4A, 0xFF, 0x53, 0x4E, 0x4C, 0xFF, 0x54, 0x4E, 0x4D, 0xFF, 0x55, 0x50, 0x50, 0xFF,
    0x57, 0x52, 0x50, 0xFF, 0x59, 0x54, 0x53, 0xFF, 0x5B, 0x56, 0x53, 0xFF, 0x5C, 0x57, 0x54, 0xFF,
    0x5E, 0x59, 0x56, 0xFF, 0x60, 0x5B, 0x58, 0xFF, 0x62, 0x5C, 0x5B, 0xFF, 0x63, 0x5E, 0x5C, 0xFF,
    0x64, 0x60, 0x5D, 0xFF, 0x65, 0x60, 0x5F, 0xFF, 0x67, 0x62, 0x61, 0xFF, 0x6B, 0x65, 0x62, 0xFF,
    0x6B, 0x66, 0x62, 0xFF, 0x6D, 0x68, 0x65, 0xFF, 0x6F, 0x6A, 0x68, 0xFF, 0x71, 0x6C, 0x6A, 0xFF,
    0x73, 0x6E, 0x6D, 0xFF, 0x75, 0x70, 0x6E, 0xFF, 0x77, 0x72, 0x71, 0xFF, 0x79, 0x73, 0x71, 0xFF,
    0x7B, 0x75, 0x73, 0xFF, 0x7D, 0x78, 0x76, 0xFF, 0x7E, 0x79, 0x78, 0xFF, 0x82, 0x7D, 0x7B, 0xFF,
    0x85, 0x7F, 0x7C, 0xFF, 0x87, 0x82, 0x7F, 0xFF, 0x89, 0x85, 0x83, 0xFF, 0x8D, 0x87, 0x86, 0xFF,
    0x90, 0x8B, 0x88, 0xFF, 0x93, 0x8F, 0x8C, 0xFF, 0x96, 0x92, 0x90, 0xFF, 0x9A, 0x95, 0x94, 0xFF,
    0x9D, 0x98, 0x97, 0xFF, 0xA0, 0x9B, 0x9A, 0xFF, 0xA3, 0x9D, 0x9C, 0xFF, 0xA4, 0x9E, 0x9E, 0xFF,
    0xA4, 0x9F, 0x9E, 0xFF, 0xA1, 0x9D, 0x9B, 0xFF, 0x99, 0x94, 0x92, 0xFF, 0x88, 0x83, 0x81, 0xFF,
    0x73, 0x6D, 0x6C, 0xFF, 0x5C, 0x57, 0x55, 0xFF, 0x4E, 0x49, 0x45, 0xFF, 0x43, 0x40, 0x3C, 0xFF,
    0x3F, 0x3C, 0x38, 0xFF, 0x40, 0x3C, 0x39, 0xFF, 0x43, 0x40, 0x3D, 0xFF, 0x47, 0x43, 0x40, 0xFF,
    0x52, 0x4E, 0x4B, 0xFF, 0x9D, 0x98, 0x97, 0xFF, 0xBF, 0xBB, 0xB8, 0xFF, 0xB4, 0xB0, 0xAE, 0xFF,
    0x98, 0x94, 0x92, 0xFF, 0xCA, 0xC6, 0xC2, 0xFF, 0x61, 0x5B, 0x58, 0xFF, 0x31, 0x2D, 0x29, 0xFF,
    0x2E, 0x29, 0x28, 0xFF, 0x2A, 0x26, 0x25, 0xFF, 0x27, 0x24, 0x24, 0xFB, 0x27, 0x25, 0x23, 0xFF,
    0x27, 0x25, 0x23, 0x95, 0x00, 0x00, 0x00, 0x00, 0x3F, 0x3F, 0x3F, 0x04, 0x00, 0x00, 0x00, 0x00,
    0x00, 0x00, 0x00, 0x00, 0x00, 0x00, 0x00, 0x00, 0x00, 0x00, 0x00, 0x00, 0x00, 0x00, 0x00, 0x00,
    0x00, 0x00, 0x00, 0x00, 0x00, 0x00, 0x00, 0x00, 0x00, 0x00, 0x00, 0x00, 0x00, 0x00, 0x00, 0x00,
    0x00, 0x00, 0x00, 0x00, 0x00, 0x00, 0x00, 0x00, 0x00, 0x00, 0x00, 0x00, 0x00, 0x00, 0x00, 0x00,
    0x00, 0x00, 0x00, 0x00, 0x00, 0x00, 0x00, 0x00, 0x00, 0x00, 0x00, 0x00, 0x00, 0x00, 0x00, 0x00,
    0x00, 0x00, 0x00, 0x00, 0x00, 0x00, 0x00, 0x03, 0x00, 0x00, 0x00, 0x00, 0x1D, 0x21, 0x1D, 0x45,
    0x22, 0x20, 0x1F, 0xFE, 0x22, 0x20, 0x1D, 0xFB, 0x26, 0x26, 0x23, 0xFF, 0x2C, 0x28, 0x26, 0xFF,
    0x30, 0x2C, 0x29, 0xFF, 0x59, 0x54, 0x51, 0xFF, 0xBC, 0xB8, 0xB4, 0xFF, 0x73, 0x6E, 0x6A, 0xFB,
    0x2E, 0x2A, 0x27, 0xFB, 0x34, 0x30, 0x2F, 0xFF, 0x39, 0x35, 0x35, 0xFF, 0x6B, 0x65, 0x64, 0xFF,
    0x80, 0x7A, 0x77, 0xFF, 0x87, 0x81, 0x7E, 0xFF, 0x8B, 0x85, 0x83, 0xFF, 0x8A, 0x85, 0x83, 0xFF,
    0x85, 0x7F, 0x7D, 0xFF, 0x76, 0x70, 0x6D, 0xFF, 0x61, 0x5C, 0x59, 0xFF, 0x4D, 0x4B, 0x45, 0xFF,
    0x42, 0x3F, 0x3A, 0xFF, 0x3B, 0x38, 0x33, 0xFF, 0x38, 0x34, 0x31, 0xFF, 0x38, 0x34, 0x34, 0xFF,
    0x38, 0x35, 0x34, 0xFF, 0x39, 0x35, 0x34, 0xFF, 0x39, 0x35, 0x35, 0xFF, 0x3A, 0x35, 0x35, 0xFF,
    0x3B, 0x37, 0x35, 0xFF, 0x3C, 0x39, 0x35, 0xFF, 0x3E, 0x3A, 0x36, 0xFF, 0x3F, 0x3B, 0x38, 0xFF,
    0x40, 0x3D, 0x39, 0xFF, 0x42, 0x3F, 0x3B, 0xFF, 0x43, 0x40, 0x3B, 0xFF, 0x44, 0x41, 0x3C, 0xFF,
    0x45, 0x42, 0x3E, 0xFF, 0x46, 0x44, 0x3F, 0xFF, 0x47, 0x45, 0x40, 0xFF, 0x4A, 0x46, 0x42, 0xFF,
    0x4B, 0x48, 0x44, 0xFF, 0x4C, 0x49, 0x44, 0xFF, 0x4D, 0x4A, 0x46, 0xFF, 0x4F, 0x4B, 0x48, 0xFF,
    0x52, 0x4D, 0x4B, 0xFF, 0x55, 0x4F, 0x4D, 0xFF, 0x55, 0x4F, 0x4F, 0xFF, 0x56, 0x50, 0x51, 0xFF,
    0x57, 0x52, 0x51, 0xFF, 0x59, 0x54, 0x52, 0xFF, 0x5B, 0x56, 0x55, 0xFF, 0x5D, 0x58, 0x56, 0xFF,
    0x5F, 0x5A, 0x57, 0xFF, 0x60, 0x5B, 0x59, 0xFF, 0x62, 0x5D, 0x5B, 0xFF, 0x63, 0x5E, 0x5D, 0xFF,
    0x64, 0x5F, 0x5D, 0xFF, 0x66, 0x62, 0x5F, 0xFF, 0x68, 0x63, 0x61, 0xFF, 0x6A, 0x64, 0x62, 0xFF,
    0x6B, 0x66, 0x63, 0xFF, 0x6C, 0x67, 0x65, 0xFF, 0x6E, 0x69, 0x67, 0xFF, 0x70, 0x6C, 0x69, 0xFF,
    0x74, 0x6E, 0x6C, 0xFF, 0x75, 0x6F, 0x6E, 0xFF, 0x76, 0x71, 0x70, 0xFF, 0x79, 0x72, 0x70, 0xFF,
    0x7C, 0x75, 0x74, 0xFF, 0x7D, 0x77, 0x75, 0xFF, 0x7D, 0x78, 0x77, 0xFF, 0x80, 0x7B, 0x79, 0xFF,
    0x84, 0x7F, 0x7D, 0xFF, 0x86, 0x82, 0x80, 0xFF, 0x8A, 0x85, 0x83, 0xFF, 0x8C, 0x88, 0x85, 0xFF,
    0x90, 0x8B, 0x88, 0xFF, 0x92, 0x8E, 0x8B, 0xFF, 0x96, 0x91, 0x8E, 0xFF, 0x9A, 0x94, 0x93, 0xFF,
    0x9D, 0x97, 0x96, 0xFF, 0xA0, 0x9A, 0x99, 0xFF, 0xA2, 0x9C, 0x9B, 0xFF, 0xA3, 0x9D, 0x9D, 0xFF,
    0xA3, 0x9E, 0x9C, 0xFF, 0xA1, 0x9C, 0x9B, 0xFF, 0x9B, 0x95, 0x93, 0xFF, 0x8C, 0x86, 0x85, 0xFF,
    0x77, 0x73, 0x70, 0xFF, 0x62, 0x5E, 0x5B, 0xFF, 0x52, 0x4D, 0x4A, 0xFF, 0x47, 0x43, 0x3F, 0xFF,
    0x42, 0x3F, 0x3A, 0xFF, 0x42, 0x3F, 0x3A, 0xFF, 0x45, 0x42, 0x3D, 0xFF, 0x49, 0x45, 0x41, 0xFF,
    0x54, 0x4F, 0x4C, 0xFF, 0x9D, 0x98, 0x97, 0xFF, 0xBE, 0xB9, 0xB7, 0xFF, 0xBC, 0xB8, 0xB6, 0xF7,
    0xA2, 0x9F, 0x9C, 0xE6, 0xCD, 0xC9, 0xC5, 0xFF, 0x65, 0x60, 0x5E, 0xFE, 0x32, 0x2D, 0x2A, 0xFF,
    0x2D, 0x29, 0x27, 0xFF, 0x29, 0x26, 0x24, 0xFF, 0x25, 0x23, 0x22, 0xFB, 0x27, 0x25, 0x24, 0xFF,
    0x2A, 0x28, 0x26, 0x90, 0x00, 0x00, 0x00, 0x00, 0x3F, 0x3F, 0x3F, 0x04, 0x00, 0x00, 0x00, 0x00,
    0x00, 0x00, 0x00, 0x00, 0x00, 0x00, 0x00, 0x00, 0x00, 0x00, 0x00, 0x00, 0x00, 0x00, 0x00, 0x00,
    0x00, 0x00, 0x00, 0x00, 0x00, 0x00, 0x00, 0x00, 0x00, 0x00, 0x00, 0x00, 0x00, 0x00, 0x00, 0x00,
    0x00, 0x00, 0x00, 0x00, 0x00, 0x00, 0x00, 0x00, 0x00, 0x00, 0x00, 0x00, 0x00, 0x00, 0x00, 0x00,
    0x00, 0x00, 0x00, 0x00, 0x00, 0x00, 0x00, 0x00, 0x00, 0x00, 0x00, 0x00, 0x00, 0x00, 0x00, 0x00,
    0x00, 0x00, 0x00, 0x00, 0x00, 0x00, 0x00, 0x02, 0x00, 0x00, 0x00, 0x00, 0x24, 0x24, 0x24, 0x31,
    0x21, 0x20, 0x1F, 0xF8, 0x20, 0x1F, 0x1B, 0xF0, 0x26, 0x25, 0x20, 0xFF, 0x2A, 0x27, 0x23, 0xFF,
    0x2F, 0x2B, 0x27, 0xFF, 0x5E, 0x59, 0x56, 0xFF, 0xBF, 0xBA, 0xB7, 0xFF, 0x6F, 0x6A, 0x66, 0xF8,
    0x2D, 0x2A, 0x27, 0xF8, 0x32, 0x2F, 0x2F, 0xFF, 0x3A, 0x36, 0x34, 0xFF, 0x67, 0x62, 0x60, 0xFF,
    0x7D, 0x77, 0x74, 0xFF, 0x83, 0x7E, 0x7B, 0xFF, 0x87, 0x82, 0x80, 0xFF, 0x87, 0x82, 0x80, 0xFF,
    0x7F, 0x7A, 0x77, 0xFF, 0x6F, 0x6A, 0x66, 0xFF, 0x5C, 0x57, 0x53, 0xFF, 0x4B, 0x47, 0x43, 0xFF,
    0x41, 0x3E, 0x39, 0xFF, 0x3A, 0x37, 0x33, 0xFF, 0x39, 0x35, 0x32, 0xFF, 0x39, 0x35, 0x33, 0xFF,
    0x39, 0x36, 0x32, 0xFF, 0x3A, 0x36, 0x34, 0xFF, 0x3B, 0x36, 0x34, 0xFF, 0x3C, 0x37, 0x34, 0xFF,
    0x3B, 0x38, 0x34, 0xFF, 0x3D, 0x3A, 0x36, 0xFF, 0x3F, 0x3A, 0x37, 0xFF, 0x40, 0x3C, 0x38, 0xFF,
    0x41, 0x3E, 0x3A, 0xFF, 0x42, 0x3F, 0x3B, 0xFF, 0x43, 0x40, 0x3C, 0xFF, 0x44, 0x41, 0x3D, 0xFF,
    0x45, 0x43, 0x3E, 0xFF, 0x47, 0x43, 0x3F, 0xFF, 0x48, 0x44, 0x40, 0xFF, 0x4A, 0x46, 0x42, 0xFF,
    0x4C, 0x48, 0x44, 0xFF, 0x4D, 0x49, 0x45, 0xFF, 0x4D, 0x4A, 0x45, 0xFF, 0x51, 0x4C, 0x48, 0xFF,
    0x53, 0x4E, 0x4C, 0xFF, 0x54, 0x4F, 0x4D, 0xFF, 0x56, 0x51, 0x4F, 0xFF, 0x56, 0x51, 0x4F, 0xFF,
    0x58, 0x53, 0x51, 0xFF, 0x59, 0x53, 0x52, 0xFF, 0x5B, 0x56, 0x53, 0xFF, 0x5E, 0x59, 0x56, 0xFF,
    0x5F, 0x5B, 0x58, 0xFF, 0x60, 0x5C, 0x59, 0xFF, 0x62, 0x5D, 0x5A, 0xFF, 0x62, 0x5D, 0x5B, 0xFF,
    0x64, 0x5E, 0x5C, 0xFF, 0x66, 0x61, 0x5F, 0xFF, 0x67, 0x62, 0x60, 0xFF, 0x6A, 0x64, 0x62, 0xFF,
    0x6B, 0x65, 0x63, 0xFF, 0x6D, 0x67, 0x65, 0xFF, 0x6F, 0x68, 0x67, 0xFF, 0x70, 0x6B, 0x69, 0xFF,
    0x74, 0x6E, 0x6B, 0xFF, 0x76, 0x70, 0x6F, 0xFF, 0x77, 0x71, 0x6F, 0xFF, 0x79, 0x72, 0x71, 0xFF,
    0x7B, 0x75, 0x73, 0xFF, 0x7D, 0x77, 0x76, 0xFF, 0x7D, 0x79, 0x77, 0xFF, 0x7F, 0x7A, 0x78, 0xFF,
    0x82, 0x7D, 0x7A, 0xFF, 0x86, 0x81, 0x7F, 0xFF, 0x89, 0x84, 0x82, 0xFF, 0x8B, 0x86, 0x84, 0xFF,
    0x8E, 0x89, 0x86, 0xFF, 0x91, 0x8C, 0x8A, 0xFF, 0x94, 0x8F, 0x8D, 0xFF, 0x99, 0x92, 0x90, 0xFF,
    0x9C, 0x96, 0x94, 0xFF, 0x9E, 0x99, 0x98, 0xFF, 0xA0, 0x9B, 0x9B, 0xFF, 0xA2, 0x9D, 0x9C, 0xFF,
    0xA3, 0x9E, 0x9C, 0xFF, 0xA1, 0x9C, 0x9B, 0xFF, 0x9A, 0x96, 0x94, 0xFF, 0x8D, 0x88, 0x86, 0xFF,
    0x7C, 0x77, 0x73, 0xFF, 0x67, 0x62, 0x5F, 0xFF, 0x57, 0x52, 0x4F, 0xFF, 0x4A, 0x48, 0x43, 0xFF,
    0x44, 0x41, 0x3C, 0xFF, 0x43, 0x40, 0x3C, 0xFF, 0x47, 0x43, 0x3F, 0xFF, 0x4B, 0x47, 0x44, 0xFF,
    0x55, 0x51, 0x4F, 0xFF, 0x9D, 0x98, 0x97, 0xFF, 0xBC, 0xB6, 0xB4, 0xFF, 0xC3, 0xC1, 0xBE, 0xF0,
    0xAF, 0xAD, 0xA9, 0xD1, 0xCF, 0xCC, 0xC8, 0xFF, 0x6B, 0x66, 0x64, 0xFD, 0x32, 0x2E, 0x2A, 0xFF,
    0x2C, 0x29, 0x27, 0xFF, 0x28, 0x27, 0x26, 0xFF, 0x25, 0x24, 0x23, 0xFB, 0x2A, 0x28, 0x27, 0xFF,
    0x2E, 0x2C, 0x2C, 0x8A, 0x00, 0x00, 0x00, 0x00, 0x3F, 0x3F, 0x3F, 0x04, 0x00, 0x00, 0x00, 0x00,
    0x00, 0x00, 0x00, 0x00, 0x00, 0x00, 0x00, 0x00, 0x00, 0x00, 0x00, 0x00, 0x00, 0x00, 0x00, 0x00,
    0x00, 0x00, 0x00, 0x00, 0x00, 0x00, 0x00, 0x00, 0x00, 0x00, 0x00, 0x00, 0x00, 0x00, 0x00, 0x00,
    0x00, 0x00, 0x00, 0x00, 0x00, 0x00, 0x00, 0x00, 0x00, 0x00, 0x00, 0x00, 0x00, 0x00, 0x00, 0x00,
    0x00, 0x00, 0x00, 0x00, 0x00, 0x00, 0x00, 0x00, 0x00, 0x00, 0x00, 0x00, 0x00, 0x00, 0x00, 0x00,
    0x00, 0x00, 0x00, 0x00, 0x00, 0x00, 0x00, 0x02, 0x00, 0x00, 0x00, 0x00, 0x33, 0x33, 0x33, 0x1E,
    0x27, 0x26, 0x24, 0xFA, 0x18, 0x17, 0x14, 0xE1, 0x20, 0x1E, 0x1D, 0xFA, 0x29, 0x27, 0x25, 0xFF,
    0x2E, 0x2B, 0x26, 0xFF, 0x63, 0x5F, 0x5B, 0xFF, 0xC0, 0xBC, 0xB9, 0xFF, 0x64, 0x60, 0x5C, 0xF8,
    0x2C, 0x2A, 0x27, 0xF7, 0x31, 0x2F, 0x2E, 0xFF, 0x3A, 0x35, 0x34, 0xFF, 0x64, 0x5F, 0x5C, 0xFF,
    0x7A, 0x73, 0x70, 0xFF, 0x81, 0x7A, 0x77, 0xFF, 0x84, 0x7E, 0x7C, 0xFF, 0x83, 0x7E, 0x7B, 0xFF,
    0x7B, 0x76, 0x73, 0xFF, 0x6A, 0x65, 0x62, 0xFF, 0x57, 0x53, 0x4F, 0xFF, 0x49, 0x45, 0x41, 0xFF,
    0x40, 0x3C, 0x38, 0xFF, 0x3A, 0x37, 0x32, 0xFF, 0x3A, 0x35, 0x31, 0xFF, 0x39, 0x35, 0x32, 0xFF,
    0x3A, 0x36, 0x32, 0xFF, 0x3B, 0x37, 0x33, 0xFF, 0x3C, 0x38, 0x34, 0xFF, 0x3C, 0x38, 0x34, 0xFF,
    0x3D, 0x39, 0x35, 0xFF, 0x3E, 0x3A, 0x37, 0xFF, 0x3F, 0x3B, 0x38, 0xFF, 0x40, 0x3D, 0x3A, 0xFF,
    0x42, 0x3F, 0x3A, 0xFF, 0x43, 0x40, 0x3C, 0xFF, 0x44, 0x41, 0x3C, 0xFF, 0x45, 0x42, 0x3D, 0xFF,
    0x46, 0x43, 0x3F, 0xFF, 0x47, 0x44, 0x40, 0xFF, 0x48, 0x45, 0x41, 0xFF, 0x4B, 0x46, 0x42, 0xFF,
    0x4D, 0x49, 0x45, 0xFF, 0x4E, 0x4A, 0x46, 0xFF, 0x4F, 0x4B, 0x47, 0xFF, 0x51, 0x4C, 0x4A, 0xFF,
    0x53, 0x4D, 0x4B, 0xFF, 0x55, 0x4E, 0x4C, 0xFF, 0x55, 0x50, 0x4E, 0xFF, 0x57, 0x52, 0x4F, 0xFF,
    0x58, 0x54, 0x51, 0xFF, 0x59, 0x54, 0x52, 0xFF, 0x5B, 0x56, 0x53, 0xFF, 0x5F, 0x5A, 0x57, 0xFF,
    0x61, 0x5B, 0x59, 0xFF, 0x61, 0x5D, 0x5A, 0xFF, 0x62, 0x5E, 0x5B, 0xFF, 0x64, 0x5F, 0x5D, 0xFF,
    0x65, 0x60, 0x5D, 0xFF, 0x66, 0x62, 0x60, 0xFF, 0x68, 0x63, 0x61, 0xFF, 0x6A, 0x64, 0x62, 0xFF,
    0x6D, 0x66, 0x64, 0xFF, 0x6D, 0x68, 0x65, 0xFF, 0x6F, 0x6A, 0x67, 0xFF, 0x71, 0x6C, 0x69, 0xFF,
    0x74, 0x6E, 0x6C, 0xFF, 0x75, 0x6F, 0x6E, 0xFF, 0x77, 0x72, 0x70, 0xFF, 0x78, 0x74, 0x71, 0xFF,
    0x79, 0x75, 0x73, 0xFF, 0x7B, 0x77, 0x76, 0xFF, 0x7D, 0x79, 0x78, 0xFF, 0x7F, 0x7B, 0x78, 0xFF,
    0x82, 0x7E, 0x7A, 0xFF, 0x86, 0x80, 0x7E, 0xFF, 0x88, 0x83, 0x82, 0xFF, 0x8B, 0x86, 0x85, 0xFF,
    0x8F, 0x89, 0x87, 0xFF, 0x91, 0x8C, 0x89, 0xFF, 0x93, 0x8F, 0x8D, 0xFF, 0x97, 0x92, 0x91, 0xFF,
    0x9A, 0x96, 0x94, 0xFF, 0x9D, 0x98, 0x97, 0xFF, 0x9F, 0x9A, 0x99, 0xFF, 0xA1, 0x9C, 0x9B, 0xFF,
    0xA2, 0x9D, 0x9C, 0xFF, 0xA1, 0x9C, 0x9B, 0xFF, 0x9B, 0x96, 0x95, 0xFF, 0x8F, 0x8A, 0x88, 0xFF,
    0x7F, 0x7A, 0x77, 0xFF, 0x6B, 0x66, 0x63, 0xFF, 0x5B, 0x57, 0x54, 0xFF, 0x4F, 0x4C, 0x48, 0xFF,
    0x47, 0x44, 0x40, 0xFF, 0x45, 0x42, 0x3D, 0xFF, 0x49, 0x45, 0x41, 0xFF, 0x4D, 0x49, 0x48, 0xFF,
    0x58, 0x53, 0x52, 0xFF, 0x9D, 0x98, 0x97, 0xFF, 0xBA, 0xB6, 0xB4, 0xFF, 0xC8, 0xC4, 0xC0, 0xEE,
    0xB3, 0xB0, 0xAC, 0xCA, 0xD0, 0xCD, 0xC9, 0xFF, 0x70, 0x6D, 0x69, 0xFD, 0x31, 0x2F, 0x2A, 0xFF,
    0x2C, 0x29, 0x27, 0xFF, 0x2B, 0x28, 0x26, 0xFF, 0x20, 0x1F, 0x1B, 0xFB, 0x31, 0x2F, 0x2D, 0xFF,
    0x3D, 0x3A, 0x38, 0x5B, 0x00, 0x00, 0x00, 0x00, 0x3F, 0x3F, 0x3F, 0x04, 0x00, 0x00, 0x00, 0x00,
    0x00, 0x00, 0x00, 0x00, 0x00, 0x00, 0x00, 0x00, 0x00, 0x00, 0x00, 0x00, 0x00, 0x00, 0x00, 0x00,
    0x00, 0x00, 0x00, 0x00, 0x00, 0x00, 0x00, 0x00, 0x00, 0x00, 0x00, 0x00, 0x00, 0x00, 0x00, 0x00,
    0x00, 0x00, 0x00, 0x00, 0x00, 0x00, 0x00, 0x00, 0x00, 0x00, 0x00, 0x00, 0x00, 0x00, 0x00, 0x00,
    0x00, 0x00, 0x00, 0x00, 0x00, 0x00, 0x00, 0x00, 0x00, 0x00, 0x00, 0x00, 0x00, 0x00, 0x00, 0x00,
    0x00, 0x00, 0x00, 0x00, 0x00, 0x00, 0x00, 0x01, 0x00, 0x00, 0x00, 0x00, 0x36, 0x36, 0x36, 0x0E,
    0x25, 0x23, 0x22, 0xE5, 0x3B, 0x38, 0x35, 0xF2, 0x3C, 0x3A, 0x37, 0xFC, 0x23, 0x20, 0x1E, 0xFF,
    0x2D, 0x2A, 0x25, 0xFF, 0x68, 0x63, 0x5F, 0xFF, 0xC2, 0xBE, 0xBB, 0xFF, 0x5F, 0x5A, 0x57, 0xFF,
    0x2C, 0x2A, 0x29, 0xFF, 0x31, 0x2F, 0x2F, 0xFF, 0x38, 0x34, 0x33, 0xFF, 0x61, 0x5C, 0x58, 0xFF,
    0x75, 0x6E, 0x6C, 0xFF, 0x7D, 0x76, 0x73, 0xFF, 0x80, 0x7B, 0x78, 0xFF, 0x7F, 0x79, 0x76, 0xFF,
    0x76, 0x70, 0x6E, 0xFF, 0x65, 0x60, 0x5D, 0xFF, 0x54, 0x50, 0x4C, 0xFF, 0x47, 0x44, 0x3F, 0xFF,
    0x3F, 0x3C, 0x37, 0xFF, 0x39, 0x37, 0x32, 0xFF, 0x39, 0x36, 0x32, 0xFF, 0x3A, 0x36, 0x32, 0xFF,
    0x3A, 0x36, 0x32, 0xFF, 0x3B, 0x36, 0x33, 0xFF, 0x3D, 0x37, 0x34, 0xFF, 0x3D, 0x39, 0x36, 0xFF,
    0x3D, 0x3A, 0x36, 0xFF, 0x3F, 0x3C, 0x38, 0xFF, 0x3F, 0x3D, 0x38, 0xFF, 0x41, 0x3E, 0x3A, 0xFF,
    0x42, 0x3F, 0x3B, 0xFF, 0x43, 0x3F, 0x3B, 0xFF, 0x44, 0x41, 0x3D, 0xFF, 0x45, 0x42, 0x3E, 0xFF,
    0x46, 0x44, 0x40, 0xFF, 0x47, 0x45, 0x40, 0xFF, 0x49, 0x45, 0x41, 0xFF, 0x4B, 0x46, 0x43, 0xFF,
    0x4C, 0x49, 0x44, 0xFF, 0x4E, 0x4A, 0x47, 0xFF, 0x50, 0x4B, 0x48, 0xFF, 0x52, 0x4C, 0x4A, 0xFF,
    0x53, 0x4E, 0x4C, 0xFF, 0x55, 0x50, 0x4E, 0xFF, 0x56, 0x51, 0x50, 0xFF, 0x57, 0x52, 0x50, 0xFF,
    0x59, 0x54, 0x52, 0xFF, 0x5A, 0x55, 0x53, 0xFF, 0x5C, 0x57, 0x56, 0xFF, 0x5E, 0x59, 0x56, 0xFF,
    0x5F, 0x5A, 0x57, 0xFF, 0x61, 0x5C, 0x59, 0xFF, 0x63, 0x5F, 0x5D, 0xFF, 0x63, 0x5F, 0x5D, 0xFF,
    0x66, 0x60, 0x5F, 0xFF, 0x67, 0x62, 0x5F, 0xFF, 0x68, 0x63, 0x60, 0xFF, 0x6A, 0x64, 0x63, 0xFF,
    0x6B, 0x65, 0x64, 0xFF, 0x6D, 0x68, 0x65, 0xFF, 0x6F, 0x69, 0x68, 0xFF, 0x70, 0x6B, 0x69, 0xFF,
    0x74, 0x6F, 0x6C, 0xFF, 0x75, 0x6F, 0x6E, 0xFF, 0x77, 0x71, 0x70, 0xFF, 0x79, 0x74, 0x72, 0xFF,
    0x79, 0x75, 0x72, 0xFF, 0x7A, 0x77, 0x73, 0xFF, 0x7D, 0x77, 0x75, 0xFF, 0x7F, 0x7A, 0x77, 0xFF,
    0x82, 0x7D, 0x7A, 0xFF, 0x85, 0x80, 0x7E, 0xFF, 0x87, 0x82, 0x80, 0xFF, 0x89, 0x85, 0x82, 0xFF,
    0x8E, 0x88, 0x85, 0xFF, 0x90, 0x8A, 0x89, 0xFF, 0x92, 0x8E, 0x8C, 0xFF, 0x95, 0x90, 0x8F, 0xFF,
    0x98, 0x93, 0x91, 0xFF, 0x9B, 0x96, 0x96, 0xFF, 0x9D, 0x98, 0x98, 0xFF, 0xA0, 0x9B, 0x99, 0xFF,
    0xA1, 0x9C, 0x9C, 0xFF, 0xA0, 0x9B, 0x9A, 0xFF, 0x9B, 0x97, 0x95, 0xFF, 0x91, 0x8C, 0x89, 0xFF,
    0x83, 0x7E, 0x7B, 0xFF, 0x70, 0x6B, 0x67, 0xFF, 0x60, 0x5A, 0x58, 0xFF, 0x53, 0x4D, 0x4C, 0xFF,
    0x4B, 0x47, 0x43, 0xFF, 0x49, 0x45, 0x41, 0xFF, 0x4C, 0x48, 0x44, 0xFF, 0x50, 0x4C, 0x49, 0xFF,
    0x5B, 0x56, 0x53, 0xFF, 0x9D, 0x98, 0x98, 0xFF, 0xBA, 0xB5, 0xB4, 0xFF, 0xC7, 0xC4, 0xC2, 0xF0,
    0xAA, 0xA7, 0xA4, 0xD1, 0xD0, 0xCD, 0xCA, 0xFF, 0x77, 0x73, 0x70, 0xFD, 0x33, 0x30, 0x2C, 0xFF,
    0x28, 0x25, 0x22, 0xFF, 0x3B, 0x38, 0x36, 0xFF, 0x52, 0x50, 0x4D, 0xFC, 0x31, 0x2F, 0x2D, 0xFF,
    0x3D, 0x3D, 0x39, 0x47, 0x00, 0x00, 0x00, 0x00, 0x3F, 0x3F, 0x3F, 0x04, 0x00, 0x00, 0x00, 0x00,
    0x00, 0x00, 0x00, 0x00, 0x00, 0x00, 0x00, 0x00, 0x00, 0x00, 0x00, 0x00, 0x00, 0x00, 0x00, 0x00,
    0x00, 0x00, 0x00, 0x00, 0x00, 0x00, 0x00, 0x00, 0x00, 0x00, 0x00, 0x00, 0x00, 0x00, 0x00, 0x00,
    0x00, 0x00, 0x00, 0x00, 0x00, 0x00, 0x00, 0x00, 0x00, 0x00, 0x00, 0x00, 0x00, 0x00, 0x00, 0x00,
    0x00, 0x00, 0x00, 0x00, 0x00, 0x00, 0x00, 0x00, 0x00, 0x00, 0x00, 0x00, 0x00, 0x00, 0x00, 0x00,
    0x00, 0x00, 0x00, 0x00, 0x00, 0x00, 0x00, 0x00, 0x00, 0x00, 0x00, 0x01, 0x01, 0x01, 0x01, 0x00,
    0x1E, 0x1E, 0x1D, 0xCA, 0x7C, 0x79, 0x74, 0xFF, 0x62, 0x5F, 0x5B, 0xFD, 0x1A, 0x18, 0x16, 0xFE,
    0x2D, 0x29, 0x26, 0xFF, 0x6D, 0x68, 0x64, 0xFF, 0xC1, 0xBC, 0xBB, 0xFF, 0x59, 0x54, 0x52, 0xFF,
    0x2E, 0x2B, 0x28, 0xFF, 0x31, 0x2F, 0x2E, 0xFF, 0x37, 0x34, 0x33, 0xFF, 0x5D, 0x58, 0x55, 0xFF,
    0x71, 0x6A, 0x67, 0xFF, 0x79, 0x73, 0x6F, 0xFF, 0x7D, 0x77, 0x74, 0xFF, 0x7B, 0x75, 0x72, 0xFF,
    0x72, 0x6B, 0x68, 0xFF, 0x61, 0x5C, 0x59, 0xFF, 0x51, 0x4D, 0x49, 0xFF, 0x47, 0x43, 0x3F, 0xFF,
    0x3F, 0x3C, 0x37, 0xFF, 0x3A, 0x37, 0x32, 0xFF, 0x3A, 0x36, 0x32, 0xFF, 0x3A, 0x36, 0x32, 0xFF,
    0x3B, 0x37, 0x34, 0xFF, 0x3B, 0x37, 0x34, 0xFF, 0x3C, 0x38, 0x34, 0xFF, 0x3C, 0x39, 0x36, 0xFF,
    0x3E, 0x3A, 0x37, 0xFF, 0x3F, 0x3C, 0x38, 0xFF, 0x3F, 0x3D, 0x38, 0xFF, 0x42, 0x3F, 0x3B, 0xFF,
    0x43, 0x41, 0x3C, 0xFF, 0x43, 0x41, 0x3C, 0xFF, 0x46, 0x41, 0x3E, 0xFF, 0x45, 0x42, 0x3E, 0xFF,
    0x47, 0x43, 0x3F, 0xFF, 0x48, 0x45, 0x41, 0xFF, 0x49, 0x46, 0x42, 0xFF, 0x49, 0x47, 0x43, 0xFF,
    0x4C, 0x48, 0x44, 0xFF, 0x4E, 0x49, 0x47, 0xFF, 0x50, 0x4C, 0x49, 0xFF, 0x51, 0x4C, 0x4B, 0xFF,
    0x53, 0x4E, 0x4D, 0xFF, 0x55, 0x50, 0x50, 0xFF, 0x55, 0x50, 0x4F, 0xFF, 0x56, 0x51, 0x50, 0xFF,
    0x5A, 0x54, 0x51, 0xFF, 0x5A, 0x56, 0x54, 0xFF, 0x5E, 0x59, 0x58, 0xFF, 0x5E, 0x59, 0x56, 0xFF,
    0x5F, 0x59, 0x57, 0xFF, 0x60, 0x5B, 0x59, 0xFF, 0x63, 0x5E, 0x5B, 0xFF, 0x65, 0x60, 0x5D, 0xFF,
    0x66, 0x61, 0x5E, 0xFF, 0x67, 0x62, 0x5F, 0xFF, 0x69, 0x64, 0x60, 0xFF, 0x6B, 0x65, 0x62, 0xFF,
    0x6C, 0x66, 0x64, 0xFF, 0x6C, 0x66, 0x65, 0xFF, 0x6E, 0x69, 0x67, 0xFF, 0x70, 0x6B, 0x6A, 0xFF,
    0x72, 0x6D, 0x6B, 0xFF, 0x75, 0x70, 0x6E, 0xFF, 0x77, 0x72, 0x70, 0xFF, 0x79, 0x74, 0x71, 0xFF,
    0x79, 0x74, 0x72, 0xFF, 0x7B, 0x76, 0x73, 0xFF, 0x7D, 0x78, 0x76, 0xFF, 0x7F, 0x7A, 0x78, 0xFF,
    0x81, 0x7D, 0x7A, 0xFF, 0x84, 0x7F, 0x7D, 0xFF, 0x86, 0x82, 0x7F, 0xFF, 0x8A, 0x85, 0x81, 0xFF,
    0x8E, 0x88, 0x85, 0xFF, 0x90, 0x8A, 0x88, 0xFF, 0x91, 0x8C, 0x8B, 0xFF, 0x95, 0x90, 0x8E, 0xFF,
    0x98, 0x92, 0x90, 0xFF, 0x99, 0x94, 0x93, 0xFF, 0x9C, 0x97, 0x97, 0xFF, 0x9F, 0x99, 0x98, 0xFF,
    0xA0, 0x9B, 0x9A, 0xFF, 0xA0, 0x9B, 0x99, 0xFF, 0x9C, 0x97, 0x96, 0xFF, 0x93, 0x8F, 0x8C, 0xFF,
    0x86, 0x81, 0x7E, 0xFF, 0x75, 0x70, 0x6D, 0xFF, 0x65, 0x5F, 0x5D, 0xFF, 0x57, 0x52, 0x50, 0xFF,
    0x4E, 0x4A, 0x48, 0xFF, 0x4C, 0x48, 0x44, 0xFF, 0x4F, 0x4B, 0x48, 0xFF, 0x54, 0x4F, 0x4D, 0xFF,
    0x5F, 0x59, 0x56, 0xFF, 0x9E, 0x99, 0x98, 0xFF, 0xB9, 0xB5, 0xB4, 0xFF, 0xC3, 0xC0, 0xBD, 0xF8,
    0x98, 0x94, 0x93, 0xEA, 0xD1, 0xCE, 0xCA, 0xFF, 0x7E, 0x7A, 0x77, 0xFE, 0x34, 0x30, 0x2D, 0xFF,
    0x24, 0x20, 0x1E, 0xFF, 0x4D, 0x4A, 0x46, 0xFE, 0xAF, 0xAC, 0xAA, 0xFE, 0x35, 0x34, 0x33, 0xFC,
    0x3C, 0x43, 0x3C, 0x22, 0x00, 0x00, 0x00, 0x00, 0x00, 0x00, 0x00, 0x02, 0x00, 0x00, 0x00, 0x00,
    0x00, 0x00, 0x00, 0x00, 0x00, 0x00, 0x00, 0x00, 0x00, 0x00, 0x00, 0x00, 0x00, 0x00, 0x00, 0x00,
    0x00, 0x00, 0x00, 0x00, 0x00, 0x00, 0x00, 0x00, 0x00, 0x00, 0x00, 0x00, 0x00, 0x00, 0x00, 0x00,
    0x00, 0x00, 0x00, 0x00, 0x00, 0x00, 0x00, 0x00, 0x00, 0x00, 0x00, 0x00, 0x00, 0x00, 0x00, 0x00,
    0x00, 0x00, 0x00, 0x00, 0x00, 0x00, 0x00, 0x00, 0x00, 0x00, 0x00, 0x00, 0x00, 0x00, 0x00, 0x00,
    0x00, 0x00, 0x00, 0x00, 0x00, 0x00, 0x00, 0x00, 0x3F, 0x3F, 0x3F, 0x04, 0x00, 0x00, 0x00, 0x00,
    0x21, 0x1F, 0x1F, 0xA2, 0x76, 0x72, 0x6E, 0xFF, 0x68, 0x64, 0x61, 0xFA, 0x1C, 0x19, 0x17, 0xFE,
    0x2E, 0x2A, 0x26, 0xFF, 0x72, 0x6E, 0x6B, 0xFF, 0xBF, 0xBA, 0xB8, 0xFF, 0x54, 0x4F, 0x4B, 0xFF,
    0x2E, 0x2B, 0x28, 0xFF, 0x31, 0x2E, 0x2E, 0xFF, 0x37, 0x33, 0x32, 0xFF, 0x59, 0x54, 0x51, 0xFF,
    0x6C, 0x66, 0x63, 0xFF, 0x75, 0x6E, 0x6B, 0xFF, 0x79, 0x73, 0x70, 0xFF, 0x76, 0x70, 0x6D, 0xFF,
    0x6D, 0x66, 0x64, 0xFF, 0x5D, 0x58, 0x55, 0xFF, 0x4F, 0x4C, 0x48, 0xFF, 0x45, 0x41, 0x3E, 0xFF,
    0x3D, 0x3B, 0x36, 0xFF, 0x3A, 0x37, 0x33, 0xFF, 0x3A, 0x36, 0x32, 0xFF, 0x3B, 0x37, 0x34, 0xFF,
    0x3B, 0x38, 0x33, 0xFF, 0x3C, 0x38, 0x35, 0xFF, 0x3C, 0x38, 0x35, 0xFF, 0x3D, 0x39, 0x37, 0xFF,
    0x3F, 0x3A, 0x37, 0xFF, 0x40, 0x3C, 0x38, 0xFF, 0x40, 0x3D, 0x3A, 0xFF, 0x42, 0x3E, 0x3B, 0xFF,
    0x43, 0x40, 0x3C, 0xFF, 0x44, 0x41, 0x3D, 0xFF, 0x45, 0x42, 0x3D, 0xFF, 0x45, 0x42, 0x3E, 0xFF,
    0x48, 0x44, 0x40, 0xFF, 0x48, 0x44, 0x41, 0xFF, 0x49, 0x45, 0x42, 0xFF, 0x4B, 0x47, 0x43, 0xFF,
    0x4D, 0x49, 0x45, 0xFF, 0x4E, 0x49, 0x46, 0xFF, 0x4F, 0x4A, 0x47, 0xFF, 0x52, 0x4C, 0x4A, 0xFF,
    0x53, 0x4D, 0x4E, 0xFF, 0x55, 0x4F, 0x4E, 0xFF, 0x56, 0x51, 0x50, 0xFF, 0x57, 0x53, 0x51, 0xFF,
    0x59, 0x55, 0x53, 0xFF, 0x5B, 0x56, 0x55, 0xFF, 0x5D, 0x58, 0x57, 0xFF, 0x5E, 0x59, 0x56, 0xFF,
    0x60, 0x5A, 0x58, 0xFF, 0x61, 0x5C, 0x59, 0xFF, 0x63, 0x5E, 0x5B, 0xFF, 0x65, 0x60, 0x5D, 0xFF,
    0x65, 0x60, 0x5E, 0xFF, 0x66, 0x62, 0x5F, 0xFF, 0x6A, 0x64, 0x61, 0xFF, 0x6A, 0x65, 0x62, 0xFF,
    0x6B, 0x66, 0x64, 0xFF, 0x6B, 0x66, 0x64, 0xFF, 0x6D, 0x68, 0x66, 0xFF, 0x71, 0x6B, 0x69, 0xFF,
    0x73, 0x6D, 0x6C, 0xFF, 0x74, 0x6F, 0x6E, 0xFF, 0x77, 0x71, 0x6F, 0xFF, 0x79, 0x73, 0x71, 0xFF,
    0x79, 0x74, 0x72, 0xFF, 0x7C, 0x76, 0x74, 0xFF, 0x7E, 0x78, 0x76, 0xFF, 0x7E, 0x79, 0x77, 0xFF,
    0x81, 0x7C, 0x7A, 0xFF, 0x83, 0x7E, 0x7C, 0xFF, 0x85, 0x81, 0x7F, 0xFF, 0x8A, 0x84, 0x82, 0xFF,
    0x8C, 0x87, 0x85, 0xFF, 0x8F, 0x89, 0x87, 0xFF, 0x90, 0x8C, 0x8A, 0xFF, 0x94, 0x8E, 0x8C, 0xFF,
    0x97, 0x91, 0x90, 0xFF, 0x99, 0x94, 0x93, 0xFF, 0x9B, 0x96, 0x95, 0xFF, 0x9D, 0x98, 0x97, 0xFF,
    0xA0, 0x9B, 0x9A, 0xFF, 0xA0, 0x9A, 0x9A, 0xFF, 0x9D, 0x98, 0x97, 0xFF, 0x95, 0x90, 0x8E, 0xFF,
    0x89, 0x84, 0x82, 0xFF, 0x79, 0x74, 0x71, 0xFF, 0x6A, 0x65, 0x62, 0xFF, 0x5B, 0x56, 0x55, 0xFF,
    0x52, 0x4D, 0x4C, 0xFF, 0x4F, 0x4B, 0x48, 0xFF, 0x52, 0x4D, 0x4C, 0xFF, 0x57, 0x52, 0x4E, 0xFF,
    0x61, 0x5B, 0x5A, 0xFF, 0x9F, 0x9B, 0x99, 0xFF, 0xBA, 0xB4, 0xB3, 0xFF, 0xC0, 0xBE, 0xBA, 0xFE,
    0x8D, 0x8A, 0x86, 0xFD, 0xD1, 0xCD, 0xC9, 0xFF, 0x85, 0x81, 0x7C, 0xFF, 0x35, 0x32, 0x2F, 0xFF,
    0x22, 0x1F, 0x1E, 0xFF, 0x55, 0x51, 0x4F, 0xFE, 0xA6, 0xA3, 0xA0, 0xFF, 0x39, 0x37, 0x36, 0xE5,
    0x27, 0x27, 0x27, 0x0D, 0x00, 0x00, 0x00, 0x00, 0x00, 0x00, 0x00, 0x01, 0x00, 0x00, 0x00, 0x00,
    0x00, 0x00, 0x00, 0x00, 0x00, 0x00, 0x00, 0x00, 0x00, 0x00, 0x00, 0x00, 0x00, 0x00, 0x00, 0x00,
    0x00, 0x00, 0x00, 0x00, 0x00, 0x00, 0x00, 0x00, 0x00, 0x00, 0x00, 0x00, 0x00, 0x00, 0x00, 0x00,
    0x00, 0x00, 0x00, 0x00, 0x00, 0x00, 0x00, 0x00, 0x00, 0x00, 0x00, 0x00, 0x00, 0x00, 0x00, 0x00,
    0x00, 0x00, 0x00, 0x00, 0x00, 0x00, 0x00, 0x00, 0x00, 0x00, 0x00, 0x00, 0x00, 0x00, 0x00, 0x00,
    0x00, 0x00, 0x00, 0x00, 0x00, 0x00, 0x00, 0x00, 0x3F, 0x3F, 0x3F, 0x04, 0x00, 0x00, 0x00, 0x00,
    0x1A, 0x1A, 0x18, 0x7F, 0x74, 0x71, 0x6D, 0xFF, 0x71, 0x6D, 0x6B, 0xFB, 0x1A, 0x18, 0x17, 0xFF,
    0x2F, 0x2B, 0x29, 0xFF, 0x7A, 0x75, 0x71, 0xFF, 0xBE, 0xB9, 0xB6, 0xFF, 0x4F, 0x4A, 0x47, 0xFF,
    0x30, 0x2D, 0x29, 0xFF, 0x31, 0x2E, 0x2D, 0xFF, 0x37, 0x32, 0x31, 0xFF, 0x54, 0x50, 0x4D, 0xFF,
    0x66, 0x61, 0x5E, 0xFF, 0x71, 0x6A, 0x67, 0xFF, 0x75, 0x6E, 0x6B, 0xFF, 0x72, 0x6B, 0x68, 0xFF,
    0x67, 0x62, 0x5F, 0xFF, 0x59, 0x55, 0x52, 0xFF, 0x4E, 0x49, 0x46, 0xFF, 0x44, 0x41, 0x3D, 0xFF,
    0x3E, 0x3A, 0x36, 0xFF, 0x3A, 0x36, 0x33, 0xFF, 0x3B, 0x37, 0x34, 0xFF, 0x3B, 0x37, 0x34, 0xFF,
    0x3C, 0x38, 0x34, 0xFF, 0x3C, 0x38, 0x35, 0xFF, 0x3C, 0x39, 0x35, 0xFF, 0x3E, 0x3A, 0x37, 0xFF,
    0x3E, 0x3B, 0x37, 0xFF, 0x40, 0x3C, 0x38, 0xFF, 0x41, 0x3D, 0x3A, 0xFF, 0x42, 0x3E, 0x3A, 0xFF,
    0x43, 0x40, 0x3C, 0xFF, 0x44, 0x41, 0x3D, 0xFF, 0x46, 0x41, 0x3E, 0xFF, 0x46, 0x42, 0x3F, 0xFF,
    0x47, 0x44, 0x40, 0xFF, 0x48, 0x44, 0x41, 0xFF, 0x4A, 0x46, 0x42, 0xFF, 0x4C, 0x48, 0x44, 0xFF,
    0x4D, 0x48, 0x45, 0xFF, 0x4D, 0x49, 0x46, 0xFF, 0x50, 0x4A, 0x48, 0xFF, 0x51, 0x4D, 0x4B, 0xFF,
    0x54, 0x4E, 0x4D, 0xFF, 0x55, 0x50, 0x4E, 0xFF, 0x57, 0x52, 0x50, 0xFF, 0x58, 0x54, 0x52, 0xFF,
    0x59, 0x55, 0x53, 0xFF, 0x5B, 0x56, 0x55, 0xFF, 0x5C, 0x58, 0x55, 0xFE, 0x5E, 0x59, 0x57, 0xFE,
    0x5F, 0x5B, 0x57, 0xFE, 0x61, 0x5C, 0x59, 0xFE, 0x62, 0x5D, 0x5B, 0xFE, 0x64, 0x5F, 0x5C, 0xFE,
    0x65, 0x60, 0x5D, 0xFE, 0x67, 0x62, 0x61, 0xFE, 0x69, 0x64, 0x62, 0xFF, 0x6B, 0x65, 0x64, 0xFF,
    0x6A, 0x65, 0x64, 0xFF, 0x6C, 0x67, 0x65, 0xFF, 0x6E, 0x69, 0x67, 0xFF, 0x70, 0x6B, 0x68, 0xFF,
    0x72, 0x6C, 0x6B, 0xFF, 0x74, 0x6F, 0x6D, 0xFF, 0x76, 0x71, 0x6F, 0xFF, 0x77, 0x72, 0x6F, 0xFF,
    0x79, 0x74, 0x72, 0xFF, 0x7B, 0x76, 0x74, 0xFF, 0x7D, 0x78, 0x76, 0xFF, 0x7F, 0x79, 0x77, 0xFF,
    0x81, 0x7C, 0x79, 0xFF, 0x83, 0x7E, 0x7B, 0xFF, 0x85, 0x80, 0x7E, 0xFF, 0x88, 0x84, 0x81, 0xFF,
    0x8B, 0x87, 0x84, 0xFF, 0x8D, 0x88, 0x86, 0xFF, 0x90, 0x8B, 0x89, 0xFF, 0x92, 0x8C, 0x8C, 0xFF,
    0x95, 0x90, 0x8E, 0xFF, 0x99, 0x93, 0x91, 0xFF, 0x9A, 0x95, 0x95, 0xFF, 0x9C, 0x97, 0x96, 0xFF,
    0x9F, 0x9A, 0x99, 0xFF, 0x9F, 0x9A, 0x98, 0xFF, 0x9E, 0x99, 0x98, 0xFF, 0x97, 0x92, 0x90, 0xFF,
    0x8C, 0x87, 0x85, 0xFF, 0x7C, 0x78, 0x75, 0xFF, 0x6D, 0x69, 0x67, 0xFF, 0x60, 0x5B, 0x5A, 0xFF,
    0x56, 0x51, 0x4F, 0xFF, 0x53, 0x4E, 0x4C, 0xFF, 0x57, 0x50, 0x4F, 0xFF, 0x5B, 0x56, 0x53, 0xFF,
    0x64, 0x5F, 0x5C, 0xFF, 0xA1, 0x9B, 0x99, 0xFF, 0xB9, 0xB4, 0xB1, 0xFF, 0xC1, 0xBE, 0xBB, 0xFF,
    0x8A, 0x88, 0x84, 0xFF, 0xD0, 0xCC, 0xC8, 0xFF, 0x8D, 0x88, 0x84, 0xFF, 0x38, 0x35, 0x32, 0xFF,
    0x20, 0x1F, 0x1F, 0xFF, 0x5D, 0x5A, 0x57, 0xFD, 0xA7, 0xA3, 0xA1, 0xFF, 0x36, 0x35, 0x34, 0xC9,
    0x00, 0x00, 0x00, 0x00, 0x00, 0x00, 0x00, 0x01, 0x00, 0x00, 0x00, 0x00, 0x00, 0x00, 0x00, 0x00,
    0x00, 0x00, 0x00, 0x00, 0x00, 0x00, 0x00, 0x00, 0x00, 0x00, 0x00, 0x00, 0x00, 0x00, 0x00, 0x00,
    0x00, 0x00, 0x00, 0x00, 0x00, 0x00, 0x00, 0x00, 0x00, 0x00, 0x00, 0x00, 0x00, 0x00, 0x00, 0x00,
    0x00, 0x00, 0x00, 0x00, 0x00, 0x00, 0x00, 0x00, 0x00, 0x00, 0x00, 0x00, 0x00, 0x00, 0x00, 0x00,
    0x00, 0x00, 0x00, 0x00, 0x00, 0x00, 0x00, 0x00, 0x00, 0x00, 0x00, 0x00, 0x00, 0x00, 0x00, 0x00,
    0x00, 0x00, 0x00, 0x00, 0x00, 0x00, 0x00, 0x00, 0x3F, 0x3F, 0x3F, 0x04, 0x00, 0x00, 0x00, 0x00,
    0x14, 0x14, 0x14, 0x57, 0x68, 0x66, 0x64, 0xFF, 0x76, 0x72, 0x71, 0xFC, 0x1B, 0x1A, 0x19, 0xFF,
    0x32, 0x2D, 0x2B, 0xFF, 0x81, 0x7B, 0x78, 0xFF, 0xBD, 0xB8, 0xB7, 0xFF, 0x4B, 0x46, 0x45, 0xFF,
    0x30, 0x2C, 0x2A, 0xFF, 0x31, 0x2E, 0x2E, 0xFF, 0x36, 0x31, 0x31, 0xFF, 0x51, 0x4C, 0x49, 0xFF,
    0x63, 0x5D, 0x5B, 0xFF, 0x6C, 0x66, 0x63, 0xFF, 0x71, 0x6B, 0x67, 0xFF, 0x6D, 0x68, 0x64, 0xFF,
    0x61, 0x5D, 0x5B, 0xFF, 0x55, 0x51, 0x4E, 0xFF, 0x4B, 0x48, 0x44, 0xFF, 0x43, 0x3F, 0x3B, 0xFF,
    0x3D, 0x39, 0x36, 0xFF, 0x3C, 0x37, 0x34, 0xFF, 0x3B, 0x37, 0x34, 0xFF, 0x3B, 0x37, 0x34, 0xFF,
    0x3C, 0x38, 0x35, 0xFF, 0x3D, 0x38, 0x35, 0xFF, 0x3E, 0x39, 0x36, 0xFF, 0x3F, 0x3B, 0x37, 0xFF,
    0x3F, 0x3C, 0x38, 0xFF, 0x40, 0x3E, 0x39, 0xFF, 0x41, 0x3E, 0x3A, 0xFF, 0x42, 0x3F, 0x3B, 0xFF,
    0x44, 0x40, 0x3D, 0xFF, 0x45, 0x41, 0x3E, 0xFF, 0x46, 0x43, 0x3F, 0xFF, 0x48, 0x43, 0x40, 0xFF,
    0x48, 0x44, 0x41, 0xFF, 0x4A, 0x46, 0x43, 0xFF, 0x4B, 0x47, 0x45, 0xFF, 0x4C, 0x48, 0x44, 0xFF,
    0x4D, 0x49, 0x46, 0xFE, 0x4D, 0x48, 0x47, 0xFE, 0x4F, 0x49, 0x46, 0xFD, 0x51, 0x4B, 0x48, 0xFC,
    0x52, 0x4D, 0x4B, 0xFB, 0x55, 0x50, 0x4F, 0xFB, 0x56, 0x52, 0x4F, 0xFB, 0x59, 0x53, 0x52, 0xFC,
    0x5A, 0x56, 0x53, 0xFC, 0x5C, 0x57, 0x54, 0xFE, 0x5E, 0x59, 0x56, 0xFF, 0x5F, 0x5A, 0x57, 0xFF,
    0x61, 0x5D, 0x5A, 0xFF, 0x63, 0x5E, 0x5A, 0xFF, 0x66, 0x5F, 0x5C, 0xFF, 0x67, 0x61, 0x60, 0xFF,
    0x67, 0x63, 0x62, 0xFF, 0x6A, 0x65, 0x62, 0xFF, 0x6A, 0x65, 0x63, 0xFE, 0x6B, 0x66, 0x64, 0xFC,
    0x6B, 0x65, 0x64, 0xFC, 0x6C, 0x66, 0x65, 0xFB, 0x6E, 0x67, 0x65, 0xFB, 0x6F, 0x69, 0x67, 0xFB,
    0x71, 0x6B, 0x68, 0xFC, 0x72, 0x6D, 0x6B, 0xFD, 0x74, 0x6F, 0x6D, 0xFD, 0x77, 0x71, 0x6F, 0xFE,
    0x79, 0x74, 0x71, 0xFF, 0x7C, 0x77, 0x74, 0xFF, 0x7D, 0x79, 0x76, 0xFF, 0x7F, 0x7A, 0x78, 0xFF,
    0x81, 0x7B, 0x79, 0xFF, 0x83, 0x7D, 0x7B, 0xFF, 0x85, 0x80, 0x7E, 0xFF, 0x87, 0x82, 0x80, 0xFF,
    0x8B, 0x85, 0x83, 0xFF, 0x8D, 0x87, 0x84, 0xFF, 0x90, 0x89, 0x87, 0xFF, 0x91, 0x8C, 0x8B, 0xFF,
    0x94, 0x8F, 0x8D, 0xFF, 0x98, 0x92, 0x91, 0xFF, 0x99, 0x94, 0x93, 0xFF, 0x9C, 0x97, 0x96, 0xFF,
    0x9F, 0x9A, 0x99, 0xFF, 0x9E, 0x99, 0x97, 0xFF, 0x9E, 0x99, 0x98, 0xFF, 0x99, 0x94, 0x92, 0xFF,
    0x8E, 0x89, 0x88, 0xFF, 0x81, 0x7C, 0x79, 0xFF, 0x73, 0x6D, 0x6C, 0xFF, 0x65, 0x61, 0x5F, 0xFF,
    0x5C, 0x56, 0x55, 0xFF, 0x56, 0x50, 0x51, 0xFF, 0x59, 0x54, 0x53, 0xFF, 0x5E, 0x58, 0x56, 0xFF,
    0x6A, 0x64, 0x62, 0xFF, 0xA2, 0x9C, 0x9B, 0xFF, 0xB9, 0xB4, 0xB3, 0xFF, 0xC2, 0xBF, 0xBC, 0xFF,
    0x89, 0x87, 0x84, 0xFF, 0xD0, 0xCC, 0xC8, 0xFF, 0x94, 0x8F, 0x8B, 0xFF, 0x3C, 0x38, 0x35, 0xFF,
    0x20, 0x20, 0x1E, 0xFF, 0x64, 0x60, 0x5D, 0xFB, 0x97, 0x94, 0x91, 0xFF, 0x30, 0x30, 0x2E, 0x9F,
    0x00, 0x00, 0x00, 0x00, 0x55, 0x55, 0x55, 0x03, 0x00, 0x00, 0x00, 0x00, 0x00, 0x00, 0x00, 0x00,
    0x00, 0x00, 0x00, 0x00, 0x00, 0x00, 0x00, 0x00, 0x00, 0x00, 0x00, 0x00, 0x00, 0x00, 0x00, 0x00,
    0x00, 0x00, 0x00, 0x00, 0x00, 0x00, 0x00, 0x00, 0x00, 0x00, 0x00, 0x00, 0x00, 0x00, 0x00, 0x00,
    0x00, 0x00, 0x00, 0x00, 0x00, 0x00, 0x00, 0x00, 0x00, 0x00, 0x00, 0x00, 0x00, 0x00, 0x00, 0x00,
    0x00, 0x00, 0x00, 0x00, 0x00, 0x00, 0x00, 0x00, 0x00, 0x00, 0x00, 0x00, 0x00, 0x00, 0x00, 0x00,
    0x00, 0x00, 0x00, 0x00, 0x00, 0x00, 0x00, 0x00, 0x00, 0x00, 0x00, 0x03, 0x00, 0x00, 0x00, 0x00,
    0x13, 0x13, 0x13, 0x34, 0x4F, 0x4B, 0x4B, 0xFD, 0x6B, 0x68, 0x66, 0xFE, 0x1F, 0x1E, 0x1C, 0xFF,
    0x34, 0x31, 0x2D, 0xFF, 0x87, 0x81, 0x80, 0xFF, 0xBA, 0xB6, 0xB5, 0xFF, 0x49, 0x44, 0x42, 0xFE,
    0x31, 0x2C, 0x2A, 0xFF, 0x32, 0x2E, 0x2E, 0xFF, 0x35, 0x32, 0x31, 0xFF, 0x4D, 0x49, 0x46, 0xFF,
    0x5F, 0x59, 0x56, 0xFF, 0x69, 0x62, 0x5F, 0xFF, 0x6D, 0x65, 0x62, 0xFF, 0x67, 0x62, 0x61, 0xFF,
    0x5D, 0x59, 0x57, 0xFF, 0x52, 0x4E, 0x4A, 0xFF, 0x4A, 0x46, 0x42, 0xFF, 0x42, 0x3E, 0x3B, 0xFF,
    0x3D, 0x39, 0x35, 0xFF, 0x3C, 0x38, 0x34, 0xFF, 0x3B, 0x38, 0x34, 0xFF, 0x3B, 0x38, 0x34, 0xFF,
    0x3C, 0x38, 0x35, 0xFF, 0x3D, 0x39, 0x36, 0xFF, 0x3F, 0x3B, 0x37, 0xFF, 0x3F, 0x3C, 0x37, 0xFF,
    0x3F, 0x3C, 0x38, 0xFF, 0x41, 0x3E, 0x3A, 0xFF, 0x41, 0x3E, 0x3A, 0xFF, 0x43, 0x40, 0x3C, 0xFF,
    0x44, 0x41, 0x3C, 0xFF, 0x46, 0x42, 0x3F, 0xFF, 0x47, 0x43, 0x3F, 0xFF, 0x49, 0x44, 0x41, 0xFE,
    0x49, 0x44, 0x41, 0xFC, 0x4A, 0x45, 0x42, 0xFB, 0x4B, 0x46, 0x44, 0xFB, 0x4B, 0x47, 0x43, 0xFC,
    0x4E, 0x49, 0x47, 0xFF, 0x51, 0x4C, 0x4A, 0xFF, 0x54, 0x4F, 0x4C, 0xFF, 0x58, 0x52, 0x4E, 0xFF,
    0x5B, 0x55, 0x52, 0xFF, 0x5D, 0x58, 0x57, 0xFF, 0x5F, 0x5B, 0x59, 0xFF, 0x60, 0x5C, 0x5A, 0xFF,
    0x5F, 0x5B, 0x59, 0xFF, 0x5E, 0x59, 0x57, 0xFF, 0x60, 0x5B, 0x57, 0xF7, 0x61, 0x5C, 0x58, 0xEE,
    0x62, 0x5C, 0x5A, 0xEA, 0x61, 0x5D, 0x5A, 0xE8, 0x64, 0x5E, 0x5C, 0xEB, 0x66, 0x61, 0x5F, 0xEC,
    0x69, 0x64, 0x61, 0xF3, 0x6B, 0x66, 0x63, 0xF9, 0x6C, 0x67, 0x65, 0xFF, 0x70, 0x6A, 0x68, 0xFF,
    0x73, 0x6D, 0x6A, 0xFF, 0x74, 0x6E, 0x6C, 0xFF, 0x77, 0x70, 0x6E, 0xFF, 0x79, 0x72, 0x70, 0xFF,
    0x7B, 0x75, 0x72, 0xFF, 0x7A, 0x74, 0x71, 0xFF, 0x79, 0x74, 0x72, 0xFF, 0x7B, 0x75, 0x72, 0xFF,
    0x79, 0x74, 0x73, 0xFE, 0x7B, 0x76, 0x73, 0xFC, 0x7D, 0x78, 0x76, 0xFB, 0x7E, 0x78, 0x76, 0xFC,
    0x80, 0x7A, 0x79, 0xFD, 0x82, 0x7C, 0x7B, 0xFE, 0x84, 0x7F, 0x7D, 0xFF, 0x86, 0x81, 0x80, 0xFF,
    0x89, 0x83, 0x81, 0xFF, 0x8C, 0x86, 0x84, 0xFF, 0x8E, 0x89, 0x87, 0xFF, 0x90, 0x8B, 0x8A, 0xFF,
    0x94, 0x8F, 0x8C, 0xFF, 0x96, 0x91, 0x8F, 0xFF, 0x98, 0x93, 0x91, 0xFF, 0x9B, 0x96, 0x94, 0xFF,
    0x9E, 0x98, 0x97, 0xFF, 0x9E, 0x99, 0x98, 0xFF, 0x9C, 0x98, 0x96, 0xFF, 0x9B, 0x96, 0x94, 0xFF,
    0x91, 0x8C, 0x8A, 0xFF, 0x85, 0x80, 0x7D, 0xFF, 0x77, 0x72, 0x6F, 0xFF, 0x6B, 0x65, 0x62, 0xFF,
    0x62, 0x5D, 0x5A, 0xFF, 0x5B, 0x56, 0x54, 0xFF, 0x5D, 0x58, 0x56, 0xFF, 0x61, 0x5C, 0x5A, 0xFF,
    0x6F, 0x69, 0x66, 0xFF, 0xA4, 0x9F, 0x9D, 0xFF, 0xB8, 0xB4, 0xB2, 0xFF, 0xC3, 0xC0, 0xBD, 0xFF,
    0x88, 0x85, 0x83, 0xFF, 0xCF, 0xCC, 0xC7, 0xFF, 0x9A, 0x96, 0x91, 0xFF, 0x3E, 0x3B, 0x37, 0xFF,
    0x21, 0x1F, 0x1C, 0xFF, 0x65, 0x61, 0x5F, 0xFB, 0x80, 0x7C, 0x7B, 0xFF, 0x25, 0x25, 0x23, 0x74,
    0x00, 0x00, 0x00, 0x00, 0x3F, 0x3F, 0x3F, 0x04, 0x00, 0x00, 0x00, 0x00, 0x00, 0x00, 0x00, 0x00,
    0x00, 0x00, 0x00, 0x00, 0x00, 0x00, 0x00, 0x00, 0x00, 0x00, 0x00, 0x00, 0x00, 0x00, 0x00, 0x00,
    0x00, 0x00, 0x00, 0x00, 0x00, 0x00, 0x00, 0x00, 0x00, 0x00, 0x00, 0x00, 0x00, 0x00, 0x00, 0x00,
    0x00, 0x00, 0x00, 0x00, 0x00, 0x00, 0x00, 0x00, 0x00, 0x00, 0x00, 0x00, 0x00, 0x00, 0x00, 0x00,
    0x00, 0x00, 0x00, 0x00, 0x00, 0x00, 0x00, 0x00, 0x00, 0x00, 0x00, 0x00, 0x00, 0x00, 0x00, 0x00,
    0x00, 0x00, 0x00, 0x00, 0x00, 0x00, 0x00, 0x00, 0x00, 0x00, 0x00, 0x02, 0x00, 0x00, 0x00, 0x00,
    0x31, 0x31, 0x31, 0x1A, 0x34, 0x31, 0x30, 0xF8, 0x3B, 0x38, 0x35, 0xFF, 0x28, 0x25, 0x24, 0xFE,
    0x35, 0x32, 0x2F, 0xFF, 0x8E, 0x88, 0x87, 0xFF, 0xB8, 0xB3, 0xB2, 0xFF, 0x46, 0x42, 0x3F, 0xFE,
    0x31, 0x2E, 0x29, 0xFF, 0x31, 0x2E, 0x2C, 0xFF, 0x35, 0x31, 0x31, 0xFF, 0x49, 0x46, 0x43, 0xFF,
    0x5A, 0x55, 0x52, 0xFF, 0x64, 0x5E, 0x5C, 0xFF, 0x67, 0x61, 0x5F, 0xFF, 0x63, 0x5D, 0x5B, 0xFF,
    0x58, 0x53, 0x51, 0xFF, 0x50, 0x4A, 0x48, 0xFF, 0x48, 0x44, 0x40, 0xFF, 0x42, 0x3E, 0x3B, 0xFF,
    0x3D, 0x38, 0x37, 0xFF, 0x3C, 0x38, 0x34, 0xFF, 0x3C, 0x37, 0x35, 0xFF, 0x3C, 0x38, 0x35, 0xFF,
    0x3C, 0x38, 0x35, 0xFF, 0x3D, 0x3A, 0x36, 0xFF, 0x3F, 0x3B, 0x38, 0xFF, 0x3F, 0x3B, 0x38, 0xFF,
    0x40, 0x3C, 0x39, 0xFF, 0x42, 0x3E, 0x3B, 0xFF, 0x42, 0x3F, 0x3A, 0xFF, 0x42, 0x3F, 0x3A, 0xFD,
    0x43, 0x40, 0x3B, 0xFC, 0x45, 0x41, 0x3D, 0xFB, 0x47, 0x43, 0x3F, 0xFE, 0x4A, 0x45, 0x43, 0xFF,
    0x4E, 0x49, 0x47, 0xFF, 0x52, 0x4E, 0x4A, 0xFF, 0x52, 0x4E, 0x4A, 0xFF, 0x4F, 0x4B, 0x48, 0xFF,
    0x4D, 0x49, 0x46, 0xFB, 0x4D, 0x49, 0x46, 0xE3, 0x50, 0x4C, 0x4A, 0xC4, 0x4D, 0x4A, 0x47, 0xAB,
    0x57, 0x53, 0x51, 0x83, 0x4B, 0x45, 0x45, 0x80, 0x5A, 0x57, 0x53, 0x52, 0x58, 0x55, 0x55, 0x48,
    0x43, 0x3F, 0x3F, 0x4C, 0x39, 0x35, 0x35, 0x43, 0x39, 0x39, 0x35, 0x3E, 0x33, 0x33, 0x30, 0x54,
    0x2B, 0x29, 0x27, 0x75, 0x29, 0x27, 0x25, 0x82, 0x26, 0x26, 0x26, 0x6B, 0x29, 0x29, 0x27, 0x68,
    0x2C, 0x29, 0x26, 0x56, 0x33, 0x2F, 0x2F, 0x4B, 0x37, 0x34, 0x34, 0x58, 0x42, 0x3F, 0x3D, 0x60,
    0x56, 0x51, 0x51, 0x58, 0x67, 0x61, 0x5B, 0x59, 0x58, 0x52, 0x4E, 0x82, 0x68, 0x64, 0x60, 0x89,
    0x6D, 0x68, 0x65, 0x9E, 0x6A, 0x66, 0x65, 0xC4, 0x71, 0x6D, 0x6B, 0xD6, 0x72, 0x6D, 0x6A, 0xF6,
    0x7A, 0x75, 0x74, 0xFF, 0x84, 0x7F, 0x7D, 0xFF, 0x87, 0x82, 0x80, 0xFF, 0x89, 0x83, 0x81, 0xFF,
    0x87, 0x82, 0x80, 0xFF, 0x83, 0x7E, 0x7D, 0xFF, 0x83, 0x7D, 0x7C, 0xFC, 0x85, 0x7E, 0x7C, 0xFB,
    0x86, 0x81, 0x7F, 0xFC, 0x8A, 0x84, 0x82, 0xFE, 0x8D, 0x86, 0x84, 0xFF, 0x90, 0x8A, 0x88, 0xFF,
    0x91, 0x8C, 0x8C, 0xFF, 0x96, 0x90, 0x8E, 0xFF, 0x98, 0x92, 0x91, 0xFF, 0x9A, 0x95, 0x95, 0xFF,
    0x9C, 0x97, 0x96, 0xFF, 0x9D, 0x98, 0x97, 0xFF, 0x9B, 0x98, 0x96, 0xFF, 0x9A, 0x96, 0x94, 0xFF,
    0x94, 0x90, 0x8D, 0xFF, 0x88, 0x83, 0x81, 0xFF, 0x7C, 0x76, 0x75, 0xFF, 0x70, 0x6A, 0x68, 0xFF,
    0x66, 0x61, 0x5F, 0xFF, 0x5F, 0x5B, 0x58, 0xFF, 0x62, 0x5C, 0x59, 0xFF, 0x65, 0x60, 0x5F, 0xFF,
    0x74, 0x6D, 0x6B, 0xFF, 0xA5, 0xA0, 0x9F, 0xFF, 0xB8, 0xB3, 0xB1, 0xFF, 0xC5, 0xC2, 0xC0, 0xFF,
    0x8B, 0x87, 0x86, 0xFF, 0xCE, 0xCA, 0xC6, 0xFF, 0xA1, 0x9D, 0x98, 0xFF, 0x40, 0x3D, 0x3A, 0xFF,
    0x28, 0x27, 0x25, 0xFF, 0x40, 0x3D, 0x3B, 0xFC, 0x49, 0x46, 0x44, 0xFF, 0x3C, 0x39, 0x39, 0x50,
    0x00, 0x00, 0x00, 0x00, 0x3F, 0x3F, 0x3F, 0x04, 0x00, 0x00, 0x00, 0x00, 0x00, 0x00, 0x00, 0x00,
    0x00, 0x00, 0x00, 0x00, 0x00, 0x00, 0x00, 0x00, 0x00, 0x00, 0x00, 0x00, 0x00, 0x00, 0x00, 0x00,
    0x00, 0x00, 0x00, 0x00, 0x00, 0x00, 0x00, 0x00, 0x00, 0x00, 0x00, 0x00, 0x00, 0x00, 0x00, 0x00,
    0x00, 0x00, 0x00, 0x00, 0x00, 0x00, 0x00, 0x00, 0x00, 0x00, 0x00, 0x00, 0x00, 0x00, 0x00, 0x00,
    0x00, 0x00, 0x00, 0x00, 0x00, 0x00, 0x00, 0x00, 0x00, 0x00, 0x00, 0x00, 0x00, 0x00, 0x00, 0x00,
    0x00, 0x00, 0x00, 0x00, 0x00, 0x00, 0x00, 0x00, 0x00, 0x00, 0x00, 0x01, 0x00, 0x00, 0x00, 0x00,
    0x1C, 0x1C, 0x1C, 0x09, 0x31, 0x2E, 0x2D, 0xDF, 0x31, 0x2F, 0x2B, 0xFF, 0x2B, 0x27, 0x24, 0xFD,
    0x39, 0x34, 0x32, 0xFF, 0x93, 0x8E, 0x8D, 0xFF, 0xB4, 0xB0, 0xAF, 0xFF, 0x46, 0x42, 0x3E, 0xFF,
    0x32, 0x2F, 0x2D, 0xFF, 0x31, 0x2E, 0x2D, 0xFF, 0x35, 0x31, 0x30, 0xFF, 0x46, 0x42, 0x40, 0xFF,
    0x56, 0x52, 0x4F, 0xFF, 0x5F, 0x59, 0x56, 0xFF, 0x62, 0x5C, 0x5A, 0xFF, 0x5D, 0x58, 0x56, 0xFF,
    0x55, 0x50, 0x4E, 0xFF, 0x4E, 0x49, 0x47, 0xFF, 0x47, 0x42, 0x40, 0xFF, 0x40, 0x3D, 0x3A, 0xFF,
    0x3C, 0x39, 0x35, 0xFF, 0x3C, 0x39, 0x35, 0xFF, 0x3D, 0x38, 0x36, 0xFF, 0x3D, 0x38, 0x35, 0xFF,
    0x3D, 0x39, 0x35, 0xFF, 0x3E, 0x3A, 0x36, 0xFF, 0x3E, 0x3B, 0x37, 0xFF, 0x3F, 0x3B, 0x37, 0xFE,
    0x40, 0x3C, 0x39, 0xFD, 0x40, 0x3D, 0x38, 0xFB, 0x41, 0x3E, 0x39, 0xFF, 0x45, 0x41, 0x3E, 0xFF,
    0x4B, 0x46, 0x43, 0xFF, 0x4C, 0x49, 0x44, 0xFF, 0x4B, 0x47, 0x44, 0xFF, 0x4A, 0x47, 0x43, 0xE9,
    0x4B, 0x48, 0x45, 0xBB, 0x4E, 0x4A, 0x48, 0x86, 0x4A, 0x47, 0x45, 0x60, 0x3C, 0x3C, 0x3C, 0x44,
    0x41, 0x41, 0x39, 0x1F, 0x1A, 0x1A, 0x13, 0x27, 0x0F, 0x0F, 0x0F, 0x30, 0x0E, 0x0E, 0x0A, 0x46,
    0x0E, 0x0E, 0x0E, 0x57, 0x14, 0x14, 0x12, 0x6F, 0x18, 0x16, 0x16, 0x86, 0x1D, 0x1B, 0x1A, 0x9C,
    0x1E, 0x1D, 0x1D, 0xAD, 0x23, 0x23, 0x21, 0xC4, 0x2E, 0x2A, 0x2A, 0xE8, 0x2D, 0x2C, 0x2B, 0xFD,
    0x2D, 0x2B, 0x2B, 0xFF, 0x2C, 0x2A, 0x2A, 0xFF, 0x30, 0x2D, 0x2C, 0xFF, 0x29, 0x27, 0x27, 0xED,
    0x05, 0x05, 0x05, 0x2E, 0x0C, 0x0C, 0x0C, 0x28, 0x00, 0x00, 0x00, 0x13, 0x00, 0x00, 0x00, 0x00,
    0x00, 0x00, 0x00, 0x07, 0x00, 0x00, 0x00, 0x00, 0x00, 0x00, 0x00, 0x0C, 0x00, 0x00, 0x00, 0x40,
    0x00, 0x00, 0x00, 0x38, 0x00, 0x00, 0x00, 0x32, 0x10, 0x10, 0x0A, 0x2F, 0x33, 0x2D, 0x2D, 0x2D,
    0x4A, 0x46, 0x46, 0x41, 0x6E, 0x6B, 0x6B, 0x51, 0x6F, 0x6B, 0x67, 0x82, 0x77, 0x72, 0x70, 0xA5,
    0x7B, 0x77, 0x75, 0xD4, 0x7D, 0x79, 0x77, 0xFB, 0x89, 0x84, 0x81, 0xFF, 0x8F, 0x89, 0x86, 0xFF,
    0x8F, 0x88, 0x85, 0xFF, 0x8C, 0x85, 0x83, 0xFF, 0x8C, 0x86, 0x84, 0xFC, 0x8E, 0x89, 0x86, 0xFB,
    0x91, 0x8C, 0x89, 0xFD, 0x94, 0x8F, 0x8D, 0xFF, 0x96, 0x91, 0x8F, 0xFF, 0x98, 0x94, 0x91, 0xFF,
    0x9B, 0x96, 0x94, 0xFF, 0x9C, 0x98, 0x96, 0xFF, 0x9C, 0x98, 0x96, 0xFF, 0x9A, 0x95, 0x94, 0xFF,
    0x96, 0x91, 0x8E, 0xFF, 0x8C, 0x87, 0x84, 0xFF, 0x7F, 0x7A, 0x79, 0xFF, 0x75, 0x6F, 0x6D, 0xFF,
    0x6B, 0x66, 0x63, 0xFF, 0x64, 0x60, 0x5E, 0xFF, 0x66, 0x60, 0x5E, 0xFF, 0x69, 0x63, 0x62, 0xFF,
    0x79, 0x73, 0x70, 0xFF, 0xA7, 0xA2, 0xA1, 0xFF, 0xB9, 0xB4, 0xB3, 0xFF, 0xC8, 0xC4, 0xC1, 0xFF,
    0x8C, 0x89, 0x87, 0xFE, 0xCD, 0xC8, 0xC6, 0xFF, 0xA7, 0xA4, 0x9F, 0xFF, 0x44, 0x3F, 0x3C, 0xFF,
    0x29, 0x27, 0x25, 0xFF, 0x36, 0x33, 0x31, 0xFE, 0x40, 0x3D, 0x3A, 0xFF, 0x3A, 0x3A, 0x3A, 0x39,
    0x00, 0x00, 0x00, 0x00, 0x55, 0x55, 0x55, 0x03, 0x00, 0x00, 0x00, 0x00, 0x00, 0x00, 0x00, 0x00,
    0x00, 0x00, 0x00, 0x00, 0x00, 0x00, 0x00, 0x00, 0x00, 0x00, 0x00, 0x00, 0x00, 0x00, 0x00, 0x00,
    0x00, 0x00, 0x00, 0x00, 0x00, 0x00, 0x00, 0x00, 0x00, 0x00, 0x00, 0x00, 0x00, 0x00, 0x00, 0x00,
    0x00, 0x00, 0x00, 0x00, 0x00, 0x00, 0x00, 0x00, 0x00, 0x00, 0x00, 0x00, 0x00, 0x00, 0x00, 0x00,
    0x00, 0x00, 0x00, 0x00, 0x00, 0x00, 0x00, 0x00, 0x00, 0x00, 0x00, 0x00, 0x00, 0x00, 0x00, 0x00,
    0x00, 0x00, 0x00, 0x00, 0x00, 0x00, 0x00, 0x00, 0x00, 0x00, 0x00, 0x00, 0x00, 0x00, 0x00, 0x01,
    0x00, 0x00, 0x00, 0x00, 0x31, 0x2C, 0x2D, 0xCA, 0x36, 0x31, 0x32, 0xFF, 0x29, 0x25, 0x24, 0xFD,
    0x3C, 0x37, 0x35, 0xFF, 0x99, 0x93, 0x91, 0xFF, 0xB1, 0xAD, 0xAC, 0xFF, 0x45, 0x41, 0x3D, 0xFF,
    0x34, 0x31, 0x2E, 0xFF, 0x32, 0x2F, 0x2E, 0xFF, 0x36, 0x31, 0x30, 0xFF, 0x44, 0x40, 0x3D, 0xFF,
    0x52, 0x4E, 0x4B, 0xFF, 0x5A, 0x55, 0x51, 0xFF, 0x5D, 0x57, 0x55, 0xFF, 0x58, 0x54, 0x51, 0xFF,
    0x51, 0x4E, 0x4A, 0xFF, 0x4B, 0x46, 0x44, 0xFF, 0x45, 0x41, 0x3E, 0xFF, 0x40, 0x3C, 0x39, 0xFF,
    0x3C, 0x39, 0x35, 0xFF, 0x3C, 0x38, 0x35, 0xFF, 0x3C, 0x38, 0x36, 0xFF, 0x3E, 0x3A, 0x36, 0xFF,
    0x3D, 0x3A, 0x36, 0xFF, 0x3C, 0x39, 0x35, 0xFD, 0x3D, 0x39, 0x35, 0xFC, 0x3F, 0x3A, 0x36, 0xFF,
    0x43, 0x3F, 0x3B, 0xFF, 0x45, 0x43, 0x3E, 0xFF, 0x45, 0x41, 0x3D, 0xFF, 0x46, 0x43, 0x40, 0xD3,
    0x48, 0x45, 0x42, 0x9A, 0x46, 0x44, 0x41, 0x65, 0x3D, 0x3D, 0x39, 0x3E, 0x20, 0x20, 0x20, 0x2F,
    0x10, 0x10, 0x10, 0x3D, 0x11, 0x11, 0x11, 0x59, 0x15, 0x15, 0x15, 0x75, 0x1E, 0x1C, 0x1C, 0x75,
    0x1B, 0x1B, 0x19, 0xA8, 0x1E, 0x1C, 0x1A, 0xDD, 0x1F, 0x1E, 0x1D, 0xF6, 0x22, 0x21, 0x1F, 0xFF,
    0x24, 0x22, 0x22, 0xFF, 0x29, 0x27, 0x25, 0xFF, 0x2A, 0x28, 0x27, 0xFF, 0x2B, 0x28, 0x29, 0xFF,
    0x2B, 0x28, 0x28, 0xFF, 0x2C, 0x2A, 0x2A, 0xFF, 0x38, 0x36, 0x35, 0xFF, 0x3A, 0x38, 0x37, 0xFF,
    0x38, 0x37, 0x36, 0xFD, 0x38, 0x35, 0x35, 0xFA, 0x3D, 0x38, 0x38, 0xFE, 0x30, 0x2E, 0x2E, 0xE0,
    0x00, 0x00, 0x00, 0x0E, 0x12, 0x12, 0x12, 0x44, 0x0A, 0x0A, 0x0A, 0x2F, 0x14, 0x14, 0x14, 0x19,
    0x19, 0x19, 0x19, 0x33, 0x1D, 0x1D, 0x17, 0x2B, 0x1E, 0x19, 0x19, 0x3B, 0x18, 0x18, 0x15, 0x6A,
    0x17, 0x17, 0x15, 0x82, 0x17, 0x16, 0x14, 0xAC, 0x18, 0x17, 0x16, 0xCD, 0x18, 0x18, 0x18, 0xC2,
    0x18, 0x18, 0x18, 0x6A, 0x17, 0x15, 0x15, 0x75, 0x0B, 0x0B, 0x0B, 0x70, 0x03, 0x03, 0x03, 0x4F,
    0x05, 0x05, 0x00, 0x2E, 0x46, 0x46, 0x46, 0x28, 0x6C, 0x6C, 0x69, 0x4B, 0x7B, 0x77, 0x73, 0x80,
    0x80, 0x79, 0x76, 0xBD, 0x82, 0x7C, 0x7A, 0xF2, 0x90, 0x8A, 0x87, 0xFF, 0x98, 0x92, 0x8F, 0xFF,
    0x97, 0x91, 0x8F, 0xFF, 0x93, 0x8E, 0x8D, 0xFE, 0x95, 0x90, 0x8E, 0xFB, 0x96, 0x92, 0x8F, 0xFE,
    0x9A, 0x95, 0x94, 0xFF, 0x9B, 0x96, 0x95, 0xFF, 0x9C, 0x97, 0x96, 0xFF, 0x9C, 0x97, 0x96, 0xFF,
    0x97, 0x92, 0x91, 0xFF, 0x8E, 0x88, 0x86, 0xFF, 0x83, 0x7D, 0x7D, 0xFF, 0x7A, 0x74, 0x72, 0xFF,
    0x70, 0x6A, 0x68, 0xFF, 0x67, 0x63, 0x61, 0xFF, 0x6A, 0x63, 0x61, 0xFF, 0x6D, 0x67, 0x65, 0xFF,
    0x7E, 0x78, 0x76, 0xFF, 0xA9, 0xA5, 0xA3, 0xFF, 0xBA, 0xB6, 0xB4, 0xFF, 0xC7, 0xC3, 0xC1, 0xFF,
    0x8B, 0x89, 0x87, 0xFF, 0xCB, 0xC7, 0xC4, 0xFF, 0xAD, 0xA8, 0xA4, 0xFF, 0x46, 0x41, 0x3F, 0xFF,
    0x28, 0x23, 0x24, 0xFE, 0x3A, 0x35, 0x34, 0xFF, 0x45, 0x42, 0x40, 0xFB, 0x44, 0x44, 0x44, 0x1E,
    0x00, 0x00, 0x00, 0x00, 0x00, 0x00, 0x00, 0x02, 0x00, 0x00, 0x00, 0x00, 0x00, 0x00, 0x00, 0x00,
    0x00, 0x00, 0x00, 0x00, 0x00, 0x00, 0x00, 0x00, 0x00, 0x00, 0x00, 0x00, 0x00, 0x00, 0x00, 0x00,
    0x00, 0x00, 0x00, 0x00, 0x00, 0x00, 0x00, 0x00, 0x00, 0x00, 0x00, 0x00, 0x00, 0x00, 0x00, 0x00,
    0x00, 0x00, 0x00, 0x00, 0x00, 0x00, 0x00, 0x00, 0x00, 0x00, 0x00, 0x00, 0x00, 0x00, 0x00, 0x00,
    0x00, 0x00, 0x00, 0x00, 0x00, 0x00, 0x00, 0x00, 0x00, 0x00, 0x00, 0x00, 0x00, 0x00, 0x00, 0x00,
    0x00, 0x00, 0x00, 0x00, 0x00, 0x00, 0x00, 0x00, 0x00, 0x00, 0x00, 0x00, 0x7F, 0x7F, 0x7F, 0x02,
    0x00, 0x00, 0x00, 0x00, 0x2F, 0x2A, 0x29, 0xB3, 0x35, 0x32, 0x30, 0xFF, 0x27, 0x25, 0x23, 0xFC,
    0x3D, 0x39, 0x35, 0xFF, 0x9D, 0x99, 0x95, 0xFF, 0xAE, 0xAA, 0xA7, 0xFF, 0x44, 0x40, 0x3C, 0xFF,
    0x33, 0x30, 0x2E, 0xFF, 0x33, 0x2F, 0x2D, 0xFF, 0x37, 0x32, 0x32, 0xFF, 0x41, 0x3D, 0x3A, 0xFF,
    0x4E, 0x4B, 0x46, 0xFF, 0x56, 0x51, 0x4E, 0xFF, 0x58, 0x54, 0x50, 0xFF, 0x55, 0x51, 0x4C, 0xFF,
    0x4F, 0x4B, 0x48, 0xFF, 0x49, 0x45, 0x42, 0xFF, 0x44, 0x41, 0x3C, 0xFF, 0x3F, 0x3C, 0x38, 0xFF,
    0x3E, 0x39, 0x36, 0xFF, 0x3D, 0x39, 0x35, 0xFF, 0x3D, 0x39, 0x35, 0xFE, 0x3D, 0x39, 0x36, 0xFC,
    0x3E, 0x3B, 0x36, 0xFF, 0x41, 0x3E, 0x3A, 0xFF, 0x43, 0x40, 0x3B, 0xFF, 0x40, 0x3D, 0x3A, 0xF5,
    0x43, 0x3F, 0x3E, 0xB8, 0x44, 0x42, 0x3F, 0x70, 0x37, 0x33, 0x33, 0x4A, 0x1B, 0x1B, 0x1B, 0x41,
    0x13, 0x11, 0x13, 0x5A, 0x19, 0x15, 0x15, 0x8C, 0x1B, 0x1A, 0x1A, 0xBA, 0x1E, 0x1D, 0x1C, 0xE3,
    0x22, 0x21, 0x20, 0xFF, 0x26, 0x24, 0x24, 0xFF, 0x23, 0x21, 0x21, 0xFF, 0x1F, 0x1F, 0x1D, 0xA4,
    0x22, 0x1F, 0x1E, 0xF5, 0x21, 0x1F, 0x1E, 0xFE, 0x20, 0x1E, 0x1E, 0xF4, 0x20, 0x1E, 0x1D, 0xF2,
    0x21, 0x1E, 0x1E, 0xF7, 0x25, 0x23, 0x22, 0xFB, 0x26, 0x24, 0x23, 0xFD, 0x26, 0x24, 0x24, 0xFF,
    0x27, 0x25, 0x25, 0xFF, 0x29, 0x26, 0x25, 0xFF, 0x36, 0x33, 0x32, 0xFF, 0x3C, 0x3A, 0x39, 0xFF,
    0x3F, 0x3C, 0x3C, 0xFF, 0x40, 0x3E, 0x3E, 0xFF, 0x40, 0x3E, 0x3F, 0xFF, 0x3E, 0x3B, 0x3C, 0xFD,
    0x35, 0x33, 0x33, 0xA2, 0x35, 0x33, 0x33, 0x6D, 0x28, 0x25, 0x25, 0x5F, 0x13, 0x13, 0x13, 0x27,
    0x15, 0x15, 0x15, 0x47, 0x1A, 0x18, 0x18, 0x9B, 0x1C, 0x1B, 0x19, 0xD4, 0x20, 0x1F, 0x1E, 0xDA,
    0x22, 0x21, 0x21, 0xB0, 0x38, 0x37, 0x34, 0xB4, 0x2D, 0x2C, 0x2C, 0xB2, 0x1A, 0x1A, 0x19, 0xC9,
    0x14, 0x14, 0x14, 0x8B, 0x22, 0x1F, 0x1E, 0xD2, 0x29, 0x26, 0x26, 0xFF, 0x25, 0x23, 0x22, 0xFF,
    0x20, 0x1E, 0x1C, 0xEE, 0x1A, 0x18, 0x18, 0xB8, 0x10, 0x0E, 0x0E, 0x7D, 0x00, 0x03, 0x03, 0x54,
    0x00, 0x00, 0x00, 0x30, 0x33, 0x33, 0x33, 0x28, 0x69, 0x66, 0x66, 0x52, 0x7D, 0x76, 0x75, 0x94,
    0x8A, 0x84, 0x84, 0xD7, 0x96, 0x92, 0x8F, 0xFF, 0xA1, 0x9C, 0x9B, 0xFF, 0x9E, 0x99, 0x99, 0xFF,
    0x99, 0x95, 0x94, 0xFC, 0x99, 0x95, 0x94, 0xFC, 0x9B, 0x97, 0x96, 0xFF, 0x9C, 0x97, 0x96, 0xFF,
    0x99, 0x94, 0x93, 0xFF, 0x91, 0x8C, 0x8B, 0xFF, 0x88, 0x82, 0x82, 0xFF, 0x7E, 0x79, 0x78, 0xFF,
    0x74, 0x6F, 0x6D, 0xFF, 0x6D, 0x67, 0x65, 0xFF, 0x6C, 0x67, 0x65, 0xFF, 0x70, 0x6B, 0x69, 0xFF,
    0x84, 0x7F, 0x7D, 0xFF, 0xAA, 0xA6, 0xA5, 0xFF, 0xBC, 0xB9, 0xB6, 0xFF, 0xC7, 0xC4, 0xC0, 0xF9,
    0x96, 0x94, 0x90, 0xEE, 0xCB, 0xC8, 0xC5, 0xFF, 0xB0, 0xAC, 0xA7, 0xFE, 0x48, 0x43, 0x3F, 0xFF,
    0x26, 0x23, 0x20, 0xFE, 0x39, 0x35, 0x32, 0xFF, 0x43, 0x41, 0x3D, 0xF7, 0x25, 0x25, 0x25, 0x1B,
    0x00, 0x00, 0x00, 0x00, 0x00, 0x00, 0x00, 0x02, 0x00, 0x00, 0x00, 0x00, 0x00, 0x00, 0x00, 0x00,
    0x00, 0x00, 0x00, 0x00, 0x00, 0x00, 0x00, 0x00, 0x00, 0x00, 0x00, 0x00, 0x00, 0x00, 0x00, 0x00,
    0x00, 0x00, 0x00, 0x00, 0x00, 0x00, 0x00, 0x00, 0x00, 0x00, 0x00, 0x00, 0x00, 0x00, 0x00, 0x00,
    0x00, 0x00, 0x00, 0x00, 0x00, 0x00, 0x00, 0x00, 0x00, 0x00, 0x00, 0x00, 0x00, 0x00, 0x00, 0x00,
    0x00, 0x00, 0x00, 0x00, 0x00, 0x00, 0x00, 0x00, 0x00, 0x00, 0x00, 0x00, 0x00, 0x00, 0x00, 0x00,
    0x00, 0x00, 0x00, 0x00, 0x00, 0x00, 0x00, 0x00, 0x00, 0x00, 0x00, 0x00, 0x3F, 0x3F, 0x3F, 0x04,
    0x00, 0x00, 0x00, 0x00, 0x35, 0x32, 0x2E, 0x99, 0x36, 0x33, 0x2F, 0xFF, 0x27, 0x24, 0x20, 0xFB,
    0x3E, 0x3A, 0x36, 0xFF, 0xA3, 0x9E, 0x9B, 0xFF, 0xAA, 0xA6, 0xA2, 0xFF, 0x41, 0x3D, 0x3B, 0xFE,
    0x34, 0x30, 0x2F, 0xFE, 0x34, 0x30, 0x2E, 0xFF, 0x37, 0x32, 0x32, 0xFF, 0x40, 0x3B, 0x39, 0xFF,
    0x4B, 0x47, 0x43, 0xFF, 0x51, 0x4D, 0x4A, 0xFF, 0x54, 0x50, 0x4C, 0xFF, 0x51, 0x4E, 0x4A, 0xFF,
    0x4C, 0x47, 0x45, 0xFF, 0x47, 0x42, 0x3F, 0xFF, 0x42, 0x3E, 0x3B, 0xFF, 0x3E, 0x3B, 0x38, 0xFF,
    0x3D, 0x39, 0x36, 0xFD, 0x3C, 0x39, 0x35, 0xFC, 0x3F, 0x3B, 0x37, 0xFF, 0x43, 0x3F, 0x3C, 0xFF,
    0x41, 0x3E, 0x3A, 0xF5, 0x40, 0x3D, 0x39, 0xC2, 0x38, 0x36, 0x34, 0x82, 0x27, 0x27, 0x24, 0x54,
    0x16, 0x16, 0x13, 0x5A, 0x15, 0x13, 0x13, 0x77, 0x14, 0x12, 0x12, 0x87, 0x19, 0x17, 0x16, 0xB6,
    0x1C, 0x1A, 0x1A, 0xDF, 0x1D, 0x1C, 0x1B, 0xEA, 0x1E, 0x1C, 0x1B, 0xEF, 0x1E, 0x1D, 0x1C, 0xEB,
    0x1F, 0x1C, 0x1C, 0xE5, 0x1F, 0x1B, 0x1D, 0xE4, 0x1E, 0x1C, 0x1C, 0xDC, 0x1E, 0x1B, 0x1B, 0xE4,
    0x1F, 0x1C, 0x1D, 0xEB, 0x20, 0x1E, 0x1D, 0xF8, 0x22, 0x20, 0x1F, 0xFF, 0x22, 0x20, 0x1E, 0xFD,
    0x20, 0x1D, 0x1D, 0xF8, 0x24, 0x23, 0x22, 0xF7, 0x23, 0x21, 0x21, 0xF8, 0x23, 0x20, 0x20, 0xF3,
    0x23, 0x22, 0x20, 0xE8, 0x23, 0x22, 0x21, 0xE0, 0x31, 0x2F, 0x2E, 0xF5, 0x37, 0x36, 0x35, 0xF4,
    0x35, 0x34, 0x32, 0xF9, 0x33, 0x32, 0x30, 0xF7, 0x2D, 0x2C, 0x2B, 0xF3, 0x2A, 0x28, 0x28, 0xCB,
    0x27, 0x25, 0x24, 0xBD, 0x22, 0x21, 0x21, 0xA1, 0x1C, 0x1C, 0x1C, 0x75, 0x0F, 0x0F, 0x0F, 0x30,
    0x00, 0x00, 0x00, 0x00, 0x00, 0x00, 0x00, 0x00, 0x11, 0x11, 0x11, 0x2D, 0x1F, 0x1F, 0x1D, 0x8A,
    0x21, 0x21, 0x20, 0xBF, 0x21, 0x21, 0x1F, 0xE4, 0x33, 0x31, 0x2E, 0xDF, 0x3B, 0x37, 0x37, 0xD2,
    0x30, 0x2F, 0x2E, 0xD6, 0x23, 0x22, 0x21, 0xED, 0x1E, 0x1C, 0x1C, 0xF3, 0x1F, 0x1D, 0x1D, 0xF6,
    0x22, 0x20, 0x20, 0xFF, 0x21, 0x1F, 0x1E, 0xFE, 0x21, 0x1F, 0x1E, 0xFF, 0x22, 0x20, 0x1E, 0xFF,
    0x20, 0x1E, 0x1D, 0xF6, 0x18, 0x18, 0x18, 0xB9, 0x10, 0x0E, 0x0E, 0x89, 0x02, 0x02, 0x02, 0x58,
    0x13, 0x13, 0x0F, 0x41, 0x63, 0x63, 0x60, 0x4A, 0x88, 0x86, 0x84, 0x85, 0x90, 0x8C, 0x8B, 0xDD,
    0xA0, 0x9B, 0x99, 0xFF, 0xA4, 0xA0, 0x9E, 0xFF, 0x9D, 0x98, 0x97, 0xFF, 0x9A, 0x95, 0x94, 0xFC,
    0x99, 0x94, 0x92, 0xFE, 0x95, 0x90, 0x8F, 0xFF, 0x8C, 0x87, 0x86, 0xFF, 0x81, 0x7C, 0x7B, 0xFF,
    0x79, 0x74, 0x71, 0xFF, 0x71, 0x6D, 0x69, 0xFF, 0x72, 0x6C, 0x69, 0xFF, 0x76, 0x71, 0x6E, 0xFF,
    0x8B, 0x86, 0x83, 0xFF, 0xAB, 0xA7, 0xA5, 0xFF, 0xBF, 0xBC, 0xB9, 0xFF, 0xC5, 0xC2, 0xBE, 0xF3,
    0xAF, 0xAD, 0xAA, 0xD5, 0xCB, 0xC9, 0xC5, 0xFF, 0xB2, 0xAF, 0xA9, 0xFD, 0x49, 0x44, 0x40, 0xFF,
    0x26, 0x22, 0x20, 0xFD, 0x3A, 0x36, 0x33, 0xFF, 0x48, 0x44, 0x41, 0xDF, 0x00, 0x00, 0x00, 0x08,
    0x00, 0x00, 0x00, 0x00, 0x00, 0x00, 0x00, 0x01, 0x00, 0x00, 0x00, 0x00, 0x00, 0x00, 0x00, 0x00,
    0x00, 0x00, 0x00, 0x00, 0x00, 0x00, 0x00, 0x00, 0x00, 0x00, 0x00, 0x00, 0x00, 0x00, 0x00, 0x00,
    0x00, 0x00, 0x00, 0x00, 0x00, 0x00, 0x00, 0x00, 0x00, 0x00, 0x00, 0x00, 0x00, 0x00, 0x00, 0x00,
    0x00, 0x00, 0x00, 0x00, 0x00, 0x00, 0x00, 0x00, 0x00, 0x00, 0x00, 0x00, 0x00, 0x00, 0x00, 0x00,
    0x00, 0x00, 0x00, 0x00, 0x00, 0x00, 0x00, 0x00, 0x00, 0x00, 0x00, 0x00, 0x00, 0x00, 0x00, 0x00,
    0x00, 0x00, 0x00, 0x00, 0x00, 0x00, 0x00, 0x00, 0x00, 0x00, 0x00, 0x00, 0x3F, 0x3F, 0x3F, 0x04,
    0x00, 0x00, 0x00, 0x00, 0x34, 0x32, 0x2F, 0x92, 0x37, 0x35, 0x30, 0xFF, 0x26, 0x25, 0x21, 0xFB,
    0x41, 0x3D, 0x3A, 0xFF, 0xA7, 0xA3, 0xA0, 0xFF, 0xA4, 0xA0, 0x9C, 0xFF, 0x42, 0x3E, 0x3C, 0xFE,
    0x36, 0x34, 0x31, 0xFD, 0x35, 0x31, 0x2E, 0xFF, 0x37, 0x33, 0x33, 0xFF, 0x3E, 0x3A, 0x38, 0xFF,
    0x48, 0x45, 0x41, 0xFF, 0x4D, 0x49, 0x46, 0xFF, 0x51, 0x4C, 0x49, 0xFF, 0x4E, 0x4A, 0x46, 0xFF,
    0x4A, 0x45, 0x42, 0xFF, 0x44, 0x40, 0x3D, 0xFF, 0x40, 0x3D, 0x38, 0xFD, 0x3E, 0x3A, 0x36, 0xFD,
    0x41, 0x3D, 0x39, 0xFF, 0x43, 0x3F, 0x3C, 0xFF, 0x42, 0x40, 0x3D, 0xDD, 0x3B, 0x38, 0x36, 0xA7,
    0x24, 0x23, 0x21, 0x91, 0x15, 0x15, 0x13, 0x8F, 0x0F, 0x0F, 0x0D, 0x70, 0x0F, 0x0F, 0x0F, 0x61,
    0x15, 0x15, 0x12, 0x54, 0x06, 0x06, 0x06, 0x26, 0x00, 0x00, 0x00, 0x0B, 0x0E, 0x07, 0x07, 0x23,
    0x14, 0x11, 0x11, 0x57, 0x13, 0x13, 0x0F, 0x75, 0x16, 0x14, 0x12, 0x7F, 0x14, 0x13, 0x13, 0x86,
    0x17, 0x16, 0x12, 0x96, 0x16, 0x16, 0x14, 0x9E, 0x19, 0x16, 0x14, 0xAB, 0x1A, 0x19, 0x17, 0xCA,
    0x1D, 0x1C, 0x1A, 0xE9, 0x1E, 0x1E, 0x1C, 0xE1, 0x20, 0x1E, 0x1C, 0xD7, 0x1D, 0x1D, 0x1A, 0xCD,
    0x1D, 0x1D, 0x19, 0xC8, 0x1B, 0x1B, 0x17, 0xB0, 0x1E, 0x1C, 0x18, 0x88, 0x1C, 0x1A, 0x1A, 0x7C,
    0x18, 0x18, 0x14, 0x7B, 0x18, 0x16, 0x12, 0x7F, 0x1C, 0x1A, 0x17, 0xB5, 0x1E, 0x1D, 0x19, 0xC6,
    0x22, 0x21, 0x1D, 0xCE, 0x23, 0x21, 0x20, 0xC7, 0x22, 0x20, 0x1F, 0xC5, 0x20, 0x1E, 0x1E, 0xB6,
    0x20, 0x1E, 0x1B, 0xAE, 0x1F, 0x1F, 0x1C, 0xB1, 0x22, 0x1F, 0x1F, 0xB9, 0x21, 0x1F, 0x1D, 0xC1,
    0x1E, 0x1B, 0x18, 0xB8, 0x18, 0x16, 0x14, 0x7B, 0x0F, 0x0F, 0x0A, 0x31, 0x00, 0x00, 0x00, 0x00,
    0x00, 0x00, 0x00, 0x00, 0x07, 0x07, 0x07, 0x23, 0x10, 0x0E, 0x0C, 0x7F, 0x1D, 0x1A, 0x19, 0xC0,
    0x2E, 0x2B, 0x29, 0xD7, 0x39, 0x37, 0x37, 0xDD, 0x31, 0x30, 0x2E, 0xF0, 0x26, 0x23, 0x22, 0xF8,
    0x1E, 0x1C, 0x1C, 0xF2, 0x1F, 0x1D, 0x1D, 0xF6, 0x20, 0x1E, 0x1E, 0xF8, 0x20, 0x1F, 0x1E, 0xF9,
    0x21, 0x1E, 0x1D, 0xFB, 0x21, 0x1F, 0x1E, 0xFF, 0x24, 0x21, 0x20, 0xFF, 0x24, 0x22, 0x20, 0xFF,
    0x20, 0x1F, 0x1D, 0xFA, 0x18, 0x18, 0x17, 0xC3, 0x0B, 0x0B, 0x08, 0x73, 0x19, 0x19, 0x15, 0x3B,
    0x7A, 0x77, 0x74, 0x51, 0x91, 0x8D, 0x8B, 0xAF, 0x97, 0x92, 0x91, 0xFF, 0xA7, 0xA0, 0x9E, 0xFF,
    0x9C, 0x96, 0x95, 0xFF, 0x96, 0x8F, 0x8E, 0xFC, 0x90, 0x8A, 0x88, 0xFE, 0x88, 0x83, 0x80, 0xFF,
    0x7F, 0x7A, 0x77, 0xFF, 0x78, 0x72, 0x70, 0xFF, 0x77, 0x71, 0x6F, 0xFF, 0x7B, 0x75, 0x73, 0xFF,
    0x92, 0x8D, 0x8C, 0xFF, 0xAC, 0xA8, 0xA7, 0xFF, 0xC3, 0xBE, 0xBD, 0xFF, 0xBA, 0xB7, 0xB4, 0xF3,
    0xA5, 0xA1, 0xA0, 0xF4, 0xCA, 0xC8, 0xC4, 0xFF, 0xB3, 0xAF, 0xAB, 0xFF, 0x4B, 0x46, 0x43, 0xFF,
    0x26, 0x22, 0x22, 0xFD, 0x3A, 0x37, 0x33, 0xFF, 0x4C, 0x49, 0x47, 0xD1, 0x00, 0x00, 0x00, 0x00,
    0x00, 0x00, 0x00, 0x00, 0x00, 0x00, 0x00, 0x00, 0x00, 0x00, 0x00, 0x00, 0x00, 0x00, 0x00, 0x00,
    0x00, 0x00, 0x00, 0x00, 0x00, 0x00, 0x00, 0x00, 0x00, 0x00, 0x00, 0x00, 0x00, 0x00, 0x00, 0x00,
    0x00, 0x00, 0x00, 0x00, 0x00, 0x00, 0x00, 0x00, 0x00, 0x00, 0x00, 0x00, 0x00, 0x00, 0x00, 0x00,
    0x00, 0x00, 0x00, 0x00, 0x00, 0x00, 0x00, 0x00, 0x00, 0x00, 0x00, 0x00, 0x00, 0x00, 0x00, 0x00,
    0x00, 0x00, 0x00, 0x00, 0x00, 0x00, 0x00, 0x00, 0x00, 0x00, 0x00, 0x00, 0x00, 0x00, 0x00, 0x00,
    0x00, 0x00, 0x00, 0x00, 0x00, 0x00, 0x00, 0x00, 0x00, 0x00, 0x00, 0x00, 0x3F, 0x3F, 0x3F, 0x04,
    0x00, 0x00, 0x00, 0x00, 0x32, 0x30, 0x2D, 0x93, 0x38, 0x34, 0x30, 0xFF, 0x26, 0x23, 0x22, 0xFB,
    0x44, 0x40, 0x3D, 0xFF, 0xAB, 0xA7, 0xA3, 0xFF, 0x9E, 0x99, 0x96, 0xFF, 0x3F, 0x3B, 0x39, 0xFD,
    0x39, 0x35, 0x33, 0xF9, 0x36, 0x32, 0x2F, 0xFF, 0x39, 0x34, 0x34, 0xFF, 0x3E, 0x3A, 0x38, 0xFF,
    0x47, 0x43, 0x3F, 0xFF, 0x4C, 0x46, 0x43, 0xFF, 0x4E, 0x4A, 0x46, 0xFF, 0x4D, 0x48, 0x44, 0xFF,
    0x48, 0x43, 0x40, 0xFE, 0x42, 0x3E, 0x3A, 0xFC, 0x43, 0x3F, 0x3A, 0xFF, 0x45, 0x40, 0x3D, 0xFF,
    0x43, 0x41, 0x3E, 0xCB, 0x3A, 0x36, 0x34, 0x83, 0x1A, 0x1A, 0x18, 0x74, 0x14, 0x12, 0x12, 0x94,
    0x16, 0x16, 0x16, 0x7D, 0x19, 0x19, 0x16, 0x45, 0x1E, 0x1E, 0x1E, 0x11, 0x00, 0x00, 0x00, 0x03,
    0x3A, 0x3A, 0x3A, 0x1A, 0x3D, 0x3D, 0x3D, 0x67, 0x31, 0x2E, 0x2E, 0xAE, 0x21, 0x1E, 0x1C, 0xA1,
    0x18, 0x17, 0x14, 0xA5, 0x1A, 0x18, 0x14, 0xB8, 0x1B, 0x19, 0x15, 0xC6, 0x1B, 0x1B, 0x16, 0xC5,
    0x1B, 0x1A, 0x16, 0xC3, 0x1A, 0x1A, 0x15, 0xAF, 0x1C, 0x1A, 0x19, 0xAC, 0x1B, 0x19, 0x15, 0x8C,
    0x1A, 0x1A, 0x18, 0x7C, 0x1D, 0x1A, 0x18, 0x7B, 0x1E, 0x1E, 0x1C, 0x75, 0x23, 0x23, 0x20, 0x74,
    0x28, 0x25, 0x21, 0x79, 0x1F, 0x1F, 0x1C, 0x88, 0x21, 0x21, 0x1F, 0x8A, 0x27, 0x25, 0x23, 0x7A,
    0x22, 0x22, 0x20, 0x67, 0x27, 0x26, 0x24, 0xA1, 0x34, 0x31, 0x2D, 0xA1, 0x2F, 0x2D, 0x29, 0x7C,
    0x21, 0x1F, 0x1C, 0x73, 0x26, 0x22, 0x22, 0x86, 0x28, 0x26, 0x24, 0x8B, 0x2C, 0x2A, 0x26, 0x8B,
    0x2B, 0x2A, 0x28, 0x91, 0x2C, 0x2B, 0x2B, 0xA5, 0x2B, 0x2A, 0x29, 0xD1, 0x2C, 0x2A, 0x28, 0xF0,
    0x2F, 0x2D, 0x2B, 0xFF, 0x31, 0x2F, 0x2E, 0xFF, 0x30, 0x2D, 0x2A, 0xFF, 0x30, 0x2F, 0x2D, 0xE6,
    0x25, 0x25, 0x21, 0x81, 0x17, 0x17, 0x14, 0x57, 0x1C, 0x1C, 0x19, 0x59, 0x15, 0x15, 0x13, 0x69,
    0x13, 0x11, 0x0F, 0x85, 0x14, 0x12, 0x12, 0x87, 0x28, 0x26, 0x22, 0x84, 0x36, 0x35, 0x32, 0xA8,
    0x36, 0x33, 0x33, 0xDF, 0x2E, 0x2D, 0x2B, 0xFE, 0x26, 0x24, 0x23, 0xFB, 0x22, 0x20, 0x20, 0xFA,
    0x22, 0x20, 0x1F, 0xFB, 0x24, 0x20, 0x20, 0xFE, 0x24, 0x21, 0x21, 0xFD, 0x23, 0x21, 0x20, 0xFD,
    0x23, 0x22, 0x21, 0xFF, 0x27, 0x24, 0x24, 0xFF, 0x28, 0x26, 0x25, 0xFF, 0x21, 0x20, 0x1F, 0xF8,
    0x14, 0x13, 0x13, 0x9E, 0x00, 0x00, 0x00, 0x48, 0x5C, 0x5C, 0x5C, 0x37, 0x8C, 0x89, 0x85, 0x91,
    0x92, 0x8D, 0x8A, 0xF8, 0xA2, 0x9C, 0x99, 0xFF, 0x94, 0x8E, 0x8B, 0xFF, 0x8A, 0x85, 0x82, 0xFC,
    0x84, 0x7F, 0x7C, 0xFF, 0x7E, 0x78, 0x76, 0xFF, 0x7E, 0x77, 0x75, 0xFF, 0x81, 0x7C, 0x7A, 0xFF,
    0x96, 0x93, 0x8F, 0xFF, 0xAC, 0xA8, 0xA8, 0xFE, 0xC5, 0xC2, 0xBF, 0xFF, 0xB3, 0xB2, 0xAE, 0xE6,
    0xB8, 0xB6, 0xB2, 0xE9, 0xC5, 0xC2, 0xBE, 0xFF, 0xB7, 0xB2, 0xAE, 0xFE, 0x52, 0x4C, 0x48, 0xFF,
    0x26, 0x23, 0x22, 0xFD, 0x39, 0x36, 0x35, 0xFF, 0x4C, 0x49, 0x4A, 0xCE, 0x00, 0x00, 0x00, 0x00,
    0x00, 0x00, 0x00, 0x01, 0x00, 0x00, 0x00, 0x00, 0x00, 0x00, 0x00, 0x00, 0x00, 0x00, 0x00, 0x00,
    0x00, 0x00, 0x00, 0x00, 0x00, 0x00, 0x00, 0x00, 0x00, 0x00, 0x00, 0x00, 0x00, 0x00, 0x00, 0x00,
    0x00, 0x00, 0x00, 0x00, 0x00, 0x00, 0x00, 0x00, 0x00, 0x00, 0x00, 0x00, 0x00, 0x00, 0x00, 0x00,
    0x00, 0x00, 0x00, 0x00, 0x00, 0x00, 0x00, 0x00, 0x00, 0x00, 0x00, 0x00, 0x00, 0x00, 0x00, 0x00,
    0x00, 0x00, 0x00, 0x00, 0x00, 0x00, 0x00, 0x00, 0x00, 0x00, 0x00, 0x00, 0x00, 0x00, 0x00, 0x00,
    0x00, 0x00, 0x00, 0x00, 0x00, 0x00, 0x00, 0x00, 0x00, 0x00, 0x00, 0x00, 0x3F, 0x3F, 0x3F, 0x04,
    0x00, 0x00, 0x00, 0x00, 0x31, 0x30, 0x2C, 0x94, 0x37, 0x34, 0x31, 0xFF, 0x26, 0x24, 0x22, 0xFB,
    0x47, 0x42, 0x40, 0xFF, 0xAF, 0xAB, 0xA7, 0xFF, 0x98, 0x93, 0x8F, 0xFF, 0x3C, 0x38, 0x35, 0xFF,
    0x37, 0x34, 0x32, 0xF6, 0x35, 0x32, 0x30, 0xFF, 0x3A, 0x35, 0x35, 0xFF, 0x3F, 0x3B, 0x39, 0xFF,
    0x46, 0x42, 0x3E, 0xFF, 0x48, 0x44, 0x40, 0xFF, 0x49, 0x45, 0x42, 0xFF, 0x49, 0x44, 0x41, 0xFC,
    0x46, 0x42, 0x3E, 0xFF, 0x46, 0x41, 0x3E, 0xFF, 0x43, 0x41, 0x3D, 0xCF, 0x3A, 0x38, 0x36, 0x71,
    0x14, 0x14, 0x14, 0x4B, 0x0C, 0x0C, 0x0C, 0x52, 0x10, 0x14, 0x10, 0x3D, 0x18, 0x18, 0x18, 0x15,
    0x00, 0x00, 0x00, 0x00, 0x00, 0x00, 0x00, 0x00, 0x0D, 0x0D, 0x0D, 0x26, 0x15, 0x13, 0x13, 0x69,
    0x25, 0x27, 0x25, 0xC3, 0x36, 0x34, 0x34, 0xB3, 0x2F, 0x2D, 0x2D, 0x92, 0x1E, 0x1E, 0x1E, 0x4C,
    0x12, 0x0E, 0x0E, 0x45, 0x14, 0x14, 0x0F, 0x31, 0x19, 0x19, 0x19, 0x32, 0x17, 0x17, 0x0F, 0x21,
    0x0F, 0x0F, 0x0F, 0x11, 0x00, 0x00, 0x00, 0x0A, 0x00, 0x00, 0x00, 0x04, 0x00, 0x00, 0x00, 0x11,
    0x00, 0x00, 0x00, 0x16, 0x0E, 0x0E, 0x0E, 0x23, 0x15, 0x15, 0x11, 0x3A, 0x16, 0x16, 0x12, 0x45,
    0x1C, 0x1C, 0x19, 0x6D, 0x1E, 0x1E, 0x1C, 0x74, 0x18, 0x1A, 0x18, 0x85, 0x21, 0x20, 0x1E, 0x9E,
    0x1F, 0x1D, 0x1D, 0x89, 0x22, 0x20, 0x20, 0x8E, 0x24, 0x23, 0x1F, 0xA0, 0x2C, 0x2A, 0x28, 0xC2,
    0x2F, 0x2C, 0x29, 0xA6, 0x2F, 0x2C, 0x28, 0xA2, 0x2F, 0x2C, 0x2A, 0xA2, 0x2B, 0x2A, 0x26, 0x9D,
    0x2D, 0x29, 0x29, 0x87, 0x38, 0x35, 0x35, 0x68, 0x3C, 0x3C, 0x39, 0x58, 0x38, 0x38, 0x35, 0x56,
    0x37, 0x34, 0x34, 0x52, 0x31, 0x31, 0x31, 0x4D, 0x31, 0x31, 0x31, 0x4E, 0x32, 0x32, 0x2D, 0x3D,
    0x2D, 0x2D, 0x27, 0x27, 0x1C, 0x18, 0x18, 0x35, 0x1D, 0x1D, 0x1A, 0x56, 0x1C, 0x1C, 0x19, 0x5A,
    0x1A, 0x1A, 0x1A, 0x69, 0x1F, 0x1F, 0x1E, 0xC1, 0x1C, 0x1A, 0x17, 0xAB, 0x1A, 0x18, 0x16, 0x86,
    0x24, 0x24, 0x22, 0x78, 0x32, 0x30, 0x2D, 0xA3, 0x33, 0x32, 0x30, 0xD8, 0x2F, 0x2D, 0x2B, 0xF0,
    0x29, 0x28, 0x25, 0xF3, 0x27, 0x27, 0x24, 0xFB, 0x28, 0x26, 0x24, 0xFD, 0x27, 0x27, 0x24, 0xFE,
    0x28, 0x26, 0x24, 0xFF, 0x26, 0x24, 0x23, 0xFD, 0x25, 0x23, 0x22, 0xFB, 0x26, 0x23, 0x23, 0xFF,
    0x28, 0x26, 0x25, 0xFF, 0x23, 0x22, 0x21, 0xFF, 0x18, 0x16, 0x15, 0xA9, 0x00, 0x00, 0x00, 0x37,
    0x55, 0x4E, 0x4E, 0x2A, 0x85, 0x82, 0x7E, 0x91, 0x8B, 0x86, 0x84, 0xFA, 0x96, 0x90, 0x8E, 0xFF,
    0x88, 0x83, 0x80, 0xFC, 0x83, 0x7F, 0x7C, 0xFE, 0x83, 0x7E, 0x7D, 0xFF, 0x86, 0x82, 0x80, 0xFF,
    0x9A, 0x97, 0x94, 0xFF, 0xAC, 0xA9, 0xA7, 0xFE, 0xC5, 0xC3, 0xBF, 0xFF, 0xA4, 0xA2, 0x9F, 0xE1,
    0xBC, 0xB9, 0xB4, 0xF8, 0xBE, 0xBA, 0xB6, 0xFF, 0xBA, 0xB5, 0xB0, 0xFF, 0x56, 0x51, 0x4D, 0xFF,
    0x27, 0x24, 0x23, 0xFD, 0x38, 0x34, 0x34, 0xFF, 0x4A, 0x47, 0x47, 0xCE, 0x00, 0x00, 0x00, 0x00,
    0xFF, 0xFF, 0x00, 0x01, 0x00, 0x00, 0x00, 0x00, 0x00, 0x00, 0x00, 0x00, 0x00, 0x00, 0x00, 0x00,
    0x00, 0x00, 0x00, 0x00, 0x00, 0x00, 0x00, 0x00, 0x00, 0x00, 0x00, 0x00, 0x00, 0x00, 0x00, 0x00,
    0x00, 0x00, 0x00, 0x00, 0x00, 0x00, 0x00, 0x00, 0x00, 0x00, 0x00, 0x00, 0x00, 0x00, 0x00, 0x00,
    0x00, 0x00, 0x00, 0x00, 0x00, 0x00, 0x00, 0x00, 0x00, 0x00, 0x00, 0x00, 0x00, 0x00, 0x00, 0x00,
    0x00, 0x00, 0x00, 0x00, 0x00, 0x00, 0x00, 0x00, 0x00, 0x00, 0x00, 0x00, 0x00, 0x00, 0x00, 0x00,
    0x00, 0x00, 0x00, 0x00, 0x00, 0x00, 0x00, 0x00, 0x00, 0x00, 0x00, 0x00, 0x3F, 0x3F, 0x3F, 0x04,
    0x00, 0x00, 0x00, 0x00, 0x33, 0x31, 0x2D, 0x86, 0x36, 0x34, 0x30, 0xFF, 0x26, 0x23, 0x23, 0xFB,
    0x4A, 0x45, 0x44, 0xFF, 0xB3, 0xAE, 0xAA, 0xFF, 0x92, 0x8D, 0x89, 0xFF, 0x3B, 0x38, 0x34, 0xFF,
    0x37, 0x35, 0x33, 0xF2, 0x37, 0x34, 0x31, 0xFB, 0x3B, 0x36, 0x36, 0xFF, 0x3F, 0x3B, 0x3A, 0xFF,
    0x45, 0x42, 0x3E, 0xFF, 0x47, 0x43, 0x40, 0xFF, 0x46, 0x42, 0x3F, 0xFC, 0x4B, 0x47, 0x42, 0xFF,
    0x45, 0x43, 0x40, 0xED, 0x47, 0x44, 0x42, 0x68, 0x0E, 0x0E, 0x0E, 0x24, 0x00, 0x00, 0x00, 0x1F,
    0x0B, 0x17, 0x0B, 0x16, 0x0F, 0x0F, 0x0F, 0x11, 0x0F, 0x0F, 0x07, 0x21, 0x00, 0x00, 0x00, 0x0B,
    0x13, 0x13, 0x13, 0x0D, 0x1F, 0x1F, 0x00, 0x08, 0x14, 0x14, 0x0A, 0x19, 0x19, 0x19, 0x19, 0x14,
    0x00, 0x00, 0x00, 0x00, 0x00, 0x00, 0x00, 0x00, 0x00, 0x00, 0x00, 0x00, 0x00, 0x00, 0x00, 0x00,
    0x33, 0x33, 0x33, 0x05, 0x21, 0x21, 0x21, 0x36, 0x1B, 0x1B, 0x1B, 0x2F, 0x1A, 0x1A, 0x15, 0x30,
    0x1A, 0x1A, 0x1A, 0x4C, 0x1E, 0x1E, 0x1B, 0x65, 0x1C, 0x1C, 0x1A, 0x7E, 0x1E, 0x1E, 0x1C, 0x7F,
    0x1D, 0x1B, 0x1B, 0x94, 0x1E, 0x1C, 0x1A, 0x85, 0x21, 0x1F, 0x1D, 0x91, 0x1D, 0x1D, 0x1B, 0x7A,
    0x25, 0x23, 0x20, 0x65, 0x20, 0x20, 0x1D, 0x4F, 0x00, 0x00, 0x00, 0x0E, 0x00, 0x00, 0x00, 0x00,
    0x00, 0x00, 0x00, 0x00, 0x00, 0x00, 0x00, 0x00, 0x00, 0x00, 0x00, 0x00, 0x00, 0x00, 0x00, 0x00,
    0x00, 0x00, 0x00, 0x00, 0x00, 0x00, 0x00, 0x00, 0x00, 0x00, 0x00, 0x00, 0x00, 0x00, 0x00, 0x00,
    0x00, 0x00, 0x00, 0x07, 0x00, 0x00, 0x00, 0x17, 0x00, 0x00, 0x00, 0x2E, 0x04, 0x04, 0x04, 0x3D,
    0x07, 0x07, 0x03, 0x47, 0x0C, 0x0C, 0x09, 0x53, 0x0F, 0x0F, 0x09, 0x55, 0x0F, 0x0F, 0x0B, 0x41,
    0x13, 0x13, 0x13, 0x28, 0x15, 0x15, 0x15, 0x0C, 0x00, 0x00, 0x00, 0x00, 0x00, 0x00, 0x00, 0x00,
    0x00, 0x00, 0x00, 0x00, 0x20, 0x25, 0x20, 0x2F, 0x20, 0x1E, 0x1B, 0x77, 0x1F, 0x1F, 0x1E, 0xB1,
    0x1E, 0x1E, 0x1C, 0xD0, 0x1E, 0x1D, 0x1C, 0xC8, 0x20, 0x21, 0x1E, 0xBE, 0x2B, 0x2B, 0x29, 0xCB,
    0x31, 0x30, 0x2D, 0xD9, 0x33, 0x31, 0x30, 0xED, 0x32, 0x31, 0x2D, 0xFD, 0x2C, 0x2A, 0x26, 0xFF,
    0x27, 0x26, 0x21, 0xF9, 0x29, 0x28, 0x25, 0xFD, 0x2B, 0x29, 0x27, 0xFF, 0x29, 0x25, 0x25, 0xFF,
    0x24, 0x22, 0x21, 0xFD, 0x24, 0x21, 0x20, 0xFD, 0x25, 0x22, 0x22, 0xFF, 0x21, 0x20, 0x1E, 0xF7,
    0x18, 0x17, 0x17, 0xA5, 0x00, 0x00, 0x00, 0x40, 0x57, 0x57, 0x57, 0x29, 0x84, 0x7E, 0x7B, 0xAB,
    0x93, 0x8E, 0x8A, 0xFF, 0x8D, 0x89, 0x87, 0xFF, 0x85, 0x81, 0x7F, 0xFC, 0x8A, 0x85, 0x85, 0xFF,
    0x9D, 0x99, 0x98, 0xFF, 0xAE, 0xAA, 0xA9, 0xFF, 0xBD, 0xB9, 0xB6, 0xFF, 0x9C, 0x99, 0x96, 0xD7,
    0xC5, 0xC2, 0xBE, 0xFE, 0xB7, 0xB3, 0xAF, 0xFF, 0xBE, 0xB9, 0xB4, 0xFF, 0x5B, 0x56, 0x52, 0xFF,
    0x27, 0x25, 0x23, 0xFD, 0x38, 0x35, 0x33, 0xFF, 0x4A, 0x46, 0x46, 0xCE, 0x00, 0x00, 0x00, 0x00,
    0xFF, 0xFF, 0xFF, 0x01, 0x00, 0x00, 0x00, 0x00, 0x00, 0x00, 0x00, 0x00, 0x00, 0x00, 0x00, 0x00,
    0x00, 0x00, 0x00, 0x00, 0x00, 0x00, 0x00, 0x00, 0x00, 0x00, 0x00, 0x00, 0x00, 0x00, 0x00, 0x00,
    0x00, 0x00, 0x00, 0x00, 0x00, 0x00, 0x00, 0x00, 0x00, 0x00, 0x00, 0x00, 0x00, 0x00, 0x00, 0x00,
    0x00, 0x00, 0x00, 0x00, 0x00, 0x00, 0x00, 0x00, 0x00, 0x00, 0x00, 0x00, 0x00, 0x00, 0x00, 0x00,
    0x00, 0x00, 0x00, 0x00, 0x00, 0x00, 0x00, 0x00, 0x00, 0x00, 0x00, 0x00, 0x00, 0x00, 0x00, 0x00,
    0x00, 0x00, 0x00, 0x00, 0x00, 0x00, 0x00, 0x00, 0x00, 0x00, 0x00, 0x00, 0x3F, 0x3F, 0x3F, 0x04,
    0x00, 0x00, 0x00, 0x00, 0x33, 0x33, 0x2D, 0x82, 0x36, 0x34, 0x30, 0xFF, 0x26, 0x23, 0x22, 0xFB,
    0x4F, 0x4A, 0x46, 0xFF, 0xB7, 0xB2, 0xAE, 0xFF, 0x8D, 0x88, 0x85, 0xFE, 0x39, 0x35, 0x32, 0xFF,
    0x37, 0x34, 0x31, 0xF1, 0x37, 0x35, 0x33, 0xF3, 0x3B, 0x37, 0x36, 0xFF, 0x3F, 0x3A, 0x3A, 0xFF,
    0x43, 0x40, 0x3C, 0xFE, 0x46, 0x42, 0x3E, 0xFF, 0x50, 0x4D, 0x49, 0xFF, 0x4D, 0x4C, 0x49, 0xA7,
    0x3F, 0x3F, 0x3F, 0x20, 0x00, 0x00, 0x00, 0x04, 0x12, 0x12, 0x09, 0x1B, 0x18, 0x18, 0x13, 0x35,
    0x12, 0x12, 0x0E, 0x46, 0x11, 0x11, 0x0E, 0x48, 0x10, 0x10, 0x10, 0x2E, 0x00, 0x00, 0x00, 0x05,
    0x00, 0x00, 0x00, 0x05, 0x00, 0x00, 0x00, 0x0A, 0x00, 0x00, 0x00, 0x13, 0x06, 0x06, 0x06, 0x28,
    0x15, 0x15, 0x11, 0x47, 0x1C, 0x19, 0x17, 0x76, 0x21, 0x20, 0x1C, 0x8F, 0x1F, 0x1F, 0x1B, 0x78,
    0x1A, 0x1A, 0x17, 0x4C, 0x22, 0x22, 0x1F, 0x78, 0x1D, 0x1B, 0x1B, 0x81, 0x20, 0x1D, 0x1A, 0x5F,
    0x1F, 0x1C, 0x1C, 0x59, 0x24, 0x24, 0x1F, 0x38, 0x22, 0x22, 0x1C, 0x2C, 0x22, 0x22, 0x22, 0x0F,
    0x00, 0x00, 0x00, 0x00, 0x00, 0x00, 0x00, 0x00, 0x00, 0x00, 0x00, 0x00, 0x00, 0x00, 0x00, 0x00,
    0x00, 0x00, 0x00, 0x00, 0x00, 0x00, 0x00, 0x00, 0x00, 0x00, 0x00, 0x00, 0x00, 0x00, 0x00, 0x0B,
    0x14, 0x14, 0x14, 0x19, 0x17, 0x17, 0x11, 0x2B, 0x1C, 0x1C, 0x17, 0x2C, 0x19, 0x1C, 0x15, 0x47,
    0x1A, 0x1A, 0x15, 0x61, 0x1E, 0x1E, 0x19, 0x66, 0x1B, 0x1D, 0x18, 0x71, 0x1D, 0x1B, 0x16, 0x7A,
    0x1C, 0x1C, 0x18, 0x7F, 0x1A, 0x1B, 0x16, 0x89, 0x1B, 0x1A, 0x18, 0x93, 0x1A, 0x1A, 0x16, 0x93,
    0x18, 0x18, 0x14, 0x89, 0x16, 0x14, 0x11, 0x93, 0x14, 0x14, 0x0F, 0x94, 0x14, 0x14, 0x0D, 0x97,
    0x13, 0x12, 0x0E, 0x9B, 0x14, 0x12, 0x0D, 0x98, 0x13, 0x0F, 0x0D, 0x85, 0x11, 0x0F, 0x0C, 0x66,
    0x0E, 0x0E, 0x0E, 0x46, 0x0B, 0x00, 0x00, 0x16, 0x00, 0x00, 0x00, 0x01, 0x01, 0x01, 0x01, 0x00,
    0x29, 0x29, 0x23, 0x2B, 0x28, 0x26, 0x24, 0x7F, 0x27, 0x27, 0x24, 0xCF, 0x28, 0x27, 0x25, 0xEB,
    0x29, 0x28, 0x26, 0xE9, 0x2C, 0x2B, 0x29, 0xD3, 0x35, 0x32, 0x31, 0xC9, 0x3B, 0x3A, 0x37, 0xED,
    0x38, 0x36, 0x32, 0xFB, 0x2E, 0x2B, 0x27, 0xF9, 0x27, 0x24, 0x23, 0xF7, 0x26, 0x25, 0x22, 0xF4,
    0x28, 0x26, 0x24, 0xFA, 0x29, 0x25, 0x24, 0xFF, 0x25, 0x23, 0x22, 0xFF, 0x23, 0x22, 0x20, 0xFF,
    0x23, 0x22, 0x21, 0xFF, 0x21, 0x20, 0x1F, 0xFE, 0x19, 0x19, 0x17, 0xA3, 0x00, 0x00, 0x00, 0x21,
    0x70, 0x6D, 0x68, 0x5D, 0x8B, 0x88, 0x85, 0xED, 0x94, 0x90, 0x8C, 0xFF, 0x8B, 0x87, 0x86, 0xFC,
    0x9E, 0x9A, 0x98, 0xFF, 0xB2, 0xAE, 0xAB, 0xFF, 0xAF, 0xAC, 0xAA, 0xF6, 0xA2, 0x9E, 0x9C, 0xD6,
    0xD2, 0xCE, 0xCA, 0xFF, 0xB4, 0xB1, 0xAC, 0xFE, 0xBF, 0xBC, 0xB8, 0xFF, 0x61, 0x5B, 0x57, 0xFF,
    0x28, 0x26, 0x24, 0xFD, 0x36, 0x33, 0x32, 0xFF, 0x4A, 0x49, 0x46, 0xCE, 0x00, 0x00, 0x00, 0x00,
    0x00, 0x00, 0x00, 0x01, 0x00, 0x00, 0x00, 0x00, 0x00, 0x00, 0x00, 0x00, 0x00, 0x00, 0x00, 0x00,
    0x00, 0x00, 0x00, 0x00, 0x00, 0x00, 0x00, 0x00, 0x00, 0x00, 0x00, 0x00, 0x00, 0x00, 0x00, 0x00,
    0x00, 0x00, 0x00, 0x00, 0x00, 0x00, 0x00, 0x00, 0x00, 0x00, 0x00, 0x00, 0x00, 0x00, 0x00, 0x00,
    0x00, 0x00, 0x00, 0x00, 0x00, 0x00, 0x00, 0x00, 0x00, 0x00, 0x00, 0x00, 0x00, 0x00, 0x00, 0x00,
    0x00, 0x00, 0x00, 0x00, 0x00, 0x00, 0x00, 0x00, 0x00, 0x00, 0x00, 0x00, 0x00, 0x00, 0x00, 0x00,
    0x00, 0x00, 0x00, 0x00, 0x00, 0x00, 0x00, 0x00, 0x00, 0x00, 0x00, 0x00, 0x3F, 0x3F, 0x3F, 0x04,
    0x00, 0x00, 0x00, 0x00, 0x35, 0x33, 0x30, 0x94, 0x36, 0x34, 0x30, 0xFF, 0x28, 0x24, 0x22, 0xFB,
    0x54, 0x4F, 0x4B, 0xFF, 0xBB, 0xB7, 0xB2, 0xFF, 0x89, 0x83, 0x80, 0xFF, 0x38, 0x34, 0x30, 0xFF,
    0x36, 0x33, 0x30, 0xF8, 0x38, 0x34, 0x32, 0xDF, 0x3B, 0x36, 0x36, 0xFF, 0x3F, 0x3A, 0x3A, 0xFD,
    0x45, 0x41, 0x3D, 0xFF, 0x4D, 0x4A, 0x46, 0xF9, 0x4C, 0x4C, 0x4A, 0x6E, 0x1C, 0x1F, 0x1F, 0x59,
    0x19, 0x1B, 0x1B, 0xAA, 0x18, 0x18, 0x16, 0x9F, 0x1C, 0x1C, 0x1B, 0xD5, 0x19, 0x19, 0x17, 0x8E,
    0x15, 0x15, 0x0E, 0x24, 0x00, 0x00, 0x00, 0x00, 0x00, 0x00, 0x00, 0x00, 0x00, 0x00, 0x00, 0x11,
    0x09, 0x09, 0x09, 0x36, 0x14, 0x12, 0x0F, 0x71, 0x1B, 0x18, 0x17, 0xB0, 0x1F, 0x1D, 0x1A, 0xBD,
    0x21, 0x20, 0x20, 0xA6, 0x23, 0x21, 0x1F, 0x72, 0x25, 0x20, 0x1C, 0x3E, 0x1C, 0x1C, 0x1C, 0x12,
    0x00, 0x00, 0x00, 0x01, 0x00, 0x00, 0x00, 0x00, 0x00, 0x00, 0x00, 0x00, 0x00, 0x00, 0x00, 0x00,
    0x00, 0x00, 0x00, 0x00, 0x00, 0x00, 0x00, 0x00, 0x00, 0x00, 0x00, 0x00, 0x00, 0x00, 0x00, 0x00,
    0x24, 0x24, 0x24, 0x15, 0x24, 0x24, 0x1F, 0x38, 0x24, 0x24, 0x1E, 0x5B, 0x25, 0x25, 0x21, 0x79,
    0x25, 0x25, 0x20, 0x9D, 0x26, 0x27, 0x21, 0xC0, 0x27, 0x27, 0x21, 0xD0, 0x27, 0x26, 0x21, 0xE4,
    0x28, 0x28, 0x20, 0xF1, 0x26, 0x26, 0x1F, 0xF9, 0x25, 0x24, 0x1F, 0xFA, 0x26, 0x25, 0x1F, 0xFF,
    0x26, 0x26, 0x1F, 0xFF, 0x24, 0x24, 0x1F, 0xF3, 0x25, 0x25, 0x1F, 0xF3, 0x29, 0x28, 0x22, 0xFE,
    0x2B, 0x2B, 0x25, 0xFF, 0x2C, 0x2C, 0x26, 0xFF, 0x2D, 0x2D, 0x27, 0xFF, 0x2E, 0x2E, 0x27, 0xFF,
    0x2F, 0x2F, 0x28, 0xF9, 0x2F, 0x2E, 0x29, 0xF5, 0x30, 0x31, 0x29, 0xEF, 0x2F, 0x2F, 0x2B, 0xE6,
    0x2E, 0x2D, 0x28, 0xDA, 0x2C, 0x2A, 0x25, 0xDA, 0x29, 0x28, 0x22, 0xC5, 0x23, 0x23, 0x1D, 0xBD,
    0x1E, 0x1E, 0x1B, 0xB0, 0x1A, 0x1A, 0x16, 0xAC, 0x18, 0x18, 0x13, 0xA6, 0x16, 0x16, 0x13, 0x91,
    0x16, 0x13, 0x10, 0x5B, 0x0E, 0x0E, 0x07, 0x24, 0x11, 0x11, 0x11, 0x0F, 0x32, 0x32, 0x32, 0x33,
    0x31, 0x31, 0x2E, 0x85, 0x31, 0x2D, 0x2C, 0xD4, 0x2E, 0x2D, 0x28, 0xEE, 0x26, 0x26, 0x25, 0xC0,
    0x3B, 0x3A, 0x38, 0xE6, 0x4B, 0x48, 0x44, 0xFF, 0x3A, 0x37, 0x34, 0xFF, 0x2C, 0x27, 0x25, 0xF3,
    0x23, 0x20, 0x1D, 0xEB, 0x24, 0x21, 0x20, 0xE2, 0x28, 0x26, 0x25, 0xF0, 0x28, 0x25, 0x23, 0xFF,
    0x23, 0x22, 0x20, 0xFF, 0x22, 0x20, 0x1F, 0xFE, 0x26, 0x25, 0x24, 0xFF, 0x22, 0x21, 0x21, 0xEB,
    0x11, 0x0F, 0x0F, 0x85, 0x2C, 0x28, 0x25, 0x4B, 0x87, 0x83, 0x80, 0xC9, 0x9B, 0x96, 0x95, 0xFF,
    0x9B, 0x97, 0x95, 0xFB, 0xB6, 0xB1, 0xAF, 0xFF, 0xA0, 0x9D, 0x99, 0xE8, 0xAB, 0xA9, 0xA5, 0xE6,
    0xD6, 0xD1, 0xCF, 0xFF, 0xB4, 0xB0, 0xAF, 0xFE, 0xC2, 0xBF, 0xBC, 0xFF, 0x67, 0x61, 0x5D, 0xFF,
    0x29, 0x26, 0x25, 0xFD, 0x34, 0x31, 0x30, 0xFF, 0x4B, 0x4A, 0x47, 0xCE, 0x00, 0x00, 0x00, 0x00,
    0x00, 0x00, 0x00, 0x01, 0x00, 0x00, 0x00, 0x00, 0x00, 0x00, 0x00, 0x00, 0x00, 0x00, 0x00, 0x00,
    0x00, 0x00, 0x00, 0x00, 0x00, 0x00, 0x00, 0x00, 0x00, 0x00, 0x00, 0x00, 0x00, 0x00, 0x00, 0x00,
    0x00, 0x00, 0x00, 0x00, 0x00, 0x00, 0x00, 0x00, 0x00, 0x00, 0x00, 0x00, 0x00, 0x00, 0x00, 0x00,
    0x00, 0x00, 0x00, 0x00, 0x00, 0x00, 0x00, 0x00, 0x00, 0x00, 0x00, 0x00, 0x00, 0x00, 0x00, 0x00,
    0x00, 0x00, 0x00, 0x00, 0x00, 0x00, 0x00, 0x00, 0x00, 0x00, 0x00, 0x00, 0x00, 0x00, 0x00, 0x00,
    0x00, 0x00, 0x00, 0x00, 0x00, 0x00, 0x00, 0x00, 0x00, 0x00, 0x00, 0x00, 0x3F, 0x3F, 0x3F, 0x04,
    0x00, 0x00, 0x00, 0x00, 0x3A, 0x37, 0x34, 0x93, 0x35, 0x32, 0x30, 0xFF, 0x27, 0x25, 0x21, 0xFB,
    0x5A, 0x54, 0x51, 0xFF, 0xBF, 0xB9, 0xB6, 0xFF, 0x83, 0x7F, 0x7B, 0xFF, 0x37, 0x34, 0x30, 0xFE,
    0x35, 0x33, 0x2F, 0xFF, 0x36, 0x34, 0x33, 0xCD, 0x37, 0x32, 0x34, 0xF9, 0x40, 0x3C, 0x3B, 0xFF,
    0x4B, 0x48, 0x46, 0xF6, 0x38, 0x38, 0x36, 0x7A, 0x0B, 0x0B, 0x0B, 0x57, 0x3F, 0x3E, 0x3D, 0xFF,
    0x23, 0x23, 0x22, 0xF1, 0x1C, 0x1C, 0x1A, 0xE6, 0x26, 0x25, 0x23, 0xA4, 0x00, 0x00, 0x00, 0x00,
    0x00, 0x00, 0x00, 0x00, 0x00, 0x00, 0x00, 0x0F, 0x09, 0x09, 0x04, 0x34, 0x17, 0x15, 0x13, 0x77,
    0x1C, 0x1A, 0x18, 0xB0, 0x21, 0x1E, 0x1D, 0xA7, 0x23, 0x21, 0x1F, 0x73, 0x22, 0x22, 0x22, 0x2C,
    0x00, 0x00, 0x00, 0x00, 0x00, 0x00, 0x00, 0x00, 0x00, 0x00, 0x00, 0x00, 0x00, 0x00, 0x00, 0x00,
    0x00, 0x00, 0x00, 0x00, 0x00, 0x00, 0x00, 0x00, 0x1C, 0x1C, 0x1C, 0x09, 0x26, 0x26, 0x1F, 0x28,
    0x23, 0x23, 0x1D, 0x57, 0x23, 0x23, 0x20, 0x87, 0x23, 0x23, 0x1E, 0xB5, 0x23, 0x24, 0x1E, 0xD3,
    0x22, 0x22, 0x1D, 0xE4, 0x21, 0x20, 0x1B, 0xEB, 0x20, 0x20, 0x1A, 0xE3, 0x1F, 0x1F, 0x1A, 0xE3,
    0x1F, 0x1E, 0x1B, 0xE0, 0x20, 0x1F, 0x19, 0xDB, 0x1D, 0x1D, 0x19, 0xC5, 0x1D, 0x1C, 0x18, 0xBD,
    0x1B, 0x19, 0x15, 0xBB, 0x19, 0x19, 0x14, 0xA1, 0x17, 0x17, 0x12, 0x9A, 0x16, 0x16, 0x12, 0x96,
    0x14, 0x14, 0x0F, 0x92, 0x22, 0x21, 0x1B, 0xD8, 0x27, 0x26, 0x20, 0xE4, 0x1C, 0x1C, 0x17, 0xCD,
    0x18, 0x18, 0x13, 0xBA, 0x1A, 0x19, 0x15, 0xC0, 0x1A, 0x1A, 0x15, 0xCD, 0x1C, 0x1B, 0x16, 0xD5,
    0x1E, 0x1D, 0x18, 0xE1, 0x1F, 0x1E, 0x1A, 0xE8, 0x22, 0x21, 0x1C, 0xF2, 0x25, 0x23, 0x1E, 0xF8,
    0x27, 0x26, 0x22, 0xFF, 0x2A, 0x2A, 0x24, 0xFF, 0x2C, 0x2C, 0x26, 0xFF, 0x2E, 0x2D, 0x28, 0xFF,
    0x30, 0x2F, 0x2A, 0xFF, 0x2E, 0x2F, 0x29, 0xFB, 0x30, 0x30, 0x2A, 0xF7, 0x2F, 0x2F, 0x2A, 0xFF,
    0x2F, 0x2E, 0x28, 0xFF, 0x2C, 0x2C, 0x26, 0xFF, 0x28, 0x28, 0x22, 0xD7, 0x24, 0x24, 0x1E, 0x84,
    0x0D, 0x0D, 0x0D, 0x25, 0x00, 0x00, 0x00, 0x02, 0x31, 0x31, 0x2C, 0x39, 0x27, 0x27, 0x23, 0x7A,
    0x2C, 0x28, 0x28, 0x3F, 0x42, 0x3F, 0x3D, 0x8D, 0x43, 0x40, 0x3F, 0xEA, 0x49, 0x45, 0x43, 0xFF,
    0x41, 0x3C, 0x3A, 0xFF, 0x33, 0x2E, 0x2B, 0xFA, 0x24, 0x22, 0x20, 0xE4, 0x20, 0x1E, 0x1C, 0xD7,
    0x27, 0x25, 0x23, 0xF0, 0x28, 0x27, 0x24, 0xFE, 0x27, 0x25, 0x24, 0xFE, 0x21, 0x20, 0x1E, 0xF2,
    0x2A, 0x27, 0x25, 0xFF, 0x34, 0x33, 0x32, 0xE0, 0x10, 0x14, 0x14, 0x3F, 0x82, 0x7E, 0x7B, 0xAE,
    0xA4, 0x9F, 0x9D, 0xFF, 0xB5, 0xB0, 0xAC, 0xFC, 0x95, 0x92, 0x8F, 0xD5, 0xBB, 0xB7, 0xB4, 0xF4,
    0xD2, 0xCF, 0xCA, 0xFF, 0xB5, 0xB1, 0xAF, 0xFF, 0xC6, 0xC2, 0xBE, 0xFF, 0x6B, 0x67, 0x63, 0xFF,
    0x2A, 0x27, 0x26, 0xFD, 0x30, 0x2E, 0x2C, 0xFF, 0x4A, 0x49, 0x46, 0xCE, 0x00, 0x00, 0x00, 0x00,
    0x00, 0x00, 0x00, 0x01, 0x00, 0x00, 0x00, 0x00, 0x00, 0x00, 0x00, 0x00, 0x00, 0x00, 0x00, 0x00,
    0x00, 0x00, 0x00, 0x00, 0x00, 0x00, 0x00, 0x00, 0x00, 0x00, 0x00, 0x00, 0x00, 0x00, 0x00, 0x00,
    0x00, 0x00, 0x00, 0x00, 0x00, 0x00, 0x00, 0x00, 0x00, 0x00, 0x00, 0x00, 0x00, 0x00, 0x00, 0x00,
    0x00, 0x00, 0x00, 0x00, 0x00, 0x00, 0x00, 0x00, 0x00, 0x00, 0x00, 0x00, 0x00, 0x00, 0x00, 0x00,
    0x00, 0x00, 0x00, 0x00, 0x00, 0x00, 0x00, 0x00, 0x00, 0x00, 0x00, 0x00, 0x00, 0x00, 0x00, 0x00,
    0x00, 0x00, 0x00, 0x00, 0x00, 0x00, 0x00, 0x00, 0x00, 0x00, 0x00, 0x00, 0x3F, 0x3F, 0x3F, 0x04,
    0x00, 0x00, 0x00, 0x00, 0x3D, 0x39, 0x36, 0x92, 0x32, 0x2F, 0x2E, 0xFF, 0x27, 0x25, 0x22, 0xFB,
    0x5C, 0x58, 0x55, 0xFF, 0xC1, 0xBC, 0xB9, 0xFF, 0x80, 0x7B, 0x77, 0xFF, 0x37, 0x34, 0x30, 0xFD,
    0x37, 0x33, 0x31, 0xFF, 0x37, 0x33, 0x32, 0xD3, 0x36, 0x31, 0x31, 0xE6, 0x42, 0x3F, 0x3F, 0xF9,
    0x2E, 0x2E, 0x2D, 0xB9, 0x21, 0x21, 0x21, 0xD5, 0x2B, 0x2B, 0x28, 0xF8, 0x45, 0x44, 0x41, 0xFD,
    0x2A, 0x29, 0x28, 0xFA, 0x24, 0x24, 0x21, 0xD8, 0x2A, 0x2A, 0x2A, 0x06, 0x00, 0x00, 0x00, 0x08,
    0x09, 0x0E, 0x09, 0x34, 0x19, 0x18, 0x16, 0x8A, 0x1F, 0x1C, 0x1C, 0xB1, 0x22, 0x20, 0x1E, 0x86,
    0x23, 0x23, 0x1E, 0x3A, 0x00, 0x00, 0x00, 0x00, 0x00, 0x00, 0x00, 0x00, 0x00, 0x00, 0x00, 0x00,
    0x00, 0x00, 0x00, 0x00, 0x00, 0x00, 0x00, 0x00, 0x00, 0x00, 0x00, 0x03, 0x28, 0x28, 0x21, 0x26,
    0x24, 0x24, 0x21, 0x5B, 0x21, 0x23, 0x1F, 0x91, 0x21, 0x20, 0x1C, 0xB5, 0x1E, 0x1E, 0x19, 0xCE,
    0x1E, 0x1E, 0x1A, 0xD7, 0x1C, 0x1C, 0x18, 0xBB, 0x18, 0x1A, 0x15, 0x9A, 0x17, 0x17, 0x13, 0x82,
    0x14, 0x12, 0x0F, 0x70, 0x0F, 0x0F, 0x0D, 0x61, 0x0E, 0x0E, 0x0B, 0x58, 0x0F, 0x0F, 0x0D, 0x60,
    0x14, 0x12, 0x10, 0x6E, 0x15, 0x15, 0x11, 0x74, 0x17, 0x19, 0x15, 0x78, 0x1C, 0x1A, 0x17, 0x8E,
    0x1D, 0x1B, 0x18, 0x9D, 0x1F, 0x1F, 0x1A, 0x9C, 0x22, 0x20, 0x1C, 0xAC, 0x21, 0x22, 0x1D, 0xB8,
    0x23, 0x23, 0x1E, 0xB2, 0x2B, 0x29, 0x23, 0xF1, 0x2E, 0x2D, 0x27, 0xFC, 0x29, 0x28, 0x21, 0xDF,
    0x26, 0x26, 0x1E, 0xCE, 0x25, 0x25, 0x20, 0xCD, 0x26, 0x25, 0x20, 0xD5, 0x25, 0x24, 0x1F, 0xD2,
    0x23, 0x23, 0x1E, 0xD0, 0x22, 0x22, 0x1E, 0xD1, 0x20, 0x1F, 0x1C, 0xD1, 0x20, 0x1F, 0x1A, 0xD5,
    0x1E, 0x1D, 0x18, 0xD3, 0x1C, 0x1C, 0x17, 0xDA, 0x1A, 0x1A, 0x15, 0xD7, 0x1B, 0x19, 0x15, 0xD9,
    0x1C, 0x1B, 0x18, 0xE6, 0x20, 0x1F, 0x19, 0xF6, 0x25, 0x26, 0x20, 0xFF, 0x2C, 0x2C, 0x26, 0xFF,
    0x33, 0x34, 0x2C, 0xFD, 0x38, 0x39, 0x32, 0xFF, 0x3B, 0x3C, 0x35, 0xFF, 0x3C, 0x3D, 0x35, 0xFF,
    0x34, 0x34, 0x2F, 0xFF, 0x2B, 0x2A, 0x28, 0x97, 0x20, 0x20, 0x20, 0x46, 0x00, 0x00, 0x00, 0x00,
    0x00, 0x00, 0x00, 0x00, 0x00, 0x00, 0x00, 0x00, 0x1F, 0x1F, 0x1F, 0x29, 0x3E, 0x3A, 0x38, 0x82,
    0x41, 0x3F, 0x3C, 0xD6, 0x3E, 0x3A, 0x38, 0xD4, 0x3F, 0x3D, 0x38, 0xE8, 0x34, 0x32, 0x2F, 0xF9,
    0x28, 0x25, 0x23, 0xF6, 0x26, 0x23, 0x20, 0xF8, 0x2C, 0x2B, 0x29, 0xF6, 0x1F, 0x1E, 0x1A, 0xC3,
    0x25, 0x24, 0x22, 0xE8, 0x39, 0x37, 0x36, 0xFF, 0x3A, 0x37, 0x36, 0xE0, 0x0C, 0x0C, 0x0C, 0x65,
    0x87, 0x83, 0x80, 0xB3, 0xB5, 0xB0, 0xAE, 0xFF, 0x8D, 0x89, 0x87, 0xCF, 0xC8, 0xC4, 0xC0, 0xFF,
    0xD0, 0xCC, 0xC8, 0xFF, 0xB6, 0xB3, 0xB0, 0xFF, 0xC7, 0xC3, 0xBF, 0xFF, 0x6F, 0x6B, 0x66, 0xFF,
    0x2A, 0x28, 0x26, 0xFD, 0x2F, 0x2D, 0x2B, 0xFF, 0x4B, 0x49, 0x46, 0xCD, 0x00, 0x00, 0x00, 0x00,
    0x00, 0x00, 0x00, 0x01, 0x00, 0x00, 0x00, 0x00, 0x00, 0x00, 0x00, 0x00, 0x00, 0x00, 0x00, 0x00,
    0x00, 0x00, 0x00, 0x00, 0x00, 0x00, 0x00, 0x00, 0x00, 0x00, 0x00, 0x00, 0x00, 0x00, 0x00, 0x00,
    0x00, 0x00, 0x00, 0x00, 0x00, 0x00, 0x00, 0x00, 0x00, 0x00, 0x00, 0x00, 0x00, 0x00, 0x00, 0x00,
    0x00, 0x00, 0x00, 0x00, 0x00, 0x00, 0x00, 0x00, 0x00, 0x00, 0x00, 0x00, 0x00, 0x00, 0x00, 0x00,
    0x00, 0x00, 0x00, 0x00, 0x00, 0x00, 0x00, 0x00, 0x00, 0x00, 0x00, 0x00, 0x00, 0x00, 0x00, 0x00,
    0x00, 0x00, 0x00, 0x00, 0x00, 0x00, 0x00, 0x00, 0x00, 0x00, 0x00, 0x00, 0x3F, 0x3F, 0x3F, 0x04,
    0x00, 0x00, 0x00, 0x00, 0x3E, 0x3A, 0x35, 0x98, 0x31, 0x2E, 0x2C, 0xFF, 0x26, 0x25, 0x22, 0xFB,
    0x64, 0x5E, 0x5A, 0xFF, 0xC5, 0xC0, 0xBC, 0xFF, 0x7C, 0x77, 0x73, 0xFF, 0x39, 0x35, 0x33, 0xFF,
    0x37, 0x32, 0x31, 0xFE, 0x35, 0x33, 0x31, 0xEF, 0x3A, 0x39, 0x39, 0xBB, 0x2D, 0x2A, 0x2A, 0xB5,
    0x15, 0x17, 0x14, 0xC7, 0x31, 0x30, 0x2F, 0xFF, 0x33, 0x32, 0x30, 0xFF, 0x3E, 0x3C, 0x3A, 0xFC,
    0x37, 0x36, 0x35, 0xFF, 0x21, 0x21, 0x21, 0x5C, 0x0D, 0x0A, 0x06, 0x4A, 0x1C, 0x1D, 0x1A, 0xA2,
    0x20, 0x20, 0x1E, 0xB2, 0x23, 0x1F, 0x1F, 0x72, 0x27, 0x27, 0x27, 0x1A, 0x00, 0x00, 0x00, 0x00,
    0x00, 0x00, 0x00, 0x00, 0x00, 0x00, 0x00, 0x00, 0x00, 0x00, 0x00, 0x00, 0x1F, 0x1F, 0x1F, 0x08,
    0x22, 0x22, 0x1E, 0x3B, 0x21, 0x21, 0x1F, 0x7A, 0x22, 0x22, 0x1E, 0xA9, 0x21, 0x20, 0x1C, 0xCD,
    0x20, 0x20, 0x1C, 0xD4, 0x23, 0x23, 0x1D, 0xDA, 0x26, 0x28, 0x22, 0xE1, 0x2B, 0x2C, 0x25, 0xEC,
    0x2A, 0x2A, 0x24, 0xEB, 0x18, 0x18, 0x15, 0x55, 0x1A, 0x1A, 0x17, 0x4C, 0x20, 0x1E, 0x1C, 0x7D,
    0x22, 0x24, 0x1F, 0x94, 0x27, 0x27, 0x23, 0xB5, 0x2A, 0x29, 0x23, 0xD1, 0x29, 0x29, 0x25, 0xE3,
    0x2C, 0x2B, 0x25, 0xF3, 0x2D, 0x2C, 0x27, 0xF7, 0x2E, 0x2E, 0x28, 0xFD, 0x31, 0x31, 0x2B, 0xFF,
    0x32, 0x32, 0x2C, 0xFF, 0x34, 0x34, 0x2E, 0xFF, 0x35, 0x34, 0x2D, 0xFF, 0x35, 0x36, 0x2F, 0xFF,
    0x37, 0x37, 0x30, 0xFF, 0x34, 0x35, 0x2E, 0xFF, 0x34, 0x35, 0x2D, 0xFF, 0x38, 0x38, 0x31, 0xFF,
    0x39, 0x39, 0x33, 0xFF, 0x39, 0x3A, 0x33, 0xFF, 0x3C, 0x3B, 0x35, 0xFF, 0x3D, 0x3C, 0x36, 0xFF,
    0x3D, 0x3C, 0x36, 0xFF, 0x3C, 0x3C, 0x36, 0xFF, 0x3C, 0x3B, 0x36, 0xFF, 0x3B, 0x3B, 0x35, 0xFF,
    0x3A, 0x39, 0x33, 0xFF, 0x37, 0x37, 0x31, 0xFC, 0x36, 0x34, 0x2F, 0xF9, 0x33, 0x31, 0x2C, 0xF3,
    0x2E, 0x2D, 0x29, 0xEB, 0x2C, 0x2C, 0x25, 0xF3, 0x29, 0x29, 0x23, 0xFA, 0x29, 0x27, 0x22, 0xFE,
    0x26, 0x26, 0x1F, 0xFF, 0x29, 0x29, 0x23, 0xFF, 0x32, 0x31, 0x2B, 0xFD, 0x3B, 0x39, 0x32, 0xFB,
    0x3F, 0x3D, 0x38, 0xFF, 0x3F, 0x3C, 0x38, 0xFF, 0x3D, 0x3A, 0x36, 0xFF, 0x2E, 0x2C, 0x28, 0xBC,
    0x34, 0x30, 0x30, 0x3A, 0xAA, 0xAA, 0xAA, 0x03, 0x00, 0x00, 0x00, 0x00, 0x00, 0x00, 0x00, 0x00,
    0x1E, 0x1E, 0x19, 0x33, 0x38, 0x38, 0x34, 0xCB, 0x3B, 0x3A, 0x36, 0xD6, 0x41, 0x3F, 0x3B, 0xD1,
    0x46, 0x43, 0x3F, 0xE9, 0x3A, 0x37, 0x34, 0xFD, 0x27, 0x25, 0x23, 0xF4, 0x17, 0x17, 0x14, 0xAB,
    0x23, 0x22, 0x1E, 0xD6, 0x21, 0x20, 0x1D, 0xFB, 0x34, 0x32, 0x30, 0xFF, 0x36, 0x34, 0x33, 0xFA,
    0x25, 0x25, 0x25, 0x5F, 0x88, 0x83, 0x80, 0x9F, 0x9C, 0x98, 0x95, 0xEA, 0xCE, 0xCA, 0xC7, 0xFF,
    0xD1, 0xCE, 0xCB, 0xFE, 0xB9, 0xB6, 0xB2, 0xFF, 0xC6, 0xC3, 0xBF, 0xFF, 0x73, 0x6F, 0x6A, 0xFF,
    0x2B, 0x28, 0x26, 0xFD, 0x2E, 0x2C, 0x2A, 0xFF, 0x49, 0x47, 0x44, 0xDB, 0x00, 0x2A, 0x2A, 0x06,
    0x00, 0x00, 0x00, 0x00, 0x00, 0x00, 0x00, 0x01, 0x00, 0x00, 0x00, 0x00, 0x00, 0x00, 0x00, 0x00,
    0x00, 0x00, 0x00, 0x00, 0x00, 0x00, 0x00, 0x00, 0x00, 0x00, 0x00, 0x00, 0x00, 0x00, 0x00, 0x00,
    0x00, 0x00, 0x00, 0x00, 0x00, 0x00, 0x00, 0x00, 0x00, 0x00, 0x00, 0x00, 0x00, 0x00, 0x00, 0x00,
    0x00, 0x00, 0x00, 0x00, 0x00, 0x00, 0x00, 0x00, 0x00, 0x00, 0x00, 0x00, 0x00, 0x00, 0x00, 0x00,
    0x00, 0x00, 0x00, 0x00, 0x00, 0x00, 0x00, 0x00, 0x00, 0x00, 0x00, 0x00, 0x00, 0x00, 0x00, 0x00,
    0x00, 0x00, 0x00, 0x00, 0x00, 0x00, 0x00, 0x00, 0x00, 0x00, 0x00, 0x00, 0x55, 0x55, 0x55, 0x03,
    0x00, 0x00, 0x00, 0x00, 0x39, 0x37, 0x33, 0xAA, 0x30, 0x2D, 0x2B, 0xFF, 0x28, 0x26, 0x24, 0xFD,
    0x68, 0x62, 0x5F, 0xFE, 0xC6, 0xC1, 0xBE, 0xFF, 0x76, 0x71, 0x6F, 0xFF, 0x3A, 0x36, 0x33, 0xFF,
    0x37, 0x33, 0x30, 0xFE, 0x3A, 0x38, 0x35, 0xFF, 0x35, 0x37, 0x35, 0x9D, 0x1C, 0x19, 0x19, 0xE7,
    0x2D, 0x28, 0x28, 0xF9, 0x38, 0x35, 0x34, 0xFD, 0x2E, 0x2B, 0x2A, 0xFD, 0x3F, 0x3C, 0x3A, 0xFF,
    0x3B, 0x3B, 0x3A, 0xD5, 0x15, 0x15, 0x13, 0x85, 0x24, 0x22, 0x20, 0xD9, 0x27, 0x27, 0x25, 0x7A,
    0x26, 0x26, 0x26, 0x14, 0x00, 0x00, 0x00, 0x00, 0x00, 0x00, 0x00, 0x00, 0x00, 0x00, 0x00, 0x00,
    0x00, 0x00, 0x00, 0x01, 0x21, 0x21, 0x21, 0x2E, 0x22, 0x1F, 0x1D, 0x70, 0x1F, 0x1F, 0x1A, 0x91,
    0x1C, 0x1A, 0x18, 0x8F, 0x17, 0x19, 0x14, 0x96, 0x18, 0x18, 0x12, 0xA6, 0x1A, 0x19, 0x15, 0xBD,
    0x1D, 0x1D, 0x18, 0xC7, 0x1F, 0x1E, 0x18, 0xD9, 0x20, 0x20, 0x1B, 0xE9, 0x23, 0x23, 0x1E, 0xFC,
    0x26, 0x26, 0x21, 0xFF, 0x26, 0x25, 0x21, 0xF4, 0x2A, 0x2A, 0x24, 0xFF, 0x2D, 0x2D, 0x27, 0xFF,
    0x33, 0x31, 0x2C, 0xFF, 0x2D, 0x2C, 0x27, 0xFF, 0x31, 0x30, 0x2B, 0xFF, 0x32, 0x32, 0x2C, 0xFF,
    0x30, 0x30, 0x2A, 0xFF, 0x30, 0x30, 0x29, 0xFF, 0x30, 0x30, 0x2A, 0xFF, 0x2F, 0x30, 0x2A, 0xFE,
    0x30, 0x30, 0x2A, 0xFE, 0x31, 0x31, 0x2B, 0xFD, 0x31, 0x31, 0x2C, 0xFD, 0x32, 0x32, 0x2C, 0xFD,
    0x33, 0x33, 0x2D, 0xFD, 0x34, 0x34, 0x2D, 0xFF, 0x33, 0x34, 0x2D, 0xFF, 0x34, 0x34, 0x2E, 0xFE,
    0x34, 0x34, 0x2E, 0xFD, 0x35, 0x35, 0x2F, 0xFD, 0x37, 0x37, 0x30, 0xFE, 0x39, 0x38, 0x32, 0xFE,
    0x3A, 0x39, 0x32, 0xFE, 0x3B, 0x3A, 0x34, 0xFE, 0x3B, 0x3B, 0x35, 0xFE, 0x3C, 0x3B, 0x36, 0xFE,
    0x3D, 0x3C, 0x37, 0xFF, 0x3E, 0x3D, 0x38, 0xFF, 0x3F, 0x3F, 0x39, 0xFF, 0x41, 0x41, 0x3B, 0xFF,
    0x42, 0x43, 0x3C, 0xFF, 0x43, 0x44, 0x3D, 0xFF, 0x43, 0x43, 0x3E, 0xFF, 0x44, 0x42, 0x3D, 0xFF,
    0x42, 0x40, 0x3A, 0xFF, 0x3F, 0x3D, 0x38, 0xFF, 0x45, 0x42, 0x3D, 0xFF, 0x4E, 0x4B, 0x46, 0xFF,
    0x4D, 0x49, 0x44, 0xFE, 0x47, 0x42, 0x3F, 0xFD, 0x46, 0x43, 0x3D, 0xFB, 0x3E, 0x3C, 0x37, 0xFF,
    0x29, 0x26, 0x25, 0xCB, 0x2A, 0x2A, 0x27, 0x9C, 0x37, 0x35, 0x32, 0x65, 0x46, 0x46, 0x46, 0x1D,
    0xFF, 0xFF, 0xFF, 0x02, 0x00, 0x00, 0x00, 0x07, 0x34, 0x34, 0x31, 0x61, 0x3F, 0x3E, 0x3A, 0xC8,
    0x40, 0x3F, 0x3C, 0xE2, 0x44, 0x41, 0x3F, 0xE1, 0x45, 0x42, 0x3E, 0xF3, 0x2C, 0x2B, 0x26, 0xCD,
    0x1A, 0x1A, 0x16, 0xB8, 0x1D, 0x1C, 0x1A, 0xE3, 0x1C, 0x1B, 0x19, 0xDD, 0x2C, 0x2A, 0x28, 0xFD,
    0x3A, 0x39, 0x38, 0xF9, 0x15, 0x13, 0x10, 0x5D, 0xB0, 0xAC, 0xAA, 0xE3, 0xD1, 0xCE, 0xCB, 0xFF,
    0xD3, 0xCF, 0xCE, 0xFE, 0xBA, 0xB6, 0xB3, 0xFF, 0xC4, 0xC1, 0xBD, 0xFF, 0x78, 0x74, 0x6F, 0xFE,
    0x2C, 0x29, 0x26, 0xFE, 0x2E, 0x2B, 0x29, 0xFF, 0x44, 0x41, 0x3F, 0xF5, 0x27, 0x27, 0x27, 0x1A,
    0x00, 0x00, 0x00, 0x00, 0x00, 0x00, 0x00, 0x01, 0x00, 0x00, 0x00, 0x00, 0x00, 0x00, 0x00, 0x00,
    0x00, 0x00, 0x00, 0x00, 0x00, 0x00, 0x00, 0x00, 0x00, 0x00, 0x00, 0x00, 0x00, 0x00, 0x00, 0x00,
    0x00, 0x00, 0x00, 0x00, 0x00, 0x00, 0x00, 0x00, 0x00, 0x00, 0x00, 0x00, 0x00, 0x00, 0x00, 0x00,
    0x00, 0x00, 0x00, 0x00, 0x00, 0x00, 0x00, 0x00, 0x00, 0x00, 0x00, 0x00, 0x00, 0x00, 0x00, 0x00,
    0x00, 0x00, 0x00, 0x00, 0x00, 0x00, 0x00, 0x00, 0x00, 0x00, 0x00, 0x00, 0x00, 0x00, 0x00, 0x00,
    0x00, 0x00, 0x00, 0x00, 0x00, 0x00, 0x00, 0x00, 0x00, 0x00, 0x00, 0x00, 0x7F, 0x7F, 0x7F, 0x02,
    0x00, 0x00, 0x00, 0x00, 0x36, 0x35, 0x34, 0xC4, 0x2C, 0x29, 0x28, 0xF8, 0x28, 0x25, 0x22, 0xF7,
    0x73, 0x6D, 0x6A, 0xFF, 0xC5, 0xC0, 0xBC, 0xFE, 0x75, 0x6F, 0x6B, 0xFF, 0x3C, 0x38, 0x36, 0xFD,
    0x3A, 0x37, 0x34, 0xFF, 0x41, 0x3E, 0x3D, 0xC7, 0x1D, 0x1E, 0x1D, 0xAD, 0x31, 0x2E, 0x2B, 0xFF,
    0x3A, 0x34, 0x34, 0xFE, 0x34, 0x30, 0x2F, 0xFF, 0x2C, 0x2A, 0x26, 0xFD, 0x2C, 0x29, 0x26, 0xF3,
    0x21, 0x21, 0x20, 0xD4, 0x1F, 0x1F, 0x1D, 0x8A, 0x26, 0x26, 0x26, 0x21, 0x00, 0x00, 0x00, 0x00,
    0x00, 0x00, 0x00, 0x00, 0x00, 0x00, 0x00, 0x00, 0x12, 0x12, 0x12, 0x0E, 0x1C, 0x1C, 0x19, 0x50,
    0x1F, 0x1F, 0x1B, 0x8A, 0x1C, 0x1C, 0x19, 0x98, 0x19, 0x17, 0x13, 0x8D, 0x16, 0x16, 0x12, 0x8A,
    0x1B, 0x19, 0x16, 0xB3, 0x1F, 0x1E, 0x18, 0xDC, 0x22, 0x21, 0x1B, 0xF6, 0x27, 0x26, 0x22, 0xFE,
    0x2D, 0x2D, 0x27, 0xFE, 0x31, 0x31, 0x2A, 0xFC, 0x31, 0x31, 0x2B, 0xF8, 0x2E, 0x2E, 0x29, 0xFD,
    0x2D, 0x2C, 0x26, 0xFF, 0x30, 0x2E, 0x28, 0xFF, 0x32, 0x31, 0x2C, 0xFD, 0x2A, 0x2A, 0x26, 0xE9,
    0x2A, 0x29, 0x24, 0xF4, 0x2B, 0x2A, 0x26, 0xFE, 0x2D, 0x2C, 0x27, 0xFC, 0x2F, 0x2F, 0x29, 0xFE,
    0x2E, 0x2E, 0x28, 0xFE, 0x2F, 0x2E, 0x28, 0xFE, 0x2E, 0x2E, 0x28, 0xFF, 0x30, 0x30, 0x2A, 0xFF,
    0x30, 0x30, 0x2A, 0xFF, 0x31, 0x31, 0x2B, 0xFF, 0x32, 0x32, 0x2B, 0xFF, 0x32, 0x32, 0x2C, 0xFF,
    0x32, 0x33, 0x2C, 0xFF, 0x33, 0x33, 0x2D, 0xFF, 0x33, 0x34, 0x2D, 0xFF, 0x34, 0x32, 0x2D, 0xFF,
    0x35, 0x34, 0x2E, 0xFF, 0x36, 0x35, 0x2F, 0xFF, 0x37, 0x37, 0x30, 0xFF, 0x37, 0x37, 0x31, 0xFF,
    0x38, 0x38, 0x32, 0xFF, 0x39, 0x39, 0x33, 0xFF, 0x3A, 0x3A, 0x34, 0xFF, 0x3A, 0x3A, 0x34, 0xFF,
    0x3B, 0x3B, 0x35, 0xFF, 0x3B, 0x3C, 0x36, 0xFF, 0x3C, 0x3C, 0x36, 0xFF, 0x3D, 0x3D, 0x36, 0xFF,
    0x3E, 0x3E, 0x37, 0xFE, 0x40, 0x3F, 0x38, 0xFF, 0x41, 0x41, 0x3B, 0xFF, 0x44, 0x43, 0x3D, 0xFF,
    0x46, 0x45, 0x3F, 0xFF, 0x49, 0x47, 0x42, 0xFF, 0x4D, 0x49, 0x44, 0xFF, 0x4F, 0x4D, 0x48, 0xFF,
    0x54, 0x51, 0x4B, 0xFF, 0x56, 0x52, 0x4D, 0xFF, 0x55, 0x51, 0x4D, 0xFF, 0x54, 0x50, 0x4C, 0xFD,
    0x45, 0x41, 0x3D, 0xF3, 0x24, 0x22, 0x1E, 0xEE, 0x26, 0x26, 0x22, 0xF0, 0x27, 0x26, 0x22, 0xCD,
    0x48, 0x47, 0x41, 0xD3, 0x5E, 0x5B, 0x56, 0xB3, 0x43, 0x3F, 0x3C, 0x4C, 0x00, 0x00, 0x00, 0x16,
    0x3A, 0x3A, 0x35, 0x60, 0x42, 0x41, 0x40, 0xCE, 0x43, 0x40, 0x3E, 0xF9, 0x41, 0x3F, 0x3B, 0xF1,
    0x2F, 0x2E, 0x2B, 0xE8, 0x23, 0x20, 0x1F, 0xF3, 0x1C, 0x1B, 0x19, 0xD4, 0x19, 0x17, 0x16, 0xDA,
    0x2A, 0x27, 0x26, 0xFA, 0x39, 0x36, 0x34, 0xEB, 0x79, 0x74, 0x76, 0xA2, 0xD3, 0xD0, 0xCF, 0xFE,
    0xD4, 0xD1, 0xCD, 0xFD, 0xB9, 0xB5, 0xB3, 0xFF, 0xC0, 0xBC, 0xB9, 0xFE, 0x83, 0x7E, 0x79, 0xFF,
    0x2E, 0x2B, 0x29, 0xFC, 0x2C, 0x28, 0x27, 0xF6, 0x44, 0x41, 0x3F, 0xFA, 0x34, 0x34, 0x34, 0x1D,
    0x00, 0x00, 0x00, 0x00, 0x00, 0x00, 0x00, 0x02, 0x00, 0x00, 0x00, 0x00, 0x00, 0x00, 0x00, 0x00,
    0x00, 0x00, 0x00, 0x00, 0x00, 0x00, 0x00, 0x00, 0x00, 0x00, 0x00, 0x00, 0x00, 0x00, 0x00, 0x00,
    0x00, 0x00, 0x00, 0x00, 0x00, 0x00, 0x00, 0x00, 0x00, 0x00, 0x00, 0x00, 0x00, 0x00, 0x00, 0x00,
    0x00, 0x00, 0x00, 0x00, 0x00, 0x00, 0x00, 0x00, 0x00, 0x00, 0x00, 0x00, 0x00, 0x00, 0x00, 0x00,
    0x00, 0x00, 0x00, 0x00, 0x00, 0x00, 0x00, 0x00, 0x00, 0x00, 0x00, 0x00, 0x00, 0x00, 0x00, 0x00,
    0x00, 0x00, 0x00, 0x00, 0x00, 0x00, 0x00, 0x00, 0x00, 0x00, 0x00, 0x00, 0x00, 0x00, 0x00, 0x01,
    0x00, 0x00, 0x00, 0x00, 0x31, 0x2F, 0x2F, 0xCE, 0x27, 0x24, 0x23, 0xD1, 0x24, 0x22, 0x1F, 0xB8,
    0x6A, 0x63, 0x62, 0xDE, 0xCA, 0xC6, 0xC4, 0xFF, 0x73, 0x6E, 0x6C, 0xFF, 0x3C, 0x38, 0x36, 0xFE,
    0x42, 0x3D, 0x3D, 0xFB, 0x34, 0x34, 0x34, 0x8D, 0x28, 0x25, 0x24, 0xE9, 0x3C, 0x38, 0x34, 0xFE,
    0x36, 0x33, 0x2F, 0xFF, 0x2D, 0x2A, 0x29, 0xF4, 0x21, 0x1F, 0x1E, 0xD8, 0x1D, 0x1B, 0x1B, 0xA7,
    0x1D, 0x1D, 0x1D, 0x3C, 0x00, 0x00, 0x00, 0x00, 0x00, 0x00, 0x00, 0x03, 0x00, 0x00, 0x00, 0x0F,
    0x1C, 0x1C, 0x17, 0x36, 0x24, 0x22, 0x1E, 0x84, 0x21, 0x1E, 0x1C, 0xAD, 0x1C, 0x1C, 0x18, 0xBB,
    0x1C, 0x1A, 0x16, 0xB6, 0x17, 0x14, 0x10, 0x8B, 0x1C, 0x1B, 0x17, 0xC4, 0x20, 0x1F, 0x1B, 0xF5,
    0x21, 0x1F, 0x1B, 0xFF, 0x21, 0x20, 0x1C, 0xFE, 0x25, 0x25, 0x1F, 0xFF, 0x2A, 0x2A, 0x25, 0xFF,
    0x32, 0x31, 0x2A, 0xFF, 0x37, 0x37, 0x30, 0xFF, 0x3A, 0x3C, 0x34, 0xFF, 0x3D, 0x3E, 0x36, 0xFF,
    0x3C, 0x3C, 0x36, 0xFF, 0x3A, 0x3A, 0x34, 0xFE, 0x3C, 0x3B, 0x35, 0xFE, 0x3C, 0x3D, 0x37, 0xFC,
    0x2E, 0x2D, 0x29, 0xE6, 0x2A, 0x29, 0x24, 0xF4, 0x32, 0x31, 0x2B, 0xFF, 0x2E, 0x2D, 0x28, 0xFE,
    0x2E, 0x2E, 0x28, 0xFF, 0x2E, 0x2E, 0x28, 0xFF, 0x2F, 0x2F, 0x29, 0xFF, 0x30, 0x30, 0x29, 0xFF,
    0x30, 0x30, 0x2A, 0xFF, 0x31, 0x31, 0x2B, 0xFF, 0x32, 0x32, 0x2C, 0xFF, 0x32, 0x32, 0x2C, 0xFF,
    0x32, 0x32, 0x2C, 0xFF, 0x33, 0x33, 0x2C, 0xFF, 0x33, 0x32, 0x2C, 0xFF, 0x34, 0x32, 0x2D, 0xFF,
    0x34, 0x33, 0x2D, 0xFF, 0x35, 0x33, 0x2D, 0xFF, 0x36, 0x35, 0x30, 0xFF, 0x36, 0x36, 0x31, 0xFF,
    0x36, 0x37, 0x32, 0xFF, 0x39, 0x38, 0x32, 0xFF, 0x39, 0x39, 0x33, 0xFF, 0x39, 0x3A, 0x33, 0xFF,
    0x3A, 0x3A, 0x34, 0xFF, 0x3C, 0x3C, 0x35, 0xFF, 0x3C, 0x3D, 0x37, 0xFF, 0x3D, 0x3D, 0x37, 0xFF,
    0x3E, 0x3E, 0x38, 0xFF, 0x3F, 0x3F, 0x3A, 0xFF, 0x40, 0x40, 0x39, 0xFF, 0x43, 0x41, 0x3C, 0xFF,
    0x44, 0x42, 0x3D, 0xFF, 0x46, 0x43, 0x3F, 0xFF, 0x4A, 0x45, 0x42, 0xFF, 0x4D, 0x49, 0x45, 0xFF,
    0x51, 0x4E, 0x49, 0xFF, 0x55, 0x53, 0x4D, 0xFF, 0x5B, 0x56, 0x51, 0xFF, 0x5D, 0x58, 0x54, 0xFF,
    0x61, 0x5D, 0x59, 0xFF, 0x4D, 0x4B, 0x44, 0xFF, 0x2E, 0x2E, 0x27, 0xFE, 0x2B, 0x2A, 0x25, 0xF8,
    0x25, 0x24, 0x1D, 0xF7, 0x3B, 0x38, 0x32, 0xFF, 0x55, 0x52, 0x4D, 0xFF, 0x57, 0x55, 0x51, 0xCB,
    0x3E, 0x3A, 0x3A, 0x4A, 0x00, 0x00, 0x00, 0x0B, 0x3F, 0x3C, 0x39, 0x58, 0x41, 0x3E, 0x3C, 0xCB,
    0x3F, 0x3D, 0x3D, 0xF2, 0x3A, 0x37, 0x36, 0xF5, 0x2A, 0x27, 0x26, 0xF6, 0x1F, 0x1C, 0x1B, 0xDE,
    0x19, 0x17, 0x16, 0xED, 0x3A, 0x37, 0x36, 0xFF, 0x36, 0x35, 0x34, 0xB5, 0xBB, 0xB8, 0xB5, 0xDF,
    0xDE, 0xDB, 0xD7, 0xFF, 0xB4, 0xB2, 0xAE, 0xFD, 0xC6, 0xC3, 0xC0, 0xFF, 0x7C, 0x77, 0x73, 0xE8,
    0x25, 0x24, 0x23, 0xC3, 0x2A, 0x28, 0x26, 0xE0, 0x3D, 0x3C, 0x39, 0xF7, 0x3D, 0x3D, 0x3D, 0x1D,
    0x00, 0x00, 0x00, 0x00, 0x00, 0x00, 0x00, 0x02, 0x00, 0x00, 0x00, 0x00, 0x00, 0x00, 0x00, 0x00,
    0x00, 0x00, 0x00, 0x00, 0x00, 0x00, 0x00, 0x00, 0x00, 0x00, 0x00, 0x00, 0x00, 0x00, 0x00, 0x00,
    0x00, 0x00, 0x00, 0x00, 0x00, 0x00, 0x00, 0x00, 0x00, 0x00, 0x00, 0x00, 0x00, 0x00, 0x00, 0x00,
    0x00, 0x00, 0x00, 0x00, 0x00, 0x00, 0x00, 0x00, 0x00, 0x00, 0x00, 0x00, 0x00, 0x00, 0x00, 0x00,
    0x00, 0x00, 0x00, 0x00, 0x00, 0x00, 0x00, 0x00, 0x00, 0x00, 0x00, 0x00, 0x00, 0x00, 0x00, 0x00,
    0x00, 0x00, 0x00, 0x00, 0x00, 0x00, 0x00, 0x00, 0x00, 0x00, 0x00, 0x00, 0x00, 0x00, 0x00, 0x01,
    0x00, 0x00, 0x00, 0x00, 0x30, 0x2C, 0x2C, 0xCD, 0x2B, 0x29, 0x27, 0xFF, 0x2F, 0x2C, 0x2B, 0xFE,
    0x61, 0x5D, 0x5A, 0xEB, 0x9F, 0x9B, 0x99, 0xE6, 0x73, 0x6E, 0x6C, 0xFC, 0x40, 0x3B, 0x39, 0xFF,
    0x43, 0x40, 0x3F, 0xE0, 0x28, 0x26, 0x26, 0xAC, 0x3E, 0x3A, 0x39, 0xFF, 0x37, 0x31, 0x31, 0xFA,
    0x2B, 0x28, 0x26, 0xE1, 0x1C, 0x1B, 0x1B, 0xB3, 0x1B, 0x1B, 0x1B, 0x5D, 0xFF, 0xFF, 0xFF, 0x01,
    0x00, 0x00, 0x00, 0x00, 0x00, 0x00, 0x00, 0x17, 0x18, 0x18, 0x13, 0x5C, 0x25, 0x23, 0x1F, 0xBD,
    0x26, 0x25, 0x20, 0xF7, 0x1F, 0x1E, 0x19, 0xC1, 0x1C, 0x1C, 0x17, 0xB6, 0x21, 0x1F, 0x1B, 0xEC,
    0x20, 0x1E, 0x1B, 0xFA, 0x23, 0x20, 0x1C, 0xFF, 0x24, 0x22, 0x1D, 0xFF, 0x21, 0x20, 0x1C, 0xFC,
    0x21, 0x20, 0x1C, 0xFB, 0x23, 0x22, 0x1C, 0xFE, 0x26, 0x26, 0x1F, 0xFE, 0x2C, 0x2A, 0x25, 0xFF,
    0x32, 0x32, 0x2C, 0xFF, 0x37, 0x38, 0x32, 0xFF, 0x39, 0x3A, 0x33, 0xFF, 0x3B, 0x3B, 0x34, 0xFF,
    0x3D, 0x3D, 0x36, 0xFF, 0x3E, 0x3E, 0x37, 0xFF, 0x3F, 0x3F, 0x38, 0xFF, 0x41, 0x40, 0x3A, 0xFF,
    0x43, 0x42, 0x3C, 0xFD, 0x2F, 0x2E, 0x2A, 0xDA, 0x29, 0x27, 0x22, 0xEC, 0x30, 0x30, 0x2A, 0xFF,
    0x2D, 0x2D, 0x27, 0xFE, 0x2E, 0x2D, 0x27, 0xFE, 0x2F, 0x2F, 0x29, 0xFE, 0x2F, 0x2F, 0x28, 0xFE,
    0x2F, 0x30, 0x2A, 0xFF, 0x30, 0x31, 0x2A, 0xFF, 0x30, 0x30, 0x2B, 0xFF, 0x31, 0x31, 0x2B, 0xFF,
    0x31, 0x31, 0x2B, 0xFF, 0x32, 0x32, 0x2B, 0xFF, 0x32, 0x32, 0x2B, 0xFF, 0x33, 0x32, 0x2C, 0xFF,
    0x33, 0x33, 0x2D, 0xFF, 0x33, 0x32, 0x2D, 0xFF, 0x35, 0x34, 0x2E, 0xFF, 0x35, 0x35, 0x30, 0xFF,
    0x37, 0x36, 0x31, 0xFF, 0x38, 0x38, 0x32, 0xFF, 0x39, 0x38, 0x32, 0xFF, 0x39, 0x39, 0x32, 0xFF,
    0x3A, 0x3A, 0x34, 0xFF, 0x3B, 0x3B, 0x34, 0xFF, 0x3B, 0x3B, 0x35, 0xFF, 0x3D, 0x3D, 0x37, 0xFF,
    0x3D, 0x3D, 0x37, 0xFF, 0x3D, 0x3E, 0x38, 0xFF, 0x3E, 0x3F, 0x39, 0xFF, 0x41, 0x41, 0x3A, 0xFF,
    0x44, 0x41, 0x3C, 0xFF, 0x47, 0x43, 0x40, 0xFF, 0x49, 0x45, 0x42, 0xFF, 0x4D, 0x49, 0x45, 0xFF,
    0x50, 0x4D, 0x48, 0xFF, 0x55, 0x52, 0x4D, 0xFF, 0x5A, 0x56, 0x50, 0xFF, 0x5F, 0x5A, 0x56, 0xFF,
    0x61, 0x5D, 0x59, 0xFF, 0x66, 0x62, 0x5E, 0xFE, 0x52, 0x4F, 0x4B, 0xFE, 0x37, 0x37, 0x31, 0xFF,
    0x39, 0x37, 0x32, 0xFF, 0x2B, 0x28, 0x23, 0xFC, 0x23, 0x22, 0x1C, 0xFB, 0x3F, 0x3E, 0x39, 0xFF,
    0x61, 0x5E, 0x5A, 0xFF, 0x5F, 0x5C, 0x5A, 0xC6, 0x45, 0x41, 0x41, 0x46, 0x00, 0x00, 0x00, 0x02,
    0x3B, 0x35, 0x35, 0x5A, 0x47, 0x44, 0x45, 0xD2, 0x4A, 0x47, 0x45, 0xFF, 0x3F, 0x3E, 0x3D, 0xFF,
    0x2B, 0x2B, 0x2A, 0xF8, 0x2D, 0x2B, 0x2A, 0xFF, 0x39, 0x35, 0x34, 0xE8, 0x8A, 0x89, 0x86, 0xB2,
    0xE1, 0xDE, 0xDC, 0xFF, 0xBA, 0xB7, 0xB2, 0xFE, 0xA3, 0x9F, 0x9E, 0xE4, 0x6E, 0x6B, 0x67, 0xE7,
    0x34, 0x34, 0x31, 0xFC, 0x2F, 0x2D, 0x2C, 0xFF, 0x43, 0x40, 0x3E, 0xF9, 0x34, 0x34, 0x34, 0x1D,
    0x00, 0x00, 0x00, 0x00, 0x00, 0x00, 0x00, 0x02, 0x00, 0x00, 0x00, 0x00, 0x00, 0x00, 0x00, 0x00,
    0x00, 0x00, 0x00, 0x00, 0x00, 0x00, 0x00, 0x00, 0x00, 0x00, 0x00, 0x00, 0x00, 0x00, 0x00, 0x00,
    0x00, 0x00, 0x00, 0x00, 0x00, 0x00, 0x00, 0x00, 0x00, 0x00, 0x00, 0x00, 0x00, 0x00, 0x00, 0x00,
    0x00, 0x00, 0x00, 0x00, 0x00, 0x00, 0x00, 0x00, 0x00, 0x00, 0x00, 0x00, 0x00, 0x00, 0x00, 0x00,
    0x00, 0x00, 0x00, 0x00, 0x00, 0x00, 0x00, 0x00, 0x00, 0x00, 0x00, 0x00, 0x00, 0x00, 0x00, 0x00,
    0x00, 0x00, 0x00, 0x00, 0x00, 0x00, 0x00, 0x00, 0x00, 0x00, 0x00, 0x00, 0x00, 0x00, 0x00, 0x01,
    0x00, 0x00, 0x00, 0x00, 0x33, 0x31, 0x30, 0xCE, 0x2B, 0x28, 0x27, 0xFE, 0x2D, 0x2A, 0x29, 0xFC,
    0x78, 0x72, 0x71, 0xFF, 0xBF, 0xBA, 0xBA, 0xE9, 0x65, 0x61, 0x5F, 0xC9, 0x49, 0x46, 0x45, 0xFE,
    0x39, 0x39, 0x38, 0xCB, 0x34, 0x31, 0x30, 0xE1, 0x3F, 0x3C, 0x3B, 0xF2, 0x3C, 0x39, 0x37, 0xF6,
    0x1E, 0x1C, 0x1B, 0xA9, 0x1E, 0x18, 0x18, 0x2A, 0x00, 0x00, 0x00, 0x00, 0x00, 0x00, 0x00, 0x00,
    0x1A, 0x1A, 0x16, 0x4E, 0x22, 0x1F, 0x1B, 0xC0, 0x2A, 0x28, 0x23, 0xFF, 0x26, 0x24, 0x20, 0xFA,
    0x1C, 0x19, 0x16, 0xA0, 0x20, 0x1E, 0x19, 0xCA, 0x26, 0x24, 0x1F, 0xFF, 0x26, 0x24, 0x20, 0xFF,
    0x25, 0x22, 0x1E, 0xFE, 0x24, 0x22, 0x1E, 0xFF, 0x22, 0x21, 0x1D, 0xFD, 0x23, 0x21, 0x1D, 0xFF,
    0x24, 0x21, 0x1D, 0xFF, 0x24, 0x23, 0x1E, 0xFF, 0x27, 0x26, 0x22, 0xFF, 0x2E, 0x2C, 0x27, 0xFF,
    0x34, 0x33, 0x2C, 0xFF, 0x3A, 0x3A, 0x33, 0xFF, 0x3D, 0x3D, 0x37, 0xFF, 0x3D, 0x3D, 0x37, 0xFF,
    0x3E, 0x3C, 0x37, 0xFF, 0x40, 0x3F, 0x39, 0xFF, 0x41, 0x41, 0x3C, 0xFF, 0x42, 0x41, 0x3C, 0xFF,
    0x42, 0x42, 0x3C, 0xFF, 0x43, 0x42, 0x3D, 0xFC, 0x2F, 0x2D, 0x29, 0xD7, 0x26, 0x24, 0x1F, 0xE0,
    0x2E, 0x2C, 0x27, 0xFF, 0x2F, 0x2F, 0x28, 0xFF, 0x30, 0x30, 0x2A, 0xFF, 0x30, 0x30, 0x2A, 0xFF,
    0x30, 0x2F, 0x2A, 0xFF, 0x30, 0x30, 0x2A, 0xFF, 0x2F, 0x30, 0x29, 0xFF, 0x30, 0x2F, 0x2A, 0xFF,
    0x30, 0x2F, 0x2A, 0xFE, 0x30, 0x30, 0x2A, 0xFE, 0x30, 0x30, 0x2B, 0xFE, 0x32, 0x2F, 0x2A, 0xFE,
    0x31, 0x31, 0x2B, 0xFE, 0x31, 0x32, 0x2C, 0xFF, 0x33, 0x32, 0x2D, 0xFF, 0x33, 0x34, 0x2D, 0xFF,
    0x34, 0x35, 0x2F, 0xFF, 0x36, 0x36, 0x30, 0xFF, 0x37, 0x37, 0x31, 0xFF, 0x38, 0x38, 0x31, 0xFF,
    0x39, 0x39, 0x34, 0xFF, 0x3A, 0x3A, 0x34, 0xFF, 0x3B, 0x3A, 0x35, 0xFF, 0x3C, 0x3B, 0x35, 0xFF,
    0x3C, 0x3C, 0x36, 0xFF, 0x3D, 0x3C, 0x37, 0xFF, 0x3E, 0x3D, 0x38, 0xFF, 0x3F, 0x40, 0x39, 0xFF,
    0x42, 0x40, 0x3B, 0xFF, 0x45, 0x41, 0x3E, 0xFF, 0x48, 0x43, 0x41, 0xFF, 0x4C, 0x48, 0x44, 0xFF,
    0x50, 0x4B, 0x48, 0xFF, 0x55, 0x50, 0x4C, 0xFF, 0x5A, 0x56, 0x51, 0xFF, 0x5F, 0x5A, 0x56, 0xFF,
    0x64, 0x5E, 0x5C, 0xFF, 0x67, 0x63, 0x5F, 0xFF, 0x71, 0x6C, 0x68, 0xFF, 0x4C, 0x4A, 0x45, 0xFF,
    0x37, 0x37, 0x31, 0xFF, 0x3C, 0x3D, 0x37, 0xFF, 0x32, 0x32, 0x2D, 0xFF, 0x21, 0x20, 0x1C, 0xFC,
    0x2B, 0x27, 0x23, 0xF9, 0x5C, 0x59, 0x54, 0xFF, 0x6E, 0x6A, 0x66, 0xFF, 0x5C, 0x58, 0x55, 0xB9,
    0x3A, 0x35, 0x35, 0x30, 0x00, 0x00, 0x00, 0x00, 0x50, 0x4E, 0x4B, 0x6F, 0x5A, 0x55, 0x55, 0xEB,
    0x3D, 0x3C, 0x3B, 0xFC, 0x1F, 0x1E, 0x1E, 0xE2, 0x3B, 0x39, 0x37, 0xF3, 0x57, 0x54, 0x53, 0xAF,
    0xD2, 0xCF, 0xCC, 0xF8, 0x89, 0x87, 0x84, 0xFF, 0xAF, 0xAE, 0xAD, 0xF6, 0x95, 0x90, 0x8C, 0xFF,
    0x33, 0x30, 0x2E, 0xFF, 0x2B, 0x29, 0x26, 0xFE, 0x46, 0x42, 0x40, 0xF9, 0x4F, 0x4F, 0x4F, 0x1D,
    0x00, 0x00, 0x00, 0x00, 0x00, 0x00, 0x00, 0x02, 0x00, 0x00, 0x00, 0x00, 0x00, 0x00, 0x00, 0x00,
    0x00, 0x00, 0x00, 0x00, 0x00, 0x00, 0x00, 0x00, 0x00, 0x00, 0x00, 0x00, 0x00, 0x00, 0x00, 0x00,
    0x00, 0x00, 0x00, 0x00, 0x00, 0x00, 0x00, 0x00, 0x00, 0x00, 0x00, 0x00, 0x00, 0x00, 0x00, 0x00,
    0x00, 0x00, 0x00, 0x00, 0x00, 0x00, 0x00, 0x00, 0x00, 0x00, 0x00, 0x00, 0x00, 0x00, 0x00, 0x00,
    0x00, 0x00, 0x00, 0x00, 0x00, 0x00, 0x00, 0x00, 0x00, 0x00, 0x00, 0x00, 0x00, 0x00, 0x00, 0x00,
    0x00, 0x00, 0x00, 0x00, 0x00, 0x00, 0x00, 0x00, 0x00, 0x00, 0x00, 0x00, 0x00, 0x00, 0x00, 0x01,
    0x00, 0x00, 0x00, 0x00, 0x33, 0x31, 0x2D, 0xCE, 0x2C, 0x27, 0x27, 0xFF, 0x32, 0x2D, 0x2C, 0xFD,
    0x76, 0x71, 0x6F, 0xFE, 0xC6, 0xC1, 0xC0, 0xFF, 0x6A, 0x65, 0x62, 0xE9, 0x3D, 0x3D, 0x3A, 0xC7,
    0x32, 0x31, 0x31, 0x9C, 0x2A, 0x2A, 0x28, 0x91, 0x2E, 0x2B, 0x2A, 0xC2, 0x4B, 0x4A, 0x49, 0xF4,
    0x22, 0x22, 0x22, 0x52, 0x00, 0x00, 0x00, 0x00, 0x18, 0x18, 0x13, 0x35, 0x27, 0x27, 0x23, 0xBD,
    0x28, 0x27, 0x24, 0xFF, 0x28, 0x26, 0x22, 0xFF, 0x23, 0x21, 0x1D, 0xED, 0x15, 0x15, 0x11, 0x8E,
    0x1A, 0x1A, 0x15, 0x9B, 0x2B, 0x29, 0x24, 0xFF, 0x2A, 0x29, 0x24, 0xFF, 0x26, 0x26, 0x23, 0xFE,
    0x26, 0x24, 0x21, 0xFF, 0x23, 0x23, 0x1E, 0xFF, 0x22, 0x22, 0x1E, 0xFE, 0x22, 0x20, 0x1E, 0xFF,
    0x24, 0x22, 0x1D, 0xFF, 0x25, 0x24, 0x1F, 0xFF, 0x27, 0x27, 0x22, 0xFF, 0x2E, 0x2C, 0x27, 0xFF,
    0x34, 0x34, 0x2E, 0xFF, 0x3B, 0x3B, 0x35, 0xFF, 0x3D, 0x3E, 0x37, 0xFF, 0x3F, 0x3F, 0x38, 0xFF,
    0x3F, 0x3E, 0x39, 0xFF, 0x41, 0x40, 0x3B, 0xFF, 0x43, 0x42, 0x3D, 0xFF, 0x46, 0x46, 0x40, 0xFF,
    0x44, 0x45, 0x3F, 0xFF, 0x3C, 0x3C, 0x37, 0xFF, 0x38, 0x38, 0x32, 0xFF, 0x2C, 0x28, 0x23, 0xDC,
    0x26, 0x23, 0x20, 0xCF, 0x26, 0x25, 0x21, 0xDC, 0x28, 0x29, 0x20, 0xE8, 0x2B, 0x2B, 0x25, 0xF0,
    0x2C, 0x2A, 0x25, 0xF5, 0x2D, 0x2B, 0x26, 0xF8, 0x2D, 0x2C, 0x26, 0xFE, 0x2E, 0x2B, 0x27, 0xFF,
    0x30, 0x2B, 0x28, 0xFF, 0x30, 0x2E, 0x29, 0xFF, 0x31, 0x2E, 0x29, 0xFF, 0x31, 0x2D, 0x2A, 0xFF,
    0x30, 0x2E, 0x2B, 0xFF, 0x30, 0x30, 0x2A, 0xFF, 0x32, 0x31, 0x2B, 0xFF, 0x32, 0x32, 0x2B, 0xFF,
    0x33, 0x32, 0x2D, 0xFE, 0x34, 0x34, 0x2E, 0xFE, 0x36, 0x35, 0x2F, 0xFF, 0x37, 0x37, 0x31, 0xFF,
    0x39, 0x39, 0x33, 0xFF, 0x39, 0x3A, 0x33, 0xFF, 0x3A, 0x3A, 0x34, 0xFF, 0x3B, 0x3B, 0x35, 0xFF,
    0x3C, 0x3B, 0x35, 0xFF, 0x3C, 0x3B, 0x35, 0xFF, 0x3C, 0x3D, 0x36, 0xFF, 0x3F, 0x3E, 0x38, 0xFF,
    0x41, 0x3F, 0x3A, 0xFF, 0x45, 0x3F, 0x3E, 0xFF, 0x47, 0x42, 0x42, 0xFF, 0x4B, 0x47, 0x45, 0xFF,
    0x4F, 0x4A, 0x48, 0xFF, 0x55, 0x51, 0x4D, 0xFF, 0x5A, 0x56, 0x51, 0xFF, 0x60, 0x5C, 0x58, 0xFF,
    0x66, 0x60, 0x5D, 0xFF, 0x6A, 0x67, 0x62, 0xFF, 0x70, 0x6C, 0x67, 0xFF, 0x6A, 0x67, 0x63, 0xFF,
    0x3A, 0x39, 0x34, 0xFF, 0x38, 0x38, 0x33, 0xFF, 0x39, 0x3A, 0x34, 0xFF, 0x37, 0x36, 0x31, 0xFF,
    0x24, 0x24, 0x1F, 0xF9, 0x17, 0x17, 0x12, 0xDD, 0x3C, 0x38, 0x36, 0xF4, 0x6A, 0x66, 0x61, 0xFF,
    0x67, 0x64, 0x5E, 0xFF, 0x55, 0x50, 0x4E, 0xA2, 0x2C, 0x2C, 0x29, 0x4A, 0x1F, 0x1F, 0x1D, 0x70,
    0x2A, 0x28, 0x27, 0xE2, 0x23, 0x22, 0x21, 0xD0, 0x2F, 0x2F, 0x2D, 0x91, 0x38, 0x36, 0x36, 0x7E,
    0x8D, 0x8B, 0x89, 0xC3, 0xA2, 0x9F, 0x9C, 0xFF, 0xCD, 0xCB, 0xC9, 0xFF, 0x8F, 0x8B, 0x87, 0xFF,
    0x35, 0x31, 0x30, 0xFE, 0x29, 0x27, 0x25, 0xFF, 0x44, 0x40, 0x3D, 0xF9, 0x57, 0x57, 0x57, 0x1D,
    0x00, 0x00, 0x00, 0x00, 0x00, 0x00, 0x00, 0x02, 0x00, 0x00, 0x00, 0x00, 0x00, 0x00, 0x00, 0x00,
    0x00, 0x00, 0x00, 0x00, 0x00, 0x00, 0x00, 0x00, 0x00, 0x00, 0x00, 0x00, 0x00, 0x00, 0x00, 0x00,
    0x00, 0x00, 0x00, 0x00, 0x00, 0x00, 0x00, 0x00, 0x00, 0x00, 0x00, 0x00, 0x00, 0x00, 0x00, 0x00,
    0x00, 0x00, 0x00, 0x00, 0x00, 0x00, 0x00, 0x00, 0x00, 0x00, 0x00, 0x00, 0x00, 0x00, 0x00, 0x00,
    0x00, 0x00, 0x00, 0x00, 0x00, 0x00, 0x00, 0x00, 0x00, 0x00, 0x00, 0x00, 0x00, 0x00, 0x00, 0x00,
    0x00, 0x00, 0x00, 0x00, 0x00, 0x00, 0x00, 0x00, 0x00, 0x00, 0x00, 0x00, 0x00, 0x00, 0x00, 0x01,
    0x00, 0x00, 0x00, 0x00, 0x33, 0x31, 0x30, 0xCE, 0x2A, 0x27, 0x27, 0xFF, 0x33, 0x2F, 0x2E, 0xFD,
    0x7F, 0x79, 0x77, 0xFF, 0xC1, 0xBB, 0xB9, 0xFD, 0x66, 0x60, 0x5D, 0xFF, 0x42, 0x40, 0x3E, 0xE3,
    0x17, 0x17, 0x17, 0x21, 0x0B, 0x0E, 0x0B, 0x45, 0x2F, 0x2E, 0x2C, 0xFF, 0x30, 0x2E, 0x2C, 0xBC,
    0x00, 0x00, 0x00, 0x1D, 0x14, 0x14, 0x12, 0x71, 0x23, 0x21, 0x1E, 0xEF, 0x2E, 0x2C, 0x28, 0xFF,
    0x25, 0x23, 0x21, 0xF3, 0x1C, 0x1B, 0x19, 0xD6, 0x16, 0x15, 0x11, 0x9D, 0x1E, 0x1B, 0x19, 0xD2,
    0x1D, 0x1B, 0x17, 0xCF, 0x1E, 0x1D, 0x19, 0xC7, 0x29, 0x28, 0x23, 0xE9, 0x2A, 0x29, 0x25, 0xFF,
    0x25, 0x23, 0x20, 0xFE, 0x25, 0x24, 0x1F, 0xFF, 0x24, 0x23, 0x1F, 0xFF, 0x23, 0x22, 0x1E, 0xFF,
    0x24, 0x22, 0x1E, 0xFF, 0x26, 0x24, 0x1F, 0xFF, 0x28, 0x27, 0x23, 0xFF, 0x30, 0x2D, 0x29, 0xFF,
    0x36, 0x35, 0x30, 0xFF, 0x3B, 0x3A, 0x35, 0xFF, 0x3D, 0x3E, 0x36, 0xFF, 0x40, 0x40, 0x39, 0xFF,
    0x41, 0x41, 0x3B, 0xFF, 0x41, 0x41, 0x3B, 0xFF, 0x46, 0x45, 0x40, 0xFF, 0x44, 0x43, 0x3E, 0xFF,
    0x39, 0x37, 0x32, 0xFF, 0x38, 0x36, 0x32, 0xFF, 0x3B, 0x3A, 0x35, 0xFF, 0x2F, 0x2F, 0x28, 0xFF,
    0x32, 0x31, 0x2B, 0xFB, 0x30, 0x30, 0x2B, 0xEC, 0x28, 0x26, 0x20, 0xE8, 0x23, 0x22, 0x1D, 0xE0,
    0x22, 0x21, 0x1C, 0xDF, 0x21, 0x20, 0x1A, 0xD6, 0x22, 0x20, 0x1B, 0xDB, 0x24, 0x21, 0x1C, 0xD4,
    0x24, 0x22, 0x1E, 0xDD, 0x26, 0x23, 0x1F, 0xE0, 0x25, 0x23, 0x1F, 0xD9, 0x26, 0x25, 0x20, 0xE3,
    0x28, 0x25, 0x22, 0xE7, 0x29, 0x27, 0x23, 0xF1, 0x2C, 0x29, 0x24, 0xF9, 0x2E, 0x2C, 0x28, 0xFE,
    0x31, 0x30, 0x2B, 0xFF, 0x34, 0x33, 0x2D, 0xFF, 0x36, 0x36, 0x30, 0xFF, 0x36, 0x36, 0x30, 0xFF,
    0x38, 0x37, 0x31, 0xFF, 0x39, 0x38, 0x31, 0xFF, 0x3B, 0x38, 0x33, 0xFF, 0x3A, 0x39, 0x33, 0xFF,
    0x3A, 0x39, 0x34, 0xFF, 0x3C, 0x3B, 0x35, 0xFF, 0x3D, 0x3C, 0x36, 0xFF, 0x40, 0x3E, 0x39, 0xFF,
    0x40, 0x40, 0x3A, 0xFF, 0x44, 0x40, 0x3D, 0xFF, 0x48, 0x43, 0x40, 0xFF, 0x4C, 0x46, 0x44, 0xFF,
    0x50, 0x4B, 0x47, 0xFF, 0x56, 0x52, 0x4D, 0xFF, 0x5B, 0x58, 0x52, 0xFF, 0x61, 0x5D, 0x5A, 0xFF,
    0x66, 0x62, 0x5F, 0xFF, 0x6B, 0x68, 0x64, 0xFF, 0x6F, 0x6C, 0x67, 0xFF, 0x77, 0x74, 0x6E, 0xFF,
    0x57, 0x54, 0x4E, 0xFF, 0x33, 0x33, 0x2D, 0xFF, 0x38, 0x37, 0x32, 0xFF, 0x33, 0x33, 0x2E, 0xFF,
    0x32, 0x31, 0x2C, 0xFF, 0x29, 0x28, 0x25, 0xF4, 0x1A, 0x18, 0x17, 0xE4, 0x28, 0x26, 0x23, 0xF0,
    0x4F, 0x4D, 0x49, 0xFE, 0x6D, 0x69, 0x66, 0xFF, 0x5E, 0x5B, 0x58, 0xFF, 0x42, 0x3F, 0x3C, 0xFF,
    0x21, 0x1E, 0x1C, 0xDD, 0x3C, 0x39, 0x38, 0xF2, 0x36, 0x35, 0x32, 0xC5, 0x00, 0x00, 0x00, 0x00,
    0xAC, 0xA9, 0xA6, 0xA4, 0xCD, 0xC8, 0xC5, 0xFF, 0xC1, 0xC0, 0xBA, 0xFB, 0x95, 0x91, 0x8C, 0xFF,
    0x35, 0x31, 0x2F, 0xFE, 0x27, 0x25, 0x25, 0xFF, 0x43, 0x3F, 0x3F, 0xFA, 0x57, 0x57, 0x57, 0x1D,
    0x00, 0x00, 0x00, 0x00, 0x7F, 0x00, 0x00, 0x02, 0x00, 0x00, 0x00, 0x00, 0x00, 0x00, 0x00, 0x00,
    0x00, 0x00, 0x00, 0x00, 0x00, 0x00, 0x00, 0x00, 0x00, 0x00, 0x00, 0x00, 0x00, 0x00, 0x00, 0x00,
    0x00, 0x00, 0x00, 0x00, 0x00, 0x00, 0x00, 0x00, 0x00, 0x00, 0x00, 0x00, 0x00, 0x00, 0x00, 0x00,
    0x00, 0x00, 0x00, 0x00, 0x00, 0x00, 0x00, 0x00, 0x00, 0x00, 0x00, 0x00, 0x00, 0x00, 0x00, 0x00,
    0x00, 0x00, 0x00, 0x00, 0x00, 0x00, 0x00, 0x00, 0x00, 0x00, 0x00, 0x00, 0x00, 0x00, 0x00, 0x00,
    0x00, 0x00, 0x00, 0x00, 0x00, 0x00, 0x00, 0x00, 0x00, 0x00, 0x00, 0x01, 0x00, 0x00, 0x00, 0x00,
    0x19, 0x19, 0x19, 0x0A, 0x32, 0x30, 0x30, 0xE2, 0x2A, 0x27, 0x26, 0xFF, 0x35, 0x31, 0x30, 0xFD,
    0x85, 0x80, 0x7C, 0xFF, 0xC4, 0xBF, 0xBC, 0xFC, 0x66, 0x60, 0x5D, 0xFE, 0x49, 0x45, 0x45, 0xC2,
    0x00, 0x00, 0x00, 0x00, 0x25, 0x23, 0x22, 0xB2, 0x3D, 0x3B, 0x38, 0xFF, 0x2F, 0x2C, 0x29, 0xDB,
    0x09, 0x09, 0x06, 0x50, 0x2E, 0x2C, 0x29, 0xF2, 0x39, 0x37, 0x34, 0xFF, 0x1E, 0x1C, 0x19, 0xD4,
    0x1D, 0x1A, 0x16, 0xE4, 0x19, 0x15, 0x14, 0xA3, 0x1D, 0x1B, 0x17, 0xC5, 0x21, 0x1E, 0x1B, 0xFB,
    0x1F, 0x1C, 0x19, 0xE6, 0x27, 0x25, 0x22, 0xFA, 0x25, 0x23, 0x1F, 0xDE, 0x27, 0x27, 0x21, 0xE3,
    0x28, 0x27, 0x21, 0xFF, 0x25, 0x24, 0x20, 0xFE, 0x25, 0x23, 0x1F, 0xFF, 0x23, 0x22, 0x1E, 0xFF,
    0x24, 0x23, 0x1E, 0xFF, 0x25, 0x24, 0x1E, 0xFF, 0x28, 0x27, 0x23, 0xFF, 0x2F, 0x2E, 0x29, 0xFF,
    0x36, 0x35, 0x2F, 0xFF, 0x3B, 0x3A, 0x34, 0xFF, 0x3E, 0x3D, 0x37, 0xFF, 0x41, 0x40, 0x3A, 0xFF,
    0x41, 0x41, 0x3B, 0xFF, 0x44, 0x44, 0x3F, 0xFF, 0x43, 0x42, 0x3D, 0xFF, 0x38, 0x35, 0x30, 0xFF,
    0x3E, 0x3D, 0x37, 0xFF, 0x3F, 0x3E, 0x37, 0xFE, 0x43, 0x40, 0x39, 0xFF, 0x2A, 0x28, 0x24, 0xEE,
    0x2C, 0x2B, 0x25, 0xF9, 0x3A, 0x3A, 0x32, 0xFF, 0x30, 0x30, 0x2A, 0xFF, 0x2A, 0x28, 0x26, 0xFF,
    0x2A, 0x2A, 0x25, 0xFF, 0x26, 0x25, 0x20, 0xFF, 0x27, 0x26, 0x20, 0xFF, 0x29, 0x28, 0x23, 0xFF,
    0x29, 0x28, 0x22, 0xFF, 0x29, 0x27, 0x22, 0xFF, 0x27, 0x26, 0x21, 0xF4, 0x27, 0x25, 0x21, 0xEF,
    0x27, 0x25, 0x1F, 0xE3, 0x27, 0x23, 0x1F, 0xE3, 0x26, 0x24, 0x1F, 0xE2, 0x26, 0x26, 0x20, 0xDC,
    0x27, 0x27, 0x21, 0xDB, 0x29, 0x29, 0x24, 0xE7, 0x2F, 0x2F, 0x29, 0xF5, 0x36, 0x36, 0x30, 0xFF,
    0x37, 0x37, 0x31, 0xFE, 0x37, 0x37, 0x31, 0xFF, 0x37, 0x37, 0x31, 0xFF, 0x38, 0x38, 0x32, 0xFF,
    0x38, 0x38, 0x32, 0xFF, 0x38, 0x39, 0x33, 0xFF, 0x3B, 0x3A, 0x35, 0xFF, 0x3C, 0x3C, 0x36, 0xFF,
    0x3D, 0x3D, 0x38, 0xFF, 0x41, 0x3F, 0x3A, 0xFF, 0x45, 0x41, 0x3E, 0xFF, 0x4A, 0x46, 0x42, 0xFF,
    0x50, 0x4B, 0x47, 0xFF, 0x56, 0x52, 0x4E, 0xFF, 0x5D, 0x59, 0x53, 0xFF, 0x62, 0x5E, 0x5A, 0xFF,
    0x68, 0x64, 0x5F, 0xFF, 0x6C, 0x6A, 0x63, 0xFF, 0x70, 0x6E, 0x67, 0xFF, 0x74, 0x71, 0x6B, 0xFF,
    0x75, 0x72, 0x6D, 0xFF, 0x41, 0x3F, 0x3B, 0xFF, 0x35, 0x33, 0x2F, 0xFF, 0x35, 0x33, 0x2E, 0xFF,
    0x32, 0x31, 0x2C, 0xFF, 0x2F, 0x2F, 0x2A, 0xFF, 0x2D, 0x2C, 0x28, 0xFE, 0x25, 0x23, 0x20, 0xFA,
    0x26, 0x25, 0x20, 0xFF, 0x40, 0x3D, 0x39, 0xFA, 0x60, 0x5C, 0x58, 0xFC, 0x42, 0x3F, 0x3B, 0xC4,
    0x1C, 0x1A, 0x19, 0xA2, 0x5D, 0x59, 0x59, 0xF2, 0x53, 0x4E, 0x4D, 0xFF, 0x00, 0x00, 0x00, 0x28,
    0xAC, 0xAA, 0xA7, 0x72, 0xC5, 0xC1, 0xBE, 0xFF, 0xC3, 0xBD, 0xBB, 0xFB, 0x96, 0x91, 0x8C, 0xFF,
    0x36, 0x32, 0x2F, 0xFF, 0x27, 0x24, 0x23, 0xFE, 0x42, 0x3F, 0x3D, 0xFE, 0x43, 0x3E, 0x3E, 0x35,
    0x00, 0x00, 0x00, 0x00, 0x55, 0x55, 0x55, 0x03, 0x00, 0x00, 0x00, 0x00, 0x00, 0x00, 0x00, 0x00,
    0x00, 0x00, 0x00, 0x00, 0x00, 0x00, 0x00, 0x00, 0x00, 0x00, 0x00, 0x00, 0x00, 0x00, 0x00, 0x00,
    0x00, 0x00, 0x00, 0x00, 0x00, 0x00, 0x00, 0x00, 0x00, 0x00, 0x00, 0x00, 0x00, 0x00, 0x00, 0x00,
    0x00, 0x00, 0x00, 0x00, 0x00, 0x00, 0x00, 0x00, 0x00, 0x00, 0x00, 0x00, 0x00, 0x00, 0x00, 0x00,
    0x00, 0x00, 0x00, 0x00, 0x00, 0x00, 0x00, 0x00, 0x00, 0x00, 0x00, 0x00, 0x00, 0x00, 0x00, 0x00,
    0x00, 0x00, 0x00, 0x00, 0x00, 0x00, 0x00, 0x00, 0x00, 0x00, 0x00, 0x02, 0x00, 0x00, 0x00, 0x00,
    0x2B, 0x23, 0x23, 0x1D, 0x32, 0x2F, 0x2E, 0xF9, 0x28, 0x26, 0x26, 0xFF, 0x37, 0x32, 0x31, 0xFE,
    0x8B, 0x86, 0x83, 0xFF, 0xC6, 0xC1, 0xC0, 0xFB, 0x68, 0x64, 0x61, 0xFF, 0x4F, 0x4C, 0x4A, 0x74,
    0x15, 0x15, 0x15, 0x24, 0x3B, 0x38, 0x38, 0xFD, 0x3B, 0x38, 0x35, 0xFE, 0x30, 0x2E, 0x2C, 0xFA,
    0x14, 0x14, 0x11, 0x66, 0x3F, 0x3C, 0x39, 0xF0, 0x33, 0x31, 0x2C, 0xF6, 0x16, 0x16, 0x12, 0xB4,
    0x19, 0x18, 0x16, 0xA9, 0x18, 0x15, 0x13, 0x9C, 0x23, 0x22, 0x1E, 0xFF, 0x1E, 0x1D, 0x19, 0xDF,
    0x1B, 0x1A, 0x14, 0xC4, 0x26, 0x25, 0x21, 0xFF, 0x2C, 0x2B, 0x27, 0xFF, 0x26, 0x25, 0x22, 0xE6,
    0x25, 0x25, 0x21, 0xED, 0x26, 0x25, 0x20, 0xFF, 0x24, 0x24, 0x1F, 0xFE, 0x24, 0x23, 0x1E, 0xFF,
    0x24, 0x23, 0x1E, 0xFF, 0x25, 0x24, 0x1F, 0xFF, 0x29, 0x26, 0x23, 0xFF, 0x30, 0x2E, 0x29, 0xFF,
    0x36, 0x36, 0x2F, 0xFF, 0x3A, 0x3A, 0x34, 0xFF, 0x3E, 0x3D, 0x37, 0xFF, 0x41, 0x41, 0x3B, 0xFF,
    0x42, 0x42, 0x3C, 0xFF, 0x45, 0x44, 0x3F, 0xFF, 0x3A, 0x39, 0x34, 0xFF, 0x42, 0x40, 0x3B, 0xFF,
    0x41, 0x40, 0x39, 0xFF, 0x3A, 0x3B, 0x33, 0xFF, 0x41, 0x40, 0x38, 0xFF, 0x34, 0x33, 0x2D, 0xFA,
    0x27, 0x27, 0x22, 0xFD, 0x33, 0x34, 0x2D, 0xFE, 0x30, 0x31, 0x2A, 0xFE, 0x29, 0x27, 0x23, 0xFE,
    0x29, 0x28, 0x23, 0xFE, 0x25, 0x24, 0x1F, 0xFE, 0x26, 0x23, 0x1F, 0xFD, 0x1E, 0x1C, 0x18, 0xD8,
    0x1B, 0x1B, 0x15, 0xC9, 0x1C, 0x1B, 0x16, 0xCC, 0x1C, 0x1C, 0x16, 0xCF, 0x1F, 0x1B, 0x19, 0xDB,
    0x20, 0x1E, 0x19, 0xE4, 0x20, 0x1F, 0x1A, 0xE5, 0x22, 0x20, 0x1C, 0xEC, 0x23, 0x22, 0x1D, 0xF5,
    0x24, 0x23, 0x1E, 0xF3, 0x25, 0x24, 0x1E, 0xF0, 0x22, 0x1F, 0x1B, 0xE8, 0x28, 0x28, 0x22, 0xEA,
    0x35, 0x35, 0x2D, 0xFF, 0x36, 0x35, 0x30, 0xFE, 0x37, 0x36, 0x31, 0xFF, 0x38, 0x37, 0x31, 0xFF,
    0x38, 0x38, 0x32, 0xFF, 0x39, 0x38, 0x33, 0xFF, 0x3A, 0x39, 0x34, 0xFF, 0x3B, 0x3B, 0x35, 0xFF,
    0x3C, 0x3C, 0x36, 0xFF, 0x3F, 0x3D, 0x39, 0xFF, 0x44, 0x40, 0x3C, 0xFF, 0x49, 0x45, 0x41, 0xFF,
    0x4F, 0x4A, 0x46, 0xFF, 0x55, 0x50, 0x4D, 0xFF, 0x5C, 0x59, 0x53, 0xFF, 0x62, 0x5E, 0x5A, 0xFF,
    0x68, 0x64, 0x5F, 0xFF, 0x6D, 0x6A, 0x65, 0xFF, 0x72, 0x6E, 0x69, 0xFF, 0x74, 0x72, 0x6B, 0xFF,
    0x7B, 0x79, 0x72, 0xFF, 0x60, 0x5E, 0x59, 0xFF, 0x2F, 0x2E, 0x2A, 0xFF, 0x34, 0x32, 0x2E, 0xFF,
    0x30, 0x30, 0x2B, 0xFF, 0x2F, 0x2F, 0x2A, 0xFF, 0x30, 0x2F, 0x2B, 0xFF, 0x28, 0x26, 0x21, 0xFA,
    0x1D, 0x1D, 0x1A, 0xD7, 0x27, 0x25, 0x21, 0xFD, 0x36, 0x35, 0x32, 0xFF, 0x20, 0x20, 0x1F, 0xC2,
    0x2C, 0x2B, 0x2A, 0xBC, 0x3F, 0x3C, 0x3A, 0xFA, 0x5E, 0x58, 0x56, 0xFE, 0x32, 0x30, 0x2C, 0x8E,
    0x99, 0x99, 0x99, 0x2D, 0xBA, 0xB6, 0xB2, 0xFF, 0xC0, 0xBC, 0xB8, 0xFD, 0x96, 0x91, 0x8D, 0xFF,
    0x36, 0x32, 0x32, 0xFF, 0x27, 0x24, 0x23, 0xFC, 0x44, 0x40, 0x3E, 0xFF, 0x3B, 0x3B, 0x37, 0x52,
    0x00, 0x00, 0x00, 0x00, 0x3F, 0x3F, 0x3F, 0x04, 0x00, 0x00, 0x00, 0x00, 0x00, 0x00, 0x00, 0x00,
    0x00, 0x00, 0x00, 0x00, 0x00, 0x00, 0x00, 0x00, 0x00, 0x00, 0x00, 0x00, 0x00, 0x00, 0x00, 0x00,
    0x00, 0x00, 0x00, 0x00, 0x00, 0x00, 0x00, 0x00, 0x00, 0x00, 0x00, 0x00, 0x00, 0x00, 0x00, 0x00,
    0x00, 0x00, 0x00, 0x00, 0x00, 0x00, 0x00, 0x00, 0x00, 0x00, 0x00, 0x00, 0x00, 0x00, 0x00, 0x00,
    0x00, 0x00, 0x00, 0x00, 0x00, 0x00, 0x00, 0x00, 0x00, 0x00, 0x00, 0x00, 0x00, 0x00, 0x00, 0x00,
    0x00, 0x00, 0x00, 0x00, 0x00, 0x00, 0x00, 0x00, 0x00, 0x00, 0x00, 0x02, 0x00, 0x00, 0x00, 0x00,
    0x34, 0x2B, 0x2B, 0x1D, 0x33, 0x30, 0x2F, 0xF9, 0x27, 0x25, 0x25, 0xFF, 0x38, 0x34, 0x32, 0xFE,
    0x91, 0x8C, 0x89, 0xFF, 0xC5, 0xC1, 0xBE, 0xFC, 0x66, 0x62, 0x5F, 0xFF, 0x3D, 0x39, 0x39, 0x47,
    0x3F, 0x3D, 0x3B, 0x80, 0x3A, 0x36, 0x36, 0xFF, 0x26, 0x25, 0x24, 0xF9, 0x33, 0x31, 0x30, 0xFF,
    0x23, 0x21, 0x21, 0x6C, 0x2E, 0x2C, 0x28, 0xD4, 0x26, 0x24, 0x1E, 0xF0, 0x11, 0x13, 0x0F, 0x85,
    0x13, 0x13, 0x11, 0x74, 0x1F, 0x1B, 0x19, 0xE5, 0x22, 0x21, 0x1E, 0xC6, 0x17, 0x17, 0x15, 0x79,
    0x15, 0x13, 0x0F, 0x90, 0x20, 0x1F, 0x1A, 0xEE, 0x28, 0x27, 0x22, 0xFE, 0x2B, 0x29, 0x25, 0xFF,
    0x26, 0x25, 0x20, 0xE3, 0x26, 0x24, 0x1F, 0xFA, 0x24, 0x24, 0x1F, 0xFE, 0x25, 0x23, 0x1F, 0xFF,
    0x24, 0x23, 0x1E, 0xFF, 0x25, 0x24, 0x1F, 0xFF, 0x27, 0x27, 0x22, 0xFF, 0x2F, 0x2E, 0x29, 0xFF,
    0x37, 0x35, 0x30, 0xFF, 0x3B, 0x3A, 0x34, 0xFF, 0x3F, 0x3D, 0x37, 0xFF, 0x40, 0x40, 0x39, 0xFF,
    0x43, 0x42, 0x3C, 0xFE, 0x3E, 0x3B, 0x36, 0xFE, 0x41, 0x3F, 0x38, 0xFE, 0x42, 0x41, 0x3B, 0xFE,
    0x3F, 0x3D, 0x37, 0xFF, 0x38, 0x39, 0x31, 0xFF, 0x3C, 0x3D, 0x35, 0xFF, 0x35, 0x36, 0x2F, 0xFF,
    0x27, 0x26, 0x21, 0xFF, 0x2F, 0x2D, 0x28, 0xFF, 0x33, 0x34, 0x2E, 0xFF, 0x2A, 0x29, 0x24, 0xFF,
    0x28, 0x25, 0x21, 0xFF, 0x25, 0x23, 0x1E, 0xFE, 0x29, 0x27, 0x22, 0xF8, 0x2F, 0x2C, 0x27, 0xD9,
    0x2E, 0x2B, 0x27, 0xDD, 0x30, 0x2E, 0x28, 0xDC, 0x32, 0x2F, 0x2A, 0xDA, 0x33, 0x31, 0x2C, 0xDE,
    0x33, 0x32, 0x2E, 0xE2, 0x35, 0x34, 0x2C, 0xE3, 0x37, 0x35, 0x2F, 0xED, 0x38, 0x36, 0x30, 0xFB,
    0x3C, 0x3A, 0x34, 0xFF, 0x41, 0x40, 0x39, 0xFF, 0x4B, 0x48, 0x42, 0xFF, 0x2E, 0x2C, 0x27, 0xED,
    0x27, 0x25, 0x21, 0xEF, 0x34, 0x33, 0x2D, 0xFF, 0x36, 0x34, 0x2F, 0xFE, 0x37, 0x34, 0x2F, 0xFF,
    0x37, 0x37, 0x31, 0xFF, 0x39, 0x37, 0x32, 0xFF, 0x39, 0x38, 0x33, 0xFF, 0x3A, 0x39, 0x33, 0xFF,
    0x3B, 0x3A, 0x35, 0xFF, 0x3E, 0x3C, 0x37, 0xFF, 0x42, 0x3E, 0x3B, 0xFF, 0x48, 0x43, 0x41, 0xFF,
    0x4E, 0x4A, 0x46, 0xFF, 0x54, 0x50, 0x4C, 0xFF, 0x5A, 0x57, 0x52, 0xFF, 0x61, 0x5E, 0x59, 0xFF,
    0x68, 0x64, 0x5F, 0xFF, 0x6F, 0x6A, 0x65, 0xFF, 0x72, 0x6E, 0x6A, 0xFF, 0x75, 0x73, 0x6C, 0xFF,
    0x77, 0x75, 0x6D, 0xFF, 0x79, 0x75, 0x70, 0xFF, 0x42, 0x3F, 0x3B, 0xFF, 0x2B, 0x2A, 0x25, 0xFF,
    0x31, 0x30, 0x2B, 0xFF, 0x2C, 0x2A, 0x27, 0xFD, 0x2C, 0x2B, 0x27, 0xFE, 0x2D, 0x2C, 0x27, 0xFC,
    0x1B, 0x1A, 0x18, 0xCD, 0x20, 0x1F, 0x1E, 0xEB, 0x2C, 0x2B, 0x27, 0xFB, 0x1C, 0x1D, 0x1C, 0xD0,
    0x37, 0x36, 0x33, 0xD8, 0x3C, 0x38, 0x35, 0xFF, 0x3D, 0x39, 0x35, 0xFF, 0x4E, 0x4A, 0x47, 0xE4,
    0x28, 0x24, 0x24, 0x3F, 0xA8, 0xA5, 0xA1, 0xF8, 0xC3, 0xC0, 0xBC, 0xFF, 0x9B, 0x94, 0x90, 0xFF,
    0x3A, 0x36, 0x33, 0xFF, 0x26, 0x24, 0x23, 0xFC, 0x41, 0x3F, 0x3D, 0xFF, 0x44, 0x41, 0x41, 0x52,
    0x00, 0x00, 0x00, 0x00, 0x3F, 0x3F, 0x3F, 0x04, 0x00, 0x00, 0x00, 0x00, 0x00, 0x00, 0x00, 0x00,
    0x00, 0x00, 0x00, 0x00, 0x00, 0x00, 0x00, 0x00, 0x00, 0x00, 0x00, 0x00, 0x00, 0x00, 0x00, 0x00,
    0x00, 0x00, 0x00, 0x00, 0x00, 0x00, 0x00, 0x00, 0x00, 0x00, 0x00, 0x00, 0x00, 0x00, 0x00, 0x00,
    0x00, 0x00, 0x00, 0x00, 0x00, 0x00, 0x00, 0x00, 0x00, 0x00, 0x00, 0x00, 0x00, 0x00, 0x00, 0x00,
    0x00, 0x00, 0x00, 0x00, 0x00, 0x00, 0x00, 0x00, 0x00, 0x00, 0x00, 0x00, 0x00, 0x00, 0x00, 0x00,
    0x00, 0x00, 0x00, 0x00, 0x00, 0x00, 0x00, 0x00, 0x00, 0x00, 0x00, 0x02, 0x00, 0x00, 0x00, 0x00,
    0x3D, 0x34, 0x34, 0x1D, 0x32, 0x2F, 0x2F, 0xF9, 0x27, 0x25, 0x24, 0xFF, 0x3A, 0x36, 0x34, 0xFE,
    0x95, 0x90, 0x8D, 0xFF, 0xC2, 0xBF, 0xBA, 0xFF, 0x60, 0x5C, 0x59, 0xFF, 0x35, 0x35, 0x35, 0x2B,
    0x48, 0x45, 0x43, 0xC5, 0x31, 0x2E, 0x2C, 0xFF, 0x2C, 0x29, 0x29, 0xF9, 0x31, 0x30, 0x2D, 0xFF,
    0x29, 0x29, 0x27, 0x94, 0x21, 0x21, 0x1B, 0x89, 0x24, 0x23, 0x1E, 0xFB, 0x1E, 0x1C, 0x19, 0x98,
    0x19, 0x16, 0x13, 0xAB, 0x25, 0x22, 0x21, 0xB8, 0x24, 0x24, 0x21, 0x92, 0x16, 0x16, 0x14, 0x7C,
    0x0E, 0x0E, 0x0E, 0x59, 0x1A, 0x1A, 0x16, 0xB8, 0x24, 0x23, 0x1E, 0xFF, 0x29, 0x29, 0x24, 0xFF,
    0x29, 0x28, 0x23, 0xFA, 0x25, 0x25, 0x20, 0xF6, 0x26, 0x24, 0x20, 0xFF, 0x24, 0x22, 0x1E, 0xFD,
    0x24, 0x22, 0x1E, 0xFB, 0x25, 0x23, 0x1F, 0xFB, 0x26, 0x26, 0x21, 0xFC, 0x2E, 0x2C, 0x28, 0xFC,
    0x35, 0x34, 0x2F, 0xFB, 0x3A, 0x3A, 0x34, 0xFB, 0x3E, 0x3F, 0x38, 0xFC, 0x41, 0x40, 0x3A, 0xFF,
    0x43, 0x3F, 0x3B, 0xFF, 0x3F, 0x3E, 0x38, 0xFF, 0x44, 0x44, 0x3D, 0xFF, 0x42, 0x41, 0x39, 0xFF,
    0x3E, 0x3C, 0x37, 0xFF, 0x33, 0x33, 0x2D, 0xFC, 0x38, 0x38, 0x31, 0xFE, 0x36, 0x35, 0x30, 0xFF,
    0x27, 0x27, 0x21, 0xFF, 0x29, 0x28, 0x23, 0xFF, 0x33, 0x33, 0x2E, 0xFF, 0x2D, 0x2B, 0x26, 0xFE,
    0x26, 0x24, 0x1F, 0xFD, 0x22, 0x1F, 0x1A, 0xFD, 0x2B, 0x2B, 0x26, 0xC8, 0x49, 0x47, 0x42, 0x8B,
    0x42, 0x41, 0x3D, 0x95, 0x47, 0x46, 0x3F, 0x95, 0x48, 0x45, 0x40, 0x9B, 0x4B, 0x4A, 0x45, 0x97,
    0x4B, 0x4B, 0x46, 0x97, 0x4E, 0x4B, 0x44, 0x9F, 0x51, 0x4E, 0x49, 0xA0, 0x51, 0x51, 0x4B, 0xA3,
    0x50, 0x50, 0x49, 0xB5, 0x51, 0x51, 0x49, 0xC1, 0x5C, 0x5B, 0x55, 0xB8, 0x33, 0x32, 0x2E, 0xF9,
    0x23, 0x23, 0x1E, 0xE7, 0x2C, 0x2B, 0x24, 0xF9, 0x34, 0x32, 0x2D, 0xFF, 0x33, 0x33, 0x2C, 0xFF,
    0x34, 0x34, 0x2D, 0xFF, 0x36, 0x34, 0x2F, 0xFF, 0x36, 0x36, 0x30, 0xFF, 0x38, 0x36, 0x31, 0xFF,
    0x3A, 0x39, 0x33, 0xFF, 0x3C, 0x3D, 0x36, 0xFF, 0x42, 0x3E, 0x3A, 0xFF, 0x48, 0x43, 0x3F, 0xFF,
    0x4C, 0x49, 0x45, 0xFF, 0x52, 0x4F, 0x4A, 0xFF, 0x59, 0x56, 0x51, 0xFF, 0x60, 0x5C, 0x59, 0xFF,
    0x67, 0x63, 0x60, 0xFF, 0x6E, 0x6A, 0x65, 0xFF, 0x72, 0x6F, 0x6B, 0xFF, 0x77, 0x73, 0x6D, 0xFF,
    0x79, 0x76, 0x6E, 0xFF, 0x7E, 0x7B, 0x73, 0xFF, 0x6C, 0x67, 0x63, 0xFF, 0x2C, 0x2A, 0x26, 0xFF,
    0x31, 0x30, 0x2B, 0xFF, 0x2C, 0x2A, 0x26, 0xFE, 0x29, 0x28, 0x25, 0xFD, 0x2B, 0x2A, 0x25, 0xFE,
    0x1F, 0x1F, 0x1C, 0xE9, 0x25, 0x24, 0x22, 0xF0, 0x24, 0x24, 0x1F, 0xDA, 0x20, 0x20, 0x1C, 0xAC,
    0x44, 0x41, 0x3C, 0xEF, 0x41, 0x3E, 0x3B, 0xFF, 0x38, 0x35, 0x31, 0xFE, 0x51, 0x4E, 0x4B, 0xFF,
    0x2A, 0x2A, 0x2A, 0x42, 0xA8, 0xA6, 0xA2, 0xD2, 0xC5, 0xC2, 0xBE, 0xFF, 0x9F, 0x99, 0x95, 0xFD,
    0x3D, 0x38, 0x36, 0xFF, 0x25, 0x24, 0x22, 0xFC, 0x41, 0x3F, 0x3D, 0xFF, 0x4A, 0x4A, 0x4A, 0x52,
    0x00, 0x00, 0x00, 0x00, 0x3F, 0x3F, 0x3F, 0x04, 0x00, 0x00, 0x00, 0x00, 0x00, 0x00, 0x00, 0x00,
    0x00, 0x00, 0x00, 0x00, 0x00, 0x00, 0x00, 0x00, 0x00, 0x00, 0x00, 0x00, 0x00, 0x00, 0x00, 0x00,
    0x00, 0x00, 0x00, 0x00, 0x00, 0x00, 0x00, 0x00, 0x00, 0x00, 0x00, 0x00, 0x00, 0x00, 0x00, 0x00,
    0x00, 0x00, 0x00, 0x00, 0x00, 0x00, 0x00, 0x00, 0x00, 0x00, 0x00, 0x00, 0x00, 0x00, 0x00, 0x00,
    0x00, 0x00, 0x00, 0x00, 0x00, 0x00, 0x00, 0x00, 0x00, 0x00, 0x00, 0x00, 0x00, 0x00, 0x00, 0x00,
    0x00, 0x00, 0x00, 0x00, 0x00, 0x00, 0x00, 0x00, 0x00, 0x00, 0x00, 0x02, 0x00, 0x00, 0x00, 0x00,
    0x46, 0x3D, 0x3D, 0x1D, 0x32, 0x30, 0x2D, 0xF9, 0x27, 0x25, 0x23, 0xFF, 0x3D, 0x38, 0x36, 0xFE,
    0x9A, 0x94, 0x91, 0xFF, 0xC2, 0xBD, 0xB8, 0xFE, 0x5C, 0x56, 0x53, 0xFF, 0x2E, 0x2E, 0x2E, 0x3C,
    0x45, 0x43, 0x40, 0xD0, 0x2E, 0x2B, 0x29, 0xFF, 0x30, 0x2D, 0x2C, 0xFC, 0x33, 0x31, 0x2E, 0xFF,
    0x2D, 0x2B, 0x28, 0xDE, 0x1A, 0x1A, 0x12, 0x44, 0x27, 0x24, 0x21, 0xF9, 0x1E, 0x1E, 0x1C, 0x97,
    0x1C, 0x1A, 0x19, 0xB6, 0x26, 0x24, 0x24, 0x9F, 0x1C, 0x1C, 0x1A, 0xB9, 0x18, 0x18, 0x13, 0x9D,
    0x0A, 0x0A, 0x0A, 0x46, 0x16, 0x16, 0x13, 0x92, 0x1F, 0x1E, 0x1A, 0xF3, 0x24, 0x25, 0x20, 0xFA,
    0x2A, 0x29, 0x24, 0xF7, 0x27, 0x26, 0x22, 0xE8, 0x24, 0x23, 0x1E, 0xF7, 0x26, 0x25, 0x20, 0xFF,
    0x27, 0x26, 0x21, 0xFF, 0x28, 0x27, 0x22, 0xFF, 0x2A, 0x29, 0x24, 0xFF, 0x31, 0x31, 0x2B, 0xFF,
    0x3A, 0x39, 0x33, 0xFF, 0x3F, 0x40, 0x38, 0xFF, 0x43, 0x43, 0x3C, 0xFF, 0x41, 0x41, 0x3B, 0xFF,
    0x3C, 0x3B, 0x37, 0xEB, 0x3E, 0x3C, 0x37, 0xE6, 0x3C, 0x3D, 0x37, 0xEE, 0x3C, 0x3C, 0x36, 0xFA,
    0x3A, 0x38, 0x33, 0xFE, 0x33, 0x33, 0x2C, 0xFF, 0x21, 0x22, 0x1D, 0xF2, 0x1C, 0x1C, 0x16, 0xB2,
    0x24, 0x24, 0x1F, 0xF5, 0x27, 0x27, 0x21, 0xFF, 0x34, 0x33, 0x2E, 0xFE, 0x33, 0x33, 0x2D, 0xFD,
    0x24, 0x23, 0x1E, 0xFE, 0x1E, 0x1A, 0x18, 0xC9, 0x0F, 0x0F, 0x0D, 0x72, 0x00, 0x00, 0x00, 0x2F,
    0x00, 0x00, 0x00, 0x49, 0x00, 0x00, 0x00, 0x48, 0x00, 0x00, 0x00, 0x4C, 0x00, 0x00, 0x00, 0x53,
    0x00, 0x00, 0x00, 0x5B, 0x02, 0x00, 0x00, 0x64, 0x02, 0x02, 0x02, 0x6E, 0x04, 0x06, 0x04, 0x78,
    0x03, 0x07, 0x05, 0x82, 0x08, 0x0A, 0x06, 0x97, 0x08, 0x08, 0x04, 0x9A, 0x1D, 0x1D, 0x19, 0xC0,
    0x28, 0x27, 0x23, 0xE8, 0x26, 0x25, 0x1F, 0xF1, 0x32, 0x30, 0x2A, 0xFF, 0x31, 0x31, 0x2B, 0xFE,
    0x31, 0x30, 0x2A, 0xFF, 0x33, 0x31, 0x2B, 0xFF, 0x33, 0x33, 0x2C, 0xFF, 0x36, 0x34, 0x2F, 0xFF,
    0x38, 0x37, 0x30, 0xFF, 0x3A, 0x3B, 0x34, 0xFF, 0x40, 0x3E, 0x39, 0xFF, 0x46, 0x43, 0x3E, 0xFF,
    0x4B, 0x48, 0x43, 0xFF, 0x51, 0x4E, 0x49, 0xFF, 0x59, 0x55, 0x50, 0xFF, 0x60, 0x5C, 0x58, 0xFF,
    0x67, 0x63, 0x5F, 0xFF, 0x6D, 0x69, 0x65, 0xFF, 0x72, 0x6D, 0x6A, 0xFF, 0x77, 0x73, 0x6E, 0xFF,
    0x7B, 0x78, 0x71, 0xFF, 0x7C, 0x79, 0x73, 0xFF, 0x83, 0x7F, 0x7A, 0xFF, 0x48, 0x45, 0x41, 0xFF,
    0x2E, 0x2C, 0x28, 0xFF, 0x30, 0x2E, 0x2A, 0xFF, 0x2B, 0x2A, 0x25, 0xFF, 0x29, 0x29, 0x24, 0xFD,
    0x20, 0x1F, 0x1C, 0xF4, 0x2B, 0x2A, 0x28, 0xFF, 0x1C, 0x1A, 0x18, 0xB9, 0x33, 0x32, 0x2F, 0xBC,
    0x4A, 0x46, 0x43, 0xFF, 0x3F, 0x3D, 0x38, 0xFE, 0x37, 0x35, 0x30, 0xFF, 0x52, 0x4F, 0x4B, 0xFE,
    0x38, 0x38, 0x33, 0x32, 0xA4, 0xA0, 0x9D, 0xD6, 0xC4, 0xC1, 0xBC, 0xFF, 0xA2, 0x9D, 0x99, 0xFD,
    0x41, 0x3C, 0x3A, 0xFF, 0x26, 0x24, 0x22, 0xFC, 0x3F, 0x3C, 0x3B, 0xFF, 0x4D, 0x4D, 0x4D, 0x52,
    0x00, 0x00, 0x00, 0x00, 0x3F, 0x3F, 0x3F, 0x04, 0x00, 0x00, 0x00, 0x00, 0x00, 0x00, 0x00, 0x00,
    0x00, 0x00, 0x00, 0x00, 0x00, 0x00, 0x00, 0x00, 0x00, 0x00, 0x00, 0x00, 0x00, 0x00, 0x00, 0x00,
    0x00, 0x00, 0x00, 0x00, 0x00, 0x00, 0x00, 0x00, 0x00, 0x00, 0x00, 0x00, 0x00, 0x00, 0x00, 0x00,
    0x00, 0x00, 0x00, 0x00, 0x00, 0x00, 0x00, 0x00, 0x00, 0x00, 0x00, 0x00, 0x00, 0x00, 0x00, 0x00,
    0x00, 0x00, 0x00, 0x00, 0x00, 0x00, 0x00, 0x00, 0x00, 0x00, 0x00, 0x00, 0x00, 0x00, 0x00, 0x00,
    0x00, 0x00, 0x00, 0x00, 0x00, 0x00, 0x00, 0x00, 0x00, 0x00, 0x00, 0x02, 0x00, 0x00, 0x00, 0x00,
    0x4A, 0x41, 0x41, 0x1F, 0x33, 0x2E, 0x2E, 0xFA, 0x26, 0x24, 0x23, 0xFF, 0x3F, 0x3A, 0x37, 0xFE,
    0x9C, 0x97, 0x93, 0xFF, 0xBE, 0xBA, 0xB7, 0xFC, 0x56, 0x51, 0x4F, 0xFF, 0x30, 0x2E, 0x2C, 0x9F,
    0x44, 0x42, 0x40, 0xD7, 0x30, 0x2D, 0x2B, 0xFF, 0x30, 0x2D, 0x2B, 0xFE, 0x39, 0x34, 0x32, 0xFC,
    0x36, 0x32, 0x2F, 0xFF, 0x24, 0x24, 0x21, 0x5C, 0x21, 0x20, 0x1C, 0xAD, 0x16, 0x16, 0x12, 0x88,
    0x21, 0x21, 0x20, 0xAF, 0x20, 0x1F, 0x1C, 0xD5, 0x27, 0x27, 0x22, 0xFE, 0x20, 0x1F, 0x1A, 0xCB,
    0x0C, 0x08, 0x08, 0x3F, 0x0F, 0x13, 0x0F, 0x50, 0x15, 0x15, 0x12, 0x55, 0x15, 0x15, 0x11, 0x48,
    0x12, 0x12, 0x12, 0x36, 0x13, 0x13, 0x0C, 0x28, 0x16, 0x16, 0x16, 0x2E, 0x1D, 0x1D, 0x1A, 0x57,
    0x20, 0x1E, 0x19, 0x77, 0x21, 0x21, 0x1C, 0x99, 0x25, 0x25, 0x1F, 0xB1, 0x2B, 0x2B, 0x25, 0xB6,
    0x32, 0x32, 0x2B, 0xA3, 0x30, 0x30, 0x2A, 0x8A, 0x33, 0x33, 0x2D, 0x64, 0x28, 0x28, 0x24, 0x45,
    0x0F, 0x17, 0x17, 0x21, 0x0D, 0x0D, 0x0D, 0x13, 0x11, 0x11, 0x11, 0x1D, 0x14, 0x17, 0x14, 0x4B,
    0x1B, 0x1B, 0x15, 0x5D, 0x1F, 0x20, 0x1B, 0x94, 0x17, 0x17, 0x15, 0x84, 0x0A, 0x06, 0x06, 0x4B,
    0x0D, 0x0D, 0x09, 0x9A, 0x21, 0x20, 0x1B, 0xF9, 0x24, 0x23, 0x1D, 0xFC, 0x2A, 0x28, 0x21, 0xFC,
    0x27, 0x26, 0x20, 0xFD, 0x19, 0x19, 0x15, 0xAA, 0x0B, 0x0F, 0x0F, 0x42, 0x12, 0x12, 0x12, 0x37,
    0x0E, 0x0E, 0x0E, 0x35, 0x10, 0x10, 0x10, 0x3F, 0x10, 0x10, 0x10, 0x3E, 0x14, 0x14, 0x10, 0x3F,
    0x0E, 0x11, 0x0E, 0x47, 0x12, 0x15, 0x12, 0x55, 0x12, 0x15, 0x12, 0x5F, 0x14, 0x14, 0x12, 0x62,
    0x13, 0x16, 0x13, 0x68, 0x13, 0x16, 0x13, 0x67, 0x17, 0x17, 0x15, 0x82, 0x16, 0x17, 0x13, 0xAC,
    0x1F, 0x1F, 0x1B, 0xBB, 0x26, 0x26, 0x22, 0xFA, 0x2A, 0x29, 0x24, 0xFB, 0x30, 0x2F, 0x2A, 0xFF,
    0x30, 0x2E, 0x2A, 0xFF, 0x31, 0x30, 0x2B, 0xFF, 0x33, 0x31, 0x2C, 0xFF, 0x35, 0x33, 0x2E, 0xFF,
    0x37, 0x36, 0x30, 0xFF, 0x39, 0x39, 0x33, 0xFF, 0x3F, 0x3D, 0x38, 0xFF, 0x45, 0x41, 0x3D, 0xFF,
    0x4A, 0x46, 0x42, 0xFF, 0x50, 0x4D, 0x49, 0xFF, 0x58, 0x54, 0x50, 0xFF, 0x5F, 0x5B, 0x57, 0xFF,
    0x66, 0x63, 0x5C, 0xFF, 0x6C, 0x68, 0x64, 0xFF, 0x72, 0x6E, 0x6A, 0xFF, 0x78, 0x74, 0x6F, 0xFF,
    0x7D, 0x79, 0x73, 0xFF, 0x7F, 0x7C, 0x77, 0xFF, 0x88, 0x83, 0x7E, 0xFF, 0x73, 0x6F, 0x6B, 0xFF,
    0x36, 0x34, 0x30, 0xFF, 0x33, 0x33, 0x2E, 0xFF, 0x2C, 0x2C, 0x28, 0xFF, 0x28, 0x28, 0x23, 0xFE,
    0x23, 0x23, 0x1F, 0xFF, 0x27, 0x26, 0x23, 0xED, 0x1A, 0x19, 0x17, 0xA3, 0x45, 0x42, 0x3E, 0xDF,
    0x4B, 0x47, 0x44, 0xFF, 0x3C, 0x39, 0x36, 0xFD, 0x38, 0x35, 0x32, 0xFF, 0x4C, 0x49, 0x45, 0xEF,
    0x63, 0x5F, 0x5C, 0x9D, 0xAD, 0xA9, 0xA5, 0xFD, 0xBB, 0xB9, 0xB4, 0xFE, 0xA5, 0xA1, 0x9D, 0xFF,
    0x42, 0x3E, 0x3C, 0xFF, 0x25, 0x24, 0x23, 0xFC, 0x3D, 0x3B, 0x3A, 0xFF, 0x57, 0x53, 0x53, 0x52,
    0x00, 0x00, 0x00, 0x00, 0x3F, 0x3F, 0x3F, 0x04, 0x00, 0x00, 0x00, 0x00, 0x00, 0x00, 0x00, 0x00,
    0x00, 0x00, 0x00, 0x00, 0x00, 0x00, 0x00, 0x00, 0x00, 0x00, 0x00, 0x00, 0x00, 0x00, 0x00, 0x00,
    0x00, 0x00, 0x00, 0x00, 0x00, 0x00, 0x00, 0x00, 0x00, 0x00, 0x00, 0x00, 0x00, 0x00, 0x00, 0x00,
    0x00, 0x00, 0x00, 0x00, 0x00, 0x00, 0x00, 0x00, 0x00, 0x00, 0x00, 0x00, 0x00, 0x00, 0x00, 0x00,
    0x00, 0x00, 0x00, 0x00, 0x00, 0x00, 0x00, 0x00, 0x00, 0x00, 0x00, 0x00, 0x00, 0x00, 0x00, 0x00,
    0x00, 0x00, 0x00, 0x00, 0x00, 0x00, 0x00, 0x00, 0x00, 0x00, 0x00, 0x02, 0x00, 0x00, 0x00, 0x00,
    0x3E, 0x37, 0x37, 0x29, 0x32, 0x30, 0x2E, 0xFE, 0x27, 0x24, 0x23, 0xFF, 0x40, 0x3C, 0x3A, 0xFE,
    0x9E, 0x99, 0x94, 0xFF, 0xB8, 0xB4, 0xAF, 0xFE, 0x50, 0x4B, 0x48, 0xFF, 0x3F, 0x3D, 0x3B, 0xEA,
    0x40, 0x3C, 0x39, 0xE2, 0x32, 0x2F, 0x2B, 0xFF, 0x2F, 0x2B, 0x28, 0xFE, 0x3C, 0x37, 0x35, 0xFC,
    0x41, 0x3D, 0x3B, 0xFE, 0x2A, 0x28, 0x25, 0xAA, 0x20, 0x20, 0x1E, 0x65, 0x17, 0x15, 0x15, 0x8F,
    0x15, 0x14, 0x12, 0xB1, 0x2C, 0x2A, 0x26, 0xFF, 0x29, 0x27, 0x22, 0xFF, 0x15, 0x15, 0x12, 0xB4,
    0x0E, 0x0E, 0x0E, 0x45, 0x07, 0x07, 0x07, 0x20, 0x0B, 0x0B, 0x07, 0x41, 0x0D, 0x0D, 0x0D, 0x4B,
    0x00, 0x00, 0x0A, 0x19, 0x00, 0x0A, 0x0A, 0x18, 0x00, 0x00, 0x00, 0x0F, 0x00, 0x00, 0x00, 0x01,
    0x00, 0x00, 0x00, 0x02, 0x00, 0x00, 0x00, 0x0C, 0x00, 0x00, 0x00, 0x0F, 0x00, 0x00, 0x00, 0x14,
    0x00, 0x00, 0x00, 0x0A, 0x00, 0x00, 0x00, 0x07, 0x00, 0x00, 0x00, 0x08, 0x00, 0x00, 0x00, 0x1A,
    0x0C, 0x0C, 0x06, 0x2A, 0x07, 0x07, 0x07, 0x24, 0x00, 0x09, 0x00, 0x1C, 0x05, 0x05, 0x05, 0x2B,
    0x00, 0x00, 0x00, 0x21, 0x00, 0x00, 0x00, 0x14, 0x00, 0x00, 0x00, 0x17, 0x1B, 0x17, 0x17, 0x37,
    0x40, 0x3E, 0x3C, 0xC7, 0x33, 0x32, 0x2C, 0xF9, 0x7D, 0x7B, 0x75, 0xFF, 0x6B, 0x6B, 0x66, 0xFF,
    0x1E, 0x1D, 0x18, 0xFA, 0x1A, 0x1A, 0x18, 0xBF, 0x17, 0x17, 0x13, 0x8E, 0x17, 0x17, 0x13, 0x90,
    0x18, 0x18, 0x15, 0x9A, 0x17, 0x19, 0x15, 0x8E, 0x18, 0x18, 0x14, 0x89, 0x17, 0x17, 0x14, 0x96,
    0x19, 0x19, 0x14, 0x98, 0x1A, 0x1A, 0x16, 0xAD, 0x1C, 0x1B, 0x18, 0xB3, 0x1D, 0x1C, 0x16, 0xB6,
    0x1C, 0x1C, 0x17, 0xBA, 0x1C, 0x1C, 0x19, 0xB5, 0x1E, 0x1E, 0x1A, 0xCC, 0x21, 0x1D, 0x1B, 0xE6,
    0x23, 0x21, 0x1E, 0xD8, 0x29, 0x28, 0x24, 0xF6, 0x24, 0x23, 0x1F, 0xF5, 0x2C, 0x2C, 0x27, 0xFF,
    0x30, 0x2E, 0x29, 0xFF, 0x31, 0x30, 0x2B, 0xFF, 0x32, 0x32, 0x2C, 0xFF, 0x34, 0x34, 0x2E, 0xFF,
    0x36, 0x37, 0x31, 0xFF, 0x3A, 0x39, 0x33, 0xFF, 0x40, 0x3D, 0x38, 0xFF, 0x44, 0x40, 0x3C, 0xFF,
    0x49, 0x46, 0x42, 0xFF, 0x4F, 0x4C, 0x47, 0xFF, 0x57, 0x53, 0x4F, 0xFF, 0x5F, 0x5A, 0x56, 0xFF,
    0x64, 0x61, 0x5C, 0xFF, 0x6A, 0x67, 0x61, 0xFF, 0x72, 0x6D, 0x6A, 0xFF, 0x78, 0x75, 0x70, 0xFF,
    0x7F, 0x7C, 0x77, 0xFF, 0x85, 0x82, 0x7B, 0xFF, 0x87, 0x83, 0x7D, 0xFF, 0x8D, 0x8A, 0x84, 0xFF,
    0x51, 0x4F, 0x4B, 0xFF, 0x33, 0x31, 0x2D, 0xFF, 0x3D, 0x3B, 0x37, 0xFF, 0x2E, 0x2C, 0x27, 0xFD,
    0x2C, 0x2B, 0x26, 0xFF, 0x22, 0x21, 0x1F, 0xC5, 0x29, 0x27, 0x24, 0xA1, 0x57, 0x53, 0x4E, 0xF8,
    0x4A, 0x46, 0x41, 0xFF, 0x38, 0x34, 0x31, 0xFE, 0x37, 0x34, 0x32, 0xFF, 0x4B, 0x4A, 0x45, 0xFB,
    0x75, 0x71, 0x6D, 0xFF, 0xB5, 0xAF, 0xAC, 0xFF, 0xB6, 0xB2, 0xAE, 0xFF, 0xA6, 0xA1, 0x9D, 0xFF,
    0x45, 0x41, 0x3F, 0xFF, 0x26, 0x24, 0x23, 0xFC, 0x3D, 0x3A, 0x3A, 0xFF, 0x51, 0x4E, 0x4E, 0x58,
    0x00, 0x00, 0x00, 0x00, 0x3F, 0x3F, 0x3F, 0x04, 0x00, 0x00, 0x00, 0x00, 0x00, 0x00, 0x00, 0x00,
    0x00, 0x00, 0x00, 0x00, 0x00, 0x00, 0x00, 0x00, 0x00, 0x00, 0x00, 0x00, 0x00, 0x00, 0x00, 0x00,
    0x00, 0x00, 0x00, 0x00, 0x00, 0x00, 0x00, 0x00, 0x00, 0x00, 0x00, 0x00, 0x00, 0x00, 0x00, 0x00,
    0x00, 0x00, 0x00, 0x00, 0x00, 0x00, 0x00, 0x00, 0x00, 0x00, 0x00, 0x00, 0x00, 0x00, 0x00, 0x00,
    0x00, 0x00, 0x00, 0x00, 0x00, 0x00, 0x00, 0x00, 0x00, 0x00, 0x00, 0x00, 0x00, 0x00, 0x00, 0x00,
    0x00, 0x00, 0x00, 0x00, 0x00, 0x00, 0x00, 0x00, 0x00, 0x00, 0x00, 0x03, 0x00, 0x00, 0x00, 0x00,
    0x35, 0x35, 0x31, 0x34, 0x32, 0x30, 0x2D, 0xFC, 0x27, 0x24, 0x23, 0xFD, 0x44, 0x40, 0x3D, 0xFF,
    0xA1, 0x9B, 0x97, 0xFF, 0xB3, 0xAE, 0xAA, 0xFE, 0x49, 0x44, 0x42, 0xFF, 0x3A, 0x38, 0x37, 0xEC,
    0x36, 0x33, 0x31, 0xD4, 0x32, 0x30, 0x2D, 0xFF, 0x2C, 0x28, 0x26, 0xFE, 0x3B, 0x38, 0x36, 0xFE,
    0x4A, 0x45, 0x44, 0xFE, 0x35, 0x31, 0x2F, 0xF2, 0x1C, 0x19, 0x19, 0x50, 0x2F, 0x31, 0x2F, 0xBB,
    0x26, 0x25, 0x24, 0xCB, 0x86, 0x84, 0x81, 0xE7, 0x87, 0x85, 0x81, 0xFE, 0x24, 0x24, 0x22, 0xC3,
    0x09, 0x0C, 0x09, 0x4F, 0x15, 0x15, 0x11, 0x47, 0x14, 0x14, 0x12, 0x7C, 0x13, 0x13, 0x10, 0x4D,
    0x00, 0x00, 0x00, 0x01, 0x00, 0x00, 0x00, 0x0A, 0x11, 0x11, 0x11, 0x0F, 0x11, 0x11, 0x11, 0x0F,
    0x12, 0x12, 0x12, 0x0E, 0x0C, 0x0C, 0x0C, 0x14, 0x0F, 0x0F, 0x0F, 0x21, 0x0C, 0x12, 0x0C, 0x29,
    0x11, 0x11, 0x11, 0x2D, 0x14, 0x14, 0x14, 0x26, 0x15, 0x15, 0x0E, 0x23, 0x0D, 0x0D, 0x0D, 0x27,
    0x0A, 0x0A, 0x0A, 0x33, 0x0F, 0x0F, 0x0F, 0x40, 0x09, 0x09, 0x09, 0x1B, 0x15, 0x15, 0x11, 0x47,
    0x17, 0x17, 0x15, 0x85, 0x15, 0x15, 0x15, 0x6D, 0x07, 0x07, 0x07, 0x23, 0x16, 0x16, 0x16, 0x43,
    0x45, 0x45, 0x43, 0x85, 0x1F, 0x1F, 0x1B, 0x79, 0x69, 0x69, 0x67, 0x91, 0x99, 0x98, 0x94, 0xA1,
    0x34, 0x31, 0x2E, 0xBE, 0x11, 0x0F, 0x0F, 0x76, 0x16, 0x18, 0x15, 0x91, 0x17, 0x18, 0x15, 0x9A,
    0x1A, 0x19, 0x16, 0xAD, 0x1A, 0x1A, 0x17, 0xB0, 0x19, 0x1A, 0x16, 0xA1, 0x1A, 0x18, 0x15, 0x8F,
    0x1B, 0x1A, 0x15, 0xAE, 0x1C, 0x1C, 0x18, 0xBD, 0x1E, 0x1D, 0x19, 0xC8, 0x1E, 0x1E, 0x19, 0xCC,
    0x20, 0x20, 0x1A, 0xDC, 0x22, 0x21, 0x1C, 0xEE, 0x26, 0x26, 0x22, 0xF3, 0x2F, 0x2D, 0x29, 0xFF,
    0x2C, 0x2A, 0x25, 0xFF, 0x2A, 0x28, 0x23, 0xFF, 0x23, 0x22, 0x1F, 0xF3, 0x26, 0x25, 0x21, 0xFC,
    0x2D, 0x2B, 0x25, 0xFF, 0x2F, 0x2D, 0x28, 0xFF, 0x32, 0x30, 0x2B, 0xFF, 0x33, 0x32, 0x2D, 0xFF,
    0x35, 0x35, 0x2F, 0xFF, 0x38, 0x38, 0x32, 0xFF, 0x3E, 0x3D, 0x37, 0xFF, 0x42, 0x42, 0x3D, 0xFF,
    0x48, 0x48, 0x41, 0xFF, 0x4E, 0x4D, 0x46, 0xFF, 0x55, 0x52, 0x4E, 0xFF, 0x5D, 0x59, 0x54, 0xFF,
    0x63, 0x60, 0x5A, 0xFF, 0x6A, 0x67, 0x61, 0xFF, 0x72, 0x6E, 0x69, 0xFF, 0x7A, 0x75, 0x72, 0xFF,
    0x80, 0x7E, 0x79, 0xFF, 0x87, 0x84, 0x7F, 0xFF, 0x8C, 0x87, 0x82, 0xFF, 0x8D, 0x89, 0x83, 0xFF,
    0x94, 0x92, 0x8D, 0xFF, 0x4A, 0x48, 0x45, 0xFF, 0x78, 0x75, 0x74, 0xFF, 0x68, 0x66, 0x63, 0xFF,
    0x28, 0x28, 0x22, 0xFC, 0x1B, 0x1B, 0x18, 0x9C, 0x42, 0x41, 0x3D, 0xBF, 0x63, 0x5E, 0x5B, 0xFF,
    0x44, 0x40, 0x3D, 0xFE, 0x34, 0x2F, 0x2E, 0xFF, 0x38, 0x33, 0x30, 0xFF, 0x45, 0x42, 0x3F, 0xFE,
    0x75, 0x72, 0x6F, 0xFE, 0xB3, 0xAF, 0xAD, 0xFF, 0xB5, 0xB2, 0xAD, 0xFF, 0xA7, 0xA1, 0x9E, 0xFF,
    0x47, 0x41, 0x40, 0xFF, 0x27, 0x25, 0x24, 0xFB, 0x3C, 0x3A, 0x39, 0xFD, 0x45, 0x43, 0x43, 0x6A,
    0x00, 0x00, 0x00, 0x03, 0x33, 0x33, 0x33, 0x05, 0x00, 0x00, 0x00, 0x00, 0x00, 0x00, 0x00, 0x00,
    0x00, 0x00, 0x00, 0x00, 0x00, 0x00, 0x00, 0x00, 0x00, 0x00, 0x00, 0x00, 0x00, 0x00, 0x00, 0x00,
    0x00, 0x00, 0x00, 0x00, 0x00, 0x00, 0x00, 0x00, 0x00, 0x00, 0x00, 0x00, 0x00, 0x00, 0x00, 0x00,
    0x00, 0x00, 0x00, 0x00, 0x00, 0x00, 0x00, 0x00, 0x00, 0x00, 0x00, 0x00, 0x00, 0x00, 0x00, 0x00,
    0x00, 0x00, 0x00, 0x00, 0x00, 0x00, 0x00, 0x00, 0x00, 0x00, 0x00, 0x00, 0x00, 0x00, 0x00, 0x00,
    0x00, 0x00, 0x00, 0x00, 0x00, 0x00, 0x00, 0x01, 0x3F, 0x3F, 0x3F, 0x04, 0x00, 0x00, 0x00, 0x00,
    0x33, 0x33, 0x2F, 0x46, 0x36, 0x33, 0x31, 0xFF, 0x29, 0x26, 0x25, 0xFF, 0x4A, 0x45, 0x42, 0xFF,
    0xA4, 0x9F, 0x9B, 0xFF, 0xAE, 0xA9, 0xA4, 0xFF, 0x41, 0x3D, 0x3A, 0xFF, 0x32, 0x30, 0x2E, 0xFC,
    0x2B, 0x29, 0x29, 0x99, 0x35, 0x32, 0x30, 0xF7, 0x2C, 0x29, 0x25, 0xFE, 0x39, 0x35, 0x32, 0xFF,
    0x4C, 0x48, 0x45, 0xFC, 0x46, 0x42, 0x3F, 0xFF, 0x26, 0x23, 0x23, 0x8A, 0x2B, 0x2D, 0x2D, 0x98,
    0x26, 0x26, 0x24, 0x78, 0x2D, 0x30, 0x2B, 0x7A, 0x3D, 0x3D, 0x3B, 0x67, 0x29, 0x2B, 0x27, 0x8D,
    0x0C, 0x0C, 0x09, 0x50, 0x13, 0x15, 0x11, 0x78, 0x13, 0x15, 0x11, 0x83, 0x12, 0x12, 0x0F, 0x53,
    0x00, 0x00, 0x00, 0x00, 0x09, 0x09, 0x09, 0x1B, 0x07, 0x07, 0x07, 0x24, 0x07, 0x0E, 0x07, 0x24,
    0x0F, 0x0F, 0x07, 0x21, 0x08, 0x08, 0x08, 0x1F, 0x0C, 0x0C, 0x0C, 0x29, 0x0E, 0x0E, 0x09, 0x34,
    0x08, 0x08, 0x08, 0x3B, 0x0A, 0x0A, 0x0A, 0x4B, 0x0D, 0x0F, 0x0D, 0x61, 0x12, 0x14, 0x0F, 0x87,
    0x1B, 0x1D, 0x17, 0xC1, 0x19, 0x1B, 0x18, 0xB1, 0x00, 0x00, 0x00, 0x04, 0x18, 0x18, 0x15, 0x52,
    0x19, 0x18, 0x14, 0xC5, 0x19, 0x17, 0x16, 0xAD, 0x13, 0x15, 0x13, 0x76, 0x13, 0x15, 0x13, 0x76,
    0x00, 0x00, 0x00, 0x4B, 0x18, 0x15, 0x15, 0x6A, 0x00, 0x00, 0x00, 0x63, 0x00, 0x00, 0x00, 0x29,
    0x0B, 0x0B, 0x07, 0x45, 0x0C, 0x0C, 0x09, 0x55, 0x0A, 0x0A, 0x0A, 0x47, 0x0F, 0x0F, 0x0D, 0x61,
    0x10, 0x10, 0x0E, 0x6A, 0x12, 0x12, 0x0F, 0x71, 0x11, 0x13, 0x11, 0x75, 0x0F, 0x0F, 0x0F, 0x60,
    0x07, 0x0B, 0x07, 0x41, 0x07, 0x07, 0x07, 0x44, 0x12, 0x12, 0x10, 0x5E, 0x1C, 0x1C, 0x18, 0x7E,
    0x16, 0x16, 0x11, 0x73, 0x14, 0x14, 0x10, 0x7B, 0x19, 0x19, 0x14, 0x8A, 0x23, 0x23, 0x1F, 0x7A,
    0x1F, 0x1F, 0x1B, 0xA4, 0x1F, 0x1D, 0x1A, 0xDE, 0x22, 0x21, 0x1E, 0xF3, 0x20, 0x1F, 0x1A, 0xE4,
    0x29, 0x26, 0x22, 0xFF, 0x2C, 0x28, 0x25, 0xFF, 0x2E, 0x2A, 0x27, 0xFF, 0x2F, 0x2C, 0x27, 0xFF,
    0x31, 0x30, 0x2A, 0xFF, 0x34, 0x34, 0x2C, 0xFF, 0x38, 0x39, 0x32, 0xFF, 0x3E, 0x3E, 0x38, 0xFF,
    0x44, 0x44, 0x3E, 0xFF, 0x49, 0x4A, 0x42, 0xFF, 0x50, 0x4F, 0x48, 0xFF, 0x58, 0x53, 0x4F, 0xFF,
    0x5E, 0x5B, 0x55, 0xFF, 0x66, 0x62, 0x5D, 0xFF, 0x6F, 0x6B, 0x67, 0xFF, 0x79, 0x75, 0x71, 0xFF,
    0x81, 0x7E, 0x79, 0xFF, 0x88, 0x85, 0x80, 0xFF, 0x8D, 0x88, 0x83, 0xFF, 0x8D, 0x88, 0x84, 0xFF,
    0xA1, 0x9E, 0x99, 0xFF, 0x62, 0x62, 0x5D, 0xFF, 0x31, 0x30, 0x2D, 0xFE, 0x36, 0x35, 0x31, 0xFF,
    0x2E, 0x2D, 0x2B, 0xE1, 0x1A, 0x18, 0x16, 0x92, 0x61, 0x5D, 0x58, 0xE4, 0x66, 0x62, 0x5E, 0xFF,
    0x3F, 0x3A, 0x39, 0xFD, 0x30, 0x2D, 0x2B, 0xFF, 0x3A, 0x37, 0x35, 0xFF, 0x3B, 0x38, 0x34, 0xFE,
    0x71, 0x6D, 0x69, 0xFF, 0xB2, 0xAE, 0xAA, 0xFF, 0xB4, 0xB0, 0xAE, 0xFF, 0xA9, 0xA5, 0xA1, 0xFF,
    0x4A, 0x45, 0x44, 0xFF, 0x27, 0x24, 0x24, 0xFB, 0x40, 0x3D, 0x3C, 0xFF, 0x43, 0x41, 0x3F, 0x89,
    0x00, 0x00, 0x00, 0x00, 0x00, 0x00, 0x00, 0x00, 0x00, 0x00, 0x00, 0x02, 0x00, 0x00, 0x00, 0x01,
    0x00, 0x00, 0x00, 0x00, 0x00, 0x00, 0x00, 0x00, 0x00, 0x00, 0x00, 0x00, 0x00, 0x00, 0x00, 0x00,
    0x00, 0x00, 0x00, 0x00, 0x00, 0x00, 0x00, 0x00, 0x00, 0x00, 0x00, 0x00, 0x00, 0x00, 0x00, 0x00,
    0x00, 0x00, 0x00, 0x00, 0x00, 0x00, 0x00, 0x00, 0x00, 0x00, 0x00, 0x00, 0x00, 0x00, 0x00, 0x00,
    0x00, 0x00, 0x00, 0x00, 0x00, 0x00, 0x00, 0x00, 0x00, 0x00, 0x00, 0x00, 0x00, 0x00, 0x00, 0x00,
    0x00, 0x00, 0x00, 0x00, 0x00, 0x00, 0x00, 0x00, 0x00, 0x00, 0x01, 0x00, 0x19, 0x19, 0x19, 0x0A,
    0x25, 0x25, 0x22, 0x4A, 0x2D, 0x2C, 0x2A, 0xB9, 0x26, 0x25, 0x24, 0xE1, 0x4F, 0x4B, 0x48, 0xFE,
    0xB4, 0xB0, 0xAC, 0xFF, 0xB5, 0xB1, 0xAD, 0xFD, 0x3F, 0x3C, 0x38, 0xFE, 0x2A, 0x28, 0x28, 0xFD,
    0x17, 0x14, 0x14, 0x4B, 0x2E, 0x2C, 0x2A, 0xC5, 0x2E, 0x2B, 0x28, 0xFF, 0x36, 0x31, 0x2E, 0xFD,
    0x49, 0x45, 0x43, 0xFE, 0x52, 0x4E, 0x4C, 0xFE, 0x35, 0x32, 0x30, 0xE2, 0x1B, 0x19, 0x19, 0x7A,
    0x23, 0x21, 0x21, 0x9E, 0x33, 0x33, 0x30, 0x9E, 0x10, 0x12, 0x0E, 0x8C, 0x0A, 0x0D, 0x08, 0x5F,
    0x10, 0x10, 0x0D, 0x4E, 0x10, 0x10, 0x0D, 0x4E, 0x0B, 0x0F, 0x0B, 0x40, 0x0E, 0x0E, 0x0E, 0x24,
    0x00, 0x00, 0x00, 0x01, 0x0E, 0x0E, 0x0E, 0x23, 0x0F, 0x0F, 0x0C, 0x50, 0x0D, 0x11, 0x0D, 0x4A,
    0x0B, 0x0F, 0x0F, 0x43, 0x0F, 0x0F, 0x0F, 0x44, 0x0F, 0x0F, 0x0B, 0x41, 0x13, 0x13, 0x10, 0x5C,
    0x18, 0x18, 0x13, 0x8F, 0x1C, 0x1C, 0x18, 0xBB, 0x21, 0x21, 0x1B, 0xDE, 0x29, 0x29, 0x23, 0xF7,
    0x2E, 0x2D, 0x27, 0xFF, 0x1B, 0x1A, 0x17, 0xB8, 0x00, 0x00, 0x00, 0x13, 0x10, 0x10, 0x10, 0x2F,
    0x11, 0x11, 0x0D, 0x73, 0x11, 0x11, 0x0E, 0x67, 0x13, 0x13, 0x11, 0x81, 0x18, 0x18, 0x16, 0x9F,
    0x17, 0x19, 0x17, 0x6E, 0x0B, 0x0B, 0x0B, 0x41, 0x10, 0x14, 0x10, 0x3E, 0x14, 0x14, 0x14, 0x4B,
    0x20, 0x20, 0x1B, 0x97, 0x1C, 0x1A, 0x15, 0x8E, 0x1A, 0x1A, 0x19, 0xA2, 0x13, 0x13, 0x10, 0x6A,
    0x0F, 0x12, 0x0F, 0x61, 0x11, 0x11, 0x0F, 0x65, 0x11, 0x13, 0x11, 0x74, 0x15, 0x15, 0x13, 0x8D,
    0x1C, 0x1C, 0x17, 0xC2, 0x1D, 0x1C, 0x19, 0xBF, 0x1D, 0x1B, 0x19, 0xCA, 0x22, 0x22, 0x1D, 0xE1,
    0x20, 0x1E, 0x1B, 0xDF, 0x1F, 0x1F, 0x1B, 0xE1, 0x20, 0x1E, 0x1B, 0xED, 0x1E, 0x1B, 0x1A, 0xC9,
    0x1A, 0x1A, 0x16, 0xA2, 0x1E, 0x1C, 0x18, 0xC2, 0x1F, 0x1E, 0x1A, 0xE0, 0x20, 0x1E, 0x1A, 0xE4,
    0x22, 0x21, 0x1D, 0xF4, 0x22, 0x22, 0x1E, 0xF9, 0x26, 0x23, 0x20, 0xFE, 0x27, 0x25, 0x20, 0xFF,
    0x29, 0x28, 0x22, 0xFF, 0x2C, 0x2C, 0x25, 0xFF, 0x31, 0x30, 0x2B, 0xFF, 0x36, 0x35, 0x30, 0xFF,
    0x3E, 0x3B, 0x35, 0xFF, 0x42, 0x42, 0x3A, 0xFF, 0x48, 0x47, 0x40, 0xFF, 0x50, 0x4C, 0x48, 0xFF,
    0x58, 0x54, 0x51, 0xFF, 0x60, 0x5D, 0x59, 0xFF, 0x6C, 0x68, 0x63, 0xFF, 0x77, 0x73, 0x6E, 0xFF,
    0x81, 0x7D, 0x79, 0xFF, 0x89, 0x85, 0x80, 0xFF, 0x8D, 0x89, 0x85, 0xFF, 0x91, 0x8E, 0x89, 0xFF,
    0x95, 0x92, 0x8E, 0xFF, 0x8C, 0x8A, 0x86, 0xFF, 0x43, 0x44, 0x41, 0xF6, 0x2D, 0x2C, 0x27, 0xFF,
    0x26, 0x26, 0x22, 0xB9, 0x31, 0x30, 0x2E, 0x9F, 0x74, 0x6F, 0x6C, 0xFB, 0x5C, 0x59, 0x55, 0xFF,
    0x3A, 0x37, 0x35, 0xFE, 0x34, 0x30, 0x30, 0xFF, 0x3A, 0x37, 0x35, 0xF8, 0x31, 0x30, 0x2D, 0xC4,
    0x69, 0x65, 0x61, 0xFF, 0xAE, 0xAA, 0xA6, 0xFE, 0xB6, 0xB3, 0xAF, 0xFF, 0xB9, 0xB5, 0xB1, 0xFE,
    0x4F, 0x4A, 0x48, 0xFF, 0x2A, 0x29, 0x27, 0xFC, 0x34, 0x32, 0x31, 0xC9, 0x33, 0x31, 0x31, 0x91,
    0x29, 0x29, 0x29, 0x44, 0x42, 0x42, 0x42, 0x1B, 0x00, 0x00, 0x00, 0x00, 0x00, 0x00, 0x00, 0x00,
    0x00, 0x00, 0x00, 0x02, 0x00, 0x00, 0x00, 0x00, 0x00, 0x00, 0x00, 0x00, 0x00, 0x00, 0x00, 0x00,
    0x00, 0x00, 0x00, 0x00, 0x00, 0x00, 0x00, 0x00, 0x00, 0x00, 0x00, 0x00, 0x00, 0x00, 0x00, 0x00,
    0x00, 0x00, 0x00, 0x00, 0x00, 0x00, 0x00, 0x00, 0x00, 0x00, 0x00, 0x00, 0x00, 0x00, 0x00, 0x00,
    0x00, 0x00, 0x00, 0x00, 0x00, 0x00, 0x00, 0x00, 0x00, 0x00, 0x00, 0x01, 0x00, 0x00, 0x00, 0x00,
    0x00, 0x00, 0x00, 0x02, 0x0B, 0x17, 0x0B, 0x16, 0x12, 0x12, 0x12, 0x29, 0x0C, 0x0C, 0x0C, 0x29,
    0x0C, 0x0C, 0x0C, 0x14, 0x00, 0x00, 0x00, 0x00, 0x1B, 0x19, 0x19, 0x78, 0x43, 0x40, 0x3E, 0xFF,
    0x72, 0x6D, 0x6C, 0xFB, 0x7E, 0x79, 0x75, 0xFF, 0x3E, 0x3B, 0x37, 0xFF, 0x22, 0x21, 0x21, 0xCD,
    0x0A, 0x0A, 0x05, 0x33, 0x23, 0x23, 0x20, 0x6D, 0x26, 0x25, 0x21, 0xF1, 0x32, 0x2F, 0x2B, 0xF9,
    0x44, 0x3F, 0x3C, 0xFF, 0x5B, 0x56, 0x55, 0xFC, 0x4A, 0x46, 0x43, 0xFF, 0x24, 0x21, 0x1F, 0x8A,
    0x27, 0x27, 0x26, 0xB9, 0x28, 0x26, 0x25, 0x97, 0x17, 0x19, 0x15, 0x8D, 0x12, 0x12, 0x12, 0x55,
    0x0A, 0x0A, 0x0A, 0x33, 0x00, 0x00, 0x00, 0x15, 0x00, 0x00, 0x00, 0x00, 0x00, 0x00, 0x00, 0x00,
    0x00, 0x00, 0x00, 0x00, 0x0D, 0x0D, 0x0D, 0x26, 0x11, 0x11, 0x0F, 0x72, 0x14, 0x12, 0x10, 0x7E,
    0x12, 0x12, 0x12, 0x7E, 0x0D, 0x0F, 0x0A, 0x60, 0x0F, 0x0C, 0x0C, 0x64, 0x15, 0x15, 0x12, 0x9B,
    0x20, 0x1F, 0x1C, 0xD1, 0x2C, 0x2D, 0x28, 0xF4, 0x3B, 0x39, 0x33, 0xFF, 0x41, 0x41, 0x39, 0xFE,
    0x37, 0x36, 0x2F, 0xFF, 0x16, 0x16, 0x13, 0x93, 0x00, 0x00, 0x11, 0x0F, 0x00, 0x0A, 0x0A, 0x19,
    0x0A, 0x0E, 0x0A, 0x47, 0x0F, 0x0F, 0x0F, 0x54, 0x12, 0x12, 0x10, 0x6E, 0x10, 0x10, 0x0D, 0x5D,
    0x08, 0x0D, 0x08, 0x39, 0x0F, 0x0F, 0x0F, 0x42, 0x0E, 0x0E, 0x0E, 0x46, 0x0C, 0x0F, 0x0C, 0x51,
    0x2D, 0x2C, 0x27, 0xD0, 0x23, 0x23, 0x1E, 0xA6, 0x1F, 0x1F, 0x1B, 0xB1, 0x13, 0x13, 0x13, 0x68,
    0x10, 0x10, 0x0D, 0x5D, 0x0F, 0x0F, 0x0D, 0x60, 0x11, 0x11, 0x11, 0x66, 0x11, 0x11, 0x11, 0x72,
    0x1E, 0x1D, 0x19, 0xDB, 0x20, 0x20, 0x1A, 0xF6, 0x1F, 0x1E, 0x1A, 0xED, 0x1E, 0x1E, 0x1A, 0xEB,
    0x21, 0x20, 0x1C, 0xFA, 0x23, 0x22, 0x1D, 0xFF, 0x23, 0x22, 0x1D, 0xFD, 0x23, 0x22, 0x1E, 0xFF,
    0x24, 0x22, 0x1E, 0xFF, 0x23, 0x23, 0x1F, 0xFF, 0x23, 0x23, 0x1D, 0xFF, 0x23, 0x23, 0x1E, 0xFF,
    0x23, 0x22, 0x1D, 0xFE, 0x23, 0x23, 0x1E, 0xFE, 0x24, 0x24, 0x1F, 0xFF, 0x25, 0x25, 0x20, 0xFF,
    0x29, 0x2A, 0x23, 0xFF, 0x2E, 0x2D, 0x27, 0xFF, 0x32, 0x31, 0x2C, 0xFF, 0x35, 0x36, 0x2F, 0xFF,
    0x3A, 0x3B, 0x34, 0xFF, 0x40, 0x40, 0x3A, 0xFF, 0x46, 0x46, 0x40, 0xFF, 0x4F, 0x4C, 0x47, 0xFF,
    0x58, 0x54, 0x50, 0xFF, 0x61, 0x5E, 0x59, 0xFF, 0x6C, 0x69, 0x64, 0xFF, 0x77, 0x74, 0x6F, 0xFF,
    0x81, 0x7D, 0x78, 0xFF, 0x89, 0x86, 0x80, 0xFF, 0x8E, 0x8A, 0x86, 0xFF, 0x93, 0x90, 0x8B, 0xFF,
    0x94, 0x92, 0x8C, 0xFF, 0x9D, 0x9B, 0x96, 0xFF, 0x78, 0x76, 0x72, 0xFD, 0x2F, 0x2D, 0x29, 0xFA,
    0x17, 0x17, 0x14, 0x96, 0x5B, 0x55, 0x54, 0xC4, 0x7E, 0x78, 0x74, 0xFF, 0x51, 0x4C, 0x4A, 0xFE,
    0x36, 0x33, 0x32, 0xFE, 0x31, 0x2F, 0x2E, 0xFB, 0x33, 0x31, 0x2F, 0xE2, 0x2A, 0x2A, 0x27, 0x96,
    0x63, 0x5F, 0x5C, 0xFF, 0xAD, 0xA9, 0xA5, 0xFD, 0x9F, 0x9C, 0x98, 0xFF, 0x99, 0x94, 0x91, 0xFD,
    0x57, 0x52, 0x50, 0xFE, 0x30, 0x2E, 0x2E, 0x79, 0x00, 0x00, 0x00, 0x34, 0x21, 0x21, 0x1E, 0x55,
    0x1B, 0x1B, 0x1B, 0x5D, 0x10, 0x12, 0x10, 0x79, 0x24, 0x26, 0x24, 0x69, 0x34, 0x34, 0x34, 0x22,
    0x00, 0x00, 0x00, 0x00, 0x00, 0x00, 0x00, 0x00, 0x00, 0x00, 0x00, 0x01, 0x00, 0x00, 0x00, 0x00,
    0x00, 0x00, 0x00, 0x00, 0x00, 0x00, 0x00, 0x00, 0x00, 0x00, 0x00, 0x00, 0x00, 0x00, 0x00, 0x00,
    0x00, 0x00, 0x00, 0x00, 0x00, 0x00, 0x00, 0x00, 0x00, 0x00, 0x00, 0x00, 0x00, 0x00, 0x00, 0x00,
    0x00, 0x00, 0x00, 0x00, 0x00, 0x00, 0x00, 0x01, 0x00, 0x00, 0x00, 0x00, 0x27, 0x27, 0x27, 0x0D,
    0x00, 0x00, 0x00, 0x16, 0x0D, 0x0D, 0x0D, 0x27, 0x0C, 0x0C, 0x0C, 0x14, 0x00, 0x00, 0x00, 0x03,
    0x00, 0x00, 0x00, 0x00, 0x4A, 0x4A, 0x4F, 0x30, 0x2B, 0x2B, 0x2B, 0x9F, 0x19, 0x16, 0x16, 0x6F,
    0x14, 0x12, 0x12, 0xAF, 0x17, 0x15, 0x14, 0xD6, 0x34, 0x31, 0x2E, 0xF8, 0x28, 0x25, 0x25, 0x89,
    0x14, 0x14, 0x14, 0x4C, 0x1D, 0x1D, 0x1D, 0x2B, 0x17, 0x17, 0x17, 0x8E, 0x2E, 0x2B, 0x27, 0xBC,
    0x41, 0x3D, 0x39, 0xFF, 0x5D, 0x59, 0x55, 0xFB, 0x5D, 0x59, 0x56, 0xFF, 0x33, 0x31, 0x2F, 0xCA,
    0x1A, 0x1A, 0x1A, 0x74, 0x16, 0x16, 0x14, 0x65, 0x05, 0x05, 0x00, 0x2C, 0x0C, 0x0C, 0x0C, 0x2A,
    0x0F, 0x13, 0x0F, 0x41, 0x1E, 0x1E, 0x19, 0x6C, 0x25, 0x25, 0x21, 0x89, 0x28, 0x26, 0x24, 0x91,
    0x0F, 0x0F, 0x07, 0x20, 0x13, 0x0E, 0x0E, 0x34, 0x1A, 0x18, 0x15, 0x91, 0x1B, 0x1B, 0x17, 0xB9,
    0x1D, 0x1D, 0x1A, 0xD7, 0x21, 0x21, 0x1C, 0xD5, 0x25, 0x24, 0x20, 0xEB, 0x2A, 0x29, 0x25, 0xEE,
    0x30, 0x2E, 0x29, 0xE3, 0x34, 0x32, 0x2E, 0xE7, 0x38, 0x36, 0x32, 0xFF, 0x37, 0x36, 0x30, 0xFE,
    0x2C, 0x2D, 0x26, 0xF2, 0x00, 0x00, 0x00, 0x2A, 0x05, 0x05, 0x05, 0x2E, 0x15, 0x17, 0x13, 0x77,
    0x15, 0x15, 0x12, 0x54, 0x06, 0x06, 0x06, 0x25, 0x0F, 0x0F, 0x0A, 0x33, 0x0E, 0x0E, 0x0E, 0x45,
    0x0C, 0x0C, 0x0C, 0x3C, 0x0F, 0x0F, 0x0B, 0x43, 0x11, 0x11, 0x0D, 0x4A, 0x0F, 0x0F, 0x0C, 0x50,
    0x0A, 0x0A, 0x0A, 0x49, 0x0C, 0x0F, 0x0C, 0x53, 0x0B, 0x0E, 0x0B, 0x56, 0x10, 0x10, 0x0D, 0x5E,
    0x10, 0x10, 0x0D, 0x5D, 0x10, 0x10, 0x0D, 0x5E, 0x12, 0x10, 0x10, 0x6C, 0x11, 0x11, 0x0F, 0x74,
    0x19, 0x18, 0x15, 0xAA, 0x1D, 0x1C, 0x17, 0xE0, 0x1C, 0x1B, 0x18, 0xDC, 0x1D, 0x1C, 0x18, 0xE6,
    0x1E, 0x1C, 0x19, 0xE5, 0x1F, 0x1E, 0x18, 0xF5, 0x21, 0x1F, 0x1A, 0xFF, 0x20, 0x1E, 0x1A, 0xFB,
    0x20, 0x1F, 0x1B, 0xF9, 0x21, 0x20, 0x1C, 0xFE, 0x23, 0x20, 0x1C, 0xFF, 0x22, 0x22, 0x1D, 0xFF,
    0x22, 0x22, 0x1D, 0xFF, 0x24, 0x22, 0x1E, 0xFF, 0x24, 0x24, 0x1F, 0xFF, 0x26, 0x26, 0x20, 0xFF,
    0x29, 0x28, 0x23, 0xFF, 0x2B, 0x2C, 0x26, 0xFF, 0x2F, 0x2F, 0x29, 0xFF, 0x33, 0x32, 0x2D, 0xFF,
    0x37, 0x37, 0x31, 0xFF, 0x3D, 0x3C, 0x37, 0xFF, 0x44, 0x43, 0x3E, 0xFF, 0x4C, 0x49, 0x43, 0xFF,
    0x56, 0x51, 0x4E, 0xFF, 0x5F, 0x5A, 0x58, 0xFF, 0x6A, 0x67, 0x62, 0xFF, 0x76, 0x73, 0x6C, 0xFF,
    0x7F, 0x7B, 0x76, 0xFF, 0x87, 0x84, 0x7D, 0xFF, 0x8D, 0x89, 0x85, 0xFF, 0x91, 0x8E, 0x89, 0xFF,
    0x95, 0x91, 0x8C, 0xFF, 0x95, 0x92, 0x8D, 0xFF, 0x91, 0x8D, 0x88, 0xFF, 0x4E, 0x4C, 0x48, 0xFE,
    0x22, 0x21, 0x1F, 0xB0, 0x80, 0x7A, 0x77, 0xE3, 0x76, 0x70, 0x6D, 0xFF, 0x49, 0x45, 0x42, 0xFF,
    0x2C, 0x2B, 0x28, 0xE0, 0x2A, 0x27, 0x27, 0xF1, 0x30, 0x2D, 0x2C, 0xDE, 0x2B, 0x29, 0x27, 0xB7,
    0x59, 0x57, 0x53, 0xFF, 0xAB, 0xA8, 0xA3, 0xFD, 0x50, 0x4D, 0x4B, 0xFF, 0x33, 0x2F, 0x2E, 0xFE,
    0x3B, 0x3A, 0x37, 0xED, 0x1E, 0x1E, 0x1E, 0x53, 0x14, 0x14, 0x14, 0x4C, 0x2F, 0x2D, 0x2B, 0xF0,
    0x60, 0x5C, 0x5B, 0xDC, 0x5F, 0x5F, 0x5D, 0xA3, 0x1B, 0x1C, 0x1B, 0x8D, 0x13, 0x13, 0x13, 0x85,
    0x29, 0x29, 0x29, 0x57, 0x55, 0x55, 0x55, 0x03, 0x00, 0x00, 0x00, 0x00, 0x00, 0x00, 0x00, 0x01,
    0x00, 0x00, 0x00, 0x00, 0x00, 0x00, 0x00, 0x00, 0x00, 0x00, 0x00, 0x00, 0x00, 0x00, 0x00, 0x00,
    0x00, 0x00, 0x00, 0x00, 0x00, 0x00, 0x00, 0x00, 0x00, 0x00, 0x00, 0x00, 0x00, 0x00, 0x00, 0x00,
    0x00, 0x00, 0x00, 0x01, 0x00, 0x00, 0x00, 0x00, 0x11, 0x19, 0x11, 0x1E, 0x00, 0x00, 0x00, 0x0D,
    0x2A, 0x2A, 0x2A, 0x48, 0x1B, 0x1F, 0x1B, 0x40, 0x00, 0x00, 0x00, 0x00, 0x66, 0x66, 0x66, 0x05,
    0x00, 0x00, 0x00, 0x01, 0x74, 0x72, 0x6F, 0xA2, 0x44, 0x44, 0x43, 0xC9, 0x00, 0x00, 0x00, 0x07,
    0x32, 0x30, 0x2F, 0x8D, 0x13, 0x15, 0x13, 0x69, 0x31, 0x30, 0x2D, 0xE2, 0x29, 0x29, 0x27, 0x7A,
    0x15, 0x15, 0x15, 0x60, 0x00, 0x00, 0x00, 0x00, 0x19, 0x19, 0x16, 0x64, 0x20, 0x1D, 0x1D, 0x93,
    0x3D, 0x38, 0x37, 0xFD, 0x58, 0x53, 0x50, 0xFE, 0x6B, 0x67, 0x63, 0xFD, 0x45, 0x42, 0x3F, 0xFE,
    0x25, 0x23, 0x21, 0x7B, 0x1F, 0x1F, 0x1D, 0x82, 0x06, 0x06, 0x06, 0x25, 0x08, 0x08, 0x08, 0x1D,
    0x21, 0x20, 0x1C, 0xBF, 0x2C, 0x2A, 0x27, 0xEA, 0x31, 0x2E, 0x2C, 0xA5, 0x1D, 0x1D, 0x1B, 0x89,
    0x1F, 0x1C, 0x1A, 0xC4, 0x1F, 0x1E, 0x19, 0xEE, 0x1E, 0x1C, 0x19, 0xE0, 0x1B, 0x1B, 0x17, 0xB9,
    0x1D, 0x1D, 0x18, 0xB8, 0x1E, 0x1D, 0x18, 0xB8, 0x1E, 0x1D, 0x1A, 0xB8, 0x22, 0x22, 0x1D, 0xD2,
    0x29, 0x28, 0x22, 0xD7, 0x2F, 0x2F, 0x29, 0xCA, 0x33, 0x34, 0x2F, 0xE3, 0x35, 0x35, 0x2E, 0xFE,
    0x36, 0x36, 0x30, 0xFF, 0x35, 0x34, 0x30, 0xB9, 0x26, 0x26, 0x22, 0x86, 0x1E, 0x1E, 0x1A, 0xC2,
    0x1C, 0x1C, 0x19, 0xD4, 0x24, 0x22, 0x20, 0xB7, 0x19, 0x19, 0x19, 0x33, 0x0D, 0x0D, 0x0D, 0x39,
    0x0F, 0x0F, 0x0F, 0x44, 0x10, 0x10, 0x0D, 0x4C, 0x10, 0x10, 0x10, 0x4F, 0x12, 0x12, 0x0F, 0x52,
    0x10, 0x10, 0x10, 0x4D, 0x10, 0x10, 0x10, 0x4C, 0x10, 0x13, 0x10, 0x5B, 0x12, 0x12, 0x0F, 0x60,
    0x11, 0x11, 0x11, 0x57, 0x13, 0x11, 0x11, 0x5A, 0x12, 0x12, 0x0F, 0x60, 0x12, 0x15, 0x12, 0x61,
    0x13, 0x13, 0x11, 0x67, 0x15, 0x15, 0x13, 0x78, 0x18, 0x16, 0x14, 0x89, 0x1A, 0x17, 0x13, 0x9A,
    0x18, 0x18, 0x16, 0x93, 0x18, 0x18, 0x15, 0x9B, 0x1B, 0x1B, 0x18, 0xB2, 0x1D, 0x1D, 0x19, 0xC9,
    0x20, 0x1F, 0x1B, 0xF3, 0x20, 0x1E, 0x1B, 0xEC, 0x1F, 0x1E, 0x1A, 0xEA, 0x20, 0x1F, 0x18, 0xEC,
    0x1F, 0x1E, 0x1A, 0xEA, 0x21, 0x1F, 0x1A, 0xF6, 0x20, 0x20, 0x1B, 0xF8, 0x22, 0x21, 0x1D, 0xF9,
    0x24, 0x21, 0x1E, 0xFC, 0x26, 0x25, 0x20, 0xFE, 0x29, 0x28, 0x23, 0xFF, 0x2C, 0x2A, 0x26, 0xFF,
    0x32, 0x30, 0x2B, 0xFF, 0x38, 0x37, 0x31, 0xFF, 0x3E, 0x3E, 0x38, 0xFF, 0x48, 0x45, 0x40, 0xFF,
    0x52, 0x4E, 0x4A, 0xFF, 0x5D, 0x59, 0x55, 0xFF, 0x68, 0x66, 0x5E, 0xFF, 0x74, 0x71, 0x6B, 0xFF,
    0x7D, 0x79, 0x75, 0xFF, 0x86, 0x82, 0x7D, 0xFF, 0x8C, 0x87, 0x84, 0xFF, 0x91, 0x8E, 0x89, 0xFF,
    0x94, 0x91, 0x8B, 0xFF, 0x94, 0x91, 0x8C, 0xFF, 0x97, 0x93, 0x8E, 0xFF, 0x61, 0x5E, 0x5B, 0xF9,
    0x47, 0x44, 0x42, 0xC5, 0x90, 0x8B, 0x86, 0xFD, 0x67, 0x62, 0x5F, 0xFE, 0x3E, 0x3B, 0x38, 0xFE,
    0x25, 0x22, 0x20, 0xBA, 0x27, 0x24, 0x22, 0xD6, 0x1D, 0x1A, 0x17, 0xAC, 0x2F, 0x2D, 0x2D, 0xBA,
    0x50, 0x4D, 0x4B, 0xFF, 0xA6, 0xA3, 0xA0, 0xFF, 0x3A, 0x37, 0x34, 0xEA, 0x19, 0x17, 0x15, 0xB6,
    0x1B, 0x1B, 0x1B, 0x70, 0x2A, 0x2A, 0x28, 0x8A, 0x2D, 0x2D, 0x2D, 0x4E, 0x23, 0x1F, 0x1D, 0x9C,
    0x5D, 0x58, 0x57, 0xFF, 0x86, 0x84, 0x83, 0xFF, 0x82, 0x82, 0x80, 0xE9, 0x44, 0x44, 0x43, 0x94,
    0x08, 0x08, 0x08, 0x72, 0x23, 0x23, 0x21, 0x6C, 0x2F, 0x2F, 0x2F, 0x10, 0x00, 0x00, 0x00, 0x00,
    0x00, 0x00, 0x00, 0x01, 0x00, 0x00, 0x00, 0x00, 0x00, 0x00, 0x00, 0x00, 0x00, 0x00, 0x00, 0x00,
    0x00, 0x00, 0x00, 0x00, 0x00, 0x00, 0x00, 0x00, 0x00, 0x00, 0x00, 0x00, 0x00, 0x00, 0x00, 0x01,
    0x00, 0x00, 0x00, 0x00, 0x1B, 0x1B, 0x1B, 0x25, 0x00, 0x00, 0x00, 0x20, 0x61, 0x61, 0x5F, 0x85,
    0x3C, 0x3C, 0x3B, 0xB0, 0x24, 0x24, 0x24, 0x0E, 0x33, 0x33, 0x33, 0x05, 0x66, 0x66, 0x66, 0x05,
    0x00, 0x00, 0x00, 0x02, 0x66, 0x64, 0x61, 0xE6, 0x32, 0x31, 0x2F, 0xA6, 0x00, 0x00, 0x00, 0x18,
    0x39, 0x37, 0x33, 0x85, 0x1A, 0x1A, 0x1A, 0x27, 0x33, 0x31, 0x2E, 0xD4, 0x2B, 0x2B, 0x28, 0x6A,
    0x13, 0x13, 0x13, 0x5A, 0x2A, 0x00, 0x00, 0x06, 0x18, 0x18, 0x16, 0x5C, 0x18, 0x17, 0x17, 0x9B,
    0x33, 0x2F, 0x2E, 0xE3, 0x53, 0x4E, 0x4A, 0xFF, 0x74, 0x6F, 0x6C, 0xFC, 0x60, 0x5D, 0x5A, 0xFF,
    0x30, 0x2E, 0x2A, 0xC4, 0x1B, 0x1D, 0x1B, 0x6F, 0x19, 0x19, 0x19, 0x3C, 0x00, 0x00, 0x00, 0x09,
    0x11, 0x19, 0x11, 0x1E, 0x00, 0x00, 0x00, 0x0B, 0x16, 0x14, 0x11, 0x65, 0x23, 0x22, 0x1F, 0xEB,
    0x1F, 0x1C, 0x1B, 0xC2, 0x14, 0x14, 0x11, 0x65, 0x00, 0x00, 0x00, 0x17, 0x00, 0x00, 0x00, 0x23,
    0x09, 0x06, 0x06, 0x4D, 0x12, 0x12, 0x0F, 0x63, 0x1C, 0x1B, 0x19, 0xAA, 0x24, 0x23, 0x1F, 0xE8,
    0x25, 0x25, 0x21, 0xED, 0x1A, 0x1A, 0x15, 0xC0, 0x0F, 0x0D, 0x0A, 0x74, 0x17, 0x17, 0x12, 0x6D,
    0x28, 0x26, 0x21, 0x92, 0x33, 0x33, 0x30, 0xD4, 0x38, 0x37, 0x33, 0xE0, 0x27, 0x27, 0x24, 0xB5,
    0x0C, 0x0C, 0x0C, 0x4F, 0x11, 0x15, 0x11, 0x3A, 0x00, 0x06, 0x00, 0x25, 0x00, 0x00, 0x00, 0x27,
    0x00, 0x00, 0x00, 0x30, 0x04, 0x04, 0x04, 0x3B, 0x00, 0x00, 0x00, 0x3A, 0x00, 0x04, 0x00, 0x3C,
    0x00, 0x00, 0x00, 0x3A, 0x00, 0x00, 0x00, 0x3A, 0x00, 0x03, 0x00, 0x43, 0x03, 0x03, 0x03, 0x4D,
    0x03, 0x03, 0x00, 0x50, 0x02, 0x02, 0x02, 0x56, 0x03, 0x03, 0x03, 0x51, 0x00, 0x03, 0x00, 0x4F,
    0x03, 0x03, 0x00, 0x54, 0x02, 0x02, 0x02, 0x5B, 0x02, 0x02, 0x02, 0x5E, 0x05, 0x05, 0x05, 0x63,
    0x05, 0x05, 0x05, 0x63, 0x09, 0x09, 0x04, 0x6E, 0x0A, 0x0C, 0x08, 0x79, 0x0E, 0x0E, 0x0C, 0x8C,
    0x14, 0x12, 0x0E, 0xB1, 0x16, 0x15, 0x10, 0xB5, 0x15, 0x15, 0x12, 0xA9, 0x18, 0x17, 0x12, 0xBC,
    0x1A, 0x18, 0x14, 0xC3, 0x1B, 0x1B, 0x18, 0xD4, 0x1E, 0x1D, 0x18, 0xE3, 0x20, 0x1E, 0x1B, 0xF1,
    0x23, 0x22, 0x1D, 0xFF, 0x26, 0x25, 0x1F, 0xFF, 0x29, 0x27, 0x23, 0xFF, 0x2E, 0x2B, 0x26, 0xFF,
    0x31, 0x30, 0x2A, 0xFF, 0x36, 0x36, 0x30, 0xFF, 0x3E, 0x3E, 0x38, 0xFF, 0x47, 0x45, 0x3F, 0xFF,
    0x50, 0x4C, 0x48, 0xFF, 0x5B, 0x58, 0x54, 0xFF, 0x66, 0x65, 0x5C, 0xFF, 0x72, 0x6F, 0x69, 0xFF,
    0x7D, 0x78, 0x75, 0xFF, 0x85, 0x81, 0x7D, 0xFF, 0x8C, 0x89, 0x83, 0xFF, 0x91, 0x8E, 0x87, 0xFF,
    0x94, 0x91, 0x8B, 0xFF, 0x95, 0x93, 0x8B, 0xFE, 0x94, 0x90, 0x8A, 0xFF, 0x42, 0x41, 0x3E, 0xEA,
    0x85, 0x81, 0x80, 0xE2, 0x95, 0x8E, 0x8B, 0xFF, 0x5D, 0x58, 0x55, 0xFF, 0x33, 0x2F, 0x2E, 0xF3,
    0x23, 0x21, 0x21, 0xD8, 0x1D, 0x1D, 0x1B, 0x93, 0x19, 0x15, 0x13, 0x84, 0x2E, 0x2D, 0x29, 0xB9,
    0x47, 0x46, 0x42, 0xFB, 0xA5, 0xA4, 0xA0, 0xFB, 0x40, 0x3E, 0x39, 0xCB, 0x12, 0x10, 0x0C, 0x7E,
    0x31, 0x31, 0x31, 0x1F, 0x23, 0x23, 0x21, 0x98, 0x2F, 0x33, 0x2F, 0x50, 0x11, 0x0B, 0x0B, 0x2D,
    0x41, 0x3E, 0x3B, 0xFF, 0x71, 0x6E, 0x6C, 0xFB, 0x7B, 0x78, 0x77, 0xFF, 0x6A, 0x69, 0x67, 0xFF,
    0x3F, 0x40, 0x3D, 0xC2, 0x0D, 0x0D, 0x0D, 0x73, 0x1E, 0x1E, 0x1E, 0x66, 0x2A, 0x2A, 0x2A, 0x06,
    0x00, 0x00, 0x00, 0x02, 0x00, 0x00, 0x00, 0x00, 0x00, 0x00, 0x00, 0x00, 0x00, 0x00, 0x00, 0x00,
    0x00, 0x00, 0x00, 0x00, 0x00, 0x00, 0x00, 0x00, 0x00, 0x00, 0x00, 0x01, 0x00, 0x00, 0x00, 0x00,
    0x1C, 0x1C, 0x1C, 0x12, 0x00, 0x00, 0x00, 0x13, 0x6F, 0x6D, 0x6B, 0x89, 0x53, 0x52, 0x50, 0xDE,
    0x12, 0x12, 0x12, 0x0E, 0xFF, 0xFF, 0xFF, 0x01, 0x00, 0x00, 0x00, 0x00, 0x00, 0x00, 0x00, 0x00,
    0x3E, 0x3E, 0x3E, 0x39, 0x56, 0x55, 0x54, 0xFF, 0x17, 0x19, 0x17, 0x79, 0x14, 0x14, 0x14, 0x25,
    0x2A, 0x2A, 0x2A, 0x89, 0x1E, 0x1E, 0x1E, 0x11, 0x34, 0x30, 0x2E, 0xC9, 0x28, 0x28, 0x25, 0x59,
    0x10, 0x10, 0x10, 0x3D, 0x0F, 0x0F, 0x0F, 0x20, 0x1D, 0x1D, 0x1A, 0x72, 0x23, 0x23, 0x21, 0xB6,
    0x25, 0x25, 0x22, 0xD1, 0x4B, 0x47, 0x43, 0xFF, 0x71, 0x6D, 0x6B, 0xFE, 0x7E, 0x7A, 0x77, 0xFD,
    0x43, 0x41, 0x3D, 0xFD, 0x1E, 0x1E, 0x1C, 0x63, 0x21, 0x21, 0x21, 0x4D, 0x00, 0x00, 0x00, 0x01,
    0x00, 0x00, 0x00, 0x00, 0x11, 0x11, 0x0D, 0x4B, 0x1A, 0x18, 0x14, 0xB0, 0x1B, 0x18, 0x15, 0x5E,
    0x00, 0x07, 0x07, 0x20, 0x0C, 0x0C, 0x0C, 0x29, 0x1A, 0x1A, 0x18, 0x72, 0x1C, 0x1C, 0x19, 0xAD,
    0x2B, 0x2B, 0x29, 0x8E, 0x26, 0x28, 0x24, 0x7F, 0x29, 0x29, 0x25, 0x82, 0x3E, 0x3D, 0x3B, 0x92,
    0x3F, 0x41, 0x3D, 0x91, 0x1F, 0x1F, 0x1C, 0x5A, 0x00, 0x00, 0x00, 0x21, 0x00, 0x00, 0x00, 0x10,
    0x00, 0x00, 0x00, 0x0C, 0x00, 0x00, 0x00, 0x1F, 0x07, 0x0B, 0x07, 0x41, 0x13, 0x13, 0x13, 0x5B,
    0x1C, 0x19, 0x19, 0x59, 0x1F, 0x1F, 0x1C, 0x62, 0x23, 0x20, 0x1E, 0x74, 0x25, 0x23, 0x1F, 0x80,
    0x28, 0x26, 0x23, 0x8A, 0x29, 0x29, 0x26, 0x98, 0x2C, 0x2A, 0x27, 0xAD, 0x2F, 0x2C, 0x29, 0xB3,
    0x32, 0x2E, 0x2A, 0xB5, 0x33, 0x30, 0x2D, 0xB8, 0x34, 0x31, 0x2E, 0xB9, 0x35, 0x33, 0x30, 0xC2,
    0x37, 0x35, 0x2F, 0xC5, 0x38, 0x35, 0x33, 0xC7, 0x39, 0x36, 0x34, 0xC9, 0x3A, 0x36, 0x34, 0xC9,
    0x3C, 0x38, 0x35, 0xC3, 0x3B, 0x38, 0x34, 0xC8, 0x3B, 0x37, 0x36, 0xC9, 0x3B, 0x37, 0x36, 0xC6,
    0x39, 0x38, 0x34, 0xC6, 0x37, 0x36, 0x32, 0xC9, 0x36, 0x32, 0x2E, 0xCF, 0x32, 0x2E, 0x2C, 0xD0,
    0x2E, 0x2B, 0x28, 0xCF, 0x2B, 0x29, 0x25, 0xC7, 0x28, 0x25, 0x24, 0xBF, 0x24, 0x21, 0x1D, 0xC5,
    0x1F, 0x1D, 0x19, 0xD0, 0x1B, 0x1A, 0x16, 0xD3, 0x19, 0x18, 0x13, 0xD4, 0x16, 0x15, 0x11, 0xD7,
    0x17, 0x15, 0x0F, 0xE5, 0x18, 0x16, 0x12, 0xEC, 0x1C, 0x19, 0x17, 0xFC, 0x22, 0x1F, 0x1C, 0xFF,
    0x29, 0x27, 0x22, 0xFF, 0x34, 0x30, 0x2C, 0xFF, 0x3F, 0x3B, 0x37, 0xFF, 0x48, 0x45, 0x40, 0xFF,
    0x52, 0x4E, 0x49, 0xFF, 0x5D, 0x59, 0x55, 0xFF, 0x68, 0x65, 0x5F, 0xFF, 0x73, 0x70, 0x6A, 0xFF,
    0x7D, 0x7A, 0x75, 0xFF, 0x86, 0x82, 0x7E, 0xFF, 0x8D, 0x89, 0x85, 0xFF, 0x93, 0x90, 0x88, 0xFF,
    0x97, 0x94, 0x8C, 0xFF, 0x9B, 0x97, 0x91, 0xFF, 0x76, 0x73, 0x6F, 0xFF, 0x46, 0x45, 0x44, 0xF1,
    0xBA, 0xB6, 0xB5, 0xFD, 0x8A, 0x85, 0x84, 0xFF, 0x55, 0x50, 0x4F, 0xFF, 0x2B, 0x27, 0x28, 0xF5,
    0x28, 0x25, 0x25, 0xDE, 0x1C, 0x1C, 0x1A, 0x7C, 0x22, 0x22, 0x21, 0xB8, 0x2E, 0x2D, 0x2A, 0xDD,
    0x46, 0x44, 0x40, 0xE6, 0xA8, 0xA6, 0xA2, 0xF3, 0x47, 0x46, 0x41, 0xA3, 0x03, 0x03, 0x03, 0x45,
    0x21, 0x21, 0x21, 0x26, 0x1C, 0x1C, 0x1C, 0x3E, 0x00, 0x00, 0x00, 0x28, 0x00, 0x00, 0x00, 0x2C,
    0x25, 0x22, 0x20, 0xC5, 0x5C, 0x58, 0x56, 0xFD, 0x8C, 0x89, 0x88, 0xFC, 0x6B, 0x69, 0x66, 0xFC,
    0x51, 0x50, 0x4E, 0xFF, 0x6A, 0x6A, 0x69, 0xCC, 0x09, 0x09, 0x09, 0x4D, 0x1D, 0x1D, 0x1D, 0x3C,
    0x00, 0x00, 0x00, 0x00, 0x00, 0x00, 0x00, 0x02, 0x00, 0x00, 0x00, 0x00, 0x00, 0x00, 0x00, 0x00,
    0x00, 0x00, 0x00, 0x00, 0x00, 0x00, 0x00, 0x00, 0x00, 0x00, 0x00, 0x00, 0x55, 0x55, 0x55, 0x03,
    0x00, 0x00, 0x00, 0x13, 0x6F, 0x6B, 0x6B, 0x47, 0x5B, 0x58, 0x58, 0xEF, 0x00, 0x00, 0x00, 0x14,
    0x00, 0x00, 0x00, 0x00, 0x00, 0x00, 0x00, 0x00, 0x28, 0x28, 0x28, 0x2C, 0x2F, 0x2F, 0x2D, 0x8D,
    0x4D, 0x48, 0x48, 0xED, 0x5C, 0x5A, 0x57, 0xCE, 0x13, 0x16, 0x16, 0x67, 0x1F, 0x1F, 0x1F, 0x41,
    0x19, 0x1E, 0x19, 0x3B, 0x00, 0x00, 0x00, 0x03, 0x2F, 0x2E, 0x2A, 0xD0, 0x21, 0x21, 0x1E, 0x53,
    0x0B, 0x0B, 0x0B, 0x16, 0x00, 0x15, 0x15, 0x0C, 0x17, 0x17, 0x17, 0x41, 0x1B, 0x1D, 0x1B, 0xA4,
    0x21, 0x20, 0x1D, 0xCD, 0x3E, 0x39, 0x38, 0xFC, 0x6C, 0x68, 0x66, 0xFF, 0x99, 0x93, 0x92, 0xFC,
    0x72, 0x6E, 0x6B, 0xFF, 0x27, 0x26, 0x23, 0xBA, 0x17, 0x17, 0x17, 0x16, 0x48, 0x48, 0x24, 0x07,
    0x16, 0x16, 0x16, 0x17, 0x13, 0x0F, 0x0F, 0x43, 0x00, 0x00, 0x00, 0x13, 0x00, 0x00, 0x00, 0x00,
    0x00, 0x00, 0x00, 0x02, 0x0C, 0x0C, 0x0C, 0x29, 0x1B, 0x1B, 0x18, 0x54, 0x19, 0x1E, 0x19, 0x32,
    0x11, 0x1A, 0x1A, 0x1D, 0x08, 0x08, 0x08, 0x1D, 0x0E, 0x0E, 0x0E, 0x34, 0x14, 0x14, 0x11, 0x49,
    0x1D, 0x18, 0x18, 0x68, 0x27, 0x27, 0x27, 0x8E, 0x2C, 0x2A, 0x2A, 0xB6, 0x30, 0x2C, 0x2B, 0xD2,
    0x32, 0x30, 0x2C, 0xE7, 0x34, 0x31, 0x2F, 0xF2, 0x38, 0x35, 0x33, 0xFD, 0x3D, 0x39, 0x37, 0xFF,
    0x41, 0x3D, 0x3A, 0xFF, 0x45, 0x41, 0x3D, 0xFF, 0x47, 0x44, 0x40, 0xFF, 0x4A, 0x45, 0x42, 0xFF,
    0x4C, 0x47, 0x45, 0xFF, 0x4E, 0x4A, 0x46, 0xFF, 0x52, 0x4D, 0x4A, 0xFF, 0x55, 0x50, 0x4D, 0xFF,
    0x57, 0x52, 0x4E, 0xFF, 0x59, 0x54, 0x51, 0xFF, 0x5A, 0x55, 0x53, 0xFF, 0x5E, 0x59, 0x56, 0xFF,
    0x62, 0x5C, 0x59, 0xFF, 0x65, 0x60, 0x5D, 0xFF, 0x67, 0x62, 0x5F, 0xFF, 0x6A, 0x64, 0x60, 0xFF,
    0x6D, 0x66, 0x64, 0xFF, 0x6F, 0x69, 0x67, 0xFF, 0x73, 0x6D, 0x6A, 0xFF, 0x76, 0x70, 0x6E, 0xFF,
    0x78, 0x73, 0x6F, 0xFF, 0x7A, 0x75, 0x72, 0xFF, 0x7D, 0x77, 0x73, 0xFF, 0x7E, 0x79, 0x76, 0xFF,
    0x7F, 0x7B, 0x78, 0xFF, 0x81, 0x7C, 0x78, 0xFF, 0x82, 0x7D, 0x7B, 0xFF, 0x80, 0x7D, 0x79, 0xFF,
    0x7E, 0x79, 0x76, 0xFF, 0x7B, 0x77, 0x73, 0xFF, 0x76, 0x71, 0x6D, 0xFE, 0x70, 0x6C, 0x6A, 0xFC,
    0x68, 0x65, 0x61, 0xF7, 0x5F, 0x5C, 0x59, 0xF6, 0x56, 0x51, 0x4E, 0xFD, 0x4B, 0x47, 0x44, 0xFF,
    0x43, 0x3F, 0x3C, 0xFF, 0x3E, 0x39, 0x38, 0xFF, 0x3A, 0x36, 0x33, 0xFF, 0x3B, 0x38, 0x33, 0xFF,
    0x41, 0x3D, 0x39, 0xFF, 0x4D, 0x48, 0x45, 0xFF, 0x5D, 0x59, 0x55, 0xFF, 0x70, 0x6C, 0x68, 0xFF,
    0x7F, 0x7C, 0x77, 0xFF, 0x8A, 0x86, 0x83, 0xFF, 0x90, 0x8D, 0x88, 0xFF, 0x95, 0x92, 0x8B, 0xFF,
    0x9A, 0x97, 0x91, 0xFF, 0x98, 0x94, 0x90, 0xFE, 0x43, 0x40, 0x3F, 0xEE, 0x8D, 0x8B, 0x8A, 0xF3,
    0xC9, 0xC6, 0xC3, 0xFF, 0x7D, 0x78, 0x78, 0xFE, 0x48, 0x43, 0x43, 0xFF, 0x2B, 0x28, 0x27, 0xFB,
    0x2D, 0x2C, 0x2A, 0xBE, 0x1D, 0x1A, 0x1A, 0x69, 0x18, 0x18, 0x17, 0xA6, 0x21, 0x20, 0x1D, 0xCD,
    0x43, 0x40, 0x3D, 0xD6, 0xA9, 0xA7, 0xA2, 0xEE, 0x5B, 0x5B, 0x55, 0x7B, 0x00, 0x00, 0x00, 0x03,
    0x2A, 0x2A, 0x2A, 0x24, 0x17, 0x17, 0x17, 0x4D, 0x51, 0x51, 0x4E, 0x6E, 0x50, 0x4D, 0x4A, 0xF2,
    0x3B, 0x38, 0x36, 0xEC, 0x40, 0x3D, 0x3A, 0xF6, 0x7C, 0x7B, 0x79, 0xFF, 0x9D, 0x9C, 0x9B, 0xFE,
    0x40, 0x3E, 0x3E, 0xF9, 0x5A, 0x5A, 0x59, 0xFF, 0x76, 0x78, 0x76, 0x7F, 0x00, 0x00, 0x00, 0x33,
    0x30, 0x30, 0x30, 0x15, 0x00, 0x00, 0x00, 0x00, 0x00, 0x00, 0x00, 0x01, 0x00, 0x00, 0x00, 0x00,
    0x00, 0x00, 0x00, 0x00, 0x00, 0x00, 0x00, 0x00, 0x00, 0x00, 0x00, 0x00, 0x2A, 0x2A, 0x2A, 0x0C,
    0x00, 0x00, 0x00, 0x0D, 0x6D, 0x6C, 0x6A, 0xCB, 0x40, 0x3D, 0x3D, 0x57, 0x00, 0x00, 0x00, 0x00,
    0x24, 0x20, 0x20, 0x46, 0x23, 0x21, 0x21, 0xA0, 0x23, 0x22, 0x21, 0xE6, 0x23, 0x21, 0x20, 0xF4,
    0x24, 0x21, 0x21, 0xF5, 0x32, 0x30, 0x30, 0x7E, 0x0F, 0x0F, 0x0F, 0x31, 0x12, 0x12, 0x12, 0x70,
    0x00, 0x00, 0x00, 0x05, 0x00, 0x00, 0x00, 0x03, 0x30, 0x2E, 0x2D, 0xCC, 0x1D, 0x1D, 0x1A, 0x57,
    0x00, 0x00, 0x00, 0x0E, 0x28, 0x25, 0x23, 0x6C, 0x2E, 0x2C, 0x2A, 0xE0, 0x49, 0x45, 0x44, 0xE3,
    0x34, 0x33, 0x30, 0xD7, 0x2D, 0x29, 0x28, 0xED, 0x62, 0x5D, 0x5C, 0xFF, 0x9D, 0x98, 0x96, 0xFE,
    0x93, 0x8F, 0x8B, 0xFD, 0x3C, 0x38, 0x35, 0xFF, 0x1E, 0x1B, 0x1B, 0x77, 0x00, 0x00, 0x00, 0x01,
    0x00, 0x00, 0x00, 0x00, 0x00, 0x00, 0x00, 0x00, 0x00, 0x00, 0x00, 0x13, 0x13, 0x13, 0x13, 0x34,
    0x20, 0x20, 0x1D, 0x5F, 0x25, 0x25, 0x23, 0x7B, 0x29, 0x27, 0x27, 0x9A, 0x2C, 0x29, 0x29, 0xC7,
    0x2B, 0x29, 0x29, 0xDD, 0x2D, 0x2A, 0x28, 0xFA, 0x32, 0x2F, 0x2B, 0xFF, 0x35, 0x33, 0x2F, 0xFF,
    0x39, 0x36, 0x33, 0xFF, 0x3D, 0x39, 0x36, 0xFF, 0x3F, 0x3B, 0x3A, 0xFF, 0x42, 0x3D, 0x3C, 0xFF,
    0x42, 0x3F, 0x3B, 0xFF, 0x43, 0x3F, 0x3C, 0xFF, 0x44, 0x40, 0x3E, 0xFF, 0x46, 0x41, 0x3F, 0xFE,
    0x48, 0x44, 0x40, 0xFD, 0x49, 0x45, 0x42, 0xFC, 0x4B, 0x47, 0x44, 0xFC, 0x4D, 0x47, 0x45, 0xFC,
    0x4E, 0x48, 0x45, 0xFC, 0x4E, 0x48, 0x45, 0xFC, 0x50, 0x4B, 0x48, 0xFC, 0x52, 0x4E, 0x4B, 0xFC,
    0x55, 0x4F, 0x4D, 0xFC, 0x57, 0x52, 0x4F, 0xFC, 0x59, 0x53, 0x51, 0xFC, 0x5B, 0x56, 0x52, 0xFC,
    0x5E, 0x57, 0x55, 0xFD, 0x61, 0x5B, 0x58, 0xFD, 0x63, 0x5D, 0x5A, 0xFD, 0x65, 0x5F, 0x5E, 0xFD,
    0x6A, 0x63, 0x62, 0xFC, 0x6B, 0x66, 0x63, 0xFD, 0x6D, 0x68, 0x67, 0xFD, 0x70, 0x6B, 0x6A, 0xFD,
    0x74, 0x6E, 0x6C, 0xFD, 0x77, 0x71, 0x70, 0xFD, 0x7A, 0x75, 0x72, 0xFD, 0x7E, 0x79, 0x76, 0xFD,
    0x83, 0x7F, 0x7B, 0xFE, 0x88, 0x83, 0x80, 0xFE, 0x8D, 0x88, 0x85, 0xFD, 0x8F, 0x8A, 0x88, 0xFE,
    0x94, 0x8E, 0x8C, 0xFE, 0x99, 0x94, 0x91, 0xFF, 0xA0, 0x9B, 0x98, 0xFF, 0xA7, 0xA1, 0x9F, 0xFF,
    0xAE, 0xA7, 0xA4, 0xFF, 0xB1, 0xAC, 0xA9, 0xFF, 0xB3, 0xAE, 0xAD, 0xFF, 0xB5, 0xB0, 0xB0, 0xFF,
    0xB5, 0xB1, 0xAF, 0xFF, 0xB0, 0xAC, 0xAB, 0xFF, 0xA5, 0xA1, 0xA0, 0xFF, 0x97, 0x92, 0x91, 0xFF,
    0x83, 0x7F, 0x7C, 0xFF, 0x73, 0x6D, 0x6A, 0xFF, 0x6A, 0x65, 0x61, 0xFF, 0x69, 0x65, 0x62, 0xFF,
    0x6C, 0x67, 0x64, 0xFF, 0x74, 0x70, 0x6D, 0xFF, 0x7F, 0x7B, 0x77, 0xFF, 0x8D, 0x89, 0x84, 0xFF,
    0x86, 0x82, 0x7E, 0xFF, 0x57, 0x54, 0x50, 0xF7, 0x64, 0x60, 0x5F, 0xF2, 0xC7, 0xC4, 0xC2, 0xFD,
    0xBB, 0xB7, 0xB5, 0xFF, 0x71, 0x6B, 0x6A, 0xFE, 0x3B, 0x38, 0x36, 0xFF, 0x2C, 0x2B, 0x29, 0xF3,
    0x22, 0x20, 0x1D, 0xDE, 0x22, 0x20, 0x1E, 0xFA, 0x2B, 0x2B, 0x2A, 0xD7, 0x1E, 0x1C, 0x1C, 0x6D,
    0x3C, 0x39, 0x36, 0xDB, 0xA5, 0xA1, 0x9D, 0xEE, 0x61, 0x5F, 0x5B, 0x88, 0x00, 0x00, 0x00, 0x00,
    0x22, 0x22, 0x22, 0x2C, 0x0F, 0x0F, 0x0F, 0x54, 0x6B, 0x6B, 0x67, 0x45, 0x6E, 0x6B, 0x68, 0xF2,
    0x42, 0x3F, 0x3D, 0xFF, 0x33, 0x30, 0x2E, 0xFF, 0x5D, 0x5B, 0x59, 0xFC, 0x8C, 0x8A, 0x89, 0xFF,
    0x64, 0x61, 0x5F, 0xFF, 0x18, 0x18, 0x16, 0xE9, 0x79, 0x79, 0x77, 0xD9, 0x2A, 0x2A, 0x2A, 0x36,
    0x13, 0x13, 0x13, 0x34, 0x00, 0x00, 0x00, 0x00, 0x00, 0x00, 0x00, 0x02, 0x00, 0x00, 0x00, 0x00,
    0x00, 0x00, 0x00, 0x00, 0x00, 0x00, 0x00, 0x01, 0x00, 0x00, 0x00, 0x00, 0x00, 0x00, 0x00, 0x10,
    0x5F, 0x5A, 0x5F, 0x30, 0x70, 0x6F, 0x6F, 0xD5, 0x18, 0x18, 0x15, 0x5D, 0x1F, 0x1F, 0x1E, 0xA0,
    0x1F, 0x1D, 0x1D, 0xDB, 0x1F, 0x1C, 0x1C, 0xF4, 0x1E, 0x1B, 0x1B, 0xEA, 0x1C, 0x1A, 0x19, 0xDC,
    0x12, 0x10, 0x12, 0x7A, 0x0D, 0x00, 0x0D, 0x13, 0x17, 0x17, 0x17, 0x6B, 0x36, 0x33, 0x32, 0xD4,
    0x2C, 0x28, 0x28, 0x9C, 0x00, 0x00, 0x00, 0x20, 0x33, 0x2F, 0x2E, 0xCD, 0x1D, 0x1A, 0x1A, 0x56,
    0x00, 0x00, 0x00, 0x1F, 0x2D, 0x2B, 0x29, 0x92, 0x32, 0x2E, 0x2A, 0xFF, 0x6A, 0x66, 0x63, 0xFF,
    0x73, 0x71, 0x6D, 0xEF, 0x1C, 0x1A, 0x19, 0xE8, 0x4F, 0x49, 0x48, 0xFF, 0x9A, 0x96, 0x93, 0xFF,
    0xA6, 0xA1, 0x9F, 0xFF, 0x53, 0x4D, 0x4A, 0xFE, 0x3E, 0x39, 0x38, 0xFF, 0x2D, 0x2A, 0x28, 0xCB,
    0x2D, 0x2B, 0x29, 0x80, 0x2D, 0x2A, 0x2A, 0xAD, 0x2F, 0x2B, 0x2B, 0xDE, 0x30, 0x2E, 0x2D, 0xFE,
    0x34, 0x32, 0x31, 0xFF, 0x39, 0x35, 0x33, 0xFF, 0x3B, 0x36, 0x35, 0xFF, 0x3A, 0x35, 0x34, 0xFF,
    0x38, 0x34, 0x32, 0xFF, 0x37, 0x33, 0x2F, 0xFF, 0x37, 0x33, 0x2F, 0xFF, 0x37, 0x33, 0x2F, 0xFD,
    0x37, 0x34, 0x31, 0xFC, 0x3A, 0x35, 0x32, 0xFB, 0x3B, 0x37, 0x35, 0xFC, 0x3E, 0x39, 0x39, 0xFD,
    0x3F, 0x3B, 0x39, 0xFE, 0x3F, 0x3C, 0x3B, 0xFE, 0x42, 0x3D, 0x3D, 0xFF, 0x43, 0x3D, 0x3C, 0xFF,
    0x46, 0x41, 0x40, 0xFF, 0x48, 0x45, 0x41, 0xFF, 0x4B, 0x46, 0x44, 0xFE, 0x4E, 0x48, 0x47, 0xFE,
    0x4F, 0x4A, 0x48, 0xFE, 0x51, 0x4A, 0x48, 0xFD, 0x52, 0x4C, 0x49, 0xFD, 0x53, 0x4F, 0x4B, 0xFD,
    0x57, 0x52, 0x50, 0xFD, 0x5A, 0x55, 0x52, 0xFD, 0x5D, 0x57, 0x55, 0xFD, 0x60, 0x5A, 0x58, 0xFD,
    0x62, 0x5C, 0x59, 0xFD, 0x65, 0x5E, 0x5C, 0xFD, 0x68, 0x61, 0x5F, 0xFD, 0x6B, 0x65, 0x64, 0xFD,
    0x6E, 0x68, 0x66, 0xFD, 0x72, 0x6C, 0x69, 0xFD, 0x72, 0x6D, 0x6C, 0xFD, 0x75, 0x70, 0x6D, 0xFD,
    0x78, 0x72, 0x70, 0xFD, 0x7A, 0x75, 0x72, 0xFD, 0x7D, 0x78, 0x76, 0xFD, 0x7F, 0x7B, 0x78, 0xFE,
    0x83, 0x7E, 0x7B, 0xFE, 0x85, 0x81, 0x7E, 0xFE, 0x87, 0x83, 0x81, 0xFF, 0x8A, 0x84, 0x81, 0xFF,
    0x8D, 0x88, 0x85, 0xFF, 0x90, 0x8C, 0x89, 0xFF, 0x94, 0x8F, 0x8C, 0xFF, 0x98, 0x93, 0x91, 0xFF,
    0x9D, 0x98, 0x96, 0xFF, 0xA1, 0x9C, 0x9B, 0xFF, 0xA6, 0xA1, 0x9F, 0xFF, 0xAD, 0xA8, 0xA8, 0xFF,
    0xB5, 0xB0, 0xB0, 0xFF, 0xBD, 0xB9, 0xB9, 0xFF, 0xC5, 0xC1, 0xBF, 0xFF, 0xCC, 0xC7, 0xC6, 0xFF,
    0xCF, 0xCC, 0xC9, 0xFF, 0xD2, 0xCE, 0xCC, 0xFF, 0xD1, 0xCD, 0xCA, 0xFF, 0xC8, 0xC5, 0xC2, 0xFF,
    0xB5, 0xB1, 0xAE, 0xFF, 0x9E, 0x9A, 0x96, 0xFF, 0x8D, 0x8A, 0x85, 0xFF, 0x6A, 0x65, 0x63, 0xFB,
    0x7E, 0x7A, 0x78, 0xFF, 0x96, 0x92, 0x90, 0xFE, 0xB3, 0xAE, 0xAC, 0xFF, 0xC1, 0xBC, 0xBB, 0xFF,
    0xB4, 0xAE, 0xAC, 0xFF, 0x60, 0x5B, 0x59, 0xFF, 0x31, 0x2E, 0x2D, 0xFF, 0x3E, 0x3B, 0x3A, 0xFF,
    0x2A, 0x28, 0x25, 0xFC, 0x22, 0x21, 0x1F, 0xFF, 0x38, 0x38, 0x36, 0xD7, 0x26, 0x26, 0x26, 0x50,
    0x3A, 0x36, 0x34, 0xDF, 0xA2, 0x9F, 0x9A, 0xEB, 0x53, 0x50, 0x4B, 0xE2, 0x02, 0x02, 0x00, 0x5C,
    0x24, 0x22, 0x22, 0x8B, 0x1D, 0x1D, 0x1C, 0xB3, 0x19, 0x14, 0x14, 0x6F, 0x1D, 0x1C, 0x19, 0xAB,
    0x24, 0x22, 0x20, 0xF0, 0x23, 0x20, 0x1F, 0xF9, 0x21, 0x1F, 0x1E, 0xFC, 0x42, 0x3E, 0x3D, 0xDF,
    0x73, 0x6F, 0x6C, 0xEC, 0x53, 0x50, 0x4E, 0xEA, 0x60, 0x5F, 0x5D, 0xF8, 0x53, 0x53, 0x53, 0x56,
    0x00, 0x00, 0x00, 0x2B, 0x01, 0x01, 0x01, 0x00, 0x00, 0x00, 0x00, 0x01, 0x00, 0x00, 0x00, 0x00,
    0x00, 0x00, 0x00, 0x00, 0x00, 0x00, 0x00, 0x01, 0x01, 0x01, 0x01, 0x00, 0x00, 0x00, 0x00, 0x0A,
    0x44, 0x44, 0x44, 0x64, 0x58, 0x56, 0x55, 0xFF, 0x20, 0x1F, 0x1E, 0xC2, 0x19, 0x19, 0x17, 0xD1,
    0x1F, 0x1D, 0x1B, 0xDB, 0x23, 0x20, 0x20, 0xDA, 0x29, 0x27, 0x26, 0xEA, 0x1F, 0x1E, 0x1D, 0xC0,
    0x21, 0x1F, 0x1F, 0x80, 0x26, 0x24, 0x23, 0xD3, 0x26, 0x23, 0x23, 0xFF, 0x4D, 0x48, 0x46, 0xFF,
    0x38, 0x35, 0x34, 0xEE, 0x10, 0x10, 0x0F, 0x98, 0x34, 0x30, 0x2E, 0xD6, 0x1A, 0x1A, 0x1A, 0x58,
    0x00, 0x00, 0x00, 0x23, 0x34, 0x33, 0x2F, 0x96, 0x32, 0x2F, 0x2A, 0xFD, 0x6E, 0x69, 0x66, 0xFD,
    0x8A, 0x87, 0x84, 0xF1, 0x1B, 0x18, 0x16, 0xD9, 0x3D, 0x38, 0x35, 0xFE, 0x8D, 0x87, 0x85, 0xFF,
    0xBA, 0xB7, 0xB3, 0xFF, 0x63, 0x5D, 0x59, 0xFF, 0x49, 0x44, 0x43, 0xFD, 0x45, 0x41, 0x3E, 0xFF,
    0x45, 0x41, 0x40, 0xFF, 0x42, 0x3D, 0x3D, 0xFF, 0x39, 0x34, 0x34, 0xFF, 0x36, 0x32, 0x31, 0xFF,
    0x33, 0x2F, 0x2E, 0xFC, 0x33, 0x30, 0x2E, 0xFB, 0x34, 0x30, 0x2F, 0xFB, 0x35, 0x31, 0x30, 0xFD,
    0x36, 0x32, 0x2F, 0xFD, 0x37, 0x33, 0x2F, 0xFE, 0x37, 0x34, 0x30, 0xFE, 0x38, 0x35, 0x31, 0xFE,
    0x3A, 0x36, 0x32, 0xFD, 0x3A, 0x37, 0x33, 0xFC, 0x3D, 0x39, 0x36, 0xFC, 0x40, 0x3B, 0x3B, 0xFC,
    0x43, 0x3D, 0x3C, 0xFC, 0x45, 0x41, 0x3E, 0xFD, 0x46, 0x42, 0x42, 0xFD, 0x49, 0x44, 0x42, 0xFF,
    0x4B, 0x47, 0x44, 0xFF, 0x4D, 0x48, 0x47, 0xFF, 0x4E, 0x49, 0x47, 0xFF, 0x50, 0x4B, 0x49, 0xFF,
    0x52, 0x4D, 0x49, 0xFF, 0x53, 0x4F, 0x4C, 0xFF, 0x54, 0x50, 0x4D, 0xFF, 0x56, 0x51, 0x4E, 0xFF,
    0x57, 0x53, 0x4F, 0xFF, 0x59, 0x54, 0x50, 0xFF, 0x5B, 0x56, 0x53, 0xFF, 0x5D, 0x57, 0x54, 0xFF,
    0x5F, 0x59, 0x56, 0xFF, 0x60, 0x5A, 0x57, 0xFF, 0x62, 0x5D, 0x5B, 0xFF, 0x66, 0x61, 0x5F, 0xFF,
    0x68, 0x64, 0x61, 0xFF, 0x6B, 0x65, 0x63, 0xFF, 0x6C, 0x67, 0x65, 0xFF, 0x6E, 0x6A, 0x67, 0xFF,
    0x73, 0x6D, 0x6B, 0xFF, 0x77, 0x72, 0x6E, 0xFF, 0x7A, 0x76, 0x73, 0xFF, 0x7E, 0x79, 0x76, 0xFF,
    0x82, 0x7D, 0x7A, 0xFF, 0x86, 0x82, 0x7F, 0xFF, 0x8B, 0x85, 0x83, 0xFF, 0x90, 0x8B, 0x88, 0xFF,
    0x95, 0x90, 0x8E, 0xFF, 0x99, 0x95, 0x92, 0xFE, 0x9E, 0x9A, 0x97, 0xFD, 0xA2, 0x9D, 0x9A, 0xFD,
    0xA6, 0xA0, 0x9F, 0xFC, 0xAB, 0xA5, 0xA2, 0xFC, 0xAE, 0xA9, 0xA8, 0xFD, 0xB2, 0xAE, 0xAC, 0xFD,
    0xB4, 0xB0, 0xAF, 0xFE, 0xB7, 0xB2, 0xB2, 0xFF, 0xB8, 0xB4, 0xB4, 0xFF, 0xBD, 0xB9, 0xB6, 0xFF,
    0xC3, 0xBF, 0xBC, 0xFF, 0xC9, 0xC6, 0xC3, 0xFF, 0xD0, 0xCD, 0xCA, 0xFF, 0xD8, 0xD5, 0xD2, 0xFF,
    0xDE, 0xDA, 0xD8, 0xFF, 0xE6, 0xE2, 0xE0, 0xFF, 0xCC, 0xC9, 0xC6, 0xFE, 0x8F, 0x8D, 0x8C, 0xF7,
    0xEA, 0xE6, 0xE5, 0xFF, 0xCF, 0xCA, 0xC8, 0xFF, 0xA6, 0xA1, 0x9D, 0xFF, 0xC3, 0xBE, 0xBB, 0xFF,
    0xA6, 0xA1, 0x9E, 0xFF, 0x4C, 0x47, 0x45, 0xFF, 0x26, 0x24, 0x24, 0xFB, 0x63, 0x5F, 0x5C, 0xF0,
    0x39, 0x35, 0x32, 0xFC, 0x1F, 0x1E, 0x1B, 0xFE, 0x3A, 0x37, 0x35, 0xD7, 0x29, 0x29, 0x29, 0x49,
    0x34, 0x33, 0x30, 0xE6, 0x9E, 0x9C, 0x96, 0xEB, 0x5F, 0x5C, 0x58, 0xFF, 0x19, 0x17, 0x14, 0xF3,
    0x2A, 0x27, 0x26, 0xFD, 0x21, 0x20, 0x1F, 0xFF, 0x2D, 0x2B, 0x2A, 0xFF, 0x3B, 0x39, 0x37, 0xDC,
    0x23, 0x21, 0x21, 0x88, 0x1D, 0x1B, 0x1B, 0xB7, 0x19, 0x18, 0x18, 0x9D, 0x0C, 0x0B, 0x0B, 0x8B,
    0x13, 0x11, 0x10, 0x8E, 0x4D, 0x49, 0x48, 0xC6, 0x67, 0x66, 0x64, 0xFD, 0x44, 0x43, 0x43, 0xA7,
    0x00, 0x00, 0x00, 0x18, 0x01, 0x01, 0x01, 0x00, 0x00, 0x00, 0x00, 0x01, 0x00, 0x00, 0x00, 0x00,
    0x00, 0x00, 0x00, 0x00, 0x00, 0x00, 0x00, 0x01, 0x00, 0x00, 0x00, 0x00, 0x18, 0x18, 0x18, 0x15,
    0x2D, 0x2A, 0x29, 0xB4, 0x39, 0x34, 0x34, 0x5D, 0x1D, 0x1B, 0x1B, 0x93, 0x36, 0x34, 0x33, 0xE7,
    0x36, 0x35, 0x34, 0xC3, 0x33, 0x2F, 0x2F, 0x8B, 0x34, 0x31, 0x31, 0x4D, 0x19, 0x19, 0x19, 0x14,
    0x34, 0x31, 0x31, 0x9A, 0x2F, 0x2C, 0x2C, 0xFF, 0x23, 0x21, 0x21, 0xFA, 0x4C, 0x48, 0x47, 0xFD,
    0x56, 0x52, 0x50, 0xFF, 0x29, 0x27, 0x23, 0xFF, 0x37, 0x35, 0x33, 0xEE, 0x1D, 0x1D, 0x1B, 0x8A,
    0x09, 0x0E, 0x0E, 0x36, 0x3A, 0x36, 0x33, 0x95, 0x34, 0x30, 0x2C, 0xFF, 0x6F, 0x6A, 0x67, 0xFF,
    0x71, 0x6E, 0x6B, 0xCE, 0x0F, 0x0F, 0x0D, 0x84, 0x32, 0x2E, 0x2B, 0xFE, 0x7C, 0x75, 0x72, 0xFE,
    0xC8, 0xC3, 0xBF, 0xFF, 0x82, 0x7D, 0x78, 0xFF, 0x4D, 0x48, 0x46, 0xFF, 0x41, 0x3D, 0x3A, 0xFD,
    0x40, 0x3B, 0x38, 0xFB, 0x3E, 0x3A, 0x38, 0xFB, 0x33, 0x2F, 0x2F, 0xFD, 0x34, 0x2F, 0x2F, 0xFE,
    0x33, 0x2F, 0x2D, 0xFD, 0x33, 0x30, 0x2F, 0xFC, 0x34, 0x31, 0x2E, 0xFC, 0x36, 0x33, 0x30, 0xFC,
    0x38, 0x35, 0x31, 0xFD, 0x39, 0x35, 0x32, 0xFF, 0x3A, 0x36, 0x32, 0xFF, 0x3B, 0x37, 0x34, 0xFF,
    0x3C, 0x37, 0x34, 0xFF, 0x3B, 0x38, 0x35, 0xFF, 0x3D, 0x38, 0x37, 0xFF, 0x3C, 0x38, 0x36, 0xFF,
    0x3C, 0x39, 0x36, 0xFF, 0x3B, 0x38, 0x35, 0xFF, 0x3A, 0x35, 0x33, 0xFF, 0x35, 0x33, 0x30, 0xFD,
    0x35, 0x34, 0x30, 0xF3, 0x36, 0x33, 0x30, 0xEB, 0x35, 0x32, 0x2F, 0xE8, 0x34, 0x32, 0x2D, 0xE0,
    0x34, 0x32, 0x2E, 0xD5, 0x35, 0x32, 0x2F, 0xCE, 0x35, 0x33, 0x2F, 0xC7, 0x34, 0x34, 0x2F, 0xC2,
    0x33, 0x2F, 0x2C, 0xC3, 0x31, 0x2E, 0x2C, 0xBE, 0x30, 0x2F, 0x2B, 0xBD, 0x2F, 0x2E, 0x2A, 0xC0,
    0x30, 0x2D, 0x2B, 0xC3, 0x30, 0x2E, 0x2B, 0xC1, 0x33, 0x30, 0x2C, 0xC3, 0x33, 0x31, 0x2D, 0xC3,
    0x33, 0x31, 0x2F, 0xC3, 0x34, 0x32, 0x2D, 0xC9, 0x35, 0x31, 0x2D, 0xC9, 0x34, 0x31, 0x2F, 0xC8,
    0x37, 0x33, 0x2F, 0xC5, 0x3A, 0x38, 0x34, 0xC8, 0x3B, 0x38, 0x34, 0xCF, 0x3D, 0x3A, 0x36, 0xD1,
    0x3E, 0x3B, 0x37, 0xD8, 0x41, 0x3F, 0x3A, 0xE1, 0x49, 0x44, 0x41, 0xEA, 0x4F, 0x4B, 0x48, 0xEC,
    0x55, 0x52, 0x4E, 0xF3, 0x5B, 0x58, 0x54, 0xFF, 0x66, 0x61, 0x5E, 0xFF, 0x70, 0x6C, 0x69, 0xFF,
    0x7C, 0x77, 0x74, 0xFF, 0x87, 0x82, 0x80, 0xFF, 0x92, 0x8E, 0x8C, 0xFF, 0x9D, 0x99, 0x97, 0xFF,
    0xA8, 0xA4, 0xA2, 0xFF, 0xB1, 0xAC, 0xAA, 0xFF, 0xB8, 0xB3, 0xB2, 0xFF, 0xC2, 0xBE, 0xBC, 0xFE,
    0xCD, 0xCA, 0xC7, 0xFD, 0xD3, 0xD0, 0xCD, 0xFC, 0xD3, 0xD0, 0xCE, 0xFD, 0xD4, 0xD0, 0xCF, 0xFD,
    0xD2, 0xCE, 0xCD, 0xFE, 0xDF, 0xDB, 0xDA, 0xFF, 0xA4, 0xA2, 0xA0, 0xFC, 0xB2, 0xB1, 0xAF, 0xFD,
    0xE6, 0xE3, 0xE2, 0xFF, 0xC1, 0xBE, 0xBA, 0xFF, 0xA6, 0xA1, 0x9E, 0xFF, 0xC9, 0xC5, 0xC0, 0xFF,
    0x94, 0x8E, 0x8B, 0xFD, 0x3B, 0x37, 0x34, 0xFE, 0x1F, 0x1C, 0x1B, 0xCD, 0x5A, 0x55, 0x50, 0xB7,
    0x4B, 0x46, 0x43, 0xFF, 0x1F, 0x1E, 0x1B, 0xFF, 0x3B, 0x3B, 0x38, 0xD6, 0x28, 0x28, 0x28, 0x45,
    0x2F, 0x2F, 0x2C, 0xF6, 0x93, 0x91, 0x8E, 0xFA, 0x6D, 0x69, 0x65, 0xFE, 0x2A, 0x27, 0x24, 0xFF,
    0x34, 0x31, 0x2F, 0xFE, 0x22, 0x20, 0x1F, 0xF9, 0x2C, 0x29, 0x28, 0xFC, 0x42, 0x41, 0x3F, 0xCA,
    0x00, 0x00, 0x00, 0x00, 0x21, 0x21, 0x21, 0x17, 0x11, 0x11, 0x11, 0x2B, 0x1A, 0x1A, 0x1A, 0x26,
    0x17, 0x17, 0x17, 0x36, 0x00, 0x00, 0x00, 0x56, 0x26, 0x23, 0x23, 0x48, 0x32, 0x32, 0x32, 0xAD,
    0x1E, 0x1E, 0x1E, 0x3B, 0x00, 0x00, 0x00, 0x00, 0x00, 0x00, 0x00, 0x03, 0x00, 0x00, 0x00, 0x00,
    0x00, 0x00, 0x00, 0x00, 0x00, 0x00, 0x00, 0x00, 0x00, 0x00, 0x00, 0x00, 0x2A, 0x2A, 0x2A, 0x0C,
    0x17, 0x11, 0x11, 0x2B, 0x00, 0x00, 0x00, 0x00, 0x31, 0x2E, 0x2E, 0x53, 0x4A, 0x46, 0x46, 0x48,
    0x35, 0x35, 0x35, 0x13, 0x00, 0x00, 0x00, 0x00, 0x00, 0x00, 0x00, 0x00, 0x00, 0x00, 0x00, 0x00,
    0x34, 0x31, 0x2F, 0x91, 0x2A, 0x27, 0x27, 0xFD, 0x23, 0x21, 0x21, 0xFA, 0x4E, 0x49, 0x47, 0xFF,
    0x90, 0x8C, 0x88, 0xFE, 0x47, 0x43, 0x40, 0xFE, 0x3C, 0x38, 0x36, 0xFA, 0x23, 0x23, 0x21, 0xCC,
    0x0A, 0x12, 0x12, 0x46, 0x3A, 0x37, 0x33, 0x99, 0x37, 0x33, 0x30, 0xFF, 0x67, 0x63, 0x5E, 0xFF,
    0x55, 0x51, 0x4E, 0xB2, 0x02, 0x05, 0x05, 0x5A, 0x23, 0x21, 0x21, 0xEC, 0x6C, 0x65, 0x64, 0xFF,
    0xCE, 0xC9, 0xC6, 0xFF, 0xA1, 0x9C, 0x99, 0xFF, 0x5C, 0x56, 0x54, 0xFF, 0x44, 0x40, 0x3E, 0xFD,
    0x3F, 0x3C, 0x38, 0xFE, 0x44, 0x41, 0x3F, 0xFF, 0x34, 0x30, 0x30, 0xFF, 0x34, 0x30, 0x2F, 0xFF,
    0x34, 0x31, 0x2F, 0xFF, 0x34, 0x31, 0x2E, 0xFF, 0x33, 0x2F, 0x2D, 0xFF, 0x31, 0x2F, 0x2B, 0xFF,
    0x2E, 0x2D, 0x29, 0xFF, 0x2D, 0x2C, 0x27, 0xF5, 0x2C, 0x2A, 0x27, 0xE9, 0x2A, 0x29, 0x28, 0xD7,
    0x2B, 0x29, 0x28, 0xC3, 0x26, 0x26, 0x23, 0xB5, 0x26, 0x23, 0x23, 0xA0, 0x25, 0x21, 0x23, 0x9E,
    0x22, 0x20, 0x20, 0x95, 0x22, 0x22, 0x20, 0x96, 0x26, 0x24, 0x22, 0x93, 0x22, 0x20, 0x1E, 0x9D,
    0x22, 0x20, 0x1E, 0x9D, 0x24, 0x22, 0x21, 0x9A, 0x25, 0x23, 0x23, 0x96, 0x24, 0x23, 0x21, 0x98,
    0x25, 0x23, 0x23, 0x9E, 0x27, 0x26, 0x23, 0xAD, 0x2A, 0x27, 0x24, 0xB4, 0x2B, 0x28, 0x27, 0xB0,
    0x2B, 0x28, 0x25, 0xAF, 0x2C, 0x2A, 0x28, 0xAC, 0x2D, 0x2C, 0x2A, 0xAC, 0x2D, 0x2A, 0x29, 0xB8,
    0x2E, 0x2D, 0x2A, 0xBB, 0x2F, 0x2C, 0x2C, 0xB2, 0x30, 0x2D, 0x2D, 0xB7, 0x31, 0x2F, 0x2A, 0xB3,
    0x30, 0x2F, 0x2C, 0xC2, 0x32, 0x30, 0x2C, 0xC1, 0x37, 0x35, 0x32, 0xBB, 0x35, 0x32, 0x2E, 0xBB,
    0x34, 0x32, 0x2F, 0xB7, 0x32, 0x31, 0x2D, 0xB5, 0x2F, 0x2B, 0x2A, 0xBC, 0x2C, 0x29, 0x27, 0xB9,
    0x2C, 0x29, 0x26, 0xA6, 0x2E, 0x2C, 0x29, 0x95, 0x31, 0x2D, 0x2C, 0x96, 0x2D, 0x2A, 0x2A, 0x9C,
    0x27, 0x26, 0x23, 0xA0, 0x28, 0x26, 0x24, 0x92, 0x2D, 0x27, 0x27, 0x93, 0x27, 0x26, 0x24, 0xA1,
    0x2C, 0x2A, 0x27, 0xA7, 0x35, 0x32, 0x30, 0xA8, 0x36, 0x33, 0x32, 0xC5, 0x40, 0x3D, 0x3B, 0xC6,
    0x48, 0x46, 0x42, 0xD2, 0x52, 0x4E, 0x4C, 0xEA, 0x60, 0x5C, 0x59, 0xF2, 0x71, 0x6D, 0x69, 0xFF,
    0x87, 0x83, 0x7F, 0xFF, 0x9C, 0x99, 0x94, 0xFF, 0xAD, 0xA9, 0xA6, 0xFF, 0xBE, 0xB8, 0xB7, 0xFF,
    0xCC, 0xC7, 0xC6, 0xFF, 0xE2, 0xDD, 0xDC, 0xFF, 0x99, 0x98, 0x97, 0xF9, 0xDF, 0xDE, 0xDE, 0xFC,
    0xE5, 0xE4, 0xE3, 0xFD, 0xC0, 0xBC, 0xB8, 0xFF, 0xA6, 0xA1, 0xA0, 0xFF, 0xCC, 0xC7, 0xC4, 0xFF,
    0x79, 0x75, 0x72, 0xFD, 0x2F, 0x2C, 0x2B, 0xFF, 0x17, 0x16, 0x16, 0x8B, 0x3D, 0x3B, 0x35, 0x80,
    0x54, 0x4F, 0x4B, 0xFF, 0x21, 0x1F, 0x1D, 0xFF, 0x3E, 0x3D, 0x38, 0xDD, 0x24, 0x24, 0x21, 0x55,
    0x34, 0x33, 0x30, 0xFB, 0x95, 0x92, 0x8F, 0xFF, 0x7E, 0x7B, 0x76, 0xFF, 0x3B, 0x38, 0x36, 0xFE,
    0x41, 0x3E, 0x3E, 0xFF, 0x25, 0x23, 0x22, 0xFD, 0x2B, 0x28, 0x27, 0xFF, 0x41, 0x3F, 0x3D, 0xCE,
    0x00, 0x00, 0x00, 0x02, 0x00, 0x00, 0x00, 0x00, 0x00, 0x00, 0x00, 0x00, 0x00, 0x00, 0x00, 0x03,
    0x19, 0x19, 0x19, 0x0A, 0x28, 0x28, 0x28, 0x13, 0x00, 0x00, 0x00, 0x01, 0x00, 0x00, 0x00, 0x1D,
    0x22, 0x22, 0x22, 0x0F, 0x00, 0x00, 0x00, 0x00, 0x00, 0x00, 0x00, 0x01, 0x00, 0x00, 0x00, 0x00,
    0x00, 0x00, 0x00, 0x00, 0x00, 0x00, 0x00, 0x00, 0x00, 0x00, 0x00, 0x00, 0x00, 0x00, 0x00, 0x00,
    0x00, 0x00, 0x00, 0x00, 0x7F, 0x7F, 0x7F, 0x02, 0x00, 0x00, 0x00, 0x00, 0x00, 0x00, 0x00, 0x00,
    0x00, 0x00, 0x00, 0x00, 0x55, 0x55, 0x55, 0x03, 0x48, 0x48, 0x48, 0x07, 0x00, 0x00, 0x00, 0x01,
    0x32, 0x30, 0x2F, 0x92, 0x28, 0x27, 0x26, 0xFF, 0x25, 0x23, 0x23, 0xFA, 0x4F, 0x4B, 0x4A, 0xFF,
    0xB4, 0xAF, 0xAC, 0xFF, 0x89, 0x85, 0x81, 0xFE, 0x38, 0x34, 0x33, 0xFF, 0x26, 0x26, 0x25, 0xD9,
    0x0E, 0x0E, 0x0E, 0x47, 0x3B, 0x36, 0x35, 0xA7, 0x3C, 0x38, 0x34, 0xFF, 0x5B, 0x57, 0x53, 0xFF,
    0x3F, 0x3C, 0x3A, 0x98, 0x0F, 0x0F, 0x0F, 0x31, 0x1D, 0x1C, 0x1A, 0xBD, 0x50, 0x4C, 0x4A, 0xFF,
    0xD4, 0xD0, 0xCD, 0xFC, 0xC9, 0xC4, 0xC1, 0xFC, 0x72, 0x6D, 0x6A, 0xFE, 0x46, 0x42, 0x3F, 0xFF,
    0x32, 0x2F, 0x2D, 0xFF, 0x2C, 0x2B, 0x2A, 0xE5, 0x24, 0x23, 0x22, 0xEB, 0x25, 0x24, 0x22, 0xE1,
    0x26, 0x23, 0x22, 0xC8, 0x23, 0x21, 0x21, 0xB6, 0x24, 0x22, 0x22, 0xA1, 0x22, 0x20, 0x1D, 0x94,
    0x23, 0x22, 0x20, 0x8E, 0x1F, 0x1F, 0x1D, 0x8A, 0x22, 0x20, 0x20, 0x94, 0x21, 0x21, 0x1F, 0x98,
    0x24, 0x22, 0x21, 0xA8, 0x23, 0x21, 0x21, 0xAD, 0x24, 0x23, 0x21, 0xBD, 0x25, 0x24, 0x23, 0xC3,
    0x25, 0x24, 0x24, 0xBE, 0x27, 0x26, 0x24, 0xC9, 0x27, 0x25, 0x25, 0xC3, 0x27, 0x25, 0x23, 0xB6,
    0x27, 0x26, 0x22, 0xB3, 0x27, 0x25, 0x22, 0xB0, 0x25, 0x24, 0x22, 0xA2, 0x24, 0x24, 0x22, 0x92,
    0x26, 0x26, 0x24, 0x86, 0x26, 0x24, 0x22, 0x86, 0x26, 0x24, 0x20, 0x84, 0x25, 0x23, 0x21, 0x7B,
    0x25, 0x23, 0x20, 0x6D, 0x22, 0x1F, 0x1D, 0x68, 0x1A, 0x1A, 0x18, 0x69, 0x22, 0x22, 0x20, 0x75,
    0x23, 0x21, 0x1F, 0x90, 0x24, 0x24, 0x22, 0xA8, 0x28, 0x26, 0x23, 0x9F, 0x2A, 0x27, 0x24, 0xB4,
    0x27, 0x25, 0x23, 0x7A, 0x21, 0x21, 0x1D, 0x71, 0x0D, 0x0B, 0x07, 0x87, 0x1E, 0x1C, 0x1B, 0x97,
    0x28, 0x28, 0x26, 0x7F, 0x2A, 0x28, 0x26, 0x7D, 0x2B, 0x29, 0x27, 0x7C, 0x2C, 0x2C, 0x2A, 0x7F,
    0x2F, 0x2B, 0x27, 0x8D, 0x2D, 0x2D, 0x28, 0x9E, 0x31, 0x30, 0x2D, 0xAE, 0x34, 0x31, 0x31, 0xB3,
    0x36, 0x33, 0x31, 0xB8, 0x38, 0x35, 0x33, 0xC7, 0x3A, 0x38, 0x35, 0xCC, 0x38, 0x34, 0x33, 0xDF,
    0x3A, 0x39, 0x36, 0xD4, 0x3B, 0x38, 0x36, 0xCF, 0x33, 0x31, 0x2E, 0xDD, 0x37, 0x36, 0x33, 0xBB,
    0x32, 0x31, 0x2F, 0xC0, 0x33, 0x32, 0x2F, 0xB1, 0x36, 0x35, 0x32, 0xAD, 0x34, 0x31, 0x2D, 0xB9,
    0x37, 0x33, 0x32, 0xBB, 0x3A, 0x37, 0x33, 0xB7, 0x3D, 0x3A, 0x36, 0xC0, 0x49, 0x45, 0x42, 0xCE,
    0x58, 0x55, 0x52, 0xE9, 0x6F, 0x6C, 0x68, 0xFA, 0x71, 0x6F, 0x6E, 0xFF, 0xB6, 0xB4, 0xB3, 0xFF,
    0xCA, 0xC7, 0xC6, 0xFF, 0xBD, 0xB9, 0xB6, 0xFF, 0xB9, 0xB4, 0xB1, 0xFD, 0xD5, 0xD0, 0xCD, 0xFD,
    0x5E, 0x5B, 0x56, 0xFF, 0x27, 0x24, 0x22, 0xDE, 0x0E, 0x0E, 0x0E, 0x23, 0x23, 0x23, 0x23, 0x48,
    0x53, 0x4F, 0x4C, 0xF8, 0x22, 0x20, 0x1E, 0xFF, 0x3A, 0x39, 0x36, 0xEB, 0x1F, 0x1F, 0x1D, 0x70,
    0x3F, 0x3D, 0x39, 0xF8, 0x9C, 0x99, 0x94, 0xFF, 0x90, 0x8B, 0x87, 0xFF, 0x5F, 0x5B, 0x58, 0xFF,
    0x52, 0x4F, 0x4D, 0xFF, 0x26, 0x24, 0x23, 0xFD, 0x29, 0x26, 0x26, 0xFF, 0x40, 0x3E, 0x3E, 0xCD,
    0x00, 0x00, 0x00, 0x00, 0x00, 0x00, 0x00, 0x02, 0x00, 0x00, 0x00, 0x02, 0x00, 0x00, 0x00, 0x00,
    0x00, 0x00, 0x00, 0x00, 0x00, 0x00, 0x00, 0x00, 0x7F, 0x7F, 0x7F, 0x02, 0x00, 0x00, 0x00, 0x00,
    0x00, 0x00, 0x00, 0x00, 0x00, 0x00, 0x00, 0x00, 0x00, 0x00, 0x00, 0x00, 0x00, 0x00, 0x00, 0x00,
    0x00, 0x00, 0x00, 0x00, 0x00, 0x00, 0x00, 0x00, 0x00, 0x00, 0x00, 0x00, 0x00, 0x00, 0x00, 0x00,
    0x00, 0x00, 0x00, 0x02, 0x00, 0x00, 0x00, 0x00, 0x55, 0x55, 0x55, 0x03, 0x55, 0x55, 0x55, 0x03,
    0x00, 0x00, 0x00, 0x01, 0x00, 0x00, 0x00, 0x00, 0x3F, 0x3F, 0x3F, 0x04, 0x00, 0x00, 0x00, 0x00,
    0x33, 0x31, 0x31, 0x91, 0x28, 0x26, 0x26, 0xFF, 0x28, 0x25, 0x25, 0xFB, 0x54, 0x4F, 0x4D, 0xFF,
    0xB7, 0xB2, 0xAF, 0xFF, 0xAA, 0xA5, 0xA2, 0xFF, 0x3E, 0x39, 0x37, 0xFF, 0x29, 0x27, 0x25, 0xE6,
    0x14, 0x14, 0x14, 0x59, 0x3A, 0x36, 0x33, 0xC0, 0x3E, 0x3A, 0x37, 0xFF, 0x58, 0x53, 0x50, 0xFF,
    0x34, 0x30, 0x2E, 0x84, 0x00, 0x00, 0x00, 0x14, 0x1F, 0x1D, 0x1D, 0x7B, 0x2C, 0x29, 0x28, 0xFC,
    0x7B, 0x77, 0x76, 0xFD, 0x8D, 0x8A, 0x87, 0xFF, 0x42, 0x3E, 0x3C, 0xFF, 0x24, 0x21, 0x20, 0xBD,
    0x1A, 0x1A, 0x18, 0x7F, 0x12, 0x12, 0x12, 0x61, 0x17, 0x1A, 0x17, 0x75, 0x1D, 0x1D, 0x1B, 0x82,
    0x1F, 0x1E, 0x1E, 0x99, 0x1E, 0x20, 0x1D, 0xA7, 0x1F, 0x1F, 0x1E, 0xB2, 0x21, 0x20, 0x1E, 0xBE,
    0x22, 0x20, 0x1F, 0xBB, 0x21, 0x20, 0x1E, 0xAD, 0x22, 0x20, 0x20, 0xA3, 0x21, 0x1F, 0x1F, 0x90,
    0x20, 0x1E, 0x1E, 0x7D, 0x1F, 0x1F, 0x1F, 0x5A, 0x1F, 0x1B, 0x1B, 0x41, 0x1A, 0x15, 0x15, 0x30,
    0x0A, 0x0A, 0x0A, 0x19, 0x00, 0x00, 0x00, 0x0B, 0x00, 0x00, 0x00, 0x05, 0x00, 0x00, 0x00, 0x05,
    0x00, 0x00, 0x00, 0x07, 0x00, 0x00, 0x00, 0x03, 0x00, 0x00, 0x00, 0x11, 0x00, 0x00, 0x00, 0x1A,
    0x06, 0x06, 0x06, 0x29, 0x00, 0x00, 0x00, 0x08, 0x00, 0x00, 0x00, 0x00, 0x0B, 0x16, 0x16, 0x17,
    0x0B, 0x0B, 0x0B, 0x2C, 0x1E, 0x1E, 0x1A, 0x4C, 0x4C, 0x4C, 0x4A, 0x6A, 0x04, 0x09, 0x04, 0x34,
    0x00, 0x00, 0x00, 0x09, 0x1D, 0x1B, 0x1B, 0x67, 0x20, 0x20, 0x1C, 0x9F, 0x1C, 0x1C, 0x1A, 0x6A,
    0x00, 0x00, 0x00, 0x00, 0x33, 0x37, 0x35, 0x81, 0x8D, 0x8F, 0x8D, 0x8E, 0x38, 0x38, 0x34, 0x7E,
    0x13, 0x13, 0x0E, 0x5B, 0x00, 0x00, 0x00, 0x00, 0x00, 0x00, 0x00, 0x00, 0x00, 0x00, 0x00, 0x0A,
    0x00, 0x00, 0x00, 0x1C, 0x00, 0x00, 0x00, 0x1C, 0x00, 0x00, 0x00, 0x11, 0x00, 0x00, 0x00, 0x09,
    0x00, 0x00, 0x00, 0x03, 0x00, 0x00, 0x00, 0x06, 0x00, 0x00, 0x00, 0x0A, 0x07, 0x07, 0x07, 0x20,
    0x1E, 0x1E, 0x1A, 0x3A, 0x24, 0x24, 0x20, 0x46, 0x2A, 0x2A, 0x27, 0x5B, 0x2E, 0x2C, 0x2A, 0x72,
    0x2F, 0x2D, 0x2A, 0x9D, 0x35, 0x33, 0x2F, 0xA7, 0x37, 0x35, 0x32, 0xC5, 0x39, 0x38, 0x34, 0xDC,
    0x3B, 0x38, 0x36, 0xE0, 0x3C, 0x39, 0x35, 0xDE, 0x3B, 0x37, 0x33, 0xC6, 0x39, 0x38, 0x35, 0xAC,
    0x37, 0x34, 0x31, 0xA9, 0x38, 0x36, 0x32, 0xB5, 0x3C, 0x3A, 0x38, 0xC1, 0x38, 0x35, 0x32, 0xCE,
    0x43, 0x40, 0x3E, 0xC5, 0x5B, 0x57, 0x56, 0xF6, 0x88, 0x84, 0x82, 0xFF, 0x96, 0x93, 0x8F, 0xFD,
    0x41, 0x3F, 0x3B, 0xFF, 0x26, 0x24, 0x23, 0x8A, 0x3F, 0x3F, 0x3F, 0x04, 0x00, 0x00, 0x00, 0x19,
    0x53, 0x50, 0x4B, 0xDF, 0x28, 0x27, 0x24, 0xFD, 0x35, 0x33, 0x30, 0xF9, 0x21, 0x1F, 0x1E, 0x88,
    0x44, 0x43, 0x41, 0xF2, 0x9D, 0x99, 0x96, 0xFF, 0xA9, 0xA5, 0xA3, 0xFF, 0xA4, 0xA1, 0x9E, 0xFF,
    0x5E, 0x5A, 0x56, 0xFF, 0x26, 0x23, 0x22, 0xFD, 0x28, 0x26, 0x25, 0xFF, 0x40, 0x3D, 0x3A, 0xD3,
    0x00, 0x00, 0x00, 0x01, 0x00, 0x00, 0x00, 0x00, 0x00, 0x00, 0x00, 0x00, 0x00, 0x00, 0x00, 0x00,
    0x00, 0x00, 0x00, 0x01, 0x00, 0x00, 0x00, 0x01, 0x00, 0x00, 0x00, 0x00, 0x00, 0x00, 0x00, 0x01,
    0x00, 0x00, 0x00, 0x01, 0x00, 0x00, 0x00, 0x00, 0x00, 0x00, 0x00, 0x00, 0x00, 0x00, 0x00, 0x00,
    0x00, 0x00, 0x00, 0x00, 0x00, 0x00, 0x00, 0x00, 0x00, 0x00, 0x00, 0x00, 0x00, 0x00, 0x00, 0x00,
    0x00, 0x00, 0x00, 0x00, 0x00, 0x00, 0x00, 0x00, 0x00, 0x00, 0x00, 0x00, 0x00, 0x00, 0x00, 0x00,
    0x00, 0x00, 0x00, 0x00, 0x00, 0x00, 0x00, 0x00, 0x3F, 0x3F, 0x3F, 0x04, 0x00, 0x00, 0x00, 0x00,
    0x30, 0x2E, 0x2D, 0x98, 0x28, 0x26, 0x24, 0xFF, 0x29, 0x27, 0x26, 0xFB, 0x58, 0x54, 0x51, 0xFF,
    0xBA, 0xB6, 0xB2, 0xFF, 0xA7, 0xA3, 0x9E, 0xFF, 0x3D, 0x3A, 0x36, 0xFD, 0x29, 0x28, 0x27, 0xE1,
    0x17, 0x17, 0x14, 0x57, 0x3C, 0x38, 0x33, 0xD3, 0x43, 0x3E, 0x3B, 0xFF, 0x5C, 0x56, 0x52, 0xFF,
    0x27, 0x24, 0x24, 0x62, 0x25, 0x25, 0x25, 0x6E, 0x1A, 0x17, 0x17, 0x6B, 0x25, 0x23, 0x22, 0xF0,
    0x23, 0x22, 0x21, 0xF5, 0x1B, 0x1B, 0x19, 0xAA, 0x23, 0x23, 0x23, 0x66, 0x2B, 0x29, 0x27, 0x74,
    0x2C, 0x2A, 0x29, 0xB8, 0x1E, 0x1F, 0x1E, 0xA8, 0x1A, 0x1A, 0x19, 0x8E, 0x1B, 0x1B, 0x19, 0xA7,
    0x1C, 0x1C, 0x19, 0x8D, 0x1E, 0x1E, 0x1D, 0x95, 0x25, 0x25, 0x25, 0x65, 0x00, 0x00, 0x00, 0x01,
    0x00, 0x00, 0x00, 0x00, 0x00, 0x00, 0x00, 0x00, 0x00, 0x00, 0x00, 0x01, 0x00, 0x00, 0x00, 0x05,
    0x15, 0x15, 0x15, 0x0C, 0x13, 0x13, 0x0D, 0x27, 0x23, 0x28, 0x23, 0x39, 0x20, 0x20, 0x1D, 0x5E,
    0x21, 0x1E, 0x1E, 0x97, 0x20, 0x1F, 0x1E, 0xB2, 0x22, 0x1F, 0x1D, 0xC0, 0x22, 0x1F, 0x1E, 0xC9,
    0x23, 0x20, 0x1F, 0xD2, 0x26, 0x24, 0x22, 0xDF, 0x29, 0x26, 0x25, 0xEC, 0x2B, 0x29, 0x27, 0xEF,
    0x2B, 0x2A, 0x29, 0xEC, 0x2A, 0x23, 0x23, 0x24, 0x55, 0x55, 0x55, 0x03, 0x1E, 0x1E, 0x1E, 0x19,
    0x19, 0x16, 0x14, 0xAC, 0x33, 0x31, 0x2F, 0xFC, 0x50, 0x4E, 0x4E, 0x9C, 0x08, 0x08, 0x08, 0x1E,
    0x55, 0x55, 0x55, 0x03, 0x2B, 0x2B, 0x2B, 0x23, 0x38, 0x38, 0x38, 0x63, 0x18, 0x18, 0x15, 0x8F,
    0x1E, 0x19, 0x19, 0x33, 0x1E, 0x1E, 0x1E, 0x65, 0xC4, 0xC6, 0xC5, 0xFF, 0x5C, 0x5A, 0x58, 0xE2,
    0x1C, 0x1C, 0x19, 0xD0, 0x22, 0x22, 0x1E, 0x43, 0x55, 0x55, 0x55, 0x03, 0x1D, 0x1D, 0x1B, 0x8C,
    0x2D, 0x2A, 0x27, 0xF8, 0x30, 0x2D, 0x29, 0xF7, 0x2F, 0x2C, 0x28, 0xF4, 0x2D, 0x2B, 0x28, 0xEF,
    0x2E, 0x2B, 0x29, 0xDD, 0x2D, 0x2A, 0x28, 0xCC, 0x29, 0x28, 0x27, 0xCF, 0x29, 0x29, 0x25, 0x9B,
    0x28, 0x26, 0x26, 0x72, 0x2C, 0x2C, 0x28, 0x51, 0x1F, 0x1F, 0x1C, 0x50, 0x1E, 0x17, 0x1E, 0x21,
    0x0B, 0x0B, 0x0B, 0x16, 0x08, 0x08, 0x08, 0x1D, 0x00, 0x00, 0x00, 0x10, 0x00, 0x00, 0x00, 0x07,
    0x00, 0x00, 0x00, 0x18, 0x2D, 0x2D, 0x29, 0x43, 0x35, 0x34, 0x31, 0xBD, 0x3C, 0x38, 0x37, 0xCF,
    0x3C, 0x39, 0x37, 0xF3, 0x41, 0x3E, 0x3B, 0xEF, 0x42, 0x40, 0x3D, 0xF7, 0x49, 0x46, 0x45, 0xEC,
    0x40, 0x3E, 0x3E, 0x9A, 0x2F, 0x2F, 0x2D, 0x80, 0x29, 0x25, 0x25, 0xBD, 0x32, 0x30, 0x2D, 0xF6,
    0x37, 0x35, 0x31, 0xFA, 0x15, 0x18, 0x15, 0x48, 0x1C, 0x1C, 0x1C, 0x3F, 0x00, 0x00, 0x00, 0x1C,
    0x55, 0x52, 0x4C, 0xBF, 0x37, 0x35, 0x30, 0xFF, 0x33, 0x30, 0x2D, 0xF7, 0x27, 0x25, 0x23, 0x82,
    0x49, 0x47, 0x43, 0xED, 0x9E, 0x9C, 0x98, 0xFF, 0xB8, 0xB4, 0xB0, 0xFE, 0xBC, 0xB9, 0xB4, 0xFF,
    0x61, 0x5D, 0x59, 0xFF, 0x29, 0x26, 0x24, 0xFE, 0x2A, 0x27, 0x25, 0xFF, 0x3D, 0x3B, 0x36, 0xE4,
    0x17, 0x2E, 0x2E, 0x0B, 0x00, 0x00, 0x00, 0x00, 0x00, 0x00, 0x00, 0x01, 0x00, 0x00, 0x00, 0x00,
    0x00, 0x00, 0x00, 0x00, 0x00, 0x00, 0x00, 0x00, 0x00, 0x00, 0x00, 0x00, 0x00, 0x00, 0x00, 0x00,
    0x00, 0x00, 0x00, 0x00, 0x00, 0x00, 0x00, 0x00, 0x00, 0x00, 0x00, 0x00, 0x00, 0x00, 0x00, 0x00,
    0x00, 0x00, 0x00, 0x00, 0x00, 0x00, 0x00, 0x00, 0x00, 0x00, 0x00, 0x00, 0x00, 0x00, 0x00, 0x00,
    0x00, 0x00, 0x00, 0x00, 0x00, 0x00, 0x00, 0x00, 0x00, 0x00, 0x00, 0x00, 0x00, 0x00, 0x00, 0x00,
    0x00, 0x00, 0x00, 0x00, 0x00, 0x00, 0x00, 0x00, 0x55, 0x55, 0x55, 0x03, 0x00, 0x00, 0x00, 0x00,
    0x2E, 0x2C, 0x2B, 0xA6, 0x28, 0x27, 0x25, 0xFF, 0x2B, 0x29, 0x28, 0xFB, 0x5B, 0x57, 0x54, 0xFF,
    0xBD, 0xB8, 0xB4, 0xFF, 0xA7, 0xA2, 0x9E, 0xFF, 0x3C, 0x3A, 0x36, 0xFA, 0x2A, 0x2A, 0x27, 0xCE,
    0x1B, 0x1B, 0x18, 0x4A, 0x42, 0x3E, 0x3A, 0xD4, 0x4E, 0x48, 0x46, 0xFF, 0x5C, 0x57, 0x54, 0xF8,
    0x10, 0x0D, 0x0D, 0x4C, 0x19, 0x19, 0x19, 0x98, 0x1B, 0x1A, 0x18, 0xB9, 0x1C, 0x1B, 0x19, 0x96,
    0x25, 0x25, 0x25, 0x7C, 0x24, 0x24, 0x22, 0xA9, 0x2A, 0x27, 0x26, 0xCE, 0x25, 0x23, 0x22, 0xD9,
    0x18, 0x18, 0x16, 0x7C, 0x0F, 0x0F, 0x0F, 0x10, 0x11, 0x11, 0x11, 0x0F, 0x14, 0x14, 0x14, 0x26,
    0x0F, 0x00, 0x00, 0x10, 0x19, 0x19, 0x13, 0x28, 0x1C, 0x1C, 0x1C, 0x3F, 0x1A, 0x17, 0x17, 0x62,
    0x1C, 0x1C, 0x1A, 0x7D, 0x1D, 0x1D, 0x1B, 0xA5, 0x1E, 0x1E, 0x1D, 0xC1, 0x1E, 0x1C, 0x1C, 0xA1,
    0x22, 0x20, 0x1F, 0xB4, 0x20, 0x1F, 0x1D, 0xC4, 0x22, 0x1F, 0x1F, 0xD9, 0x23, 0x21, 0x21, 0xDE,
    0x25, 0x24, 0x22, 0xE0, 0x26, 0x23, 0x23, 0xBA, 0x24, 0x22, 0x20, 0x9B, 0x22, 0x20, 0x1D, 0xA3,
    0x22, 0x20, 0x1F, 0xA4, 0x22, 0x21, 0x1D, 0x9A, 0x20, 0x20, 0x1E, 0x97, 0x29, 0x29, 0x29, 0x49,
    0x31, 0x3A, 0x31, 0x1A, 0x00, 0x00, 0x00, 0x00, 0x00, 0x00, 0x00, 0x01, 0x00, 0x00, 0x00, 0x00,
    0x1B, 0x1B, 0x18, 0xB2, 0x39, 0x38, 0x34, 0xD4, 0x36, 0x36, 0x33, 0x67, 0x00, 0x00, 0x00, 0x00,
    0x7F, 0x7F, 0x7F, 0x02, 0x25, 0x25, 0x23, 0x65, 0x34, 0x34, 0x32, 0xCC, 0x20, 0x1F, 0x1C, 0xF9,
    0x26, 0x26, 0x22, 0x49, 0x00, 0x00, 0x00, 0x2D, 0x89, 0x89, 0x87, 0xCF, 0x49, 0x48, 0x47, 0xC1,
    0x27, 0x26, 0x22, 0xD4, 0x0F, 0x0F, 0x0F, 0x21, 0x00, 0x00, 0x00, 0x02, 0x1C, 0x1C, 0x1C, 0x09,
    0x23, 0x23, 0x1E, 0x32, 0x23, 0x23, 0x20, 0x4E, 0x22, 0x22, 0x20, 0x75, 0x26, 0x24, 0x23, 0x98,
    0x2A, 0x27, 0x24, 0xAE, 0x2B, 0x28, 0x25, 0xC3, 0x2E, 0x2B, 0x29, 0xD1, 0x30, 0x30, 0x2C, 0xCF,
    0x2E, 0x2B, 0x29, 0xD2, 0x2C, 0x2B, 0x27, 0xDB, 0x2B, 0x2A, 0x27, 0xDD, 0x30, 0x2F, 0x2E, 0xCB,
    0x2D, 0x2C, 0x29, 0xDF, 0x2E, 0x2D, 0x29, 0xDC, 0x2D, 0x2C, 0x28, 0xE1, 0x28, 0x26, 0x24, 0x9F,
    0x28, 0x25, 0x25, 0x5E, 0x1D, 0x1D, 0x18, 0x34, 0x21, 0x21, 0x1D, 0x45, 0x2B, 0x2B, 0x27, 0x3A,
    0x2F, 0x2F, 0x2F, 0x5B, 0x23, 0x23, 0x21, 0x80, 0x18, 0x18, 0x16, 0x7D, 0x2A, 0x27, 0x25, 0xBC,
    0x2F, 0x2D, 0x2B, 0xD7, 0x30, 0x2D, 0x2D, 0xD9, 0x31, 0x2F, 0x2D, 0xBD, 0x28, 0x28, 0x25, 0xDB,
    0x26, 0x24, 0x22, 0x76, 0x06, 0x0C, 0x06, 0x2A, 0x12, 0x12, 0x12, 0x37, 0x00, 0x00, 0x00, 0x0B,
    0x50, 0x4D, 0x48, 0x9B, 0x45, 0x40, 0x3B, 0xFF, 0x33, 0x31, 0x2D, 0xF6, 0x2D, 0x2D, 0x29, 0x80,
    0x4B, 0x49, 0x46, 0xE6, 0x9F, 0x9B, 0x99, 0xFF, 0xB6, 0xB1, 0xAD, 0xFE, 0xBB, 0xB7, 0xB2, 0xFF,
    0x68, 0x64, 0x5F, 0xFF, 0x2C, 0x29, 0x27, 0xFE, 0x2A, 0x26, 0x25, 0xFF, 0x3C, 0x38, 0x36, 0xF2,
    0x2C, 0x2C, 0x21, 0x17, 0x00, 0x00, 0x00, 0x00, 0x00, 0x00, 0x00, 0x01, 0x00, 0x00, 0x00, 0x00,
    0x00, 0x00, 0x00, 0x00, 0x00, 0x00, 0x00, 0x00, 0x00, 0x00, 0x00, 0x00, 0x00, 0x00, 0x00, 0x00,
    0x00, 0x00, 0x00, 0x00, 0x00, 0x00, 0x00, 0x00, 0x00, 0x00, 0x00, 0x00, 0x00, 0x00, 0x00, 0x00,
    0x00, 0x00, 0x00, 0x00, 0x00, 0x00, 0x00, 0x00, 0x00, 0x00, 0x00, 0x00, 0x00, 0x00, 0x00, 0x00,
    0x00, 0x00, 0x00, 0x00, 0x00, 0x00, 0x00, 0x00, 0x00, 0x00, 0x00, 0x00, 0x00, 0x00, 0x00, 0x00,
    0x00, 0x00, 0x00, 0x00, 0x00, 0x00, 0x00, 0x00, 0x7F, 0x7F, 0x7F, 0x02, 0x00, 0x00, 0x00, 0x00,
    0x2E, 0x2D, 0x29, 0xB4, 0x29, 0x27, 0x25, 0xFF, 0x2D, 0x2A, 0x29, 0xFC, 0x5D, 0x57, 0x54, 0xFF,
    0xBF, 0xBA, 0xB6, 0xFF, 0xA6, 0xA1, 0x9D, 0xFF, 0x3A, 0x37, 0x34, 0xF7, 0x2B, 0x29, 0x28, 0xC9,
    0x1E, 0x1E, 0x1E, 0x42, 0x46, 0x42, 0x40, 0xD3, 0x5F, 0x5A, 0x57, 0xFF, 0x5F, 0x5B, 0x58, 0xDD,
    0x16, 0x14, 0x14, 0x72, 0x2C, 0x2A, 0x29, 0xF6, 0x26, 0x26, 0x24, 0xFF, 0x1A, 0x1A, 0x1A, 0x27,
    0x17, 0x0F, 0x0F, 0x20, 0x1F, 0x1F, 0x1C, 0x62, 0x14, 0x16, 0x14, 0x70, 0x11, 0x11, 0x11, 0x5A,
    0x0A, 0x0A, 0x0A, 0x19, 0x00, 0x00, 0x00, 0x00, 0x17, 0x17, 0x14, 0x56, 0x1D, 0x1A, 0x17, 0x60,
    0x1B, 0x1B, 0x18, 0x5D, 0x19, 0x17, 0x17, 0x6E, 0x1C, 0x1C, 0x1A, 0x8F, 0x1D, 0x1C, 0x1C, 0x91,
    0x1D, 0x1C, 0x1A, 0xA3, 0x1B, 0x1A, 0x18, 0xA4, 0x1B, 0x19, 0x17, 0x97, 0x19, 0x18, 0x16, 0x8A,
    0x17, 0x15, 0x15, 0x84, 0x18, 0x16, 0x15, 0x91, 0x16, 0x14, 0x14, 0x7D, 0x15, 0x13, 0x13, 0x6A,
    0x0F, 0x12, 0x0F, 0x51, 0x12, 0x12, 0x0F, 0x52, 0x15, 0x17, 0x15, 0x8D, 0x17, 0x17, 0x16, 0xAC,
    0x17, 0x16, 0x16, 0xAD, 0x16, 0x16, 0x14, 0xA2, 0x19, 0x17, 0x17, 0xB7, 0x10, 0x0E, 0x0E, 0x5B,
    0x00, 0x00, 0x00, 0x10, 0x00, 0x00, 0x00, 0x01, 0xFF, 0x00, 0x00, 0x01, 0x00, 0x00, 0x00, 0x02,
    0x1B, 0x1B, 0x18, 0xA5, 0x3D, 0x3D, 0x3A, 0xBF, 0x32, 0x30, 0x30, 0x7A, 0x00, 0x00, 0x00, 0x0D,
    0x0F, 0x0F, 0x0F, 0x11, 0x05, 0x05, 0x05, 0x2F, 0x00, 0x00, 0x00, 0x30, 0x1C, 0x1C, 0x18, 0xAA,
    0x1F, 0x21, 0x1C, 0x6A, 0x05, 0x05, 0x05, 0x2D, 0x5F, 0x5D, 0x5C, 0xE2, 0x37, 0x35, 0x34, 0xBE,
    0x27, 0x26, 0x23, 0xCF, 0x00, 0x00, 0x00, 0x09, 0x00, 0x00, 0x00, 0x01, 0x00, 0x00, 0x00, 0x09,
    0x17, 0x17, 0x15, 0x75, 0x13, 0x13, 0x11, 0x67, 0x14, 0x12, 0x14, 0x97, 0x15, 0x15, 0x15, 0xA6,
    0x16, 0x15, 0x15, 0xB4, 0x17, 0x17, 0x15, 0xBB, 0x16, 0x15, 0x14, 0xB2, 0x14, 0x15, 0x14, 0xA3,
    0x18, 0x15, 0x15, 0xB0, 0x1A, 0x18, 0x17, 0xB8, 0x1C, 0x1B, 0x1A, 0xBA, 0x1B, 0x1A, 0x17, 0xAF,
    0x20, 0x1D, 0x1C, 0xB5, 0x21, 0x20, 0x1D, 0xAE, 0x20, 0x20, 0x1D, 0xAC, 0x24, 0x24, 0x21, 0xB6,
    0x25, 0x22, 0x21, 0xC6, 0x25, 0x24, 0x21, 0xC5, 0x27, 0x26, 0x24, 0xC2, 0x29, 0x26, 0x25, 0xB1,
    0x2A, 0x28, 0x27, 0xAA, 0x29, 0x29, 0x26, 0xCC, 0x14, 0x14, 0x0F, 0x31, 0x00, 0x00, 0x00, 0x00,
    0x00, 0x00, 0x00, 0x26, 0x14, 0x14, 0x12, 0x62, 0x27, 0x25, 0x24, 0xAF, 0x24, 0x24, 0x22, 0x78,
    0x1F, 0x1F, 0x1F, 0x08, 0x11, 0x11, 0x0D, 0x39, 0x14, 0x14, 0x10, 0x7F, 0x00, 0x00, 0x00, 0x3C,
    0x43, 0x3F, 0x3B, 0x80, 0x4E, 0x49, 0x45, 0xFF, 0x36, 0x33, 0x2F, 0xF8, 0x34, 0x32, 0x2D, 0x7A,
    0x4A, 0x47, 0x46, 0xDC, 0x9D, 0x99, 0x96, 0xFF, 0xB7, 0xB2, 0xAE, 0xFD, 0xBC, 0xB8, 0xB4, 0xFF,
    0x6E, 0x6A, 0x65, 0xFF, 0x2F, 0x2C, 0x29, 0xFE, 0x29, 0x26, 0x24, 0xFF, 0x3C, 0x3A, 0x36, 0xF9,
    0x2B, 0x2B, 0x2B, 0x1D, 0x00, 0x00, 0x00, 0x00, 0x00, 0x00, 0x00, 0x02, 0x00, 0x00, 0x00, 0x00,
    0x00, 0x00, 0x00, 0x00, 0x00, 0x00, 0x00, 0x00, 0x00, 0x00, 0x00, 0x00, 0x00, 0x00, 0x00, 0x00,
    0x00, 0x00, 0x00, 0x00, 0x00, 0x00, 0x00, 0x00, 0x00, 0x00, 0x00, 0x00, 0x00, 0x00, 0x00, 0x00,
    0x00, 0x00, 0x00, 0x00, 0x00, 0x00, 0x00, 0x00, 0x00, 0x00, 0x00, 0x00, 0x00, 0x00, 0x00, 0x00,
    0x00, 0x00, 0x00, 0x00, 0x00, 0x00, 0x00, 0x00, 0x00, 0x00, 0x00, 0x00, 0x00, 0x00, 0x00, 0x00,
    0x00, 0x00, 0x00, 0x00, 0x00, 0x00, 0x00, 0x00, 0x7F, 0x7F, 0x7F, 0x02, 0x00, 0x00, 0x00, 0x00,
    0x2E, 0x2C, 0x2A, 0xBC, 0x28, 0x26, 0x25, 0xFF, 0x2C, 0x2A, 0x29, 0xFC, 0x5E, 0x59, 0x56, 0xFF,
    0xC0, 0xBB, 0xB8, 0xFF, 0xA3, 0xA0, 0x9C, 0xFF, 0x3A, 0x37, 0x32, 0xF7, 0x2A, 0x29, 0x29, 0xD0,
    0x1F, 0x1F, 0x1F, 0x40, 0x4C, 0x49, 0x46, 0xCE, 0x71, 0x6C, 0x68, 0xFF, 0x57, 0x54, 0x4F, 0xDA,
    0x1B, 0x1A, 0x18, 0x9C, 0x3D, 0x3B, 0x38, 0xFF, 0x2F, 0x2E, 0x2C, 0xFB, 0x1E, 0x25, 0x25, 0x22,
    0x13, 0x13, 0x13, 0x0D, 0x0E, 0x15, 0x15, 0x23, 0x00, 0x17, 0x17, 0x0B, 0x00, 0x00, 0x00, 0x00,
    0x00, 0x00, 0x00, 0x02, 0x0D, 0x0D, 0x0D, 0x26, 0x18, 0x18, 0x16, 0x9D, 0x1C, 0x1C, 0x18, 0x3F,
    0x10, 0x10, 0x10, 0x1F, 0x0D, 0x0D, 0x0D, 0x26, 0x06, 0x06, 0x06, 0x28, 0x09, 0x09, 0x09, 0x38,
    0x0C, 0x0C, 0x08, 0x3D, 0x0F, 0x0F, 0x0C, 0x51, 0x14, 0x11, 0x11, 0x59, 0x12, 0x0F, 0x0F, 0x54,
    0x1A, 0x1A, 0x19, 0x8E, 0x18, 0x15, 0x15, 0x6A, 0x16, 0x16, 0x16, 0x7C, 0x1C, 0x1A, 0x1A, 0xB5,
    0x1E, 0x1B, 0x1A, 0xD2, 0x1D, 0x1C, 0x1B, 0xE8, 0x1E, 0x1D, 0x1C, 0xF0, 0x1F, 0x1D, 0x1C, 0xF0,
    0x1E, 0x1D, 0x1B, 0xE7, 0x1D, 0x1B, 0x1B, 0xE6, 0x20, 0x20, 0x1E, 0xE2, 0x15, 0x15, 0x15, 0x5D,
    0x13, 0x13, 0x13, 0x68, 0x00, 0x00, 0x00, 0x00, 0x55, 0x55, 0x55, 0x03, 0x00, 0x00, 0x00, 0x00,
    0x18, 0x18, 0x14, 0x89, 0x3A, 0x39, 0x34, 0xF1, 0x3C, 0x3C, 0x3A, 0x86, 0x0B, 0x0B, 0x0B, 0x40,
    0x1C, 0x1C, 0x1C, 0x73, 0x20, 0x1D, 0x1A, 0x56, 0x20, 0x1E, 0x1C, 0x74, 0x1D, 0x1E, 0x1B, 0xA5,
    0x22, 0x24, 0x22, 0x8D, 0x0B, 0x0B, 0x0B, 0x57, 0x61, 0x5E, 0x5D, 0xE2, 0x2A, 0x2A, 0x27, 0xC2,
    0x29, 0x28, 0x23, 0xC3, 0x00, 0x00, 0x00, 0x00, 0x00, 0x00, 0x00, 0x00, 0x18, 0x15, 0x15, 0x55,
    0x26, 0x23, 0x22, 0xF4, 0x1D, 0x1B, 0x1B, 0x8B, 0x1D, 0x1B, 0x1B, 0xEA, 0x1E, 0x1C, 0x1C, 0xEB,
    0x1E, 0x1D, 0x1C, 0xEA, 0x1F, 0x1D, 0x1C, 0xEB, 0x1D, 0x1D, 0x1B, 0xE6, 0x1D, 0x1D, 0x1C, 0xE3,
    0x1C, 0x1C, 0x19, 0xD8, 0x1E, 0x1B, 0x19, 0xDC, 0x1E, 0x1D, 0x1B, 0xE9, 0x19, 0x19, 0x18, 0xBC,
    0x1A, 0x19, 0x18, 0xD1, 0x19, 0x18, 0x16, 0xC8, 0x18, 0x16, 0x16, 0xB8, 0x16, 0x14, 0x12, 0xA2,
    0x15, 0x13, 0x11, 0x9D, 0x15, 0x13, 0x13, 0x9A, 0x15, 0x14, 0x14, 0x8C, 0x17, 0x17, 0x13, 0x82,
    0x1F, 0x1C, 0x1C, 0x6A, 0x23, 0x20, 0x20, 0x57, 0x0F, 0x0F, 0x0B, 0x43, 0x1C, 0x00, 0x1C, 0x09,
    0x00, 0x00, 0x00, 0x00, 0x00, 0x24, 0x24, 0x07, 0x1E, 0x1E, 0x1E, 0x4B, 0x28, 0x28, 0x28, 0x19,
    0x00, 0x00, 0x00, 0x00, 0x12, 0x12, 0x12, 0x36, 0x17, 0x16, 0x14, 0xAC, 0x08, 0x0B, 0x08, 0x57,
    0x35, 0x33, 0x2E, 0x68, 0x57, 0x52, 0x4E, 0xFF, 0x39, 0x36, 0x32, 0xFB, 0x32, 0x30, 0x2E, 0x84,
    0x48, 0x46, 0x45, 0xD6, 0x9B, 0x96, 0x93, 0xFF, 0xB8, 0xB3, 0xB0, 0xFD, 0xBD, 0xB9, 0xB5, 0xFF,
    0x71, 0x6C, 0x68, 0xFF, 0x32, 0x2E, 0x2D, 0xFE, 0x29, 0x26, 0x24, 0xFF, 0x3D, 0x3A, 0x37, 0xF8,
    0x36, 0x36, 0x36, 0x1C, 0x00, 0x00, 0x00, 0x00, 0x00, 0x00, 0x00, 0x02, 0x00, 0x00, 0x00, 0x00,
    0x00, 0x00, 0x00, 0x00, 0x00, 0x00, 0x00, 0x00, 0x00, 0x00, 0x00, 0x00, 0x00, 0x00, 0x00, 0x00,
    0x00, 0x00, 0x00, 0x00, 0x00, 0x00, 0x00, 0x00, 0x00, 0x00, 0x00, 0x00, 0x00, 0x00, 0x00, 0x00,
    0x00, 0x00, 0x00, 0x00, 0x00, 0x00, 0x00, 0x00, 0x00, 0x00, 0x00, 0x00, 0x00, 0x00, 0x00, 0x00,
    0x00, 0x00, 0x00, 0x00, 0x00, 0x00, 0x00, 0x00, 0x00, 0x00, 0x00, 0x00, 0x00, 0x00, 0x00, 0x00,
    0x00, 0x00, 0x00, 0x00, 0x00, 0x00, 0x00, 0x00, 0x7F, 0x7F, 0x00, 0x02, 0x00, 0x00, 0x00, 0x00,
    0x2D, 0x2D, 0x29, 0xC0, 0x29, 0x27, 0x23, 0xFF, 0x2D, 0x2C, 0x29, 0xFC, 0x5F, 0x5B, 0x58, 0xFF,
    0xC2, 0xBD, 0xB9, 0xFF, 0xA2, 0x9E, 0x98, 0xFF, 0x3A, 0x37, 0x32, 0xF8, 0x29, 0x28, 0x28, 0xD5,
    0x1E, 0x1E, 0x1E, 0x44, 0x56, 0x51, 0x4E, 0xCF, 0x7E, 0x77, 0x73, 0xFF, 0x48, 0x45, 0x42, 0xD8,
    0x09, 0x09, 0x09, 0x55, 0x34, 0x32, 0x31, 0xF6, 0x2D, 0x2C, 0x29, 0xED, 0x0C, 0x19, 0x0C, 0x14,
    0x00, 0x00, 0x00, 0x00, 0x00, 0x00, 0x00, 0x00, 0x00, 0x00, 0x00, 0x00, 0x00, 0x00, 0x00, 0x01,
    0x07, 0x07, 0x07, 0x23, 0x17, 0x17, 0x16, 0x95, 0x20, 0x1F, 0x1E, 0xFA, 0x1B, 0x14, 0x14, 0x25,
    0x06, 0x06, 0x06, 0x25, 0x0D, 0x0D, 0x0D, 0x4C, 0x10, 0x10, 0x10, 0x5E, 0x10, 0x12, 0x10, 0x6D,
    0x13, 0x13, 0x11, 0x78, 0x16, 0x12, 0x12, 0x89, 0x17, 0x14, 0x12, 0x97, 0x16, 0x14, 0x14, 0xA1,
    0x20, 0x1E, 0x1D, 0xF5, 0x1C, 0x19, 0x19, 0xAA, 0x1A, 0x19, 0x18, 0xC9, 0x1F, 0x1D, 0x1D, 0xF5,
    0x1F, 0x1D, 0x1C, 0xF1, 0x1F, 0x1E, 0x1B, 0xF1, 0x20, 0x1E, 0x1D, 0xF5, 0x1F, 0x1D, 0x1D, 0xF0,
    0x1F, 0x1E, 0x1B, 0xED, 0x1F, 0x1D, 0x1C, 0xF8, 0x22, 0x21, 0x1F, 0xE0, 0x13, 0x13, 0x13, 0x27,
    0x17, 0x17, 0x17, 0xA3, 0x15, 0x15, 0x15, 0x18, 0x00, 0x00, 0x00, 0x00, 0x00, 0x00, 0x00, 0x00,
    0x16, 0x14, 0x10, 0x7C, 0x40, 0x3F, 0x39, 0xFF, 0x55, 0x55, 0x50, 0xD2, 0x0A, 0x0D, 0x0A, 0x75,
    0x1E, 0x1D, 0x1A, 0xCA, 0x1B, 0x19, 0x17, 0x8D, 0x1E, 0x1E, 0x1A, 0xD1, 0x20, 0x1F, 0x1D, 0xB3,
    0x08, 0x08, 0x08, 0x58, 0x38, 0x38, 0x35, 0xB5, 0x82, 0x82, 0x80, 0xE5, 0x1E, 0x1D, 0x1B, 0xCE,
    0x2E, 0x2B, 0x29, 0xB1, 0x00, 0x00, 0x00, 0x00, 0x00, 0x00, 0x00, 0x00, 0x1F, 0x1F, 0x1E, 0xA1,
    0x2A, 0x28, 0x25, 0xFE, 0x14, 0x14, 0x14, 0x6E, 0x1F, 0x1C, 0x1B, 0xE6, 0x1E, 0x1D, 0x1D, 0xE9,
    0x1D, 0x1D, 0x1C, 0xE6, 0x1F, 0x1D, 0x1C, 0xEC, 0x1E, 0x1C, 0x1B, 0xE5, 0x1E, 0x1C, 0x1C, 0xE5,
    0x1D, 0x1C, 0x1A, 0xE6, 0x20, 0x1D, 0x1B, 0xEF, 0x1F, 0x1D, 0x1C, 0xEA, 0x1B, 0x19, 0x18, 0xC5,
    0x1C, 0x1B, 0x1A, 0xDD, 0x1C, 0x1A, 0x1A, 0xD1, 0x1B, 0x1A, 0x19, 0xCB, 0x1A, 0x18, 0x18, 0xC3,
    0x1A, 0x19, 0x18, 0xBE, 0x18, 0x17, 0x15, 0xAE, 0x18, 0x17, 0x15, 0xA6, 0x14, 0x12, 0x12, 0x95,
    0x0C, 0x0C, 0x08, 0x3F, 0x00, 0x07, 0x00, 0x23, 0x0E, 0x11, 0x0E, 0x5A, 0x0C, 0x0C, 0x0C, 0x28,
    0x00, 0x00, 0x00, 0x01, 0x00, 0x00, 0x00, 0x00, 0x00, 0x00, 0x00, 0x00, 0x00, 0x00, 0x00, 0x00,
    0x00, 0x00, 0x00, 0x01, 0x14, 0x14, 0x14, 0x25, 0x15, 0x15, 0x13, 0x8F, 0x00, 0x0B, 0x0B, 0x17,
    0x24, 0x21, 0x1C, 0x5B, 0x5C, 0x58, 0x54, 0xFF, 0x3E, 0x3B, 0x37, 0xFE, 0x2C, 0x2C, 0x28, 0x8A,
    0x44, 0x41, 0x40, 0xD9, 0x99, 0x95, 0x91, 0xFF, 0xBA, 0xB4, 0xB0, 0xFD, 0xBE, 0xBA, 0xB6, 0xFF,
    0x72, 0x6D, 0x6A, 0xFF, 0x32, 0x2F, 0x2D, 0xFE, 0x29, 0x27, 0x24, 0xFF, 0x40, 0x3D, 0x39, 0xF8,
    0x48, 0x48, 0x3F, 0x1C, 0x00, 0x00, 0x00, 0x00, 0x00, 0x00, 0x00, 0x02, 0x00, 0x00, 0x00, 0x00,
    0x00, 0x00, 0x00, 0x00, 0x00, 0x00, 0x00, 0x00, 0x00, 0x00, 0x00, 0x00, 0x00, 0x00, 0x00, 0x00,
    0x00, 0x00, 0x00, 0x00, 0x00, 0x00, 0x00, 0x00, 0x00, 0x00, 0x00, 0x00, 0x00, 0x00, 0x00, 0x00,
    0x00, 0x00, 0x00, 0x00, 0x00, 0x00, 0x00, 0x00, 0x00, 0x00, 0x00, 0x00, 0x00, 0x00, 0x00, 0x00,
    0x00, 0x00, 0x00, 0x00, 0x00, 0x00, 0x00, 0x00, 0x00, 0x00, 0x00, 0x00, 0x00, 0x00, 0x00, 0x00,
    0x00, 0x00, 0x00, 0x00, 0x00, 0x00, 0x00, 0x00, 0x00, 0x00, 0x00, 0x01, 0x00, 0x00, 0x00, 0x00,
    0x2D, 0x2D, 0x28, 0xCA, 0x29, 0x26, 0x22, 0xFF, 0x2E, 0x2B, 0x2A, 0xFD, 0x61, 0x5C, 0x5A, 0xFF,
    0xC1, 0xBC, 0xB9, 0xFF, 0x9E, 0x99, 0x95, 0xFF, 0x39, 0x35, 0x32, 0xF9, 0x2A, 0x29, 0x27, 0xD9,
    0x1B, 0x1B, 0x1B, 0x55, 0x5D, 0x58, 0x54, 0xDA, 0x89, 0x83, 0x7F, 0xFF, 0x3A, 0x38, 0x35, 0xD6,
    0x00, 0x00, 0x00, 0x06, 0x30, 0x2F, 0x2D, 0xA8, 0x2A, 0x2A, 0x28, 0xE4, 0x00, 0x00, 0x00, 0x00,
    0x00, 0x00, 0x00, 0x01, 0x00, 0x00, 0x00, 0x03, 0x00, 0x00, 0x00, 0x01, 0x00, 0x00, 0x00, 0x01,
    0x13, 0x13, 0x13, 0x5C, 0x22, 0x1F, 0x1D, 0xF0, 0x25, 0x22, 0x21, 0xFF, 0x17, 0x13, 0x13, 0x40,
    0x0E, 0x0E, 0x0E, 0x48, 0x12, 0x12, 0x10, 0x6F, 0x14, 0x14, 0x13, 0x86, 0x15, 0x15, 0x13, 0x91,
    0x15, 0x15, 0x14, 0x98, 0x18, 0x15, 0x15, 0xA6, 0x19, 0x17, 0x16, 0xAD, 0x19, 0x17, 0x17, 0xBB,
    0x22, 0x21, 0x20, 0xF7, 0x1D, 0x1A, 0x18, 0xA6, 0x1B, 0x1A, 0x17, 0xC3, 0x20, 0x1E, 0x1C, 0xF9,
    0x20, 0x1D, 0x1C, 0xEF, 0x20, 0x1E, 0x1D, 0xF6, 0x20, 0x1E, 0x1D, 0xF5, 0x1F, 0x1E, 0x1C, 0xF1,
    0x1F, 0x1E, 0x1C, 0xEC, 0x1F, 0x1E, 0x1D, 0xFA, 0x21, 0x20, 0x1E, 0xD6, 0x00, 0x00, 0x00, 0x02,
    0x18, 0x18, 0x16, 0x9D, 0x18, 0x18, 0x14, 0x49, 0x00, 0x00, 0x00, 0x00, 0x00, 0x00, 0x00, 0x00,
    0x15, 0x13, 0x0E, 0x6B, 0x47, 0x45, 0x40, 0xFE, 0x66, 0x63, 0x5D, 0xFA, 0x3A, 0x3A, 0x36, 0xCA,
    0x1E, 0x1E, 0x1B, 0x96, 0x1B, 0x1A, 0x18, 0xA6, 0x1B, 0x1A, 0x19, 0xD3, 0x0F, 0x0D, 0x0C, 0x93,
    0x20, 0x22, 0x1C, 0x96, 0x87, 0x86, 0x83, 0xFA, 0x7F, 0x7D, 0x7C, 0xE4, 0x1E, 0x1A, 0x17, 0xF6,
    0x32, 0x31, 0x2E, 0xAB, 0x00, 0x00, 0x00, 0x00, 0x0B, 0x0B, 0x0B, 0x16, 0x26, 0x25, 0x23, 0xDA,
    0x27, 0x24, 0x21, 0xE6, 0x0E, 0x0E, 0x0E, 0x56, 0x1E, 0x1D, 0x1D, 0xE9, 0x21, 0x1F, 0x1E, 0xFB,
    0x20, 0x1E, 0x1D, 0xF2, 0x20, 0x1E, 0x1D, 0xF5, 0x1E, 0x1C, 0x1C, 0xE8, 0x1E, 0x1D, 0x1C, 0xE3,
    0x1E, 0x1C, 0x1B, 0xE9, 0x1E, 0x1D, 0x1C, 0xEF, 0x1F, 0x1C, 0x1C, 0xE5, 0x1A, 0x19, 0x18, 0xBE,
    0x1D, 0x1B, 0x1B, 0xD8, 0x1D, 0x1B, 0x1A, 0xDB, 0x1D, 0x1A, 0x19, 0xDB, 0x1D, 0x19, 0x19, 0xD3,
    0x1B, 0x19, 0x18, 0xC6, 0x19, 0x18, 0x18, 0xBD, 0x19, 0x17, 0x16, 0xAB, 0x15, 0x15, 0x13, 0x91,
    0x11, 0x11, 0x11, 0x3C, 0x0B, 0x0B, 0x0B, 0x16, 0x12, 0x0F, 0x0C, 0x63, 0x10, 0x10, 0x0D, 0x4D,
    0x00, 0x19, 0x19, 0x0A, 0x00, 0x00, 0x00, 0x01, 0x00, 0x00, 0x00, 0x04, 0x00, 0x00, 0x00, 0x02,
    0x00, 0x00, 0x00, 0x00, 0x16, 0x16, 0x16, 0x17, 0x11, 0x14, 0x11, 0x58, 0x00, 0x00, 0x00, 0x00,
    0x0B, 0x0B, 0x07, 0x41, 0x5A, 0x57, 0x53, 0xFA, 0x46, 0x42, 0x3E, 0xFF, 0x29, 0x27, 0x25, 0x9B,
    0x41, 0x40, 0x3C, 0xD7, 0x97, 0x92, 0x8E, 0xFF, 0xBA, 0xB4, 0xB1, 0xFD, 0xBF, 0xBB, 0xB6, 0xFF,
    0x74, 0x70, 0x6C, 0xFF, 0x33, 0x30, 0x2C, 0xFE, 0x28, 0x26, 0x21, 0xFF, 0x42, 0x3E, 0x3A, 0xF8,
    0x51, 0x51, 0x48, 0x1C, 0x00, 0x00, 0x00, 0x00, 0x00, 0x00, 0x00, 0x02, 0x00, 0x00, 0x00, 0x00,
    0x00, 0x00, 0x00, 0x00, 0x00, 0x00, 0x00, 0x00, 0x00, 0x00, 0x00, 0x00, 0x00, 0x00, 0x00, 0x00,
    0x00, 0x00, 0x00, 0x00, 0x00, 0x00, 0x00, 0x00, 0x00, 0x00, 0x00, 0x00, 0x00, 0x00, 0x00, 0x00,
    0x00, 0x00, 0x00, 0x00, 0x00, 0x00, 0x00, 0x00, 0x00, 0x00, 0x00, 0x00, 0x00, 0x00, 0x00, 0x00,
    0x00, 0x00, 0x00, 0x00, 0x00, 0x00, 0x00, 0x00, 0x00, 0x00, 0x00, 0x00, 0x00, 0x00, 0x00, 0x00,
    0x00, 0x00, 0x00, 0x00, 0x00, 0x00, 0x00, 0x00, 0x00, 0x00, 0x00, 0x01, 0x00, 0x00, 0x00, 0x00,
    0x2F, 0x2D, 0x2A, 0xCE, 0x28, 0x26, 0x22, 0xFF, 0x2E, 0x2C, 0x2A, 0xFD, 0x63, 0x5F, 0x5B, 0xFF,
    0xC3, 0xBE, 0xBB, 0xFF, 0x9B, 0x96, 0x92, 0xFF, 0x39, 0x36, 0x32, 0xFD, 0x2A, 0x2A, 0x28, 0xDA,
    0x1A, 0x1A, 0x18, 0x5F, 0x65, 0x61, 0x5D, 0xE2, 0x90, 0x8C, 0x88, 0xFF, 0x2F, 0x2C, 0x2A, 0xC8,
    0x00, 0x00, 0x00, 0x02, 0x31, 0x2F, 0x2D, 0x7B, 0x26, 0x24, 0x23, 0xAE, 0x00, 0x00, 0x00, 0x00,
    0x00, 0x00, 0x00, 0x01, 0x00, 0x00, 0x00, 0x02, 0x00, 0x00, 0x00, 0x00, 0x00, 0x11, 0x11, 0x0F,
    0x18, 0x18, 0x18, 0x9B, 0x27, 0x26, 0x24, 0xFF, 0x21, 0x20, 0x1E, 0xF5, 0x17, 0x13, 0x13, 0x41,
    0x10, 0x12, 0x10, 0x5E, 0x14, 0x16, 0x14, 0x93, 0x17, 0x17, 0x15, 0xA4, 0x19, 0x17, 0x16, 0xAD,
    0x19, 0x18, 0x18, 0xB4, 0x19, 0x17, 0x17, 0xB5, 0x1A, 0x18, 0x18, 0xBD, 0x1B, 0x1A, 0x19, 0xCC,
    0x24, 0x23, 0x22, 0xFF, 0x1D, 0x1B, 0x1B, 0xA6, 0x1B, 0x1A, 0x19, 0xCB, 0x21, 0x1F, 0x1E, 0xFC,
    0x20, 0x1E, 0x1D, 0xF3, 0x20, 0x1F, 0x1E, 0xF6, 0x20, 0x1E, 0x1C, 0xFB, 0x20, 0x1E, 0x1C, 0xF4,
    0x1F, 0x1D, 0x1C, 0xF0, 0x22, 0x21, 0x20, 0xFF, 0x20, 0x20, 0x1F, 0xD1, 0x00, 0x00, 0x00, 0x00,
    0x16, 0x16, 0x13, 0x73, 0x18, 0x18, 0x16, 0x68, 0x00, 0x00, 0x00, 0x00, 0x00, 0x00, 0x00, 0x00,
    0x1B, 0x1B, 0x17, 0x79, 0x40, 0x3E, 0x3A, 0xFF, 0x56, 0x54, 0x4D, 0xFA, 0x49, 0x48, 0x41, 0xFF,
    0x60, 0x61, 0x5A, 0xF9, 0x76, 0x75, 0x70, 0xF7, 0x70, 0x6F, 0x6A, 0xF0, 0x7B, 0x7A, 0x75, 0xF0,
    0xD2, 0xD3, 0xCF, 0xFF, 0xA7, 0xA8, 0xA6, 0xF2, 0x44, 0x44, 0x42, 0xD7, 0x29, 0x26, 0x22, 0xFF,
    0x32, 0x31, 0x2C, 0xAB, 0x00, 0x00, 0x00, 0x00, 0x15, 0x15, 0x15, 0x3A, 0x2A, 0x27, 0x26, 0xFF,
    0x1F, 0x1E, 0x1B, 0xB8, 0x0B, 0x0B, 0x0B, 0x40, 0x1D, 0x1C, 0x1B, 0xE6, 0x22, 0x20, 0x1F, 0xFF,
    0x21, 0x1F, 0x1E, 0xFB, 0x21, 0x1D, 0x1D, 0xF7, 0x1F, 0x1D, 0x1C, 0xF0, 0x1E, 0x1D, 0x1D, 0xEB,
    0x1F, 0x1D, 0x1C, 0xEC, 0x1F, 0x1E, 0x1E, 0xEE, 0x1E, 0x1D, 0x1C, 0xE3, 0x1B, 0x19, 0x18, 0xBB,
    0x1D, 0x1C, 0x1C, 0xE2, 0x1D, 0x1C, 0x1B, 0xE2, 0x1D, 0x1B, 0x1B, 0xDE, 0x1D, 0x1A, 0x1A, 0xDA,
    0x1C, 0x19, 0x19, 0xD1, 0x1A, 0x18, 0x18, 0xBD, 0x18, 0x16, 0x16, 0xAA, 0x14, 0x14, 0x14, 0x8C,
    0x10, 0x10, 0x10, 0x3D, 0x00, 0x00, 0x00, 0x0A, 0x10, 0x10, 0x0D, 0x5F, 0x12, 0x12, 0x10, 0x6E,
    0x08, 0x08, 0x11, 0x1E, 0x00, 0x00, 0x00, 0x00, 0x00, 0x00, 0x00, 0x01, 0x00, 0x00, 0x00, 0x00,
    0x00, 0x00, 0x00, 0x00, 0x00, 0x00, 0x00, 0x03, 0x11, 0x11, 0x11, 0x47, 0x3F, 0x3F, 0x3F, 0x04,
    0x00, 0x00, 0x00, 0x34, 0x5A, 0x56, 0x52, 0xE8, 0x4D, 0x48, 0x44, 0xFF, 0x2F, 0x2D, 0x2B, 0x97,
    0x3F, 0x3E, 0x3B, 0xD9, 0x94, 0x90, 0x8B, 0xFF, 0xB9, 0xB6, 0xB0, 0xFD, 0xBE, 0xBA, 0xB7, 0xFF,
    0x76, 0x71, 0x6E, 0xFF, 0x36, 0x33, 0x2F, 0xFE, 0x29, 0x27, 0x22, 0xFF, 0x41, 0x3F, 0x3A, 0xF8,
    0x51, 0x5B, 0x51, 0x1C, 0x00, 0x00, 0x00, 0x00, 0x00, 0x00, 0x00, 0x02, 0x00, 0x00, 0x00, 0x00,
    0x00, 0x00, 0x00, 0x00, 0x00, 0x00, 0x00, 0x00, 0x00, 0x00, 0x00, 0x00, 0x00, 0x00, 0x00, 0x00,
    0x00, 0x00, 0x00, 0x00, 0x00, 0x00, 0x00, 0x00, 0x00, 0x00, 0x00, 0x00, 0x00, 0x00, 0x00, 0x00,
    0x00, 0x00, 0x00, 0x00, 0x00, 0x00, 0x00, 0x00, 0x00, 0x00, 0x00, 0x00, 0x00, 0x00, 0x00, 0x00,
    0x00, 0x00, 0x00, 0x00, 0x00, 0x00, 0x00, 0x00, 0x00, 0x00, 0x00, 0x00, 0x00, 0x00, 0x00, 0x00,
    0x00, 0x00, 0x00, 0x00, 0x00, 0x00, 0x00, 0x00, 0x00, 0x00, 0x00, 0x01, 0x00, 0x00, 0x00, 0x00,
    0x31, 0x2F, 0x2C, 0xCD, 0x26, 0x25, 0x22, 0xFF, 0x2F, 0x2D, 0x29, 0xFD, 0x64, 0x5F, 0x5B, 0xFF,
    0xC3, 0xBF, 0xBB, 0xFF, 0x98, 0x94, 0x90, 0xFE, 0x3B, 0x36, 0x33, 0xFF, 0x2C, 0x29, 0x29, 0xDB,
    0x17, 0x1A, 0x17, 0x61, 0x70, 0x6C, 0x67, 0xEC, 0x94, 0x8F, 0x8A, 0xFF, 0x22, 0x21, 0x1E, 0xB0,
    0x00, 0x00, 0x00, 0x00, 0x2B, 0x29, 0x26, 0x9A, 0x1E, 0x1E, 0x1C, 0x86, 0x00, 0x00, 0x00, 0x00,
    0x00, 0x00, 0x00, 0x02, 0x00, 0x00, 0x00, 0x03, 0x00, 0x00, 0x00, 0x00, 0x14, 0x10, 0x14, 0x3D,
    0x1F, 0x1D, 0x1D, 0xE0, 0x2B, 0x28, 0x26, 0xFE, 0x1F, 0x1C, 0x1A, 0xE3, 0x12, 0x0D, 0x12, 0x37,
    0x13, 0x13, 0x11, 0x69, 0x18, 0x16, 0x16, 0xAA, 0x1A, 0x17, 0x17, 0xB6, 0x19, 0x17, 0x17, 0xB5,
    0x1A, 0x18, 0x18, 0xBA, 0x1B, 0x1A, 0x18, 0xC3, 0x1B, 0x19, 0x18, 0xCE, 0x1B, 0x1A, 0x19, 0xD3,
    0x25, 0x23, 0x22, 0xFF, 0x1F, 0x1D, 0x1A, 0xA3, 0x1A, 0x19, 0x19, 0xBE, 0x21, 0x1F, 0x1E, 0xFE,
    0x21, 0x1E, 0x1D, 0xF7, 0x1F, 0x1E, 0x1D, 0xF3, 0x1F, 0x1D, 0x1D, 0xF0, 0x1F, 0x1D, 0x1D, 0xEB,
    0x1F, 0x1E, 0x1D, 0xED, 0x23, 0x20, 0x20, 0xFE, 0x21, 0x20, 0x20, 0xCB, 0x00, 0x00, 0x00, 0x00,
    0x11, 0x11, 0x11, 0x4B, 0x14, 0x17, 0x14, 0x6E, 0x00, 0x00, 0x00, 0x00, 0x00, 0x00, 0x00, 0x00,
    0x22, 0x22, 0x1D, 0x78, 0x35, 0x34, 0x2E, 0xFF, 0x2F, 0x2E, 0x29, 0xEA, 0x31, 0x32, 0x2C, 0xDF,
    0x4D, 0x4E, 0x48, 0xFE, 0x7D, 0x7D, 0x77, 0xFF, 0xA1, 0xA3, 0x9B, 0xFF, 0xCF, 0xD1, 0xCC, 0xFF,
    0xCA, 0xCB, 0xCA, 0xEE, 0x3B, 0x3A, 0x38, 0xC5, 0x12, 0x12, 0x10, 0xBD, 0x2A, 0x28, 0x27, 0xEF,
    0x2D, 0x2C, 0x2A, 0xAD, 0x00, 0x00, 0x00, 0x00, 0x1C, 0x1E, 0x1C, 0x6C, 0x2D, 0x2A, 0x29, 0xFF,
    0x1A, 0x19, 0x17, 0x99, 0x0A, 0x0A, 0x0A, 0x31, 0x1C, 0x1C, 0x1B, 0xDC, 0x22, 0x20, 0x1F, 0xFE,
    0x22, 0x1F, 0x1F, 0xFD, 0x20, 0x1E, 0x1E, 0xFA, 0x1F, 0x1D, 0x1D, 0xF0, 0x1E, 0x1E, 0x1D, 0xEB,
    0x20, 0x1D, 0x1B, 0xEF, 0x21, 0x1E, 0x1D, 0xF7, 0x1F, 0x1D, 0x1C, 0xE9, 0x1B, 0x1A, 0x17, 0xC3,
    0x1C, 0x1C, 0x1A, 0xDD, 0x1E, 0x1C, 0x1B, 0xE5, 0x1D, 0x1C, 0x1A, 0xDA, 0x1B, 0x1A, 0x1A, 0xCA,
    0x1D, 0x1A, 0x19, 0xD3, 0x1A, 0x18, 0x17, 0xBA, 0x18, 0x17, 0x15, 0xA6, 0x14, 0x13, 0x13, 0x92,
    0x13, 0x13, 0x0F, 0x42, 0x00, 0x00, 0x00, 0x04, 0x11, 0x0E, 0x0E, 0x56, 0x14, 0x12, 0x12, 0x7D,
    0x0F, 0x0F, 0x0F, 0x31, 0x00, 0x00, 0x00, 0x00, 0x00, 0x00, 0x00, 0x01, 0x00, 0x00, 0x00, 0x00,
    0x00, 0x00, 0x00, 0x01, 0x00, 0x00, 0x00, 0x00, 0x14, 0x14, 0x14, 0x3E, 0x33, 0x33, 0x33, 0x0A,
    0x00, 0x00, 0x00, 0x1E, 0x54, 0x50, 0x4E, 0xD4, 0x51, 0x4D, 0x49, 0xFF, 0x31, 0x2F, 0x2C, 0x95,
    0x3F, 0x3D, 0x3B, 0xCA, 0x90, 0x8D, 0x89, 0xFF, 0xB9, 0xB5, 0xB0, 0xFD, 0xBE, 0xBA, 0xB6, 0xFF,
    0x77, 0x72, 0x6F, 0xFF, 0x37, 0x34, 0x30, 0xFE, 0x2A, 0x28, 0x23, 0xFF, 0x40, 0x3C, 0x38, 0xF8,
    0x5B, 0x5B, 0x51, 0x1C, 0x00, 0x00, 0x00, 0x00, 0x00, 0x00, 0x00, 0x02, 0x00, 0x00, 0x00, 0x00,
    0x00, 0x00, 0x00, 0x00, 0x00, 0x00, 0x00, 0x00, 0x00, 0x00, 0x00, 0x00, 0x00, 0x00, 0x00, 0x00,
    0x00, 0x00, 0x00, 0x00, 0x00, 0x00, 0x00, 0x00, 0x00, 0x00, 0x00, 0x00, 0x00, 0x00, 0x00, 0x00,
    0x00, 0x00, 0x00, 0x00, 0x00, 0x00, 0x00, 0x00, 0x00, 0x00, 0x00, 0x00, 0x00, 0x00, 0x00, 0x00,
    0x00, 0x00, 0x00, 0x00, 0x00, 0x00, 0x00, 0x00, 0x00, 0x00, 0x00, 0x00, 0x00, 0x00, 0x00, 0x00,
    0x00, 0x00, 0x00, 0x00, 0x00, 0x00, 0x00, 0x00, 0x00, 0x00, 0x00, 0x01, 0x00, 0x00, 0x00, 0x00,
    0x31, 0x30, 0x2C, 0xCE, 0x25, 0x24, 0x21, 0xFF, 0x30, 0x2D, 0x2B, 0xFD, 0x67, 0x61, 0x5F, 0xFF,
    0xC3, 0xBE, 0xBB, 0xFF, 0x96, 0x90, 0x8E, 0xFE, 0x3A, 0x35, 0x33, 0xFF, 0x2C, 0x2B, 0x28, 0xD4,
    0x1B, 0x18, 0x16, 0x67, 0x78, 0x72, 0x6F, 0xF8, 0x90, 0x8B, 0x87, 0xFF, 0x16, 0x15, 0x11, 0x9C,
    0x00, 0x00, 0x00, 0x00, 0x2C, 0x2A, 0x27, 0xA7, 0x1E, 0x1E, 0x1B, 0x77, 0x00, 0x00, 0x00, 0x00,
    0x00, 0x00, 0x00, 0x03, 0x00, 0x00, 0x00, 0x02, 0x00, 0x00, 0x00, 0x00, 0x15, 0x15, 0x15, 0x6A,
    0x25, 0x23, 0x23, 0xFA, 0x2C, 0x2A, 0x28, 0xFF, 0x1C, 0x1A, 0x19, 0xD5, 0x13, 0x13, 0x0E, 0x35,
    0x14, 0x14, 0x12, 0x71, 0x18, 0x18, 0x18, 0xB2, 0x1A, 0x18, 0x18, 0xBE, 0x1A, 0x19, 0x17, 0xC0,
    0x1B, 0x18, 0x18, 0xC4, 0x1A, 0x19, 0x19, 0xC7, 0x1B, 0x1A, 0x19, 0xCB, 0x1B, 0x1A, 0x1A, 0xD3,
    0x25, 0x23, 0x23, 0xFF, 0x20, 0x1C, 0x1C, 0x9F, 0x1A, 0x18, 0x17, 0xB0, 0x20, 0x1E, 0x1D, 0xFA,
    0x20, 0x1E, 0x1E, 0xF4, 0x1E, 0x1D, 0x1D, 0xEF, 0x1F, 0x1C, 0x1C, 0xEE, 0x1E, 0x1D, 0x1C, 0xEA,
    0x1F, 0x1E, 0x1D, 0xED, 0x23, 0x20, 0x1F, 0xFF, 0x20, 0x20, 0x20, 0xC6, 0x00, 0x00, 0x00, 0x00,
    0x0C, 0x0C, 0x0C, 0x2A, 0x14, 0x14, 0x12, 0x71, 0x24, 0x24, 0x24, 0x07, 0x00, 0x00, 0x00, 0x00,
    0x1C, 0x1C, 0x1A, 0x61, 0x35, 0x34, 0x2F, 0xFF, 0x2F, 0x2E, 0x2B, 0xF8, 0x08, 0x08, 0x08, 0x56,
    0x0F, 0x0F, 0x0C, 0x52, 0x23, 0x23, 0x20, 0xA5, 0x39, 0x39, 0x37, 0xE2, 0x39, 0x37, 0x35, 0xF6,
    0x1C, 0x1A, 0x18, 0xF3, 0x18, 0x17, 0x15, 0xE3, 0x12, 0x12, 0x12, 0x36, 0x25, 0x25, 0x23, 0xC3,
    0x2B, 0x29, 0x26, 0x9F, 0x00, 0x00, 0x00, 0x00, 0x21, 0x21, 0x21, 0x9E, 0x2D, 0x2A, 0x29, 0xFF,
    0x17, 0x16, 0x12, 0x8B, 0x0E, 0x0E, 0x0E, 0x23, 0x1E, 0x1D, 0x1A, 0xDB, 0x22, 0x20, 0x1F, 0xFF,
    0x21, 0x1F, 0x1E, 0xFD, 0x21, 0x1E, 0x1E, 0xFD, 0x1F, 0x1E, 0x1D, 0xF2, 0x1F, 0x1E, 0x1C, 0xEC,
    0x1E, 0x1D, 0x1C, 0xE8, 0x1F, 0x1E, 0x1D, 0xF2, 0x1F, 0x1C, 0x1B, 0xE6, 0x1B, 0x19, 0x17, 0xC1,
    0x1E, 0x1B, 0x1A, 0xDD, 0x1E, 0x1C, 0x1C, 0xE3, 0x1D, 0x1C, 0x1B, 0xE1, 0x1C, 0x1A, 0x1A, 0xD5,
    0x1B, 0x1A, 0x18, 0xC3, 0x1A, 0x17, 0x17, 0xAF, 0x18, 0x15, 0x15, 0xA7, 0x16, 0x13, 0x13, 0x9C,
    0x12, 0x12, 0x12, 0x46, 0x00, 0x00, 0x00, 0x00, 0x12, 0x0F, 0x0F, 0x55, 0x14, 0x12, 0x10, 0x7D,
    0x10, 0x10, 0x10, 0x4D, 0x00, 0x00, 0x00, 0x01, 0x00, 0x00, 0x00, 0x00, 0x00, 0x00, 0x00, 0x00,
    0x00, 0x00, 0x00, 0x02, 0x00, 0x00, 0x00, 0x00, 0x14, 0x18, 0x18, 0x3E, 0x2A, 0x2A, 0x2A, 0x18,
    0x00, 0x00, 0x00, 0x0A, 0x4D, 0x4B, 0x47, 0xBE, 0x54, 0x51, 0x4C, 0xFF, 0x2F, 0x2F, 0x2A, 0x9B,
    0x41, 0x3F, 0x3C, 0xB6, 0x8D, 0x89, 0x86, 0xFF, 0xB9, 0xB5, 0xB2, 0xFC, 0xBF, 0xBA, 0xB6, 0xFF,
    0x78, 0x74, 0x70, 0xFF, 0x39, 0x36, 0x33, 0xFE, 0x2A, 0x27, 0x23, 0xFF, 0x3D, 0x3B, 0x35, 0xFC,
    0x4B, 0x4B, 0x44, 0x25, 0x00, 0x00, 0x00, 0x00, 0x7F, 0x00, 0x00, 0x02, 0x00, 0x00, 0x00, 0x00,
    0x00, 0x00, 0x00, 0x00, 0x00, 0x00, 0x00, 0x00, 0x00, 0x00, 0x00, 0x00, 0x00, 0x00, 0x00, 0x00,
    0x00, 0x00, 0x00, 0x00, 0x00, 0x00, 0x00, 0x00, 0x00, 0x00, 0x00, 0x00, 0x00, 0x00, 0x00, 0x00,
    0x00, 0x00, 0x00, 0x00, 0x00, 0x00, 0x00, 0x00, 0x00, 0x00, 0x00, 0x00, 0x00, 0x00, 0x00, 0x00,
    0x00, 0x00, 0x00, 0x00, 0x00, 0x00, 0x00, 0x00, 0x00, 0x00, 0x00, 0x00, 0x00, 0x00, 0x00, 0x00,
    0x00, 0x00, 0x00, 0x00, 0x00, 0x00, 0x00, 0x00, 0x00, 0x00, 0x00, 0x00, 0x00, 0x00, 0x00, 0x01,
    0x30, 0x2D, 0x2B, 0xD3, 0x25, 0x23, 0x20, 0xFF, 0x31, 0x2E, 0x2B, 0xFD, 0x68, 0x62, 0x61, 0xFF,
    0xC3, 0xBE, 0xBC, 0xFF, 0x94, 0x8E, 0x8C, 0xFF, 0x3B, 0x37, 0x33, 0xFF, 0x2C, 0x2C, 0x28, 0xC8,
    0x1B, 0x1B, 0x16, 0x5C, 0x81, 0x7D, 0x78, 0xFA, 0x86, 0x82, 0x7D, 0xFF, 0x0D, 0x0D, 0x0B, 0x96,
    0x00, 0x00, 0x00, 0x02, 0x2B, 0x2B, 0x27, 0xA6, 0x1E, 0x1E, 0x1B, 0x5D, 0x00, 0x00, 0x00, 0x00,
    0x00, 0x00, 0x00, 0x03, 0x00, 0x00, 0x00, 0x01, 0x00, 0x00, 0x00, 0x00, 0x1B, 0x19, 0x19, 0x95,
    0x2E, 0x2B, 0x28, 0xFE, 0x2D, 0x2B, 0x29, 0xFF, 0x1A, 0x1A, 0x19, 0xD2, 0x11, 0x11, 0x0D, 0x3A,
    0x14, 0x14, 0x14, 0x6F, 0x1A, 0x18, 0x18, 0xC8, 0x1B, 0x17, 0x17, 0xCA, 0x1B, 0x18, 0x18, 0xC5,
    0x1B, 0x19, 0x18, 0xC5, 0x1A, 0x19, 0x19, 0xC7, 0x1C, 0x1A, 0x19, 0xD0, 0x1C, 0x1A, 0x1A, 0xD5,
    0x25, 0x23, 0x22, 0xFF, 0x1E, 0x1C, 0x1A, 0x98, 0x18, 0x17, 0x15, 0xA4, 0x1F, 0x1D, 0x1B, 0xED,
    0x20, 0x1D, 0x1C, 0xEF, 0x1F, 0x1D, 0x1D, 0xE9, 0x1E, 0x1D, 0x1B, 0xE4, 0x1D, 0x1D, 0x1C, 0xE2,
    0x1D, 0x1C, 0x1C, 0xDF, 0x22, 0x1F, 0x1D, 0xFF, 0x21, 0x1F, 0x1D, 0xC0, 0x00, 0x00, 0x00, 0x00,
    0x12, 0x12, 0x09, 0x1C, 0x13, 0x13, 0x13, 0x77, 0x0C, 0x0C, 0x0C, 0x15, 0x00, 0x00, 0x00, 0x00,
    0x1B, 0x18, 0x15, 0x55, 0x30, 0x2F, 0x2A, 0xFF, 0x28, 0x25, 0x21, 0xF8, 0x29, 0x28, 0x28, 0xBF,
    0x31, 0x2F, 0x2C, 0xB6, 0x31, 0x2F, 0x2D, 0xC3, 0x07, 0x0A, 0x07, 0x66, 0x28, 0x25, 0x22, 0xEB,
    0x31, 0x2E, 0x2C, 0xFF, 0x20, 0x1D, 0x1D, 0x57, 0x00, 0x00, 0x00, 0x0F, 0x24, 0x21, 0x1F, 0xEE,
    0x28, 0x26, 0x20, 0x7E, 0x00, 0x00, 0x00, 0x00, 0x25, 0x24, 0x24, 0xC5, 0x2C, 0x29, 0x26, 0xFF,
    0x14, 0x14, 0x0E, 0x7D, 0x08, 0x10, 0x08, 0x1F, 0x1B, 0x1B, 0x1A, 0xD3, 0x22, 0x20, 0x1E, 0xFF,
    0x22, 0x1F, 0x1F, 0xFC, 0x20, 0x1E, 0x1D, 0xFB, 0x1F, 0x1E, 0x1C, 0xEE, 0x1E, 0x1D, 0x1C, 0xE9,
    0x1E, 0x1C, 0x1B, 0xE7, 0x20, 0x1E, 0x1D, 0xF4, 0x1F, 0x1C, 0x1A, 0xDE, 0x1A, 0x16, 0x16, 0xAD,
    0x1D, 0x1A, 0x1B, 0xDE, 0x1D, 0x1A, 0x1B, 0xDB, 0x1C, 0x1A, 0x1A, 0xD5, 0x1C, 0x1A, 0x19, 0xCC,
    0x19, 0x18, 0x18, 0xBC, 0x19, 0x16, 0x16, 0xB2, 0x17, 0x15, 0x15, 0xA3, 0x16, 0x15, 0x13, 0x9C,
    0x13, 0x13, 0x0F, 0x41, 0x00, 0x00, 0x00, 0x00, 0x0F, 0x0F, 0x0F, 0x52, 0x13, 0x13, 0x11, 0x83,
    0x12, 0x12, 0x10, 0x5F, 0x00, 0x00, 0x00, 0x06, 0x00, 0x00, 0x00, 0x00, 0x00, 0x00, 0x00, 0x01,
    0x00, 0x00, 0x00, 0x02, 0x00, 0x00, 0x00, 0x00, 0x17, 0x17, 0x17, 0x42, 0x24, 0x24, 0x24, 0x23,
    0x00, 0x00, 0x00, 0x05, 0x4B, 0x48, 0x43, 0x9F, 0x57, 0x52, 0x4E, 0xFF, 0x31, 0x2E, 0x2C, 0xA0,
    0x3E, 0x3C, 0x3B, 0xC1, 0x8B, 0x87, 0x84, 0xFF, 0xB9, 0xB5, 0xB1, 0xFD, 0xC0, 0xBB, 0xB7, 0xFF,
    0x7B, 0x75, 0x72, 0xFF, 0x39, 0x36, 0x32, 0xFF, 0x28, 0x25, 0x21, 0xFE, 0x3E, 0x3C, 0x37, 0xFF,
    0x38, 0x38, 0x34, 0x3F, 0x00, 0x00, 0x00, 0x00, 0x55, 0x55, 0x55, 0x03, 0x00, 0x00, 0x00, 0x00,
    0x00, 0x00, 0x00, 0x00, 0x00, 0x00, 0x00, 0x00, 0x00, 0x00, 0x00, 0x00, 0x00, 0x00, 0x00, 0x00,
    0x00, 0x00, 0x00, 0x00, 0x00, 0x00, 0x00, 0x00, 0x00, 0x00, 0x00, 0x00, 0x00, 0x00, 0x00, 0x00,
    0x00, 0x00, 0x00, 0x00, 0x00, 0x00, 0x00, 0x00, 0x00, 0x00, 0x00, 0x00, 0x00, 0x00, 0x00, 0x00,
    0x00, 0x00, 0x00, 0x00, 0x00, 0x00, 0x00, 0x00, 0x00, 0x00, 0x00, 0x00, 0x00, 0x00, 0x00, 0x00,
    0x00, 0x00, 0x00, 0x00, 0x00, 0x00, 0x00, 0x01, 0x00, 0x00, 0x00, 0x00, 0x1C, 0x1C, 0x1C, 0x09,
    0x2E, 0x2C, 0x2B, 0xE0, 0x25, 0x22, 0x21, 0xFF, 0x31, 0x2E, 0x2B, 0xFD, 0x66, 0x62, 0x60, 0xFF,
    0xC3, 0xBF, 0xBC, 0xFF, 0x93, 0x8E, 0x8A, 0xFF, 0x3A, 0x36, 0x33, 0xFF, 0x2E, 0x2C, 0x29, 0xC9,
    0x1B, 0x1B, 0x18, 0x5C, 0x8C, 0x88, 0x82, 0xFD, 0x7B, 0x78, 0x72, 0xFA, 0x02, 0x02, 0x02, 0x7A,
    0x24, 0x24, 0x24, 0x15, 0x2A, 0x2A, 0x26, 0xBF, 0x21, 0x21, 0x1E, 0x4C, 0x00, 0x00, 0x00, 0x00,
    0x00, 0x00, 0x00, 0x04, 0x00, 0x00, 0x00, 0x00, 0x00, 0x00, 0x00, 0x0E, 0x20, 0x1D, 0x1E, 0xBE,
    0x34, 0x31, 0x2E, 0xFF, 0x2E, 0x2C, 0x29, 0xFF, 0x1B, 0x19, 0x19, 0xD4, 0x16, 0x12, 0x12, 0x45,
    0x13, 0x13, 0x13, 0x69, 0x19, 0x18, 0x18, 0xC7, 0x1B, 0x1A, 0x18, 0xCD, 0x1A, 0x1A, 0x18, 0xC3,
    0x19, 0x19, 0x18, 0xBD, 0x1B, 0x1A, 0x19, 0xD3, 0x1C, 0x1A, 0x19, 0xD4, 0x1C, 0x1B, 0x1A, 0xDC,
    0x26, 0x24, 0x23, 0xFF, 0x20, 0x20, 0x1E, 0x8D, 0x18, 0x16, 0x14, 0x94, 0x1E, 0x1C, 0x1B, 0xEF,
    0x1F, 0x1D, 0x1C, 0xEB, 0x1D, 0x1C, 0x1C, 0xE6, 0x1D, 0x1D, 0x1B, 0xE1, 0x1E, 0x1B, 0x1B, 0xE7,
    0x1E, 0x1B, 0x1B, 0xE1, 0x1E, 0x1C, 0x1C, 0xF0, 0x1F, 0x1E, 0x1C, 0xBB, 0x00, 0x00, 0x00, 0x00,
    0x09, 0x09, 0x09, 0x1B, 0x13, 0x13, 0x11, 0x78, 0x0F, 0x0F, 0x0F, 0x20, 0x00, 0x00, 0x00, 0x00,
    0x13, 0x13, 0x0F, 0x40, 0x2E, 0x2D, 0x28, 0xF8, 0x26, 0x25, 0x22, 0xFC, 0x26, 0x26, 0x24, 0xFC,
    0x3C, 0x3A, 0x37, 0xFA, 0x3A, 0x38, 0x34, 0xFF, 0x17, 0x1A, 0x17, 0x58, 0x2D, 0x2B, 0x27, 0xEC,
    0x28, 0x27, 0x25, 0xB6, 0x00, 0x00, 0x00, 0x00, 0x19, 0x17, 0x17, 0x6E, 0x29, 0x26, 0x23, 0xF7,
    0x2A, 0x26, 0x23, 0x91, 0x00, 0x00, 0x00, 0x00, 0x28, 0x26, 0x25, 0xD4, 0x28, 0x24, 0x23, 0xFC,
    0x11, 0x0F, 0x0D, 0x73, 0x08, 0x08, 0x08, 0x1F, 0x1C, 0x1C, 0x1B, 0xCE, 0x23, 0x20, 0x20, 0xFF,
    0x20, 0x1F, 0x1F, 0xF6, 0x20, 0x1E, 0x1E, 0xF6, 0x1F, 0x1D, 0x1C, 0xF1, 0x1E, 0x1D, 0x1C, 0xEB,
    0x1E, 0x1D, 0x1B, 0xE4, 0x1F, 0x1D, 0x1C, 0xF1, 0x1E, 0x1C, 0x1B, 0xE0, 0x19, 0x16, 0x16, 0xA7,
    0x1E, 0x1A, 0x1A, 0xDD, 0x1C, 0x1B, 0x1B, 0xDC, 0x1C, 0x1A, 0x19, 0xD1, 0x1A, 0x18, 0x18, 0xC7,
    0x19, 0x17, 0x16, 0xB6, 0x19, 0x17, 0x16, 0xB6, 0x18, 0x15, 0x15, 0xA7, 0x16, 0x14, 0x13, 0x9F,
    0x13, 0x13, 0x0F, 0x40, 0x00, 0x00, 0x00, 0x01, 0x12, 0x0F, 0x0C, 0x53, 0x16, 0x12, 0x10, 0x8A,
    0x13, 0x11, 0x11, 0x73, 0x0D, 0x0D, 0x0D, 0x13, 0x00, 0x00, 0x00, 0x00, 0x00, 0x00, 0x00, 0x01,
    0x00, 0x00, 0x00, 0x01, 0x00, 0x00, 0x00, 0x00, 0x16, 0x16, 0x16, 0x44, 0x1D, 0x1D, 0x1D, 0x34,
    0x00, 0x00, 0x00, 0x00, 0x42, 0x3F, 0x3A, 0x95, 0x5A, 0x54, 0x4F, 0xFF, 0x31, 0x30, 0x2E, 0x9A,
    0x3D, 0x3B, 0x3A, 0xC0, 0x89, 0x86, 0x82, 0xFF, 0xBA, 0xB6, 0xB2, 0xFD, 0xBF, 0xBA, 0xB7, 0xFF,
    0x7A, 0x76, 0x72, 0xFF, 0x3A, 0x37, 0x33, 0xFF, 0x27, 0x24, 0x20, 0xFC, 0x41, 0x3D, 0x39, 0xFF,
    0x3E, 0x3B, 0x37, 0x52, 0x00, 0x00, 0x00, 0x00, 0x3F, 0x3F, 0x3F, 0x04, 0x00, 0x00, 0x00, 0x00,
    0x00, 0x00, 0x00, 0x00, 0x00, 0x00, 0x00, 0x00, 0x00, 0x00, 0x00, 0x00, 0x00, 0x00, 0x00, 0x00,
    0x00, 0x00, 0x00, 0x00, 0x00, 0x00, 0x00, 0x00, 0x00, 0x00, 0x00, 0x00, 0x00, 0x00, 0x00, 0x00,
    0x00, 0x00, 0x00, 0x00, 0x00, 0x00, 0x00, 0x00, 0x00, 0x00, 0x00, 0x00, 0x00, 0x00, 0x00, 0x00,
    0x00, 0x00, 0x00, 0x00, 0x00, 0x00, 0x00, 0x00, 0x00, 0x00, 0x00, 0x00, 0x00, 0x00, 0x00, 0x00,
    0x00, 0x00, 0x00, 0x00, 0x00, 0x00, 0x00, 0x01, 0x00, 0x00, 0x00, 0x00, 0x24, 0x24, 0x24, 0x0E,
    0x2D, 0x2B, 0x2B, 0xE7, 0x23, 0x21, 0x21, 0xFF, 0x33, 0x2F, 0x2E, 0xFE, 0x67, 0x63, 0x60, 0xFF,
    0xC4, 0xC0, 0xBD, 0xFF, 0x91, 0x8D, 0x89, 0xFF, 0x3A, 0x36, 0x33, 0xFE, 0x2E, 0x2C, 0x2B, 0xC9,
    0x1A, 0x1A, 0x17, 0x62, 0x90, 0x8A, 0x85, 0xFF, 0x78, 0x73, 0x6F, 0xE5, 0x04, 0x02, 0x02, 0x79,
    0x24, 0x24, 0x22, 0x8B, 0x2B, 0x28, 0x27, 0xC8, 0x1C, 0x1C, 0x16, 0x50, 0x00, 0x00, 0x00, 0x00,
    0x33, 0x00, 0x00, 0x05, 0x00, 0x00, 0x00, 0x00, 0x11, 0x11, 0x11, 0x1D, 0x20, 0x1F, 0x1F, 0xDC,
    0x36, 0x33, 0x30, 0xFF, 0x2F, 0x2C, 0x29, 0xFF, 0x1A, 0x19, 0x19, 0xD1, 0x15, 0x11, 0x11, 0x48,
    0x14, 0x14, 0x11, 0x65, 0x1A, 0x18, 0x18, 0xC4, 0x1C, 0x19, 0x19, 0xCE, 0x19, 0x19, 0x18, 0xBD,
    0x1A, 0x1A, 0x19, 0xC1, 0x1B, 0x19, 0x18, 0xCE, 0x1B, 0x1A, 0x19, 0xD2, 0x1C, 0x1B, 0x19, 0xD9,
    0x27, 0x25, 0x24, 0xFF, 0x20, 0x1F, 0x1D, 0x93, 0x15, 0x13, 0x13, 0x8D, 0x1B, 0x1A, 0x1A, 0xD4,
    0x1C, 0x1B, 0x1A, 0xD6, 0x1C, 0x1B, 0x1A, 0xD7, 0x1D, 0x1B, 0x1B, 0xD9, 0x1B, 0x1A, 0x1A, 0xD2,
    0x1C, 0x19, 0x19, 0xD0, 0x1D, 0x1B, 0x1A, 0xE4, 0x1D, 0x1D, 0x1D, 0xA6, 0x00, 0x00, 0x00, 0x00,
    0x13, 0x13, 0x13, 0x0D, 0x13, 0x10, 0x10, 0x6A, 0x11, 0x11, 0x11, 0x2C, 0x00, 0x00, 0x00, 0x00,
    0x10, 0x10, 0x10, 0x2E, 0x2D, 0x2D, 0x29, 0xEF, 0x28, 0x26, 0x22, 0xFB, 0x46, 0x43, 0x40, 0xEA,
    0x39, 0x36, 0x34, 0xEA, 0x56, 0x52, 0x4F, 0xED, 0x19, 0x15, 0x15, 0x46, 0x2A, 0x27, 0x27, 0xDD,
    0x20, 0x1E, 0x1E, 0x65, 0x11, 0x0D, 0x0D, 0x4A, 0x25, 0x21, 0x21, 0xDC, 0x39, 0x35, 0x33, 0xFF,
    0x2B, 0x27, 0x27, 0x8D, 0x00, 0x00, 0x00, 0x08, 0x28, 0x24, 0x24, 0xE8, 0x26, 0x23, 0x20, 0xF1,
    0x10, 0x0E, 0x0C, 0x6A, 0x09, 0x09, 0x09, 0x1C, 0x1C, 0x1C, 0x1B, 0xCC, 0x23, 0x21, 0x20, 0xFF,
    0x20, 0x1E, 0x1E, 0xFA, 0x20, 0x1E, 0x1D, 0xF5, 0x1F, 0x1D, 0x1D, 0xF1, 0x1F, 0x1D, 0x1C, 0xEC,
    0x1D, 0x1C, 0x1C, 0xE6, 0x1E, 0x1C, 0x1B, 0xE7, 0x1E, 0x1B, 0x1B, 0xE1, 0x1A, 0x17, 0x15, 0xA5,
    0x1D, 0x1A, 0x19, 0xD2, 0x1D, 0x1C, 0x1C, 0xE0, 0x1B, 0x19, 0x19, 0xCE, 0x1B, 0x18, 0x18, 0xC3,
    0x19, 0x18, 0x16, 0xB2, 0x18, 0x16, 0x15, 0xA8, 0x18, 0x15, 0x14, 0xA4, 0x17, 0x13, 0x12, 0x9B,
    0x12, 0x12, 0x0D, 0x37, 0x00, 0x00, 0x00, 0x01, 0x0F, 0x0F, 0x0F, 0x50, 0x16, 0x12, 0x12, 0x8A,
    0x15, 0x13, 0x11, 0x85, 0x0F, 0x0F, 0x0F, 0x20, 0x00, 0x00, 0x00, 0x00, 0x00, 0x00, 0x00, 0x01,
    0x00, 0x00, 0x00, 0x01, 0x00, 0x00, 0x00, 0x00, 0x17, 0x17, 0x17, 0x2C, 0x17, 0x1B, 0x17, 0x42,
    0x00, 0x00, 0x00, 0x0D, 0x3F, 0x3B, 0x39, 0x74, 0x59, 0x55, 0x50, 0xFF, 0x34, 0x33, 0x2F, 0x91,
    0x3C, 0x3B, 0x39, 0xBE, 0x87, 0x83, 0x81, 0xFF, 0xBA, 0xB6, 0xB2, 0xFD, 0xC0, 0xBC, 0xB7, 0xFF,
    0x7B, 0x76, 0x72, 0xFF, 0x39, 0x36, 0x33, 0xFF, 0x27, 0x25, 0x21, 0xFC, 0x3E, 0x3A, 0x36, 0xFF,
    0x42, 0x3E, 0x38, 0x51, 0x00, 0x00, 0x00, 0x00, 0x3F, 0x3F, 0x3F, 0x04, 0x00, 0x00, 0x00, 0x00,
    0x00, 0x00, 0x00, 0x00, 0x00, 0x00, 0x00, 0x00, 0x00, 0x00, 0x00, 0x00, 0x00, 0x00, 0x00, 0x00,
    0x00, 0x00, 0x00, 0x00, 0x00, 0x00, 0x00, 0x00, 0x00, 0x00, 0x00, 0x00, 0x00, 0x00, 0x00, 0x00,
    0x00, 0x00, 0x00, 0x00, 0x00, 0x00, 0x00, 0x00, 0x00, 0x00, 0x00, 0x00, 0x00, 0x00, 0x00, 0x00,
    0x00, 0x00, 0x00, 0x00, 0x00, 0x00, 0x00, 0x00, 0x00, 0x00, 0x00, 0x00, 0x00, 0x00, 0x00, 0x00,
    0x00, 0x00, 0x00, 0x00, 0x00, 0x00, 0x00, 0x01, 0x00, 0x00, 0x00, 0x00, 0x24, 0x24, 0x24, 0x15,
    0x2C, 0x2B, 0x29, 0xEF, 0x24, 0x21, 0x20, 0xFF, 0x34, 0x31, 0x2F, 0xFE, 0x69, 0x64, 0x61, 0xFF,
    0xC6, 0xC1, 0xBD, 0xFF, 0x91, 0x8C, 0x88, 0xFF, 0x39, 0x36, 0x32, 0xFE, 0x2E, 0x2D, 0x29, 0xCA,
    0x16, 0x16, 0x14, 0x64, 0x94, 0x8F, 0x8A, 0xFF, 0x71, 0x6C, 0x68, 0xDC, 0x08, 0x08, 0x06, 0x79,
    0x2D, 0x2C, 0x2A, 0xEA, 0x1A, 0x1A, 0x19, 0xA2, 0x1C, 0x1C, 0x18, 0x3F, 0x00, 0x00, 0x00, 0x00,
    0x00, 0x00, 0x00, 0x04, 0x00, 0x00, 0x00, 0x00, 0x17, 0x17, 0x17, 0x21, 0x23, 0x21, 0x21, 0xE7,
    0x37, 0x33, 0x30, 0xFF, 0x2F, 0x2C, 0x29, 0xFF, 0x1B, 0x19, 0x19, 0xDC, 0x14, 0x11, 0x11, 0x49,
    0x13, 0x13, 0x13, 0x5C, 0x1A, 0x18, 0x17, 0xC3, 0x1B, 0x19, 0x19, 0xCA, 0x1A, 0x19, 0x18, 0xC8,
    0x1A, 0x18, 0x17, 0xC2, 0x1B, 0x18, 0x17, 0xC3, 0x1B, 0x1A, 0x18, 0xCD, 0x1B, 0x19, 0x19, 0xCE,
    0x24, 0x21, 0x21, 0xFF, 0x21, 0x1F, 0x1F, 0x8A, 0x16, 0x14, 0x12, 0x7C, 0x1B, 0x19, 0x19, 0xCC,
    0x1B, 0x19, 0x19, 0xCB, 0x1C, 0x1A, 0x19, 0xD1, 0x1B, 0x1A, 0x1A, 0xCC, 0x1B, 0x1A, 0x1A, 0xCB,
    0x1B, 0x18, 0x18, 0xC3, 0x1B, 0x1A, 0x1A, 0xDC, 0x1C, 0x1C, 0x1A, 0x90, 0x00, 0x00, 0x00, 0x00,
    0x00, 0x00, 0x00, 0x04, 0x0E, 0x0E, 0x0E, 0x56, 0x10, 0x10, 0x10, 0x2E, 0x00, 0x00, 0x00, 0x00,
    0x0F, 0x0F, 0x0A, 0x33, 0x30, 0x2F, 0x2D, 0xF5, 0x2A, 0x28, 0x27, 0xEB, 0x32, 0x31, 0x2D, 0xC4,
    0x4A, 0x49, 0x44, 0xE9, 0x5F, 0x5A, 0x57, 0xFB, 0x3B, 0x37, 0x35, 0x7D, 0x24, 0x21, 0x21, 0xC6,
    0x22, 0x1E, 0x1E, 0x7E, 0x15, 0x13, 0x12, 0x9A, 0x22, 0x21, 0x21, 0xB1, 0x34, 0x31, 0x2F, 0xFD,
    0x1E, 0x1E, 0x1C, 0x97, 0x00, 0x00, 0x00, 0x11, 0x29, 0x26, 0x26, 0xEF, 0x25, 0x21, 0x20, 0xEA,
    0x0F, 0x0F, 0x0C, 0x64, 0x00, 0x0A, 0x00, 0x18, 0x1C, 0x1C, 0x1B, 0xC3, 0x23, 0x21, 0x20, 0xFF,
    0x21, 0x1F, 0x1E, 0xFB, 0x1F, 0x1D, 0x1D, 0xF1, 0x20, 0x1E, 0x1C, 0xEE, 0x1F, 0x1C, 0x1C, 0xEE,
    0x1D, 0x1C, 0x1C, 0xE7, 0x1E, 0x1C, 0x1D, 0xE3, 0x1D, 0x1B, 0x1B, 0xD7, 0x1A, 0x17, 0x17, 0xA3,
    0x1B, 0x1A, 0x1A, 0xCD, 0x1C, 0x1B, 0x1A, 0xD5, 0x1B, 0x1A, 0x1A, 0xCC, 0x1A, 0x18, 0x18, 0xB9,
    0x19, 0x18, 0x16, 0xB2, 0x17, 0x16, 0x16, 0xA2, 0x17, 0x15, 0x14, 0x99, 0x16, 0x12, 0x12, 0x94,
    0x14, 0x14, 0x0F, 0x32, 0x00, 0x00, 0x00, 0x00, 0x0F, 0x0F, 0x0B, 0x42, 0x15, 0x13, 0x11, 0x81,
    0x15, 0x13, 0x11, 0x82, 0x12, 0x12, 0x12, 0x29, 0x00, 0x00, 0x00, 0x00, 0x00, 0x00, 0x00, 0x01,
    0x00, 0x00, 0x00, 0x00, 0x00, 0x00, 0x00, 0x00, 0x00, 0x00, 0x00, 0x07, 0x11, 0x11, 0x11, 0x47,
    0x00, 0x00, 0x00, 0x26, 0x49, 0x46, 0x42, 0x45, 0x59, 0x54, 0x50, 0xFF, 0x37, 0x35, 0x32, 0x8E,
    0x3B, 0x3A, 0x3A, 0xBC, 0x86, 0x83, 0x81, 0xFF, 0xBA, 0xB6, 0xB3, 0xFD, 0xC0, 0xBB, 0xB7, 0xFF,
    0x7C, 0x77, 0x73, 0xFF, 0x3A, 0x37, 0x33, 0xFF, 0x28, 0x26, 0x22, 0xFC, 0x3E, 0x3B, 0x37, 0xFF,
    0x42, 0x3E, 0x3B, 0x51, 0x00, 0x00, 0x00, 0x00, 0x3F, 0x3F, 0x3F, 0x04, 0x00, 0x00, 0x00, 0x00,
    0x00, 0x00, 0x00, 0x00, 0x00, 0x00, 0x00, 0x00, 0x00, 0x00, 0x00, 0x00, 0x00, 0x00, 0x00, 0x00,
    0x00, 0x00, 0x00, 0x00, 0x00, 0x00, 0x00, 0x00, 0x00, 0x00, 0x00, 0x00, 0x00, 0x00, 0x00, 0x00,
    0x00, 0x00, 0x00, 0x00, 0x00, 0x00, 0x00, 0x00, 0x00, 0x00, 0x00, 0x00, 0x00, 0x00, 0x00, 0x00,
    0x00, 0x00, 0x00, 0x00, 0x00, 0x00, 0x00, 0x00, 0x00, 0x00, 0x00, 0x00, 0x00, 0x00, 0x00, 0x00,
    0x00, 0x00, 0x00, 0x00, 0x00, 0x00, 0x00, 0x02, 0x00, 0x00, 0x00, 0x00, 0x27, 0x27, 0x27, 0x1A,
    0x2C, 0x2A, 0x29, 0xF6, 0x24, 0x21, 0x1F, 0xFF, 0x34, 0x31, 0x31, 0xFF, 0x6A, 0x65, 0x62, 0xFF,
    0xC6, 0xC1, 0xBE, 0xFF, 0x8F, 0x8B, 0x87, 0xFF, 0x38, 0x35, 0x32, 0xFC, 0x2C, 0x2A, 0x28, 0xCA,
    0x19, 0x19, 0x16, 0x65, 0x98, 0x92, 0x8E, 0xFF, 0x6B, 0x68, 0x63, 0xD0, 0x08, 0x08, 0x06, 0x7B,
    0x3C, 0x39, 0x34, 0xFF, 0x21, 0x1F, 0x1D, 0xA2, 0x07, 0x07, 0x07, 0x21, 0x00, 0x00, 0x00, 0x00,
    0x00, 0x00, 0x00, 0x04, 0x00, 0x00, 0x00, 0x00, 0x1A, 0x1A, 0x1A, 0x27, 0x24, 0x22, 0x22, 0xE8,
    0x39, 0x34, 0x31, 0xFF, 0x2F, 0x2B, 0x2A, 0xFF, 0x1B, 0x19, 0x18, 0xDC, 0x14, 0x14, 0x11, 0x56,
    0x12, 0x15, 0x12, 0x54, 0x18, 0x18, 0x17, 0xB9, 0x1A, 0x18, 0x18, 0xBD, 0x19, 0x18, 0x18, 0xBB,
    0x19, 0x19, 0x18, 0xBD, 0x1B, 0x18, 0x17, 0xC6, 0x1B, 0x17, 0x17, 0xC4, 0x19, 0x18, 0x16, 0xB4,
    0x20, 0x1E, 0x1D, 0xFC, 0x20, 0x1E, 0x1E, 0x84, 0x13, 0x11, 0x11, 0x69, 0x19, 0x18, 0x16, 0xBD,
    0x19, 0x18, 0x16, 0xB2, 0x19, 0x18, 0x16, 0xB4, 0x1A, 0x18, 0x18, 0xBD, 0x1A, 0x18, 0x18, 0xBD,
    0x1A, 0x18, 0x17, 0xB8, 0x1A, 0x19, 0x19, 0xD1, 0x19, 0x19, 0x19, 0x81, 0x00, 0x00, 0x00, 0x00,
    0x00, 0x00, 0x00, 0x02, 0x12, 0x0F, 0x0F, 0x53, 0x13, 0x0E, 0x0E, 0x35, 0x00, 0x00, 0x00, 0x00,
    0x0D, 0x0D, 0x0D, 0x39, 0x30, 0x2F, 0x2E, 0xF5, 0x2A, 0x29, 0x27, 0xEE, 0x2B, 0x2B, 0x29, 0xAE,
    0x34, 0x32, 0x2F, 0xAB, 0x52, 0x4D, 0x4A, 0xFA, 0x26, 0x23, 0x23, 0x90, 0x29, 0x26, 0x25, 0xDB,
    0x21, 0x1F, 0x1F, 0x79, 0x1F, 0x1D, 0x1B, 0xF0, 0x1E, 0x1C, 0x1B, 0xC6, 0x2A, 0x28, 0x25, 0xFF,
    0x22, 0x22, 0x22, 0x94, 0x00, 0x00, 0x00, 0x14, 0x29, 0x27, 0x26, 0xF9, 0x22, 0x20, 0x1D, 0xDE,
    0x0B, 0x0E, 0x0B, 0x5A, 0x00, 0x00, 0x00, 0x11, 0x1C, 0x1C, 0x19, 0xB5, 0x23, 0x20, 0x20, 0xFF,
    0x21, 0x1E, 0x1E, 0xF9, 0x1F, 0x1E, 0x1D, 0xED, 0x1C, 0x1B, 0x1B, 0xDC, 0x1D, 0x1C, 0x1B, 0xE0,
    0x1D, 0x1B, 0x1B, 0xD8, 0x1D, 0x1A, 0x1B, 0xDF, 0x1C, 0x19, 0x1B, 0xCE, 0x18, 0x16, 0x16, 0x93,
    0x19, 0x18, 0x16, 0xB4, 0x1A, 0x19, 0x19, 0xC1, 0x1A, 0x19, 0x19, 0xC1, 0x19, 0x18, 0x18, 0xBB,
    0x17, 0x17, 0x16, 0xAB, 0x18, 0x15, 0x15, 0xA6, 0x16, 0x14, 0x14, 0x95, 0x16, 0x14, 0x12, 0x94,
    0x12, 0x12, 0x0C, 0x2A, 0x00, 0x00, 0x00, 0x01, 0x0C, 0x0C, 0x0C, 0x3D, 0x12, 0x12, 0x12, 0x79,
    0x15, 0x13, 0x12, 0x8D, 0x13, 0x0E, 0x0E, 0x34, 0x00, 0x00, 0x00, 0x00, 0x00, 0x00, 0x00, 0x02,
    0x00, 0x00, 0x00, 0x00, 0x00, 0x00, 0x00, 0x00, 0x00, 0x00, 0x00, 0x04, 0x13, 0x13, 0x11, 0x67,
    0x00, 0x00, 0x00, 0x24, 0x42, 0x42, 0x3D, 0x36, 0x57, 0x53, 0x4F, 0xFF, 0x3B, 0x38, 0x34, 0x91,
    0x3A, 0x3A, 0x39, 0xBA, 0x85, 0x82, 0x80, 0xFF, 0xBA, 0xB5, 0xB2, 0xFD, 0xC1, 0xBC, 0xB7, 0xFF,
    0x7D, 0x77, 0x74, 0xFF, 0x3B, 0x37, 0x35, 0xFF, 0x28, 0x25, 0x22, 0xFC, 0x40, 0x3C, 0x38, 0xFF,
    0x48, 0x48, 0x42, 0x51, 0x00, 0x00, 0x00, 0x00, 0x3F, 0x3F, 0x3F, 0x04, 0x00, 0x00, 0x00, 0x00,
    0x00, 0x00, 0x00, 0x00, 0x00, 0x00, 0x00, 0x00, 0x00, 0x00, 0x00, 0x00, 0x00, 0x00, 0x00, 0x00,
    0x00, 0x00, 0x00, 0x00, 0x00, 0x00, 0x00, 0x00, 0x00, 0x00, 0x00, 0x00, 0x00, 0x00, 0x00, 0x00,
    0x00, 0x00, 0x00, 0x00, 0x00, 0x00, 0x00, 0x00, 0x00, 0x00, 0x00, 0x00, 0x00, 0x00, 0x00, 0x00,
    0x00, 0x00, 0x00, 0x00, 0x00, 0x00, 0x00, 0x00, 0x00, 0x00, 0x00, 0x00, 0x00, 0x00, 0x00, 0x00,
    0x00, 0x00, 0x00, 0x00, 0x00, 0x00, 0x00, 0x02, 0x00, 0x00, 0x00, 0x00, 0x2D, 0x2D, 0x24, 0x1C,
    0x2C, 0x2A, 0x2A, 0xF8, 0x23, 0x21, 0x20, 0xFF, 0x35, 0x32, 0x31, 0xFF, 0x6A, 0x65, 0x64, 0xFF,
    0xC7, 0xC2, 0xC0, 0xFE, 0x8D, 0x89, 0x85, 0xFF, 0x38, 0x34, 0x31, 0xFB, 0x2B, 0x2A, 0x29, 0xCB,
    0x1B, 0x1B, 0x19, 0x65, 0x9B, 0x95, 0x90, 0xFF, 0x66, 0x62, 0x5E, 0xC2, 0x0A, 0x0C, 0x0A, 0x77,
    0x40, 0x3D, 0x38, 0xFE, 0x2B, 0x2A, 0x27, 0xC1, 0x00, 0x00, 0x00, 0x17, 0x00, 0x00, 0x00, 0x00,
    0x00, 0x00, 0x00, 0x04, 0x00, 0x00, 0x00, 0x00, 0x17, 0x17, 0x17, 0x2B, 0x25, 0x22, 0x21, 0xEA,
    0x38, 0x35, 0x32, 0xFF, 0x2D, 0x2C, 0x29, 0xFE, 0x1B, 0x18, 0x18, 0xD7, 0x13, 0x13, 0x13, 0x5C,
    0x13, 0x13, 0x10, 0x5D, 0x19, 0x17, 0x16, 0xB7, 0x1A, 0x17, 0x16, 0xB8, 0x1A, 0x17, 0x17, 0xC2,
    0x19, 0x18, 0x17, 0xBB, 0x19, 0x18, 0x17, 0xBB, 0x18, 0x18, 0x17, 0xB1, 0x18, 0x17, 0x17, 0xAF,
    0x1D, 0x1B, 0x1B, 0xE8, 0x1E, 0x1E, 0x1C, 0x86, 0x0F, 0x0F, 0x0F, 0x54, 0x18, 0x17, 0x15, 0xAF,
    0x18, 0x17, 0x17, 0xA6, 0x18, 0x15, 0x15, 0xA5, 0x19, 0x16, 0x16, 0xAC, 0x19, 0x17, 0x16, 0xAC,
    0x1A, 0x17, 0x15, 0xAF, 0x1A, 0x19, 0x17, 0xCC, 0x18, 0x18, 0x16, 0x71, 0x00, 0x00, 0x00, 0x00,
    0x00, 0x00, 0x00, 0x00, 0x0F, 0x0F, 0x0F, 0x44, 0x14, 0x0F, 0x0F, 0x32, 0x00, 0x00, 0x00, 0x00,
    0x0C, 0x0C, 0x0C, 0x3C, 0x32, 0x30, 0x2F, 0xF8, 0x2A, 0x28, 0x27, 0xF7, 0x25, 0x23, 0x22, 0xE3,
    0x3E, 0x3C, 0x3A, 0xED, 0x43, 0x41, 0x3F, 0xF9, 0x1D, 0x1D, 0x1A, 0xA3, 0x2E, 0x2B, 0x29, 0xEC,
    0x25, 0x23, 0x23, 0x5E, 0x26, 0x24, 0x23, 0xFF, 0x26, 0x24, 0x21, 0xFF, 0x20, 0x1F, 0x1D, 0xD2,
    0x18, 0x18, 0x18, 0x53, 0x0C, 0x13, 0x0C, 0x28, 0x2B, 0x29, 0x29, 0xFF, 0x21, 0x1E, 0x1E, 0xD8,
    0x0E, 0x0E, 0x0B, 0x5A, 0x00, 0x00, 0x00, 0x0E, 0x1C, 0x1B, 0x19, 0xAA, 0x21, 0x1F, 0x1E, 0xFD,
    0x1F, 0x1E, 0x1D, 0xEB, 0x1D, 0x1C, 0x1C, 0xE2, 0x1D, 0x1B, 0x1A, 0xDE, 0x1C, 0x1A, 0x1A, 0xD4,
    0x1C, 0x19, 0x19, 0xD0, 0x1C, 0x19, 0x19, 0xC8, 0x1B, 0x19, 0x19, 0xC9, 0x19, 0x15, 0x15, 0x8E,
    0x18, 0x16, 0x14, 0x9F, 0x19, 0x18, 0x16, 0xB2, 0x1A, 0x19, 0x18, 0xBF, 0x1A, 0x17, 0x17, 0xB7,
    0x18, 0x17, 0x17, 0xAE, 0x18, 0x16, 0x14, 0x9F, 0x16, 0x14, 0x14, 0x95, 0x14, 0x12, 0x12, 0x8A,
    0x13, 0x13, 0x13, 0x28, 0x00, 0x00, 0x00, 0x01, 0x0C, 0x0C, 0x0C, 0x3C, 0x14, 0x12, 0x12, 0x7F,
    0x15, 0x13, 0x11, 0x8E, 0x0F, 0x0F, 0x0F, 0x32, 0x00, 0x00, 0x00, 0x00, 0x00, 0x00, 0x00, 0x02,
    0x00, 0x00, 0x00, 0x01, 0x00, 0x00, 0x00, 0x00, 0x12, 0x1B, 0x1B, 0x1C, 0x14, 0x14, 0x12, 0x7E,
    0x00, 0x00, 0x00, 0x1A, 0x32, 0x29, 0x29, 0x3D, 0x56, 0x52, 0x4E, 0xFF, 0x3F, 0x3D, 0x39, 0x8D,
    0x39, 0x37, 0x37, 0xB7, 0x83, 0x80, 0x7F, 0xFF, 0xB9, 0xB5, 0xB1, 0xFD, 0xC0, 0xBB, 0xB7, 0xFF,
    0x7E, 0x79, 0x75, 0xFF, 0x3B, 0x37, 0x35, 0xFF, 0x29, 0x25, 0x22, 0xFC, 0x3F, 0x3B, 0x37, 0xFF,
    0x48, 0x45, 0x42, 0x51, 0x00, 0x00, 0x00, 0x00, 0x3F, 0x3F, 0x3F, 0x04, 0x00, 0x00, 0x00, 0x00,
    0x00, 0x00, 0x00, 0x00, 0x00, 0x00, 0x00, 0x00, 0x00, 0x00, 0x00, 0x00, 0x00, 0x00, 0x00, 0x00,
    0x00, 0x00, 0x00, 0x00, 0x00, 0x00, 0x00, 0x00, 0x00, 0x00, 0x00, 0x00, 0x00, 0x00, 0x00, 0x00,
    0x00, 0x00, 0x00, 0x00, 0x00, 0x00, 0x00, 0x00, 0x00, 0x00, 0x00, 0x00, 0x00, 0x00, 0x00, 0x00,
    0x00, 0x00, 0x00, 0x00, 0x00, 0x00, 0x00, 0x00, 0x00, 0x00, 0x00, 0x00, 0x00, 0x00, 0x00, 0x00,
    0x00, 0x00, 0x00, 0x00, 0x00, 0x00, 0x00, 0x02, 0x00, 0x00, 0x00, 0x00, 0x2D, 0x2D, 0x2D, 0x1C,
    0x2D, 0x2A, 0x29, 0xF8, 0x24, 0x20, 0x1F, 0xFF, 0x36, 0x33, 0x32, 0xFE, 0x6B, 0x66, 0x64, 0xFF,
    0xC9, 0xC3, 0xC0, 0xFE, 0x8C, 0x88, 0x84, 0xFF, 0x3A, 0x36, 0x33, 0xF9, 0x2D, 0x2C, 0x28, 0xCA,
    0x20, 0x1E, 0x1E, 0x65, 0x9C, 0x97, 0x92, 0xFF, 0x5F, 0x5B, 0x57, 0xC0, 0x0C, 0x0F, 0x0A, 0x77,
    0x41, 0x3E, 0x39, 0xFF, 0x32, 0x2F, 0x2C, 0xD0, 0x00, 0x00, 0x00, 0x0E, 0x01, 0x00, 0x00, 0x00,
    0x00, 0x00, 0x00, 0x03, 0x00, 0x00, 0x00, 0x00, 0x19, 0x19, 0x19, 0x28, 0x23, 0x20, 0x20, 0xE8,
    0x36, 0x33, 0x30, 0xFF, 0x2C, 0x2A, 0x27, 0xFF, 0x1B, 0x18, 0x18, 0xCF, 0x12, 0x0F, 0x0F, 0x51,
    0x14, 0x11, 0x11, 0x57, 0x1A, 0x17, 0x15, 0xBA, 0x1A, 0x19, 0x16, 0xB7, 0x1A, 0x17, 0x17, 0xC3,
    0x1A, 0x17, 0x17, 0xB9, 0x18, 0x17, 0x17, 0xB0, 0x1A, 0x17, 0x17, 0xB0, 0x17, 0x14, 0x16, 0xA0,
    0x1C, 0x1A, 0x1A, 0xDC, 0x1D, 0x1D, 0x1B, 0x81, 0x0D, 0x0D, 0x0D, 0x4A, 0x15, 0x15, 0x15, 0x9B,
    0x17, 0x15, 0x15, 0x98, 0x15, 0x13, 0x13, 0x8E, 0x16, 0x14, 0x14, 0x93, 0x16, 0x16, 0x14, 0x96,
    0x17, 0x15, 0x14, 0x99, 0x18, 0x16, 0x16, 0xB2, 0x16, 0x16, 0x16, 0x64, 0x00, 0x00, 0x00, 0x00,
    0x00, 0x00, 0x00, 0x00, 0x0E, 0x0E, 0x0E, 0x35, 0x0D, 0x0D, 0x0D, 0x27, 0x00, 0x00, 0x00, 0x00,
    0x0A, 0x0A, 0x0A, 0x33, 0x32, 0x31, 0x2D, 0xEF, 0x30, 0x2E, 0x2A, 0xFF, 0x20, 0x20, 0x1D, 0xDF,
    0x4D, 0x4C, 0x49, 0xEC, 0x42, 0x40, 0x3C, 0xEE, 0x20, 0x1E, 0x1C, 0x8F, 0x2D, 0x2B, 0x29, 0xEF,
    0x26, 0x26, 0x22, 0x43, 0x20, 0x1F, 0x1E, 0xCA, 0x1C, 0x1B, 0x19, 0x96, 0x18, 0x18, 0x16, 0x71,
    0x16, 0x16, 0x16, 0x5A, 0x0F, 0x0F, 0x0F, 0x20, 0x2A, 0x28, 0x27, 0xFF, 0x21, 0x1E, 0x1C, 0xDC,
    0x0E, 0x0E, 0x0B, 0x58, 0x00, 0x00, 0x00, 0x0D, 0x19, 0x19, 0x19, 0x9D, 0x1F, 0x1E, 0x1D, 0xFD,
    0x1F, 0x1D, 0x1B, 0xED, 0x1E, 0x1B, 0x1A, 0xE4, 0x1E, 0x1A, 0x19, 0xDD, 0x1B, 0x19, 0x19, 0xCC,
    0x19, 0x18, 0x18, 0xBB, 0x1A, 0x17, 0x16, 0xB5, 0x1A, 0x17, 0x17, 0xAE, 0x18, 0x15, 0x15, 0x85,
    0x14, 0x12, 0x12, 0x88, 0x17, 0x15, 0x13, 0x9B, 0x18, 0x17, 0x15, 0xA5, 0x18, 0x16, 0x16, 0xA7,
    0x18, 0x16, 0x15, 0xA7, 0x17, 0x14, 0x14, 0x95, 0x16, 0x14, 0x13, 0x92, 0x14, 0x13, 0x11, 0x86,
    0x0F, 0x0F, 0x0F, 0x21, 0x00, 0x00, 0x00, 0x01, 0x0C, 0x0C, 0x0C, 0x3C, 0x13, 0x11, 0x11, 0x77,
    0x13, 0x11, 0x11, 0x81, 0x0E, 0x0E, 0x0E, 0x23, 0x00, 0x00, 0x00, 0x00, 0x00, 0x00, 0x00, 0x01,
    0x00, 0x00, 0x00, 0x02, 0x00, 0x00, 0x00, 0x00, 0x15, 0x1B, 0x15, 0x2F, 0x13, 0x14, 0x13, 0x86,
    0x00, 0x00, 0x00, 0x1A, 0x28, 0x22, 0x28, 0x2C, 0x55, 0x50, 0x4D, 0xFB, 0x41, 0x40, 0x3C, 0x8F,
    0x36, 0x35, 0x33, 0xB6, 0x82, 0x7F, 0x7C, 0xFF, 0xB8, 0xB3, 0xB1, 0xFD, 0xC0, 0xBB, 0xB7, 0xFF,
    0x7E, 0x78, 0x76, 0xFF, 0x3B, 0x36, 0x36, 0xFF, 0x27, 0x24, 0x23, 0xFC, 0x3D, 0x39, 0x36, 0xFF,
    0x48, 0x45, 0x42, 0x51, 0x00, 0x00, 0x00, 0x00, 0x3F, 0x3F, 0x3F, 0x04, 0x00, 0x00, 0x00, 0x00,
    0x00, 0x00, 0x00, 0x00, 0x00, 0x00, 0x00, 0x00, 0x00, 0x00, 0x00, 0x00, 0x00, 0x00, 0x00, 0x00,
    0x00, 0x00, 0x00, 0x00, 0x00, 0x00, 0x00, 0x00, 0x00, 0x00, 0x00, 0x00, 0x00, 0x00, 0x00, 0x00,
    0x00, 0x00, 0x00, 0x00, 0x00, 0x00, 0x00, 0x00, 0x00, 0x00, 0x00, 0x00, 0x00, 0x00, 0x00, 0x00,
    0x00, 0x00, 0x00, 0x00, 0x00, 0x00, 0x00, 0x00, 0x00, 0x00, 0x00, 0x00, 0x00, 0x00, 0x00, 0x00,
    0x00, 0x00, 0x00, 0x00, 0x00, 0x00, 0x00, 0x02, 0x00, 0x00, 0x00, 0x00, 0x2D, 0x2D, 0x2D, 0x1C,
    0x2D, 0x2A, 0x28, 0xF8, 0x23, 0x21, 0x20, 0xFF, 0x36, 0x33, 0x32, 0xFF, 0x6D, 0x68, 0x66, 0xFF,
    0xC8, 0xC4, 0xBF, 0xFE, 0x8C, 0x88, 0x84, 0xFF, 0x39, 0x37, 0x33, 0xF9, 0x2D, 0x2C, 0x2A, 0xCA,
    0x20, 0x20, 0x20, 0x65, 0x9E, 0x99, 0x93, 0xFF, 0x5B, 0x57, 0x53, 0xBD, 0x0E, 0x10, 0x0E, 0x7A,
    0x42, 0x3F, 0x3A, 0xFF, 0x33, 0x31, 0x2E, 0xDD, 0x00, 0x00, 0x00, 0x16, 0x00, 0x00, 0x00, 0x00,
    0x00, 0x00, 0x00, 0x03, 0x00, 0x00, 0x00, 0x00, 0x12, 0x12, 0x12, 0x1B, 0x1F, 0x1F, 0x1E, 0xD8,
    0x32, 0x2F, 0x2C, 0xFF, 0x2A, 0x27, 0x25, 0xFF, 0x1A, 0x18, 0x17, 0xCD, 0x13, 0x10, 0x10, 0x4F,
    0x13, 0x13, 0x10, 0x4D, 0x19, 0x17, 0x16, 0xB7, 0x1A, 0x18, 0x17, 0xB9, 0x1A, 0x17, 0x16, 0xB7,
    0x19, 0x17, 0x16, 0xB5, 0x18, 0x16, 0x16, 0xA7, 0x1A, 0x17, 0x15, 0xB0, 0x18, 0x15, 0x16, 0xA7,
    0x1C, 0x1B, 0x1A, 0xE6, 0x1F, 0x1D, 0x1B, 0x8A, 0x0F, 0x0B, 0x0B, 0x43, 0x15, 0x13, 0x13, 0x8F,
    0x14, 0x14, 0x12, 0x87, 0x16, 0x13, 0x13, 0x91, 0x16, 0x14, 0x12, 0x96, 0x16, 0x12, 0x12, 0x88,
    0x14, 0x13, 0x13, 0x86, 0x16, 0x16, 0x14, 0xA1, 0x15, 0x15, 0x12, 0x53, 0x00, 0x00, 0x00, 0x00,
    0x00, 0x00, 0x00, 0x00, 0x0C, 0x0C, 0x0C, 0x2A, 0x09, 0x12, 0x09, 0x1B, 0x00, 0x00, 0x00, 0x00,
    0x05, 0x05, 0x05, 0x2C, 0x31, 0x30, 0x2D, 0xE6, 0x35, 0x32, 0x2F, 0xFE, 0x24, 0x23, 0x20, 0xF3,
    0x2D, 0x2B, 0x29, 0xFF, 0x40, 0x3E, 0x39, 0xFF, 0x1F, 0x1F, 0x1B, 0x81, 0x2D, 0x2A, 0x26, 0xEE,
    0x25, 0x21, 0x1E, 0x44, 0x05, 0x05, 0x05, 0x32, 0x0E, 0x0E, 0x0E, 0x35, 0x20, 0x20, 0x1D, 0xAB,
    0x1A, 0x18, 0x15, 0x6A, 0x00, 0x00, 0x00, 0x0F, 0x26, 0x25, 0x24, 0xF4, 0x1F, 0x1E, 0x1C, 0xD8,
    0x0E, 0x0E, 0x0B, 0x58, 0x00, 0x00, 0x00, 0x0E, 0x1A, 0x1A, 0x19, 0x99, 0x20, 0x1C, 0x1C, 0xF7,
    0x1E, 0x1C, 0x1B, 0xE9, 0x1D, 0x1B, 0x1B, 0xE0, 0x1C, 0x1B, 0x19, 0xCF, 0x1B, 0x19, 0x17, 0xCA,
    0x1A, 0x18, 0x17, 0xB9, 0x18, 0x16, 0x15, 0xA7, 0x19, 0x16, 0x16, 0xA1, 0x18, 0x16, 0x14, 0x7F,
    0x14, 0x12, 0x12, 0x88, 0x16, 0x14, 0x13, 0x93, 0x16, 0x14, 0x12, 0x94, 0x15, 0x13, 0x13, 0x90,
    0x15, 0x13, 0x13, 0x8E, 0x15, 0x13, 0x13, 0x8F, 0x16, 0x14, 0x12, 0x95, 0x13, 0x11, 0x0F, 0x80,
    0x12, 0x12, 0x12, 0x1C, 0x00, 0x00, 0x00, 0x00, 0x0D, 0x0D, 0x0D, 0x37, 0x13, 0x11, 0x11, 0x78,
    0x11, 0x11, 0x0F, 0x72, 0x11, 0x11, 0x08, 0x1D, 0x00, 0x00, 0x00, 0x00, 0x00, 0x00, 0x00, 0x01,
    0x00, 0x00, 0x00, 0x02, 0x00, 0x00, 0x00, 0x00, 0x18, 0x18, 0x18, 0x34, 0x16, 0x16, 0x14, 0x93,
    0x00, 0x00, 0x00, 0x26, 0x29, 0x29, 0x20, 0x1F, 0x56, 0x52, 0x4E, 0xF4, 0x40, 0x3D, 0x3C, 0x9D,
    0x34, 0x34, 0x32, 0xB5, 0x80, 0x7E, 0x7C, 0xFF, 0xB8, 0xB3, 0xAF, 0xFD, 0xC1, 0xBC, 0xB7, 0xFF,
    0x7E, 0x78, 0x76, 0xFF, 0x3A, 0x36, 0x37, 0xFF, 0x27, 0x23, 0x23, 0xFC, 0x3D, 0x39, 0x37, 0xFF,
    0x4B, 0x48, 0x45, 0x51, 0x00, 0x00, 0x00, 0x00, 0x3F, 0x3F, 0x3F, 0x04, 0x00, 0x00, 0x00, 0x00,
    0x00, 0x00, 0x00, 0x00, 0x00, 0x00, 0x00, 0x00, 0x00, 0x00, 0x00, 0x00, 0x00, 0x00, 0x00, 0x00,
    0x00, 0x00, 0x00, 0x00, 0x00, 0x00, 0x00, 0x00, 0x00, 0x00, 0x00, 0x00, 0x00, 0x00, 0x00, 0x00,
    0x00, 0x00, 0x00, 0x00, 0x00, 0x00, 0x00, 0x00, 0x00, 0x00, 0x00, 0x00, 0x00, 0x00, 0x00, 0x00,
    0x00, 0x00, 0x00, 0x00, 0x00, 0x00, 0x00, 0x00, 0x00, 0x00, 0x00, 0x00, 0x00, 0x00, 0x00, 0x00,
    0x00, 0x00, 0x00, 0x00, 0x00, 0x00, 0x00, 0x02, 0x00, 0x00, 0x00, 0x00, 0x36, 0x2D, 0x36, 0x1C,
    0x2D, 0x2B, 0x29, 0xF8, 0x23, 0x21, 0x21, 0xFF, 0x37, 0x34, 0x33, 0xFE, 0x6F, 0x69, 0x67, 0xFF,
    0xC9, 0xC5, 0xC1, 0xFE, 0x8B, 0x88, 0x83, 0xFF, 0x3B, 0x38, 0x34, 0xFA, 0x2C, 0x2C, 0x27, 0xCD,
    0x22, 0x1F, 0x1D, 0x68, 0x9F, 0x9A, 0x95, 0xFF, 0x59, 0x55, 0x51, 0xBF, 0x0F, 0x0F, 0x0D, 0x80,
    0x44, 0x41, 0x3B, 0xFF, 0x34, 0x30, 0x2D, 0xD6, 0x00, 0x00, 0x00, 0x26, 0x00, 0x00, 0x00, 0x00,
    0x00, 0x00, 0x00, 0x02, 0x00, 0x00, 0x00, 0x00, 0x00, 0x00, 0x00, 0x08, 0x1E, 0x1D, 0x1C, 0xB5,
    0x30, 0x2D, 0x2C, 0xFF, 0x29, 0x26, 0x25, 0xFF, 0x1B, 0x18, 0x17, 0xCF, 0x11, 0x11, 0x0D, 0x4A,
    0x0F, 0x13, 0x13, 0x42, 0x18, 0x16, 0x15, 0xB2, 0x1A, 0x18, 0x17, 0xBA, 0x1A, 0x18, 0x16, 0xB8,
    0x1A, 0x17, 0x16, 0xB7, 0x19, 0x16, 0x16, 0xAA, 0x19, 0x17, 0x16, 0xB5, 0x19, 0x17, 0x16, 0xAC,
    0x1F, 0x1C, 0x1C, 0xF3, 0x20, 0x1E, 0x1B, 0x96, 0x0C, 0x0C, 0x08, 0x3F, 0x15, 0x13, 0x11, 0x84,
    0x15, 0x13, 0x13, 0x83, 0x16, 0x14, 0x12, 0x8A, 0x16, 0x13, 0x13, 0x91, 0x14, 0x12, 0x11, 0x87,
    0x14, 0x12, 0x10, 0x7C, 0x16, 0x14, 0x11, 0x93, 0x17, 0x17, 0x13, 0x42, 0x00, 0x00, 0x00, 0x00,
    0x00, 0x00, 0x00, 0x01, 0x08, 0x08, 0x08, 0x1D, 0x12, 0x12, 0x12, 0x0E, 0x00, 0x00, 0x00, 0x00,
    0x05, 0x05, 0x05, 0x2F, 0x30, 0x2D, 0x2A, 0xEB, 0x3B, 0x37, 0x34, 0xFF, 0x2E, 0x2B, 0x28, 0xFB,
    0x28, 0x24, 0x23, 0xCB, 0x2F, 0x2E, 0x2B, 0xA0, 0x18, 0x16, 0x16, 0x73, 0x2E, 0x2B, 0x29, 0xF2,
    0x21, 0x21, 0x1F, 0x83, 0x1B, 0x1B, 0x1A, 0xB9, 0x1A, 0x1A, 0x19, 0xA2, 0x2C, 0x2B, 0x27, 0xE0,
    0x19, 0x19, 0x17, 0x63, 0x00, 0x00, 0x00, 0x04, 0x24, 0x22, 0x21, 0xDB, 0x20, 0x1E, 0x1E, 0xDD,
    0x0E, 0x0E, 0x0B, 0x59, 0x00, 0x00, 0x00, 0x0C, 0x19, 0x18, 0x18, 0x94, 0x1E, 0x1D, 0x1D, 0xF5,
    0x1D, 0x1C, 0x1C, 0xE0, 0x1C, 0x1B, 0x1A, 0xDC, 0x1C, 0x1A, 0x19, 0xD0, 0x1B, 0x19, 0x18, 0xC6,
    0x1A, 0x19, 0x16, 0xC0, 0x19, 0x16, 0x16, 0xAB, 0x19, 0x18, 0x16, 0xA9, 0x19, 0x17, 0x17, 0x83,
    0x16, 0x14, 0x12, 0x89, 0x15, 0x15, 0x13, 0x90, 0x15, 0x13, 0x12, 0x8D, 0x16, 0x12, 0x12, 0x89,
    0x15, 0x14, 0x12, 0x8C, 0x15, 0x13, 0x13, 0x8D, 0x16, 0x13, 0x13, 0x92, 0x15, 0x13, 0x11, 0x84,
    0x15, 0x15, 0x0A, 0x18, 0x00, 0x00, 0x00, 0x01, 0x0E, 0x0E, 0x09, 0x35, 0x12, 0x0F, 0x0F, 0x70,
    0x11, 0x0E, 0x0E, 0x57, 0x00, 0x00, 0x00, 0x0A, 0x00, 0x00, 0x00, 0x00, 0x00, 0x00, 0x00, 0x01,
    0x00, 0x00, 0x00, 0x02, 0x00, 0x00, 0x00, 0x00, 0x1E, 0x19, 0x19, 0x33, 0x19, 0x17, 0x14, 0xA3,
    0x09, 0x09, 0x04, 0x37, 0x28, 0x1E, 0x1E, 0x19, 0x56, 0x52, 0x4E, 0xEF, 0x3F, 0x3B, 0x39, 0xAC,
    0x33, 0x33, 0x32, 0xB7, 0x7F, 0x7D, 0x7B, 0xFF, 0xB7, 0xB2, 0xAE, 0xFD, 0xC0, 0xBC, 0xB7, 0xFF,
    0x7F, 0x7A, 0x77, 0xFF, 0x3B, 0x37, 0x37, 0xFF, 0x27, 0x24, 0x24, 0xFC, 0x3D, 0x38, 0x36, 0xFF,
    0x48, 0x48, 0x42, 0x54, 0x00, 0x00, 0x00, 0x00, 0x3F, 0x3F, 0x3F, 0x04, 0x00, 0x00, 0x00, 0x00,
    0x00, 0x00, 0x00, 0x00, 0x00, 0x00, 0x00, 0x00, 0x00, 0x00, 0x00, 0x00, 0x00, 0x00, 0x00, 0x00,
    0x00, 0x00, 0x00, 0x00, 0x00, 0x00, 0x00, 0x00, 0x00, 0x00, 0x00, 0x00, 0x00, 0x00, 0x00, 0x00,
    0x00, 0x00, 0x00, 0x00, 0x00, 0x00, 0x00, 0x00, 0x00, 0x00, 0x00, 0x00, 0x00, 0x00, 0x00, 0x00,
    0x00, 0x00, 0x00, 0x00, 0x00, 0x00, 0x00, 0x00, 0x00, 0x00, 0x00, 0x00, 0x00, 0x00, 0x00, 0x00,
    0x00, 0x00, 0x00, 0x00, 0x00, 0x00, 0x00, 0x02, 0x00, 0x00, 0x00, 0x00, 0x36, 0x36, 0x36, 0x1C,
    0x2C, 0x2B, 0x29, 0xF8, 0x23, 0x21, 0x21, 0xFF, 0x38, 0x35, 0x32, 0xFE, 0x6F, 0x6B, 0x68, 0xFF,
    0xC9, 0xC4, 0xC1, 0xFF, 0x8B, 0x87, 0x82, 0xFF, 0x3B, 0x38, 0x34, 0xFA, 0x2F, 0x2C, 0x2B, 0xCD,
    0x21, 0x1F, 0x1C, 0x6A, 0xA1, 0x9B, 0x97, 0xFF, 0x57, 0x53, 0x51, 0xC3, 0x11, 0x11, 0x0F, 0x82,
    0x45, 0x41, 0x3D, 0xFF, 0x33, 0x30, 0x2D, 0xD9, 0x04, 0x08, 0x04, 0x39, 0x00, 0x00, 0x00, 0x00,
    0x00, 0x00, 0x00, 0x03, 0x00, 0x00, 0x00, 0x02, 0x00, 0x00, 0x00, 0x00, 0x18, 0x18, 0x18, 0x73,
    0x29, 0x28, 0x26, 0xFE, 0x29, 0x27, 0x25, 0xFF, 0x1B, 0x19, 0x18, 0xCF, 0x11, 0x11, 0x0E, 0x57,
    0x13, 0x13, 0x0F, 0x43, 0x18, 0x16, 0x16, 0xB2, 0x1B, 0x18, 0x18, 0xBC, 0x1A, 0x17, 0x16, 0xB7,
    0x1A, 0x17, 0x16, 0xB8, 0x19, 0x16, 0x16, 0xB3, 0x1A, 0x17, 0x17, 0xBA, 0x18, 0x17, 0x17, 0xAE,
    0x1F, 0x1D, 0x1D, 0xF5, 0x21, 0x1C, 0x1D, 0xA2, 0x0A, 0x0E, 0x0A, 0x48, 0x15, 0x13, 0x11, 0x84,
    0x15, 0x14, 0x14, 0x8C, 0x15, 0x13, 0x13, 0x8D, 0x16, 0x14, 0x14, 0x88, 0x15, 0x13, 0x11, 0x83,
    0x12, 0x12, 0x10, 0x6E, 0x12, 0x12, 0x10, 0x7C, 0x12, 0x0E, 0x0E, 0x36, 0x00, 0x00, 0x00, 0x00,
    0x00, 0x00, 0x00, 0x01, 0x09, 0x09, 0x09, 0x1A, 0x00, 0x00, 0x00, 0x02, 0x00, 0x00, 0x00, 0x00,
    0x00, 0x00, 0x00, 0x28, 0x30, 0x2E, 0x2B, 0xE8, 0x36, 0x34, 0x30, 0xEB, 0x28, 0x25, 0x23, 0xF2,
    0x21, 0x1F, 0x1D, 0xDB, 0x1F, 0x1E, 0x1A, 0xA1, 0x1F, 0x1D, 0x1C, 0xAB, 0x26, 0x25, 0x24, 0xE8,
    0x25, 0x23, 0x22, 0xD1, 0x1D, 0x1C, 0x1A, 0xB5, 0x2E, 0x2B, 0x2B, 0xB5, 0x3D, 0x3C, 0x39, 0xFD,
    0x0E, 0x0E, 0x0A, 0x48, 0x00, 0x00, 0x00, 0x00, 0x21, 0x21, 0x20, 0xB7, 0x21, 0x1E, 0x1E, 0xED,
    0x0F, 0x0D, 0x0D, 0x60, 0x00, 0x00, 0x00, 0x10, 0x19, 0x19, 0x17, 0x82, 0x1D, 0x1C, 0x1C, 0xF2,
    0x1D, 0x1C, 0x1C, 0xE2, 0x1C, 0x1B, 0x1A, 0xD7, 0x1B, 0x1A, 0x1A, 0xD2, 0x1B, 0x19, 0x19, 0xCA,
    0x1A, 0x19, 0x18, 0xBF, 0x19, 0x18, 0x16, 0xB4, 0x1A, 0x19, 0x19, 0xB6, 0x17, 0x15, 0x15, 0x82,
    0x16, 0x15, 0x13, 0x91, 0x17, 0x15, 0x13, 0x9A, 0x15, 0x15, 0x13, 0x8F, 0x15, 0x14, 0x12, 0x8C,
    0x15, 0x13, 0x12, 0x8D, 0x16, 0x13, 0x13, 0x93, 0x14, 0x13, 0x13, 0x86, 0x13, 0x11, 0x0F, 0x75,
    0x0C, 0x0C, 0x0C, 0x14, 0x00, 0x00, 0x00, 0x00, 0x0C, 0x0C, 0x0C, 0x3C, 0x0F, 0x0D, 0x0D, 0x61,
    0x0D, 0x0D, 0x0D, 0x3A, 0x00, 0x00, 0x00, 0x02, 0x00, 0x00, 0x00, 0x00, 0x00, 0x00, 0x00, 0x00,
    0x00, 0x00, 0x00, 0x02, 0x00, 0x00, 0x00, 0x00, 0x1B, 0x1B, 0x1B, 0x2F, 0x17, 0x17, 0x15, 0xA6,
    0x09, 0x0D, 0x09, 0x38, 0x1D, 0x1D, 0x13, 0x1A, 0x56, 0x51, 0x4D, 0xF0, 0x3F, 0x3C, 0x39, 0xB5,
    0x31, 0x30, 0x30, 0xBE, 0x7F, 0x7C, 0x7B, 0xFF, 0xB6, 0xB1, 0xAE, 0xFD, 0xBE, 0xB9, 0xB7, 0xFF,
    0x7F, 0x7A, 0x77, 0xFF, 0x3B, 0x39, 0x37, 0xFF, 0x27, 0x24, 0x24, 0xFB, 0x3C, 0x37, 0x35, 0xFF,
    0x43, 0x40, 0x3D, 0x5F, 0x00, 0x00, 0x00, 0x00, 0x3F, 0x3F, 0x3F, 0x04, 0x00, 0x00, 0x00, 0x00,
    0x00, 0x00, 0x00, 0x00, 0x00, 0x00, 0x00, 0x00, 0x00, 0x00, 0x00, 0x00, 0x00, 0x00, 0x00, 0x00,
    0x00, 0x00, 0x00, 0x00, 0x00, 0x00, 0x00, 0x00, 0x00, 0x00, 0x00, 0x00, 0x00, 0x00, 0x00, 0x00,
    0x00, 0x00, 0x00, 0x00, 0x00, 0x00, 0x00, 0x00, 0x00, 0x00, 0x00, 0x00, 0x00, 0x00, 0x00, 0x00,
    0x00, 0x00, 0x00, 0x00, 0x00, 0x00, 0x00, 0x00, 0x00, 0x00, 0x00, 0x00, 0x00, 0x00, 0x00, 0x00,
    0x00, 0x00, 0x00, 0x00, 0x00, 0x00, 0x00, 0x02, 0x00, 0x00, 0x00, 0x00, 0x34, 0x3D, 0x34, 0x1D,
    0x2C, 0x2B, 0x28, 0xF9, 0x22, 0x21, 0x20, 0xFF, 0x37, 0x35, 0x33, 0xFE, 0x71, 0x6C, 0x69, 0xFF,
    0xCA, 0xC5, 0xC1, 0xFF, 0x8B, 0x88, 0x83, 0xFF, 0x3A, 0x37, 0x33, 0xFC, 0x2E, 0x2D, 0x2C, 0xCF,
    0x20, 0x1E, 0x1E, 0x6D, 0xA0, 0x9B, 0x97, 0xFF, 0x57, 0x53, 0x51, 0xC0, 0x11, 0x11, 0x0B, 0x86,
    0x45, 0x42, 0x3D, 0xFF, 0x33, 0x31, 0x2F, 0xDE, 0x14, 0x14, 0x11, 0x59, 0x00, 0x00, 0x00, 0x00,
    0x00, 0x00, 0x00, 0x02, 0x00, 0x00, 0x00, 0x07, 0x00, 0x00, 0x00, 0x00, 0x10, 0x14, 0x10, 0x3E,
    0x22, 0x1F, 0x1F, 0xE8, 0x29, 0x26, 0x25, 0xFF, 0x1C, 0x1B, 0x19, 0xDC, 0x12, 0x12, 0x0F, 0x61,
    0x12, 0x12, 0x0D, 0x38, 0x18, 0x15, 0x13, 0xA9, 0x19, 0x16, 0x16, 0xB3, 0x19, 0x17, 0x17, 0xAB,
    0x19, 0x18, 0x18, 0xB2, 0x1A, 0x18, 0x18, 0xBF, 0x1B, 0x18, 0x17, 0xBA, 0x19, 0x18, 0x18, 0xBC,
    0x20, 0x1E, 0x1E, 0xFA, 0x22, 0x1E, 0x1E, 0xA5, 0x0F, 0x0C, 0x0C, 0x51, 0x16, 0x14, 0x12, 0x94,
    0x17, 0x15, 0x13, 0x90, 0x16, 0x15, 0x13, 0x91, 0x15, 0x13, 0x13, 0x85, 0x12, 0x14, 0x12, 0x7C,
    0x11, 0x11, 0x0E, 0x68, 0x0F, 0x11, 0x0F, 0x65, 0x0F, 0x0F, 0x0F, 0x22, 0x00, 0x00, 0x00, 0x00,
    0x00, 0x00, 0x00, 0x01, 0x0F, 0x00, 0x00, 0x10, 0x00, 0x0F, 0x00, 0x10, 0x00, 0x00, 0x00, 0x01,
    0x00, 0x00, 0x00, 0x26, 0x2E, 0x2C, 0x28, 0xE7, 0x2C, 0x2C, 0x29, 0xBF, 0x26, 0x24, 0x20, 0xF9,
    0x32, 0x30, 0x2C, 0xFF, 0x33, 0x31, 0x2D, 0xFF, 0x32, 0x30, 0x2C, 0xFF, 0x2E, 0x2B, 0x28, 0xFC,
    0x34, 0x30, 0x2D, 0xFF, 0x31, 0x30, 0x2C, 0xCD, 0x3B, 0x38, 0x33, 0xC6, 0x3D, 0x3C, 0x38, 0xFF,
    0x00, 0x05, 0x00, 0x31, 0x00, 0x00, 0x00, 0x0B, 0x1C, 0x1C, 0x1C, 0x7E, 0x1F, 0x1E, 0x1D, 0xE4,
    0x0F, 0x0F, 0x0F, 0x64, 0x00, 0x00, 0x00, 0x10, 0x18, 0x16, 0x16, 0x7C, 0x1E, 0x1C, 0x1B, 0xF7,
    0x1E, 0x1D, 0x1C, 0xE8, 0x1D, 0x1C, 0x1B, 0xE0, 0x1C, 0x1B, 0x1A, 0xDC, 0x1C, 0x1A, 0x19, 0xD1,
    0x1B, 0x1A, 0x1A, 0xCC, 0x1A, 0x19, 0x17, 0xC0, 0x1A, 0x19, 0x19, 0xBE, 0x18, 0x16, 0x16, 0x89,
    0x17, 0x15, 0x14, 0x97, 0x17, 0x15, 0x14, 0xA4, 0x17, 0x15, 0x14, 0x99, 0x15, 0x14, 0x12, 0x8C,
    0x16, 0x14, 0x12, 0x8B, 0x15, 0x12, 0x10, 0x8C, 0x15, 0x11, 0x11, 0x81, 0x13, 0x10, 0x10, 0x6B,
    0x11, 0x11, 0x11, 0x0F, 0x00, 0x00, 0x00, 0x04, 0x0C, 0x0C, 0x0C, 0x3C, 0x0D, 0x0D, 0x0D, 0x4A,
    0x0C, 0x0C, 0x0C, 0x15, 0x00, 0x00, 0x00, 0x00, 0x00, 0x00, 0x00, 0x01, 0x00, 0x00, 0x00, 0x00,
    0x00, 0x00, 0x00, 0x02, 0x00, 0x00, 0x00, 0x00, 0x1A, 0x15, 0x15, 0x3A, 0x19, 0x19, 0x16, 0xB6,
    0x0B, 0x0B, 0x07, 0x40, 0x18, 0x18, 0x18, 0x15, 0x55, 0x51, 0x4E, 0xEE, 0x40, 0x3C, 0x39, 0xB9,
    0x2F, 0x2E, 0x2E, 0xC6, 0x7F, 0x7C, 0x7B, 0xFF, 0xB6, 0xB1, 0xAE, 0xFD, 0xBF, 0xBB, 0xB7, 0xFF,
    0x80, 0x7C, 0x77, 0xFF, 0x3C, 0x39, 0x37, 0xFF, 0x27, 0x24, 0x24, 0xFB, 0x3B, 0x37, 0x34, 0xFF,
    0x3E, 0x3B, 0x39, 0x6F, 0x00, 0x00, 0x00, 0x00, 0x3F, 0x3F, 0x3F, 0x04, 0x00, 0x00, 0x00, 0x00,
    0x00, 0x00, 0x00, 0x00, 0x00, 0x00, 0x00, 0x00, 0x00, 0x00, 0x00, 0x00, 0x00, 0x00, 0x00, 0x00,
    0x00, 0x00, 0x00, 0x00, 0x00, 0x00, 0x00, 0x00, 0x00, 0x00, 0x00, 0x00, 0x00, 0x00, 0x00, 0x00,
    0x00, 0x00, 0x00, 0x00, 0x00, 0x00, 0x00, 0x00, 0x00, 0x00, 0x00, 0x00, 0x00, 0x00, 0x00, 0x00,
    0x00, 0x00, 0x00, 0x00, 0x00, 0x00, 0x00, 0x00, 0x00, 0x00, 0x00, 0x00, 0x00, 0x00, 0x00, 0x00,
    0x00, 0x00, 0x00, 0x00, 0x00, 0x00, 0x00, 0x02, 0x00, 0x00, 0x00, 0x00, 0x34, 0x34, 0x34, 0x22,
    0x2C, 0x2B, 0x28, 0xFB, 0x23, 0x20, 0x1F, 0xFF, 0x38, 0x36, 0x34, 0xFE, 0x71, 0x6E, 0x69, 0xFF,
    0xCB, 0xC7, 0xC3, 0xFF, 0x8C, 0x87, 0x83, 0xFF, 0x3B, 0x38, 0x34, 0xFD, 0x30, 0x2F, 0x2C, 0xCE,
    0x1E, 0x1C, 0x1C, 0x6B, 0x9F, 0x9A, 0x97, 0xFF, 0x58, 0x55, 0x51, 0xBF, 0x0D, 0x0B, 0x09, 0x81,
    0x45, 0x42, 0x3C, 0xFF, 0x34, 0x32, 0x2D, 0xDF, 0x1B, 0x15, 0x18, 0x5D, 0x00, 0x00, 0x00, 0x00,
    0x00, 0x00, 0x00, 0x00, 0x09, 0x09, 0x09, 0x1B, 0x0F, 0x0F, 0x0F, 0x22, 0x0F, 0x0F, 0x0F, 0x11,
    0x1C, 0x1B, 0x19, 0xBB, 0x27, 0x26, 0x24, 0xFF, 0x21, 0x20, 0x1D, 0xF7, 0x14, 0x14, 0x12, 0x70,
    0x11, 0x11, 0x0D, 0x39, 0x17, 0x15, 0x13, 0xA6, 0x18, 0x17, 0x17, 0xAF, 0x19, 0x18, 0x16, 0xB2,
    0x1A, 0x18, 0x17, 0xB9, 0x1A, 0x17, 0x17, 0xC2, 0x1A, 0x19, 0x17, 0xC0, 0x19, 0x18, 0x17, 0xBC,
    0x1F, 0x1E, 0x1D, 0xF4, 0x20, 0x1F, 0x1D, 0xA3, 0x0F, 0x0C, 0x0C, 0x50, 0x17, 0x16, 0x14, 0xA1,
    0x15, 0x15, 0x14, 0x99, 0x16, 0x14, 0x13, 0x93, 0x16, 0x14, 0x11, 0x94, 0x16, 0x14, 0x10, 0x8A,
    0x12, 0x12, 0x10, 0x6D, 0x0F, 0x0F, 0x0F, 0x61, 0x09, 0x12, 0x09, 0x1B, 0x00, 0x00, 0x00, 0x00,
    0x00, 0x00, 0x00, 0x01, 0x00, 0x00, 0x00, 0x0C, 0x0C, 0x0E, 0x2B, 0xCE, 0x0B, 0x0E, 0x31, 0x58,
    0x00, 0x00, 0x00, 0x14, 0x2A, 0x29, 0x26, 0xD9, 0x2F, 0x2F, 0x2C, 0xC1, 0x27, 0x26, 0x21, 0xFB,
    0x31, 0x2D, 0x2A, 0xFE, 0x31, 0x2F, 0x29, 0xFC, 0x32, 0x31, 0x2A, 0xFD, 0x33, 0x30, 0x2C, 0xFD,
    0x37, 0x33, 0x2F, 0xFD, 0x38, 0x35, 0x32, 0xCC, 0x38, 0x37, 0x33, 0xC7, 0x3C, 0x3B, 0x36, 0xF5,
    0x00, 0x00, 0x00, 0x15, 0x21, 0x22, 0x5E, 0xC7, 0x1B, 0x1E, 0x40, 0xC9, 0x1E, 0x1C, 0x16, 0xD7,
    0x13, 0x11, 0x11, 0x73, 0x00, 0x00, 0x00, 0x0D, 0x17, 0x17, 0x15, 0x76, 0x1D, 0x1C, 0x1B, 0xF0,
    0x1E, 0x1D, 0x1C, 0xE8, 0x1E, 0x1C, 0x1C, 0xE7, 0x1E, 0x1C, 0x1B, 0xE8, 0x1D, 0x1B, 0x1A, 0xDB,
    0x1C, 0x1B, 0x1A, 0xDD, 0x1B, 0x1A, 0x19, 0xD3, 0x1C, 0x1A, 0x18, 0xC7, 0x18, 0x16, 0x14, 0x89,
    0x16, 0x15, 0x13, 0x9D, 0x18, 0x16, 0x16, 0xA9, 0x18, 0x16, 0x15, 0xA7, 0x18, 0x14, 0x14, 0x9E,
    0x15, 0x13, 0x13, 0x8D, 0x16, 0x12, 0x12, 0x8B, 0x15, 0x13, 0x11, 0x82, 0x13, 0x11, 0x11, 0x69,
    0x00, 0x1C, 0x1C, 0x09, 0x00, 0x00, 0x00, 0x0A, 0x0D, 0x0D, 0x0D, 0x39, 0x0B, 0x0B, 0x0B, 0x2B,
    0x24, 0x00, 0x00, 0x07, 0x00, 0x00, 0x00, 0x00, 0x00, 0x00, 0x00, 0x00, 0x00, 0x00, 0x00, 0x00,
    0x00, 0x00, 0x00, 0x01, 0x00, 0x00, 0x00, 0x00, 0x15, 0x15, 0x11, 0x3C, 0x1A, 0x18, 0x15, 0xBA,
    0x0D, 0x0D, 0x0D, 0x4D, 0x15, 0x15, 0x15, 0x18, 0x54, 0x51, 0x4C, 0xF1, 0x40, 0x3D, 0x3A, 0xAD,
    0x2D, 0x2E, 0x2D, 0xC4, 0x7E, 0x7C, 0x7B, 0xFF, 0xB5, 0xB0, 0xAE, 0xFD, 0xC0, 0xBB, 0xB7, 0xFF,
    0x82, 0x7D, 0x78, 0xFF, 0x3C, 0x39, 0x38, 0xFF, 0x29, 0x25, 0x25, 0xFB, 0x3B, 0x37, 0x34, 0xFF,
    0x3C, 0x39, 0x35, 0x77, 0x00, 0x00, 0x00, 0x00, 0x3F, 0x3F, 0x3F, 0x04, 0x00, 0x00, 0x00, 0x00,
    0x00, 0x00, 0x00, 0x00, 0x00, 0x00, 0x00, 0x00, 0x00, 0x00, 0x00, 0x00, 0x00, 0x00, 0x00, 0x00,
    0x00, 0x00, 0x00, 0x00, 0x00, 0x00, 0x00, 0x00, 0x00, 0x00, 0x00, 0x00, 0x00, 0x00, 0x00, 0x00,
    0x00, 0x00, 0x00, 0x00, 0x00, 0x00, 0x00, 0x00, 0x00, 0x00, 0x00, 0x00, 0x00, 0x00, 0x00, 0x00,
    0x00, 0x00, 0x00, 0x00, 0x00, 0x00, 0x00, 0x00, 0x00, 0x00, 0x00, 0x00, 0x00, 0x00, 0x00, 0x00,
    0x00, 0x00, 0x00, 0x00, 0x00, 0x00, 0x00, 0x02, 0x00, 0x00, 0x00, 0x00, 0x31, 0x2B, 0x2B, 0x29,
    0x2D, 0x2C, 0x28, 0xFE, 0x23, 0x20, 0x1F, 0xFF, 0x3A, 0x37, 0x34, 0xFE, 0x73, 0x6E, 0x6A, 0xFF,
    0xCC, 0xC7, 0xC4, 0xFF, 0x8B, 0x86, 0x83, 0xFF, 0x3B, 0x38, 0x35, 0xFC, 0x2F, 0x2F, 0x2D, 0xCC,
    0x1E, 0x1E, 0x1B, 0x66, 0x9F, 0x9B, 0x97, 0xFF, 0x59, 0x58, 0x54, 0xC1, 0x0A, 0x08, 0x08, 0x79,
    0x45, 0x41, 0x3D, 0xFF, 0x32, 0x30, 0x2C, 0xE7, 0x1E, 0x1C, 0x19, 0x5B, 0x00, 0x00, 0x00, 0x00,
    0x00, 0x00, 0x00, 0x00, 0x0D, 0x14, 0x0D, 0x26, 0x12, 0x15, 0x12, 0x54, 0x00, 0x00, 0x00, 0x00,
    0x18, 0x18, 0x16, 0x7C, 0x27, 0x25, 0x24, 0xFF, 0x26, 0x24, 0x23, 0xFE, 0x17, 0x15, 0x13, 0x85,
    0x10, 0x10, 0x10, 0x3F, 0x18, 0x16, 0x15, 0xB3, 0x1A, 0x17, 0x17, 0xB6, 0x19, 0x19, 0x18, 0xBD,
    0x1C, 0x19, 0x18, 0xC8, 0x1C, 0x19, 0x18, 0xC8, 0x1A, 0x19, 0x18, 0xC7, 0x1A, 0x19, 0x17, 0xC0,
    0x1F, 0x1D, 0x1C, 0xF4, 0x21, 0x1E, 0x1D, 0xA7, 0x10, 0x10, 0x10, 0x5D, 0x18, 0x17, 0x15, 0xB0,
    0x18, 0x17, 0x15, 0xA5, 0x17, 0x15, 0x13, 0x9A, 0x16, 0x14, 0x13, 0x93, 0x14, 0x12, 0x12, 0x7E,
    0x12, 0x12, 0x10, 0x6E, 0x10, 0x10, 0x0D, 0x5F, 0x0B, 0x0B, 0x0B, 0x17, 0x00, 0x00, 0x00, 0x00,
    0x00, 0x00, 0x7F, 0x02, 0x00, 0x00, 0x00, 0x00, 0x0C, 0x0F, 0x31, 0xDD, 0x0D, 0x10, 0x35, 0x5F,
    0x00, 0x00, 0x00, 0x14, 0x28, 0x26, 0x24, 0xD8, 0x30, 0x2F, 0x2C, 0xBD, 0x27, 0x25, 0x21, 0xFA,
    0x31, 0x2E, 0x29, 0xFF, 0x31, 0x2F, 0x2A, 0xFF, 0x33, 0x30, 0x2C, 0xFF, 0x34, 0x31, 0x2D, 0xFD,
    0x38, 0x36, 0x31, 0xFF, 0x36, 0x35, 0x33, 0xD1, 0x38, 0x38, 0x33, 0xD4, 0x3D, 0x3B, 0x37, 0xF4,
    0x00, 0x00, 0x00, 0x26, 0x25, 0x24, 0x68, 0xFE, 0x18, 0x1A, 0x3D, 0xD7, 0x1E, 0x1D, 0x15, 0xC9,
    0x15, 0x15, 0x15, 0x84, 0x00, 0x00, 0x00, 0x0F, 0x17, 0x15, 0x15, 0x6B, 0x1E, 0x1C, 0x1C, 0xF5,
    0x1E, 0x1D, 0x1C, 0xE8, 0x1E, 0x1D, 0x1C, 0xEA, 0x1E, 0x1D, 0x1B, 0xE4, 0x1D, 0x1C, 0x1C, 0xE7,
    0x1E, 0x1D, 0x1C, 0xE2, 0x1D, 0x1C, 0x1A, 0xDA, 0x1B, 0x1B, 0x19, 0xCC, 0x18, 0x16, 0x16, 0x89,
    0x17, 0x15, 0x15, 0xA5, 0x18, 0x17, 0x17, 0xAF, 0x18, 0x17, 0x15, 0xAE, 0x18, 0x15, 0x15, 0xA6,
    0x16, 0x14, 0x14, 0x94, 0x16, 0x12, 0x12, 0x94, 0x14, 0x14, 0x12, 0x88, 0x12, 0x10, 0x10, 0x6C,
    0x00, 0x19, 0x00, 0x0A, 0x00, 0x00, 0x00, 0x10, 0x0C, 0x0C, 0x0C, 0x3C, 0x09, 0x09, 0x09, 0x1C,
    0x00, 0x00, 0x00, 0x02, 0x09, 0x09, 0x09, 0x1C, 0x00, 0x00, 0x00, 0x05, 0x00, 0x00, 0x00, 0x00,
    0x00, 0x00, 0x00, 0x01, 0x00, 0x00, 0x00, 0x00, 0x14, 0x14, 0x14, 0x32, 0x19, 0x19, 0x16, 0xB6,
    0x0F, 0x0F, 0x0C, 0x52, 0x15, 0x15, 0x15, 0x18, 0x52, 0x4E, 0x4B, 0xF3, 0x41, 0x3E, 0x3B, 0xA7,
    0x2E, 0x2E, 0x2C, 0xC1, 0x7F, 0x7C, 0x7B, 0xFF, 0xB5, 0xB1, 0xAD, 0xFD, 0xC0, 0xBC, 0xB7, 0xFF,
    0x82, 0x7E, 0x7A, 0xFF, 0x3C, 0x39, 0x36, 0xFF, 0x28, 0x26, 0x25, 0xFB, 0x3B, 0x38, 0x34, 0xFF,
    0x39, 0x37, 0x35, 0x80, 0x00, 0x00, 0x00, 0x00, 0x3F, 0x3F, 0x3F, 0x04, 0x00, 0x00, 0x00, 0x00,
    0x00, 0x00, 0x00, 0x00, 0x00, 0x00, 0x00, 0x00, 0x00, 0x00, 0x00, 0x00, 0x00, 0x00, 0x00, 0x00,
    0x00, 0x00, 0x00, 0x00, 0x00, 0x00, 0x00, 0x00, 0x00, 0x00, 0x00, 0x00, 0x00, 0x00, 0x00, 0x00,
    0x00, 0x00, 0x00, 0x00, 0x00, 0x00, 0x00, 0x00, 0x00, 0x00, 0x00, 0x00, 0x00, 0x00, 0x00, 0x00,
    0x00, 0x00, 0x00, 0x00, 0x00, 0x00, 0x00, 0x00, 0x00, 0x00, 0x00, 0x00, 0x00, 0x00, 0x00, 0x00,
    0x00, 0x00, 0x00, 0x00, 0x00, 0x00, 0x00, 0x02, 0x00, 0x00, 0x00, 0x00, 0x2E, 0x2E, 0x2E, 0x31,
    0x2F, 0x2D, 0x2A, 0xFF, 0x23, 0x22, 0x1F, 0xFF, 0x3B, 0x39, 0x36, 0xFF, 0x75, 0x70, 0x6C, 0xFF,
    0xCE, 0xC9, 0xC6, 0xFE, 0x8B, 0x87, 0x82, 0xFF, 0x3C, 0x39, 0x35, 0xFA, 0x31, 0x31, 0x30, 0xC9,
    0x20, 0x1E, 0x1E, 0x65, 0xA1, 0x9D, 0x99, 0xFF, 0x5E, 0x5B, 0x57, 0xC0, 0x07, 0x04, 0x04, 0x6B,
    0x45, 0x41, 0x3E, 0xFF, 0x30, 0x2D, 0x2A, 0xF6, 0x1E, 0x1C, 0x19, 0x63, 0x00, 0x00, 0x00, 0x00,
    0x00, 0x00, 0x00, 0x00, 0x13, 0x13, 0x0D, 0x27, 0x14, 0x14, 0x11, 0x66, 0x0C, 0x0C, 0x0C, 0x29,
    0x14, 0x14, 0x14, 0x59, 0x25, 0x23, 0x21, 0xF9, 0x2B, 0x28, 0x27, 0xFF, 0x18, 0x16, 0x14, 0x8A,
    0x13, 0x13, 0x0F, 0x43, 0x19, 0x17, 0x18, 0xC7, 0x1B, 0x18, 0x18, 0xC2, 0x1B, 0x19, 0x18, 0xC6,
    0x1C, 0x1A, 0x18, 0xCD, 0x1C, 0x1B, 0x1A, 0xD7, 0x1C, 0x1B, 0x1A, 0xD7, 0x1B, 0x19, 0x17, 0xCA,
    0x20, 0x1E, 0x1D, 0xF9, 0x1F, 0x1E, 0x1C, 0xA8, 0x12, 0x12, 0x0F, 0x62, 0x19, 0x18, 0x16, 0xBE,
    0x19, 0x18, 0x16, 0xB3, 0x17, 0x16, 0x14, 0xA1, 0x16, 0x14, 0x13, 0x92, 0x14, 0x12, 0x12, 0x7E,
    0x11, 0x11, 0x0E, 0x69, 0x0E, 0x11, 0x0E, 0x5A, 0x11, 0x11, 0x11, 0x0F, 0x00, 0x00, 0x00, 0x00,
    0x00, 0x00, 0x00, 0x01, 0x00, 0x00, 0x00, 0x04, 0x0D, 0x12, 0x1F, 0x38, 0x19, 0x19, 0x33, 0x0A,
    0x05, 0x05, 0x00, 0x2B, 0x27, 0x26, 0x22, 0xE3, 0x31, 0x31, 0x2E, 0xB9, 0x26, 0x24, 0x20, 0xF9,
    0x2F, 0x2D, 0x28, 0xFF, 0x31, 0x2E, 0x29, 0xFF, 0x34, 0x31, 0x2C, 0xFF, 0x34, 0x33, 0x2E, 0xFD,
    0x3A, 0x38, 0x32, 0xFF, 0x38, 0x35, 0x32, 0xD6, 0x3C, 0x3B, 0x36, 0xDC, 0x3E, 0x3B, 0x39, 0xFF,
    0x05, 0x05, 0x05, 0x2B, 0x1B, 0x1B, 0x44, 0x52, 0x1E, 0x1E, 0x2B, 0x74, 0x20, 0x1F, 0x1D, 0xBD,
    0x17, 0x17, 0x16, 0xA0, 0x00, 0x00, 0x00, 0x1D, 0x19, 0x16, 0x16, 0x66, 0x1E, 0x1C, 0x1C, 0xF1,
    0x20, 0x1D, 0x1D, 0xEF, 0x20, 0x1D, 0x1D, 0xF8, 0x1F, 0x1D, 0x1D, 0xF0, 0x1F, 0x1E, 0x1D, 0xED,
    0x1E, 0x1D, 0x1D, 0xEB, 0x1D, 0x1C, 0x1A, 0xDF, 0x1D, 0x1C, 0x1B, 0xD9, 0x19, 0x17, 0x16, 0x96,
    0x19, 0x18, 0x16, 0xB4, 0x19, 0x17, 0x16, 0xB5, 0x18, 0x17, 0x15, 0xAE, 0x18, 0x16, 0x14, 0x9E,
    0x17, 0x16, 0x14, 0xA2, 0x17, 0x13, 0x11, 0x90, 0x14, 0x12, 0x11, 0x87, 0x11, 0x11, 0x11, 0x67,
    0x19, 0x19, 0x19, 0x0A, 0x0B, 0x0B, 0x0B, 0x17, 0x0D, 0x0D, 0x0D, 0x4A, 0x09, 0x09, 0x09, 0x1B,
    0x0E, 0x15, 0x0E, 0x23, 0x0F, 0x11, 0x0F, 0x64, 0x0F, 0x0F, 0x0F, 0x10, 0x00, 0x00, 0x00, 0x00,
    0x00, 0x00, 0x00, 0x02, 0x00, 0x00, 0x00, 0x00, 0x12, 0x12, 0x12, 0x2A, 0x18, 0x18, 0x16, 0xB9,
    0x10, 0x10, 0x0C, 0x4F, 0x15, 0x1F, 0x1F, 0x18, 0x51, 0x4D, 0x49, 0xF5, 0x43, 0x40, 0x3D, 0xA7,
    0x2F, 0x2E, 0x2E, 0xC1, 0x7F, 0x7D, 0x7C, 0xFF, 0xB6, 0xB2, 0xB0, 0xFD, 0xC1, 0xBB, 0xB8, 0xFF,
    0x84, 0x7F, 0x7B, 0xFF, 0x3E, 0x3A, 0x38, 0xFF, 0x25, 0x22, 0x21, 0xFB, 0x37, 0x35, 0x31, 0xFF,
    0x3B, 0x3A, 0x36, 0x91, 0x00, 0x00, 0x00, 0x00, 0x3F, 0x3F, 0x3F, 0x04, 0x00, 0x00, 0x00, 0x00,
    0x00, 0x00, 0x00, 0x00, 0x00, 0x00, 0x00, 0x00, 0x00, 0x00, 0x00, 0x00, 0x00, 0x00, 0x00, 0x00,
    0x00, 0x00, 0x00, 0x00, 0x00, 0x00, 0x00, 0x00, 0x00, 0x00, 0x00, 0x00, 0x00, 0x00, 0x00, 0x00,
    0x00, 0x00, 0x00, 0x00, 0x00, 0x00, 0x00, 0x00, 0x00, 0x00, 0x00, 0x00, 0x00, 0x00, 0x00, 0x00,
    0x00, 0x00, 0x00, 0x00, 0x00, 0x00, 0x00, 0x00, 0x00, 0x00, 0x00, 0x00, 0x00, 0x00, 0x00, 0x00,
    0x00, 0x00, 0x00, 0x00, 0x00, 0x00, 0x00, 0x03, 0x00, 0x00, 0x00, 0x00, 0x2C, 0x2C, 0x28, 0x39,
    0x2E, 0x2D, 0x2A, 0xF6, 0x23, 0x25, 0x22, 0xDC, 0x3A, 0x38, 0x35, 0xFF, 0x75, 0x70, 0x6C, 0xFF,
    0xCF, 0xCA, 0xC7, 0xFF, 0x8E, 0x89, 0x85, 0xFF, 0x3D, 0x3B, 0x36, 0xFE, 0x33, 0x32, 0x2F, 0xCB,
    0x1D, 0x1D, 0x1B, 0x67, 0xA0, 0x9C, 0x98, 0xFF, 0x61, 0x5E, 0x5C, 0xC6, 0x02, 0x02, 0x00, 0x64,
    0x44, 0x41, 0x3C, 0xFE, 0x2F, 0x2D, 0x29, 0xF1, 0x1E, 0x1B, 0x1B, 0x5D, 0x00, 0x00, 0x00, 0x00,
    0x00, 0x00, 0x00, 0x01, 0x11, 0x11, 0x11, 0x0F, 0x0F, 0x0F, 0x0F, 0x31, 0x18, 0x16, 0x14, 0x7B,
    0x15, 0x13, 0x13, 0x5D, 0x25, 0x22, 0x20, 0xDC, 0x2D, 0x2B, 0x2A, 0xFF, 0x19, 0x17, 0x17, 0x96,
    0x14, 0x10, 0x0C, 0x3F, 0x1B, 0x18, 0x17, 0xCF, 0x1A, 0x19, 0x19, 0xC8, 0x1B, 0x1A, 0x19, 0xD2,
    0x1D, 0x1A, 0x19, 0xDF, 0x1C, 0x1B, 0x19, 0xCF, 0x1C, 0x1B, 0x1A, 0xD4, 0x1C, 0x19, 0x19, 0xCF,
    0x22, 0x20, 0x1E, 0xFD, 0x20, 0x1F, 0x1D, 0xAB, 0x13, 0x13, 0x10, 0x6A, 0x1A, 0x17, 0x17, 0xC0,
    0x19, 0x18, 0x16, 0xB3, 0x16, 0x15, 0x15, 0x9D, 0x15, 0x15, 0x13, 0x90, 0x13, 0x11, 0x0F, 0x73,
    0x10, 0x10, 0x0D, 0x5F, 0x11, 0x11, 0x0E, 0x57, 0x00, 0x00, 0x00, 0x08, 0x00, 0x00, 0x00, 0x00,
    0x00, 0x00, 0x00, 0x01, 0x00, 0x00, 0x00, 0x00, 0x00, 0x00, 0x00, 0x00, 0x00, 0x00, 0x00, 0x00,
    0x10, 0x0C, 0x0C, 0x3F, 0x27, 0x26, 0x22, 0xF4, 0x32, 0x31, 0x2D, 0xBB, 0x27, 0x24, 0x21, 0xF7,
    0x30, 0x2D, 0x2A, 0xFF, 0x31, 0x2D, 0x29, 0xFF, 0x34, 0x2F, 0x2C, 0xFF, 0x34, 0x32, 0x2D, 0xFD,
    0x3B, 0x38, 0x33, 0xFF, 0x37, 0x35, 0x30, 0xD8, 0x3F, 0x3E, 0x3A, 0xDD, 0x40, 0x3E, 0x3C, 0xFF,
    0x0A, 0x05, 0x05, 0x31, 0x00, 0x00, 0x00, 0x00, 0x00, 0x00, 0x00, 0x00, 0x22, 0x20, 0x1F, 0x94,
    0x1C, 0x19, 0x19, 0xCF, 0x05, 0x0A, 0x0A, 0x31, 0x16, 0x16, 0x14, 0x65, 0x1E, 0x1C, 0x1B, 0xF7,
    0x20, 0x1F, 0x1D, 0xF5, 0x21, 0x1E, 0x1C, 0xF7, 0x20, 0x1E, 0x1D, 0xF6, 0x20, 0x1E, 0x1D, 0xF4,
    0x20, 0x1E, 0x1D, 0xF5, 0x1F, 0x1D, 0x1C, 0xF1, 0x1D, 0x1C, 0x1B, 0xD8, 0x18, 0x18, 0x15, 0x9C,
    0x19, 0x18, 0x17, 0xBC, 0x19, 0x18, 0x17, 0xBC, 0x18, 0x16, 0x16, 0xA8, 0x18, 0x14, 0x14, 0x9E,
    0x16, 0x14, 0x14, 0x9F, 0x15, 0x14, 0x12, 0x8C, 0x13, 0x13, 0x11, 0x78, 0x13, 0x11, 0x0E, 0x68,
    0x00, 0x00, 0x00, 0x06, 0x0A, 0x0A, 0x0A, 0x19, 0x0E, 0x0E, 0x0E, 0x48, 0x00, 0x00, 0x00, 0x12,
    0x13, 0x13, 0x10, 0x4E, 0x11, 0x11, 0x0E, 0x78, 0x00, 0x0D, 0x0D, 0x13, 0x00, 0x00, 0x00, 0x00,
    0x00, 0x00, 0x00, 0x02, 0x00, 0x00, 0x00, 0x00, 0x11, 0x11, 0x11, 0x1E, 0x1A, 0x1A, 0x16, 0xBF,
    0x10, 0x10, 0x0D, 0x4C, 0x1F, 0x19, 0x19, 0x28, 0x4F, 0x4B, 0x47, 0xFF, 0x46, 0x42, 0x3F, 0x99,
    0x30, 0x2F, 0x2E, 0xBC, 0x81, 0x7D, 0x7B, 0xFF, 0xB6, 0xB1, 0xAD, 0xFD, 0xC0, 0xBC, 0xB6, 0xFF,
    0x85, 0x81, 0x7D, 0xFF, 0x3B, 0x38, 0x35, 0xFF, 0x33, 0x32, 0x2F, 0xF3, 0x44, 0x42, 0x3D, 0xFF,
    0x38, 0x36, 0x34, 0x91, 0x00, 0x00, 0x00, 0x00, 0x3F, 0x3F, 0x3F, 0x04, 0x00, 0x00, 0x00, 0x00,
    0x00, 0x00, 0x00, 0x00, 0x00, 0x00, 0x00, 0x00, 0x00, 0x00, 0x00, 0x00, 0x00, 0x00, 0x00, 0x00,
    0x00, 0x00, 0x00, 0x00, 0x00, 0x00, 0x00, 0x00, 0x00, 0x00, 0x00, 0x00, 0x00, 0x00, 0x00, 0x00,
    0x00, 0x00, 0x00, 0x00, 0x00, 0x00, 0x00, 0x00, 0x00, 0x00, 0x00, 0x00, 0x00, 0x00, 0x00, 0x00,
    0x00, 0x00, 0x00, 0x00, 0x00, 0x00, 0x00, 0x00, 0x00, 0x00, 0x00, 0x00, 0x00, 0x00, 0x00, 0x00,
    0x00, 0x00, 0x00, 0x00, 0x00, 0x00, 0x00, 0x03, 0x00, 0x00, 0x00, 0x00, 0x1B, 0x1B, 0x17, 0x41,
    0x3E, 0x3E, 0x3A, 0xFE, 0x35, 0x34, 0x32, 0xDF, 0x39, 0x36, 0x33, 0xFC, 0x76, 0x71, 0x6E, 0xFF,
    0xCF, 0xCB, 0xC8, 0xFF, 0x91, 0x8D, 0x89, 0xFE, 0x3F, 0x3C, 0x38, 0xFF, 0x33, 0x32, 0x30, 0xCE,
    0x1B, 0x1B, 0x18, 0x5C, 0x9F, 0x9B, 0x96, 0xFF, 0x67, 0x63, 0x5F, 0xCD, 0x00, 0x00, 0x00, 0x62,
    0x42, 0x40, 0x3A, 0xFE, 0x2E, 0x2B, 0x28, 0xD8, 0x16, 0x16, 0x16, 0x4F, 0x00, 0x00, 0x00, 0x00,
    0x00, 0x00, 0x00, 0x03, 0x00, 0x00, 0x00, 0x03, 0x00, 0x00, 0x00, 0x05, 0x17, 0x17, 0x15, 0x8C,
    0x14, 0x14, 0x11, 0x59, 0x22, 0x22, 0x21, 0xB8, 0x2F, 0x2C, 0x2C, 0xFE, 0x1C, 0x19, 0x19, 0xAC,
    0x0F, 0x0F, 0x0B, 0x42, 0x1B, 0x19, 0x18, 0xC6, 0x1B, 0x1A, 0x17, 0xCB, 0x1B, 0x1A, 0x1A, 0xCD,
    0x1B, 0x1A, 0x19, 0xCC, 0x1B, 0x19, 0x18, 0xC6, 0x1B, 0x1A, 0x18, 0xC4, 0x1B, 0x19, 0x1A, 0xCA,
    0x21, 0x1F, 0x1E, 0xFB, 0x21, 0x20, 0x1E, 0xAD, 0x12, 0x12, 0x10, 0x6C, 0x19, 0x18, 0x16, 0xB4,
    0x19, 0x17, 0x16, 0xAD, 0x17, 0x16, 0x14, 0xA0, 0x16, 0x14, 0x14, 0x95, 0x15, 0x13, 0x11, 0x84,
    0x0F, 0x0F, 0x0F, 0x62, 0x0E, 0x0E, 0x0E, 0x47, 0x00, 0x00, 0x00, 0x02, 0x00, 0x00, 0x00, 0x00,
    0x00, 0x00, 0x00, 0x00, 0x00, 0x00, 0x00, 0x00, 0x0A, 0x0A, 0x14, 0x19, 0x00, 0x00, 0x00, 0x00,
    0x11, 0x11, 0x0D, 0x4A, 0x2A, 0x27, 0x24, 0xFE, 0x2E, 0x2D, 0x2C, 0xC4, 0x26, 0x24, 0x20, 0xF5,
    0x31, 0x2E, 0x2A, 0xFF, 0x31, 0x2D, 0x2A, 0xFF, 0x33, 0x30, 0x2C, 0xFF, 0x34, 0x32, 0x2D, 0xFD,
    0x3C, 0x38, 0x34, 0xFF, 0x34, 0x33, 0x30, 0xCF, 0x42, 0x40, 0x3D, 0xDB, 0x44, 0x42, 0x3E, 0xFF,
    0x05, 0x05, 0x05, 0x2E, 0x1F, 0x1F, 0x1F, 0x08, 0x10, 0x10, 0x10, 0x2E, 0x1D, 0x1B, 0x1B, 0x79,
    0x1F, 0x1C, 0x1C, 0xF3, 0x0B, 0x0B, 0x0B, 0x43, 0x17, 0x17, 0x15, 0x6D, 0x1F, 0x1D, 0x1C, 0xFC,
    0x20, 0x1F, 0x1B, 0xED, 0x1F, 0x1E, 0x1C, 0xEC, 0x1F, 0x1D, 0x1D, 0xEC, 0x1E, 0x1D, 0x1C, 0xEF,
    0x1F, 0x1E, 0x1C, 0xEE, 0x20, 0x1E, 0x1D, 0xF8, 0x1D, 0x1C, 0x1C, 0xDF, 0x1A, 0x17, 0x17, 0xA4,
    0x1A, 0x19, 0x17, 0xC0, 0x19, 0x18, 0x16, 0xB4, 0x18, 0x17, 0x15, 0xAE, 0x17, 0x15, 0x15, 0x9A,
    0x15, 0x13, 0x13, 0x8F, 0x14, 0x12, 0x12, 0x7E, 0x12, 0x12, 0x0F, 0x71, 0x10, 0x10, 0x0E, 0x5B,
    0x00, 0x00, 0x00, 0x01, 0x09, 0x09, 0x09, 0x1B, 0x0B, 0x0B, 0x0B, 0x40, 0x00, 0x12, 0x12, 0x0E,
    0x14, 0x0D, 0x0D, 0x25, 0x0C, 0x0C, 0x0C, 0x2A, 0x00, 0x00, 0x00, 0x06, 0x00, 0x00, 0x00, 0x00,
    0x00, 0x00, 0x00, 0x01, 0x00, 0x00, 0x00, 0x00, 0x13, 0x13, 0x13, 0x0D, 0x1A, 0x1A, 0x16, 0xB4,
    0x0D, 0x10, 0x09, 0x4D, 0x25, 0x21, 0x1C, 0x36, 0x51, 0x4C, 0x49, 0xFF, 0x46, 0x43, 0x41, 0x90,
    0x33, 0x32, 0x30, 0xB7, 0x82, 0x7F, 0x7C, 0xFF, 0xB5, 0xB0, 0xAC, 0xFD, 0xC0, 0xBC, 0xB7, 0xFF,
    0x86, 0x82, 0x7E, 0xFE, 0x39, 0x37, 0x34, 0xFF, 0x49, 0x48, 0x44, 0xD7, 0x6D, 0x6A, 0x65, 0xFF,
    0x2D, 0x2B, 0x28, 0x92, 0x00, 0x00, 0x00, 0x00, 0x3F, 0x3F, 0x3F, 0x04, 0x00, 0x00, 0x00, 0x00,
    0x00, 0x00, 0x00, 0x00, 0x00, 0x00, 0x00, 0x00, 0x00, 0x00, 0x00, 0x00, 0x00, 0x00, 0x00, 0x00,
    0x00, 0x00, 0x00, 0x00, 0x00, 0x00, 0x00, 0x00, 0x00, 0x00, 0x00, 0x00, 0x00, 0x00, 0x00, 0x00,
    0x00, 0x00, 0x00, 0x00, 0x00, 0x00, 0x00, 0x00, 0x00, 0x00, 0x00, 0x00, 0x00, 0x00, 0x00, 0x00,
    0x00, 0x00, 0x00, 0x00, 0x00, 0x00, 0x00, 0x00, 0x00, 0x00, 0x00, 0x00, 0x00, 0x00, 0x00, 0x00,
    0x00, 0x00, 0x00, 0x00, 0x00, 0x00, 0x00, 0x03, 0x00, 0x00, 0x00, 0x00, 0x12, 0x12, 0x0F, 0x44,
    0x4E, 0x4D, 0x4A, 0xFF, 0x40, 0x3E, 0x3B, 0xF8, 0x3B, 0x37, 0x34, 0xF8, 0x77, 0x72, 0x6F, 0xFF,
    0xCF, 0xCA, 0xC8, 0xFF, 0x95, 0x90, 0x8D, 0xFD, 0x41, 0x3D, 0x3A, 0xFF, 0x31, 0x30, 0x2E, 0xD2,
    0x17, 0x17, 0x14, 0x56, 0x9D, 0x99, 0x96, 0xFF, 0x6C, 0x69, 0x64, 0xD5, 0x00, 0x00, 0x00, 0x63,
    0x41, 0x3E, 0x3A, 0xFF, 0x2B, 0x29, 0x26, 0x9E, 0x00, 0x00, 0x00, 0x17, 0x00, 0x00, 0x00, 0x00,
    0x00, 0x00, 0x00, 0x00, 0x12, 0x12, 0x12, 0x0E, 0x09, 0x12, 0x09, 0x1C, 0x10, 0x10, 0x0D, 0x4E,
    0x0F, 0x11, 0x0C, 0x65, 0x1D, 0x1F, 0x1C, 0xB4, 0x30, 0x2F, 0x2D, 0xFF, 0x1E, 0x1D, 0x1B, 0xC9,
    0x10, 0x10, 0x10, 0x4E, 0x1A, 0x17, 0x17, 0xC0, 0x1A, 0x17, 0x16, 0xC4, 0x19, 0x17, 0x16, 0xB5,
    0x17, 0x15, 0x14, 0xA3, 0x17, 0x16, 0x13, 0xA1, 0x16, 0x14, 0x13, 0x9F, 0x17, 0x15, 0x15, 0xA6,
    0x1D, 0x1C, 0x1B, 0xE9, 0x1E, 0x1E, 0x1A, 0xAF, 0x10, 0x10, 0x0E, 0x5B, 0x17, 0x15, 0x14, 0xA3,
    0x15, 0x15, 0x13, 0x8F, 0x14, 0x14, 0x12, 0x7F, 0x14, 0x12, 0x10, 0x7E, 0x10, 0x10, 0x10, 0x5F,
    0x0F, 0x0F, 0x0F, 0x44, 0x0D, 0x0D, 0x0D, 0x26, 0x00, 0x00, 0x00, 0x00, 0x00, 0x00, 0x00, 0x01,
    0x00, 0x00, 0x00, 0x01, 0x0C, 0x0C, 0x0C, 0x15, 0x19, 0x18, 0x16, 0x9D, 0x1C, 0x1C, 0x00, 0x09,
    0x14, 0x14, 0x0D, 0x4C, 0x29, 0x26, 0x23, 0xFF, 0x2C, 0x2B, 0x28, 0xDA, 0x27, 0x25, 0x20, 0xF5,
    0x31, 0x2E, 0x29, 0xFF, 0x32, 0x2F, 0x2A, 0xFF, 0x34, 0x31, 0x2D, 0xFF, 0x34, 0x31, 0x2D, 0xFD,
    0x3C, 0x39, 0x35, 0xFF, 0x33, 0x32, 0x31, 0xC5, 0x43, 0x41, 0x3D, 0xDF, 0x46, 0x44, 0x41, 0xFF,
    0x00, 0x00, 0x00, 0x1A, 0x15, 0x15, 0x0E, 0x24, 0x14, 0x13, 0x13, 0x9E, 0x15, 0x15, 0x15, 0x8F,
    0x1C, 0x19, 0x18, 0xC6, 0x13, 0x13, 0x10, 0x5D, 0x17, 0x17, 0x14, 0x6E, 0x1C, 0x1B, 0x1A, 0xF1,
    0x1C, 0x1B, 0x19, 0xD9, 0x1B, 0x19, 0x18, 0xCF, 0x19, 0x18, 0x17, 0xC5, 0x1A, 0x18, 0x17, 0xC3,
    0x1A, 0x18, 0x17, 0xCD, 0x1C, 0x1B, 0x19, 0xDC, 0x1D, 0x1B, 0x1B, 0xDF, 0x19, 0x18, 0x16, 0xA9,
    0x17, 0x15, 0x15, 0xA5, 0x15, 0x15, 0x12, 0x97, 0x14, 0x12, 0x12, 0x88, 0x12, 0x12, 0x10, 0x7B,
    0x11, 0x11, 0x0E, 0x68, 0x10, 0x10, 0x0D, 0x5E, 0x0F, 0x0F, 0x0F, 0x55, 0x0C, 0x0C, 0x10, 0x3E,
    0x00, 0x00, 0x00, 0x00, 0x0F, 0x0F, 0x0F, 0x22, 0x0B, 0x0B, 0x0B, 0x2C, 0x0A, 0x0A, 0x0A, 0x19,
    0x00, 0x00, 0x00, 0x08, 0x00, 0x00, 0x00, 0x09, 0x00, 0x00, 0x00, 0x00, 0x00, 0x00, 0x00, 0x00,
    0x00, 0x00, 0x00, 0x00, 0x00, 0x00, 0x00, 0x00, 0x00, 0x00, 0x00, 0x01, 0x1A, 0x1A, 0x17, 0xAC,
    0x0E, 0x0E, 0x0A, 0x47, 0x30, 0x2B, 0x2B, 0x35, 0x52, 0x4E, 0x4A, 0xFF, 0x4A, 0x46, 0x43, 0x89,
    0x35, 0x34, 0x31, 0xB9, 0x83, 0x81, 0x7C, 0xFF, 0xB6, 0xB0, 0xAD, 0xFD, 0xC2, 0xBD, 0xB9, 0xFF,
    0x89, 0x84, 0x81, 0xFF, 0x3D, 0x3A, 0x36, 0xFF, 0x52, 0x50, 0x4A, 0xFF, 0x86, 0x83, 0x7F, 0xFF,
    0x28, 0x26, 0x26, 0x90, 0x00, 0x00, 0x00, 0x00, 0x3F, 0x3F, 0x3F, 0x04, 0x00, 0x00, 0x00, 0x00,
    0x00, 0x00, 0x00, 0x00, 0x00, 0x00, 0x00, 0x00, 0x00, 0x00, 0x00, 0x00, 0x00, 0x00, 0x00, 0x00,
    0x00, 0x00, 0x00, 0x00, 0x00, 0x00, 0x00, 0x00, 0x00, 0x00, 0x00, 0x00, 0x00, 0x00, 0x00, 0x00,
    0x00, 0x00, 0x00, 0x00, 0x00, 0x00, 0x00, 0x00, 0x00, 0x00, 0x00, 0x00, 0x00, 0x00, 0x00, 0x00,
    0x00, 0x00, 0x00, 0x00, 0x00, 0x00, 0x00, 0x00, 0x00, 0x00, 0x00, 0x00, 0x00, 0x00, 0x00, 0x00,
    0x00, 0x00, 0x00, 0x00, 0x55, 0x55, 0x55, 0x03, 0x00, 0x00, 0x00, 0x00, 0x1A, 0x17, 0x17, 0x4D,
    0x4F, 0x4B, 0x4A, 0xFC, 0x41, 0x3F, 0x3D, 0x80, 0x3D, 0x3A, 0x38, 0xDF, 0x77, 0x72, 0x6E, 0xFF,
    0xCD, 0xC8, 0xC5, 0xFE, 0x97, 0x91, 0x8F, 0xFE, 0x42, 0x3F, 0x3B, 0xFF, 0x32, 0x30, 0x2E, 0xDF,
    0x15, 0x15, 0x13, 0x6A, 0x98, 0x96, 0x92, 0xFF, 0x6E, 0x6C, 0x67, 0xE2, 0x00, 0x00, 0x00, 0x5C,
    0x3E, 0x3B, 0x37, 0xF9, 0x2A, 0x28, 0x26, 0x83, 0x00, 0x00, 0x00, 0x00, 0xFF, 0x00, 0x00, 0x01,
    0x00, 0x00, 0x00, 0x01, 0x00, 0x00, 0x00, 0x00, 0x09, 0x09, 0x09, 0x1A, 0x13, 0x13, 0x13, 0x77,
    0x17, 0x16, 0x16, 0xA1, 0x16, 0x18, 0x16, 0xAA, 0x23, 0x22, 0x20, 0xD9, 0x24, 0x21, 0x20, 0xFC,
    0x14, 0x11, 0x11, 0x64, 0x13, 0x10, 0x10, 0x5B, 0x11, 0x11, 0x11, 0x47, 0x12, 0x12, 0x0D, 0x38,
    0x0D, 0x12, 0x0D, 0x38, 0x0F, 0x0F, 0x0A, 0x32, 0x0F, 0x0A, 0x0A, 0x30, 0x0B, 0x10, 0x0B, 0x2E,
    0x14, 0x14, 0x11, 0x57, 0x1A, 0x1A, 0x18, 0x7F, 0x0D, 0x0D, 0x0D, 0x25, 0x12, 0x12, 0x0D, 0x37,
    0x0D, 0x0D, 0x0D, 0x25, 0x0A, 0x0A, 0x0A, 0x19, 0x0E, 0x0E, 0x00, 0x12, 0x00, 0x13, 0x00, 0x0D,
    0x00, 0x00, 0x00, 0x0B, 0x00, 0x00, 0x00, 0x03, 0x00, 0x00, 0x00, 0x00, 0x00, 0x00, 0x00, 0x02,
    0x00, 0x00, 0x00, 0x0E, 0x11, 0x11, 0x11, 0x49, 0x21, 0x1F, 0x1C, 0xE5, 0x23, 0x1A, 0x1A, 0x1D,
    0x0E, 0x0E, 0x0E, 0x23, 0x23, 0x22, 0x20, 0xFA, 0x2C, 0x2C, 0x29, 0xD2, 0x27, 0x24, 0x21, 0xED,
    0x32, 0x2F, 0x2A, 0xFF, 0x31, 0x2F, 0x2A, 0xFE, 0x34, 0x31, 0x2D, 0xFF, 0x35, 0x31, 0x2D, 0xFD,
    0x3C, 0x39, 0x35, 0xFF, 0x34, 0x33, 0x30, 0xBC, 0x40, 0x3F, 0x3C, 0xE8, 0x44, 0x42, 0x40, 0xF5,
    0x00, 0x00, 0x00, 0x07, 0x17, 0x17, 0x17, 0x36, 0x1A, 0x18, 0x19, 0xC9, 0x1A, 0x19, 0x17, 0xC0,
    0x14, 0x14, 0x13, 0x92, 0x12, 0x12, 0x10, 0x5F, 0x0F, 0x0F, 0x0F, 0x42, 0x13, 0x13, 0x11, 0x5A,
    0x13, 0x13, 0x0F, 0x40, 0x11, 0x0D, 0x0D, 0x3A, 0x10, 0x10, 0x10, 0x3D, 0x0F, 0x0F, 0x0A, 0x30,
    0x10, 0x10, 0x10, 0x3E, 0x11, 0x11, 0x0D, 0x4A, 0x19, 0x18, 0x16, 0x9F, 0x17, 0x17, 0x17, 0x6D,
    0x0B, 0x0B, 0x0B, 0x2C, 0x0D, 0x0D, 0x0D, 0x26, 0x0F, 0x0F, 0x0F, 0x21, 0x0F, 0x0F, 0x07, 0x21,
    0x0E, 0x0E, 0x0E, 0x12, 0x00, 0x00, 0x00, 0x07, 0x00, 0x00, 0x12, 0x0E, 0x00, 0x00, 0x00, 0x07,
    0x00, 0x00, 0x00, 0x06, 0x0C, 0x0C, 0x0C, 0x15, 0x07, 0x07, 0x07, 0x20, 0x0A, 0x0F, 0x0A, 0x33,
    0x0C, 0x0C, 0x0C, 0x3C, 0x10, 0x10, 0x0D, 0x4D, 0x00, 0x00, 0x00, 0x07, 0x00, 0x00, 0x00, 0x00,
    0x00, 0x00, 0x00, 0x01, 0x00, 0x00, 0x00, 0x00, 0x00, 0x00, 0x00, 0x00, 0x1B, 0x1A, 0x18, 0xA5,
    0x08, 0x08, 0x08, 0x3B, 0x3F, 0x3F, 0x3A, 0x30, 0x54, 0x50, 0x4C, 0xFF, 0x4D, 0x4B, 0x47, 0x81,
    0x37, 0x35, 0x34, 0xB9, 0x86, 0x82, 0x80, 0xFF, 0xB5, 0xAF, 0xAB, 0xFD, 0xC1, 0xBC, 0xB8, 0xFF,
    0x89, 0x85, 0x81, 0xFF, 0x41, 0x3D, 0x3B, 0xFC, 0x35, 0x33, 0x2F, 0xA8, 0x7C, 0x79, 0x74, 0xF6,
    0x36, 0x33, 0x31, 0x95, 0x00, 0x00, 0x00, 0x00, 0x3F, 0x3F, 0x3F, 0x04, 0x00, 0x00, 0x00, 0x00,
    0x00, 0x00, 0x00, 0x00, 0x00, 0x00, 0x00, 0x00, 0x00, 0x00, 0x00, 0x00, 0x00, 0x00, 0x00, 0x00,
    0x00, 0x00, 0x00, 0x00, 0x00, 0x00, 0x00, 0x00, 0x00, 0x00, 0x00, 0x00, 0x00, 0x00, 0x00, 0x00,
    0x00, 0x00, 0x00, 0x00, 0x00, 0x00, 0x00, 0x00, 0x00, 0x00, 0x00, 0x00, 0x00, 0x00, 0x00, 0x00,
    0x00, 0x00, 0x00, 0x00, 0x00, 0x00, 0x00, 0x00, 0x00, 0x00, 0x00, 0x00, 0x00, 0x00, 0x00, 0x00,
    0x00, 0x00, 0x00, 0x00, 0x3F, 0x3F, 0x3F, 0x04, 0x00, 0x00, 0x00, 0x00, 0x22, 0x22, 0x1F, 0x58,
    0x50, 0x4D, 0x4B, 0xF1, 0x14, 0x14, 0x14, 0x4A, 0x35, 0x33, 0x30, 0xD6, 0x77, 0x71, 0x6D, 0xFF,
    0xCA, 0xC6, 0xC3, 0xFD, 0x9A, 0x94, 0x92, 0xFE, 0x44, 0x40, 0x3D, 0xFF, 0x32, 0x31, 0x2F, 0xE8,
    0x14, 0x14, 0x12, 0x7B, 0x94, 0x91, 0x8E, 0xFF, 0x74, 0x70, 0x6D, 0xE4, 0x00, 0x00, 0x00, 0x55,
    0x3A, 0x38, 0x34, 0xEA, 0x2A, 0x2A, 0x25, 0x5F, 0x00, 0x00, 0x00, 0x01, 0x00, 0x00, 0x00, 0x01,
    0x00, 0x00, 0x00, 0x02, 0x00, 0x00, 0x00, 0x00, 0x13, 0x13, 0x13, 0x27, 0x15, 0x17, 0x15, 0x90,
    0x1A, 0x18, 0x18, 0xC2, 0x1B, 0x19, 0x18, 0xC5, 0x19, 0x16, 0x16, 0xBF, 0x1B, 0x19, 0x18, 0xB2,
    0x1C, 0x1B, 0x1A, 0xC3, 0x1A, 0x18, 0x16, 0x7F, 0x14, 0x10, 0x10, 0x4C, 0x11, 0x11, 0x0D, 0x39,
    0x12, 0x12, 0x12, 0x36, 0x11, 0x11, 0x11, 0x2B, 0x12, 0x12, 0x12, 0x29, 0x13, 0x0D, 0x0D, 0x27,
    0x12, 0x09, 0x09, 0x1B, 0x0E, 0x0E, 0x0E, 0x36, 0x12, 0x12, 0x12, 0x1B, 0x0F, 0x0F, 0x0F, 0x22,
    0x10, 0x10, 0x10, 0x1F, 0x09, 0x09, 0x09, 0x1A, 0x09, 0x13, 0x09, 0x1A, 0x0C, 0x0C, 0x0C, 0x15,
    0x00, 0x15, 0x00, 0x0C, 0x00, 0x00, 0x00, 0x03, 0x00, 0x00, 0x00, 0x01, 0x00, 0x00, 0x00, 0x04,
    0x06, 0x0D, 0x06, 0x27, 0x17, 0x15, 0x14, 0x8C, 0x27, 0x23, 0x22, 0xEA, 0x19, 0x19, 0x19, 0x14,
    0x00, 0x00, 0x00, 0x04, 0x22, 0x20, 0x1E, 0xE4, 0x2C, 0x2E, 0x2A, 0xC7, 0x27, 0x25, 0x22, 0xE1,
    0x32, 0x2F, 0x2B, 0xFF, 0x32, 0x2F, 0x2B, 0xFE, 0x34, 0x31, 0x2D, 0xFF, 0x35, 0x32, 0x2D, 0xFD,
    0x3B, 0x38, 0x35, 0xFF, 0x33, 0x32, 0x31, 0xBB, 0x3F, 0x3D, 0x3B, 0xF2, 0x40, 0x3F, 0x3C, 0xDE,
    0x00, 0x00, 0x00, 0x00, 0x1A, 0x15, 0x15, 0x3A, 0x21, 0x1C, 0x1C, 0xF7, 0x22, 0x1E, 0x1D, 0xF7,
    0x19, 0x18, 0x17, 0xBB, 0x12, 0x12, 0x10, 0x7A, 0x14, 0x14, 0x12, 0x7D, 0x16, 0x14, 0x12, 0x6F,
    0x10, 0x14, 0x10, 0x3D, 0x14, 0x14, 0x14, 0x3F, 0x14, 0x10, 0x10, 0x3E, 0x15, 0x11, 0x11, 0x3B,
    0x0F, 0x14, 0x0F, 0x33, 0x11, 0x0B, 0x0B, 0x2B, 0x14, 0x11, 0x11, 0x56, 0x13, 0x13, 0x13, 0x43,
    0x0F, 0x0F, 0x0F, 0x20, 0x0F, 0x0F, 0x0F, 0x20, 0x16, 0x0B, 0x0B, 0x17, 0x09, 0x09, 0x09, 0x1A,
    0x11, 0x11, 0x11, 0x1E, 0x12, 0x12, 0x09, 0x1C, 0x0E, 0x0E, 0x0E, 0x24, 0x0C, 0x0C, 0x0C, 0x2A,
    0x00, 0x00, 0x00, 0x03, 0x00, 0x00, 0x00, 0x0E, 0x0A, 0x0F, 0x0A, 0x30, 0x0D, 0x0D, 0x0D, 0x4B,
    0x11, 0x11, 0x0E, 0x69, 0x14, 0x14, 0x12, 0x7D, 0x0F, 0x0F, 0x0F, 0x11, 0x00, 0x00, 0x00, 0x00,
    0x00, 0x00, 0x00, 0x01, 0x00, 0x00, 0x00, 0x01, 0x00, 0x00, 0x00, 0x00, 0x1A, 0x19, 0x17, 0x8E,
    0x05, 0x05, 0x05, 0x32, 0x51, 0x51, 0x4B, 0x2C, 0x55, 0x50, 0x4C, 0xFF, 0x48, 0x44, 0x41, 0x89,
    0x39, 0x37, 0x35, 0xBB, 0x89, 0x84, 0x82, 0xFF, 0xB5, 0xAE, 0xAC, 0xFD, 0xC2, 0xBD, 0xB8, 0xFF,
    0x88, 0x83, 0x7F, 0xFF, 0x40, 0x3E, 0x3A, 0xFE, 0x10, 0x0E, 0x0C, 0x9D, 0x6A, 0x68, 0x62, 0xE4,
    0x44, 0x42, 0x3D, 0x99, 0x00, 0x00, 0x00, 0x00, 0x3F, 0x3F, 0x3F, 0x04, 0x00, 0x00, 0x00, 0x00,
    0x00, 0x00, 0x00, 0x00, 0x00, 0x00, 0x00, 0x00, 0x00, 0x00, 0x00, 0x00, 0x00, 0x00, 0x00, 0x00,
    0x00, 0x00, 0x00, 0x00, 0x00, 0x00, 0x00, 0x00, 0x00, 0x00, 0x00, 0x00, 0x00, 0x00, 0x00, 0x00,
    0x00, 0x00, 0x00, 0x00, 0x00, 0x00, 0x00, 0x00, 0x00, 0x00, 0x00, 0x00, 0x00, 0x00, 0x00, 0x00,
    0x00, 0x00, 0x00, 0x00, 0x00, 0x00, 0x00, 0x00, 0x00, 0x00, 0x00, 0x00, 0x00, 0x00, 0x00, 0x00,
    0x00, 0x00, 0x00, 0x00, 0x3F, 0x3F, 0x3F, 0x04, 0x00, 0x00, 0x00, 0x00, 0x27, 0x27, 0x27, 0x55,
    0x51, 0x4F, 0x4D, 0xFC, 0x20, 0x1E, 0x1D, 0xDA, 0x32, 0x2F, 0x2E, 0xFE, 0x72, 0x6D, 0x69, 0xFF,
    0xC7, 0xC4, 0xC0, 0xFF, 0x9E, 0x99, 0x95, 0xFE, 0x45, 0x42, 0x3E, 0xFF, 0x34, 0x31, 0x30, 0xF3,
    0x14, 0x14, 0x10, 0x8C, 0x90, 0x8D, 0x89, 0xFE, 0x7B, 0x77, 0x72, 0xE3, 0x00, 0x00, 0x00, 0x44,
    0x38, 0x35, 0x32, 0xD6, 0x30, 0x2C, 0x28, 0x3F, 0x00, 0x00, 0x00, 0x00, 0x00, 0x00, 0x00, 0x01,
    0x00, 0x00, 0x00, 0x03, 0x00, 0x00, 0x00, 0x00, 0x15, 0x15, 0x15, 0x3B, 0x19, 0x19, 0x18, 0xBE,
    0x1E, 0x1B, 0x1B, 0xE2, 0x1C, 0x19, 0x19, 0xCF, 0x1B, 0x1B, 0x1B, 0xC6, 0x14, 0x14, 0x14, 0x92,
    0x18, 0x18, 0x16, 0x72, 0x15, 0x15, 0x13, 0x75, 0x14, 0x14, 0x10, 0x7C, 0x13, 0x13, 0x13, 0x6A,
    0x12, 0x12, 0x10, 0x6C, 0x15, 0x12, 0x12, 0x6D, 0x15, 0x13, 0x13, 0x75, 0x13, 0x11, 0x11, 0x67,
    0x18, 0x16, 0x16, 0x7F, 0x19, 0x19, 0x17, 0x83, 0x13, 0x13, 0x13, 0x50, 0x13, 0x11, 0x11, 0x5A,
    0x0F, 0x0F, 0x0F, 0x50, 0x0E, 0x0E, 0x0B, 0x45, 0x0F, 0x0F, 0x0B, 0x41, 0x0A, 0x0F, 0x0A, 0x32,
    0x0F, 0x07, 0x0F, 0x21, 0x00, 0x00, 0x00, 0x0A, 0x00, 0x00, 0x00, 0x00, 0x00, 0x19, 0x00, 0x0A,
    0x0D, 0x0A, 0x0A, 0x49, 0x1D, 0x1A, 0x19, 0xB7, 0x2A, 0x28, 0x25, 0xE8, 0x24, 0x24, 0x24, 0x07,
    0x00, 0x00, 0x00, 0x04, 0x20, 0x1E, 0x1D, 0xD7, 0x2F, 0x2F, 0x2B, 0xBD, 0x26, 0x24, 0x20, 0xD4,
    0x31, 0x2E, 0x2A, 0xFE, 0x31, 0x2F, 0x2A, 0xFD, 0x33, 0x32, 0x2C, 0xFE, 0x35, 0x32, 0x2E, 0xFD,
    0x3C, 0x39, 0x35, 0xFE, 0x30, 0x2F, 0x2D, 0xC3, 0x3C, 0x3A, 0x37, 0xFB, 0x39, 0x38, 0x36, 0xCB,
    0x00, 0x00, 0x00, 0x00, 0x16, 0x16, 0x16, 0x2D, 0x24, 0x22, 0x21, 0xF7, 0x28, 0x25, 0x23, 0xFF,
    0x1F, 0x1C, 0x1C, 0xE6, 0x17, 0x15, 0x14, 0xA3, 0x15, 0x12, 0x12, 0x6C, 0x15, 0x15, 0x15, 0x48,
    0x10, 0x10, 0x10, 0x5D, 0x13, 0x13, 0x11, 0x76, 0x14, 0x13, 0x11, 0x86, 0x15, 0x13, 0x13, 0x83,
    0x15, 0x15, 0x13, 0x80, 0x16, 0x14, 0x12, 0x7B, 0x18, 0x17, 0x15, 0x85, 0x18, 0x18, 0x17, 0x8F,
    0x12, 0x12, 0x12, 0x54, 0x15, 0x12, 0x12, 0x5F, 0x14, 0x11, 0x14, 0x59, 0x11, 0x15, 0x11, 0x3C,
    0x13, 0x13, 0x13, 0x35, 0x10, 0x10, 0x10, 0x2F, 0x0E, 0x0E, 0x0E, 0x23, 0x0C, 0x0C, 0x0C, 0x14,
    0x00, 0x00, 0x00, 0x03, 0x08, 0x08, 0x08, 0x1D, 0x0B, 0x0F, 0x0B, 0x42, 0x0E, 0x0E, 0x0E, 0x57,
    0x16, 0x14, 0x12, 0x88, 0x17, 0x17, 0x15, 0xA3, 0x14, 0x14, 0x14, 0x19, 0x00, 0x00, 0x00, 0x00,
    0x00, 0x00, 0x00, 0x01, 0x00, 0x00, 0x00, 0x02, 0x00, 0x00, 0x00, 0x00, 0x19, 0x19, 0x16, 0x70,
    0x00, 0x00, 0x00, 0x28, 0x55, 0x55, 0x4F, 0x30, 0x53, 0x4F, 0x4B, 0xFF, 0x45, 0x40, 0x3E, 0x8F,
    0x3C, 0x39, 0x38, 0xBF, 0x8D, 0x89, 0x86, 0xFF, 0xB5, 0xB0, 0xAC, 0xFD, 0xC4, 0xBF, 0xBB, 0xFF,
    0x86, 0x80, 0x7C, 0xFE, 0x3F, 0x3C, 0x39, 0xFF, 0x1E, 0x1D, 0x19, 0xF0, 0x68, 0x64, 0x61, 0xEB,
    0x4A, 0x46, 0x45, 0x97, 0x00, 0x00, 0x00, 0x00, 0x3F, 0x3F, 0x3F, 0x04, 0x00, 0x00, 0x00, 0x00,
    0x00, 0x00, 0x00, 0x00, 0x00, 0x00, 0x00, 0x00, 0x00, 0x00, 0x00, 0x00, 0x00, 0x00, 0x00, 0x00,
    0x00, 0x00, 0x00, 0x00, 0x00, 0x00, 0x00, 0x00, 0x00, 0x00, 0x00, 0x00, 0x00, 0x00, 0x00, 0x00,
    0x00, 0x00, 0x00, 0x00, 0x00, 0x00, 0x00, 0x00, 0x00, 0x00, 0x00, 0x00, 0x00, 0x00, 0x00, 0x00,
    0x00, 0x00, 0x00, 0x00, 0x00, 0x00, 0x00, 0x00, 0x00, 0x00, 0x00, 0x00, 0x00, 0x00, 0x00, 0x00,
    0x00, 0x00, 0x00, 0x00, 0x3F, 0x3F, 0x3F, 0x04, 0x00, 0x00, 0x00, 0x00, 0x2A, 0x27, 0x27, 0x54,
    0x54, 0x51, 0x4F, 0xFF, 0x21, 0x1D, 0x1C, 0xD8, 0x32, 0x2E, 0x2E, 0xFF, 0x6E, 0x68, 0x66, 0xFE,
    0xC5, 0xC0, 0xBD, 0xFF, 0xA1, 0x9E, 0x9B, 0xFF, 0x47, 0x44, 0x41, 0xFF, 0x35, 0x32, 0x31, 0xF6,
    0x12, 0x11, 0x0F, 0x96, 0x8A, 0x86, 0x82, 0xFD, 0x7D, 0x78, 0x75, 0xE6, 0x00, 0x00, 0x00, 0x35,
    0x34, 0x32, 0x2F, 0xC1, 0x2B, 0x2B, 0x26, 0x3B, 0x00, 0x00, 0x00, 0x01, 0x00, 0x00, 0x00, 0x04,
    0x00, 0x00, 0x00, 0x03, 0x00, 0x00, 0x00, 0x00, 0x14, 0x18, 0x14, 0x49, 0x1C, 0x1B, 0x1B, 0xDC,
    0x20, 0x1E, 0x1E, 0xFD, 0x1D, 0x1C, 0x1C, 0xE2, 0x1D, 0x19, 0x1B, 0xD8, 0x18, 0x16, 0x16, 0xA7,
    0x0E, 0x09, 0x09, 0x36, 0x0D, 0x0D, 0x0D, 0x4C, 0x0C, 0x0F, 0x0C, 0x52, 0x03, 0x07, 0x03, 0x47,
    0x00, 0x04, 0x00, 0x3D, 0x00, 0x00, 0x00, 0x2E, 0x00, 0x00, 0x00, 0x2B, 0x00, 0x00, 0x00, 0x1F,
    0x0D, 0x0D, 0x0B, 0x5C, 0x06, 0x06, 0x06, 0x29, 0x00, 0x00, 0x00, 0x00, 0x00, 0x00, 0x00, 0x1B,
    0x09, 0x09, 0x09, 0x38, 0x10, 0x0C, 0x0C, 0x3D, 0x11, 0x11, 0x0D, 0x49, 0x0B, 0x0F, 0x0B, 0x41,
    0x10, 0x10, 0x10, 0x2F, 0x11, 0x11, 0x11, 0x0F, 0x00, 0x00, 0x00, 0x03, 0x08, 0x08, 0x08, 0x1E,
    0x10, 0x0E, 0x10, 0x6B, 0x20, 0x1E, 0x1B, 0xD3, 0x2C, 0x2A, 0x26, 0xE5, 0x00, 0x00, 0x00, 0x04,
    0x00, 0x00, 0x00, 0x07, 0x1E, 0x1E, 0x1C, 0xD8, 0x2E, 0x2E, 0x2A, 0xB6, 0x27, 0x24, 0x21, 0xD0,
    0x33, 0x2F, 0x2B, 0xFF, 0x32, 0x2F, 0x2B, 0xFF, 0x35, 0x31, 0x2D, 0xFF, 0x36, 0x32, 0x2E, 0xFF,
    0x3D, 0x39, 0x37, 0xFF, 0x30, 0x2E, 0x2C, 0xBC, 0x3B, 0x38, 0x36, 0xFE, 0x33, 0x30, 0x2F, 0xC2,
    0x00, 0x00, 0x00, 0x04, 0x18, 0x12, 0x12, 0x2A, 0x25, 0x23, 0x21, 0xF3, 0x2C, 0x28, 0x27, 0xFF,
    0x23, 0x21, 0x21, 0xFD, 0x1B, 0x1A, 0x19, 0xD2, 0x15, 0x15, 0x12, 0x6D, 0x09, 0x09, 0x09, 0x1A,
    0x0F, 0x0F, 0x0C, 0x50, 0x12, 0x12, 0x10, 0x5F, 0x13, 0x13, 0x11, 0x76, 0x12, 0x10, 0x10, 0x6C,
    0x04, 0x08, 0x04, 0x3E, 0x00, 0x00, 0x00, 0x30, 0x00, 0x00, 0x00, 0x3A, 0x12, 0x12, 0x12, 0x7C,
    0x00, 0x00, 0x00, 0x2B, 0x00, 0x00, 0x00, 0x2D, 0x00, 0x00, 0x00, 0x2A, 0x00, 0x00, 0x00, 0x14,
    0x00, 0x00, 0x00, 0x03, 0x00, 0x00, 0x00, 0x02, 0x11, 0x11, 0x11, 0x1E, 0x10, 0x10, 0x10, 0x1F,
    0x00, 0x00, 0x00, 0x07, 0x0B, 0x0B, 0x0B, 0x2B, 0x10, 0x10, 0x0E, 0x5B, 0x16, 0x14, 0x12, 0x89,
    0x19, 0x16, 0x18, 0xB3, 0x1B, 0x1A, 0x19, 0xCB, 0x14, 0x14, 0x14, 0x25, 0x00, 0x00, 0x00, 0x00,
    0x3F, 0x3F, 0x3F, 0x04, 0x00, 0x00, 0x00, 0x03, 0x00, 0x00, 0x00, 0x00, 0x13, 0x16, 0x13, 0x4F,
    0x00, 0x00, 0x00, 0x11, 0x46, 0x42, 0x42, 0x45, 0x52, 0x4E, 0x4A, 0xFF, 0x3C, 0x3A, 0x37, 0xA1,
    0x3B, 0x3A, 0x39, 0xC9, 0x91, 0x8E, 0x89, 0xFF, 0xB6, 0xB2, 0xAE, 0xFD, 0xC5, 0xC0, 0xBD, 0xFF,
    0x83, 0x7E, 0x7B, 0xFE, 0x3D, 0x38, 0x36, 0xFF, 0x1F, 0x1B, 0x18, 0xE6, 0x66, 0x63, 0x60, 0xEF,
    0x51, 0x4C, 0x4A, 0x96, 0x00, 0x00, 0x00, 0x00, 0x3F, 0x3F, 0x3F, 0x04, 0x00, 0x00, 0x00, 0x00,
    0x00, 0x00, 0x00, 0x00, 0x00, 0x00, 0x00, 0x00, 0x00, 0x00, 0x00, 0x00, 0x00, 0x00, 0x00, 0x00,
    0x00, 0x00, 0x00, 0x00, 0x00, 0x00, 0x00, 0x00, 0x00, 0x00, 0x00, 0x00, 0x00, 0x00, 0x00, 0x00,
    0x00, 0x00, 0x00, 0x00, 0x00, 0x00, 0x00, 0x00, 0x00, 0x00, 0x00, 0x00, 0x00, 0x00, 0x00, 0x00,
    0x00, 0x00, 0x00, 0x00, 0x00, 0x00, 0x00, 0x00, 0x00, 0x00, 0x00, 0x00, 0x00, 0x00, 0x00, 0x00,
    0x00, 0x00, 0x00, 0x00, 0x3F, 0x3F, 0x3F, 0x04, 0x00, 0x00, 0x00, 0x00, 0x2A, 0x2A, 0x27, 0x54,
    0x54, 0x50, 0x4D, 0xFF, 0x20, 0x1E, 0x1D, 0xD2, 0x35, 0x32, 0x2F, 0xFF, 0x6C, 0x66, 0x64, 0xFF,
    0xC3, 0xBE, 0xBA, 0xFF, 0xA9, 0xA5, 0xA2, 0xFF, 0x4A, 0x47, 0x45, 0xFF, 0x36, 0x34, 0x31, 0xF7,
    0x10, 0x0E, 0x0C, 0x7F, 0x88, 0x82, 0x7C, 0xEF, 0x80, 0x7C, 0x75, 0xEA, 0x03, 0x03, 0x00, 0x4A,
    0x30, 0x30, 0x2D, 0xB4, 0x26, 0x26, 0x1F, 0x28, 0x00, 0x00, 0x00, 0x00, 0x00, 0x00, 0x00, 0x00,
    0x00, 0x00, 0x00, 0x00, 0x7F, 0x7F, 0x7F, 0x04, 0x19, 0x1D, 0x19, 0x3D, 0x16, 0x16, 0x16, 0x5C,
    0x18, 0x18, 0x16, 0x7F, 0x1E, 0x1D, 0x1C, 0xE0, 0x1D, 0x1B, 0x1B, 0xE7, 0x18, 0x18, 0x16, 0xA7,
    0x0F, 0x0F, 0x0F, 0x33, 0x09, 0x09, 0x09, 0x4E, 0x19, 0x19, 0x19, 0x79, 0x2C, 0x29, 0x28, 0xB8,
    0x2E, 0x2C, 0x29, 0xBE, 0x2E, 0x2A, 0x29, 0xBF, 0x2E, 0x2C, 0x28, 0xBE, 0x30, 0x2F, 0x2B, 0xBD,
    0x31, 0x2D, 0x2B, 0xD9, 0x37, 0x34, 0x31, 0xAF, 0x3E, 0x3C, 0x37, 0xA4, 0x33, 0x31, 0x2F, 0x96,
    0x17, 0x14, 0x14, 0x57, 0x0A, 0x0A, 0x0A, 0x48, 0x0F, 0x0F, 0x0C, 0x54, 0x0F, 0x0F, 0x0C, 0x51,
    0x0D, 0x0D, 0x0D, 0x4E, 0x00, 0x00, 0x00, 0x0F, 0x00, 0x00, 0x00, 0x0F, 0x0E, 0x0E, 0x0E, 0x48,
    0x10, 0x0E, 0x0E, 0x7A, 0x21, 0x1E, 0x1D, 0xD7, 0x2A, 0x29, 0x26, 0xD3, 0x00, 0x00, 0x00, 0x00,
    0x00, 0x00, 0x00, 0x05, 0x22, 0x1F, 0x1E, 0xEB, 0x2D, 0x2C, 0x29, 0xD5, 0x26, 0x23, 0x22, 0xB4,
    0x2F, 0x2C, 0x29, 0xF3, 0x2E, 0x2B, 0x28, 0xF1, 0x31, 0x2E, 0x2B, 0xF5, 0x32, 0x2F, 0x2C, 0xF7,
    0x39, 0x37, 0x35, 0xF4, 0x31, 0x2F, 0x2F, 0x9C, 0x40, 0x3C, 0x39, 0xFF, 0x31, 0x2E, 0x2D, 0xBB,
    0x00, 0x00, 0x00, 0x00, 0x00, 0x00, 0x00, 0x09, 0x22, 0x21, 0x20, 0xE2, 0x28, 0x26, 0x25, 0xFB,
    0x24, 0x22, 0x21, 0xFC, 0x1F, 0x1D, 0x1C, 0xF5, 0x17, 0x17, 0x14, 0xA0, 0x05, 0x05, 0x05, 0x2B,
    0x0E, 0x0E, 0x0B, 0x6D, 0x0E, 0x0E, 0x0E, 0x6B, 0x10, 0x10, 0x0E, 0x7A, 0x13, 0x0F, 0x0F, 0x84,
    0x21, 0x1F, 0x1F, 0xA8, 0x2E, 0x2C, 0x2A, 0xBF, 0x31, 0x2D, 0x2C, 0xC9, 0x33, 0x2F, 0x2E, 0xE0,
    0x36, 0x33, 0x30, 0xCB, 0x38, 0x36, 0x33, 0xC5, 0x3A, 0x38, 0x37, 0xC7, 0x3E, 0x3A, 0x39, 0xBB,
    0x42, 0x40, 0x3C, 0xA5, 0x31, 0x2E, 0x2E, 0x68, 0x04, 0x04, 0x04, 0x3A, 0x12, 0x0F, 0x0F, 0x44,
    0x11, 0x11, 0x11, 0x1D, 0x11, 0x11, 0x0D, 0x4A, 0x15, 0x13, 0x10, 0x6B, 0x18, 0x15, 0x15, 0x85,
    0x19, 0x16, 0x16, 0x7A, 0x1B, 0x1B, 0x1A, 0x9B, 0x23, 0x23, 0x23, 0x32, 0x00, 0x00, 0x00, 0x02,
    0x00, 0x00, 0x00, 0x00, 0x00, 0x00, 0x00, 0x00, 0x00, 0x00, 0x00, 0x00, 0x19, 0x19, 0x15, 0x46,
    0x19, 0x19, 0x19, 0x0A, 0x3F, 0x3C, 0x39, 0x5D, 0x51, 0x4C, 0x48, 0xFD, 0x38, 0x37, 0x33, 0x9D,
    0x38, 0x35, 0x34, 0xD1, 0x94, 0x91, 0x8E, 0xFF, 0xB9, 0xB5, 0xB1, 0xFD, 0xC7, 0xC2, 0xBF, 0xFF,
    0x80, 0x7A, 0x77, 0xFE, 0x3E, 0x3A, 0x36, 0xFF, 0x1F, 0x1C, 0x19, 0xE0, 0x6A, 0x68, 0x63, 0xE3,
    0x4E, 0x4C, 0x49, 0x99, 0x00, 0x00, 0x00, 0x00, 0x3F, 0x3F, 0x3F, 0x04, 0x00, 0x00, 0x00, 0x00,
    0x00, 0x00, 0x00, 0x00, 0x00, 0x00, 0x00, 0x00, 0x00, 0x00, 0x00, 0x00, 0x00, 0x00, 0x00, 0x00,
    0x00, 0x00, 0x00, 0x00, 0x00, 0x00, 0x00, 0x00, 0x00, 0x00, 0x00, 0x00, 0x00, 0x00, 0x00, 0x00,
    0x00, 0x00, 0x00, 0x00, 0x00, 0x00, 0x00, 0x00, 0x00, 0x00, 0x00, 0x00, 0x00, 0x00, 0x00, 0x00,
    0x00, 0x00, 0x00, 0x00, 0x00, 0x00, 0x00, 0x00, 0x00, 0x00, 0x00, 0x00, 0x00, 0x00, 0x00, 0x00,
    0x00, 0x00, 0x00, 0x00, 0x3F, 0x3F, 0x3F, 0x04, 0x00, 0x00, 0x00, 0x00, 0x27, 0x27, 0x24, 0x54,
    0x54, 0x51, 0x4F, 0xFE, 0x1B, 0x1A, 0x18, 0xB8, 0x37, 0x34, 0x31, 0xFF, 0x6C, 0x66, 0x62, 0xFF,
    0xC1, 0xBC, 0xB9, 0xFF, 0xAE, 0xAA, 0xA7, 0xFF, 0x4B, 0x48, 0x45, 0xFF, 0x34, 0x32, 0x31, 0xEE,
    0x08, 0x05, 0x05, 0x5F, 0x89, 0x83, 0x7E, 0xF0, 0x82, 0x7C, 0x77, 0xFD, 0x00, 0x00, 0x00, 0x30,
    0x2A, 0x2A, 0x25, 0x67, 0x16, 0x16, 0x16, 0x22, 0x15, 0x15, 0x15, 0x0C, 0x2B, 0x27, 0x27, 0x40,
    0x2A, 0x27, 0x2A, 0x5A, 0x00, 0x00, 0x00, 0x00, 0x00, 0x00, 0x00, 0x4D, 0x0F, 0x0C, 0x0A, 0x77,
    0x0C, 0x0C, 0x0C, 0x55, 0x17, 0x17, 0x16, 0xA2, 0x1E, 0x1D, 0x1C, 0xFB, 0x19, 0x19, 0x17, 0xB5,
    0x09, 0x09, 0x09, 0x34, 0x17, 0x17, 0x17, 0x80, 0x34, 0x31, 0x31, 0xF7, 0x38, 0x34, 0x34, 0xFF,
    0x38, 0x34, 0x33, 0xFF, 0x3B, 0x38, 0x35, 0xFF, 0x3C, 0x39, 0x36, 0xFF, 0x3F, 0x3C, 0x3A, 0xFF,
    0x43, 0x40, 0x3D, 0xFA, 0x46, 0x43, 0x3E, 0xFD, 0x48, 0x46, 0x41, 0xFA, 0x4C, 0x48, 0x46, 0xF3,
    0x37, 0x34, 0x34, 0xBE, 0x14, 0x11, 0x11, 0x64, 0x19, 0x17, 0x15, 0x77, 0x19, 0x16, 0x16, 0x7A,
    0x16, 0x16, 0x16, 0x72, 0x1C, 0x1C, 0x18, 0x3F, 0x1B, 0x1B, 0x18, 0x55, 0x19, 0x17, 0x17, 0x78,
    0x18, 0x18, 0x16, 0x89, 0x20, 0x20, 0x1E, 0xCA, 0x25, 0x25, 0x23, 0xAB, 0x1C, 0x1C, 0x1C, 0x2D,
    0x1E, 0x1A, 0x1A, 0x44, 0x24, 0x22, 0x1F, 0xD0, 0x2E, 0x2D, 0x2A, 0xD7, 0x20, 0x20, 0x20, 0x87,
    0x1C, 0x1C, 0x1C, 0x7C, 0x1C, 0x1C, 0x1C, 0x6D, 0x20, 0x1D, 0x1D, 0x6F, 0x22, 0x20, 0x20, 0x75,
    0x1E, 0x1E, 0x1C, 0x7C, 0x25, 0x25, 0x23, 0xB3, 0x38, 0x36, 0x33, 0xF4, 0x27, 0x26, 0x25, 0xC6,
    0x21, 0x1E, 0x1E, 0x53, 0x23, 0x20, 0x20, 0x5E, 0x20, 0x1F, 0x1E, 0xD3, 0x22, 0x1F, 0x1E, 0xE1,
    0x23, 0x20, 0x1F, 0xF0, 0x23, 0x21, 0x20, 0xF7, 0x23, 0x21, 0x1E, 0xE0, 0x20, 0x20, 0x1E, 0x86,
    0x21, 0x1F, 0x1C, 0xAA, 0x21, 0x20, 0x1D, 0xA6, 0x1E, 0x1D, 0x1B, 0xA5, 0x26, 0x24, 0x22, 0xCD,
    0x33, 0x30, 0x2E, 0xFF, 0x3B, 0x37, 0x35, 0xFF, 0x41, 0x3E, 0x3B, 0xFF, 0x44, 0x40, 0x3E, 0xFF,
    0x4A, 0x46, 0x42, 0xFF, 0x4E, 0x4A, 0x46, 0xFF, 0x56, 0x52, 0x4F, 0xFF, 0x5D, 0x59, 0x58, 0xFF,
    0x61, 0x5D, 0x5A, 0xFF, 0x56, 0x52, 0x4F, 0xFF, 0x2C, 0x29, 0x26, 0xA0, 0x00, 0x00, 0x00, 0x44,
    0x00, 0x00, 0x00, 0x2E, 0x00, 0x00, 0x00, 0x4D, 0x05, 0x02, 0x02, 0x5C, 0x00, 0x00, 0x00, 0x5E,
    0x08, 0x06, 0x03, 0x99, 0x10, 0x0E, 0x0B, 0xCD, 0x00, 0x00, 0x00, 0x1E, 0x35, 0x35, 0x35, 0x13,
    0x37, 0x34, 0x31, 0x61, 0x24, 0x24, 0x24, 0x15, 0x3F, 0x3F, 0x3F, 0x04, 0x00, 0x00, 0x00, 0x09,
    0x00, 0x00, 0x00, 0x00, 0x40, 0x3D, 0x3A, 0x4F, 0x57, 0x51, 0x4D, 0xFF, 0x40, 0x3E, 0x3B, 0x9B,
    0x38, 0x35, 0x33, 0xD1, 0x95, 0x91, 0x8F, 0xFF, 0xBB, 0xB7, 0xB4, 0xFD, 0xC9, 0xC3, 0xC1, 0xFF,
    0x7D, 0x78, 0x75, 0xFE, 0x3D, 0x3A, 0x36, 0xFF, 0x18, 0x15, 0x13, 0xC9, 0x6E, 0x6A, 0x67, 0xE3,
    0x49, 0x46, 0x44, 0x99, 0x00, 0x00, 0x00, 0x00, 0x3F, 0x3F, 0x3F, 0x04, 0x00, 0x00, 0x00, 0x00,
    0x00, 0x00, 0x00, 0x00, 0x00, 0x00, 0x00, 0x00, 0x00, 0x00, 0x00, 0x00, 0x00, 0x00, 0x00, 0x00,
    0x00, 0x00, 0x00, 0x00, 0x00, 0x00, 0x00, 0x00, 0x00, 0x00, 0x00, 0x00, 0x00, 0x00, 0x00, 0x00,
    0x00, 0x00, 0x00, 0x00, 0x00, 0x00, 0x00, 0x00, 0x00, 0x00, 0x00, 0x00, 0x00, 0x00, 0x00, 0x00,
    0x00, 0x00, 0x00, 0x00, 0x00, 0x00, 0x00, 0x00, 0x00, 0x00, 0x00, 0x00, 0x00, 0x00, 0x00, 0x00,
    0x00, 0x00, 0x00, 0x00, 0x55, 0x55, 0x55, 0x03, 0x00, 0x00, 0x00, 0x00, 0x1D, 0x1A, 0x1A, 0x4D,
    0x5B, 0x58, 0x54, 0xFF, 0x3C, 0x39, 0x38, 0xB9, 0x38, 0x35, 0x33, 0xF3, 0x6E, 0x69, 0x65, 0xFF,
    0xBF, 0xBB, 0xB9, 0xFF, 0xB3, 0xAE, 0xAB, 0xFF, 0x4B, 0x47, 0x43, 0xFF, 0x30, 0x2D, 0x2B, 0xE9,
    0x18, 0x18, 0x18, 0x52, 0x5E, 0x5B, 0x59, 0x9C, 0x59, 0x55, 0x53, 0x83, 0x22, 0x20, 0x1D, 0x5F,
    0x22, 0x22, 0x1F, 0x93, 0x22, 0x1F, 0x1F, 0xAB, 0x25, 0x23, 0x21, 0x9E, 0x24, 0x23, 0x21, 0xB6,
    0x29, 0x26, 0x26, 0x63, 0x89, 0x84, 0x84, 0x68, 0x6E, 0x6B, 0x69, 0xAB, 0x41, 0x3C, 0x3B, 0xEB,
    0x39, 0x36, 0x35, 0xF3, 0x38, 0x37, 0x33, 0xDD, 0x25, 0x22, 0x22, 0x5F, 0x16, 0x16, 0x16, 0x38,
    0x12, 0x12, 0x12, 0x1B, 0x24, 0x24, 0x1E, 0x2A, 0x30, 0x30, 0x30, 0x2F, 0x1A, 0x1A, 0x1A, 0x27,
    0x1F, 0x1F, 0x1F, 0x28, 0x1E, 0x1E, 0x1E, 0x2A, 0x1C, 0x1C, 0x1C, 0x24, 0x1A, 0x1A, 0x1A, 0x1D,
    0x15, 0x15, 0x15, 0x18, 0x1A, 0x1A, 0x1A, 0x13, 0x12, 0x12, 0x12, 0x0E, 0x17, 0x17, 0x17, 0x0B,
    0x3F, 0x3F, 0x3F, 0x0C, 0x1E, 0x1E, 0x1E, 0x11, 0x1F, 0x1F, 0x1F, 0x10, 0x24, 0x24, 0x24, 0x0E,
    0x27, 0x27, 0x27, 0x0D, 0x1E, 0x1E, 0x1E, 0x11, 0x2D, 0x2D, 0x1E, 0x11, 0x24, 0x24, 0x24, 0x0E,
    0x27, 0x27, 0x27, 0x0D, 0x24, 0x24, 0x24, 0x07, 0x24, 0x00, 0x00, 0x07, 0x1F, 0x1F, 0x1F, 0x10,
    0x1A, 0x1A, 0x1A, 0x13, 0x33, 0x33, 0x33, 0x05, 0x00, 0x00, 0x00, 0x05, 0x1F, 0x1F, 0x1F, 0x10,
    0x2A, 0x2A, 0x2A, 0x0C, 0x2E, 0x2E, 0x2E, 0x0B, 0x2A, 0x2A, 0x2A, 0x0C, 0x33, 0x33, 0x33, 0x0A,
    0x15, 0x15, 0x15, 0x18, 0x12, 0x15, 0x15, 0x61, 0x14, 0x14, 0x14, 0xA1, 0x1A, 0x19, 0x19, 0xC7,
    0x1E, 0x1B, 0x1A, 0xEF, 0x20, 0x1E, 0x1D, 0xFF, 0x20, 0x1E, 0x1E, 0xF4, 0x23, 0x20, 0x20, 0xFF,
    0x25, 0x22, 0x21, 0xFF, 0x26, 0x24, 0x23, 0xFF, 0x29, 0x28, 0x27, 0xFF, 0x2D, 0x2C, 0x2A, 0xFF,
    0x2F, 0x2E, 0x2B, 0xFF, 0x33, 0x31, 0x2D, 0xFF, 0x35, 0x33, 0x2F, 0xFF, 0x38, 0x36, 0x32, 0xFF,
    0x3A, 0x38, 0x34, 0xFE, 0x3F, 0x3C, 0x38, 0xFC, 0x43, 0x41, 0x3D, 0xFD, 0x48, 0x46, 0x43, 0xFE,
    0x50, 0x4C, 0x4A, 0xFD, 0x57, 0x52, 0x4F, 0xFC, 0x5E, 0x5A, 0x56, 0xFD, 0x69, 0x65, 0x63, 0xFC,
    0x73, 0x6F, 0x6C, 0xFB, 0x7B, 0x77, 0x74, 0xFE, 0x7A, 0x76, 0x73, 0xFF, 0x7F, 0x7B, 0x78, 0xEA,
    0x8D, 0x89, 0x86, 0xE1, 0x74, 0x71, 0x6D, 0xD7, 0x8E, 0x89, 0x86, 0xAE, 0xBC, 0xB7, 0xB4, 0xDA,
    0x81, 0x7C, 0x79, 0xF7, 0x76, 0x72, 0x6F, 0xF8, 0x8A, 0x88, 0x85, 0x95, 0x51, 0x4E, 0x4B, 0x58,
    0x2E, 0x2D, 0x2B, 0xDF, 0x29, 0x28, 0x25, 0xB7, 0x2E, 0x2B, 0x29, 0x9A, 0x2E, 0x2C, 0x2A, 0x85,
    0x32, 0x2F, 0x2A, 0x66, 0x2F, 0x2C, 0x29, 0x56, 0x3E, 0x3A, 0x38, 0x7A, 0x35, 0x32, 0x2F, 0x60,
    0x3C, 0x3A, 0x37, 0xDE, 0x94, 0x90, 0x8C, 0xFF, 0xB9, 0xB5, 0xB2, 0xFE, 0xC7, 0xC3, 0xC1, 0xFF,
    0x7B, 0x76, 0x74, 0xFF, 0x3E, 0x3A, 0x37, 0xFE, 0x35, 0x33, 0x2E, 0xE0, 0x84, 0x80, 0x7D, 0xFE,
    0x38, 0x36, 0x34, 0x91, 0x00, 0x00, 0x00, 0x00, 0x3F, 0x3F, 0x3F, 0x04, 0x00, 0x00, 0x00, 0x00,
    0x00, 0x00, 0x00, 0x00, 0x00, 0x00, 0x00, 0x00, 0x00, 0x00, 0x00, 0x00, 0x00, 0x00, 0x00, 0x00,
    0x00, 0x00, 0x00, 0x00, 0x00, 0x00, 0x00, 0x00, 0x00, 0x00, 0x00, 0x00, 0x00, 0x00, 0x00, 0x00,
    0x00, 0x00, 0x00, 0x00, 0x00, 0x00, 0x00, 0x00, 0x00, 0x00, 0x00, 0x00, 0x00, 0x00, 0x00, 0x00,
    0x00, 0x00, 0x00, 0x00, 0x00, 0x00, 0x00, 0x00, 0x00, 0x00, 0x00, 0x00, 0x00, 0x00, 0x00, 0x00,
    0x00, 0x00, 0x00, 0x00, 0x55, 0x55, 0x00, 0x03, 0x00, 0x00, 0x00, 0x00, 0x18, 0x18, 0x14, 0x49,
    0x53, 0x51, 0x4D, 0xFF, 0x4C, 0x49, 0x48, 0xFE, 0x3D, 0x3A, 0x39, 0xFD, 0x6D, 0x68, 0x65, 0xFF,
    0xBA, 0xB6, 0xB2, 0xFF, 0xB6, 0xB2, 0xAE, 0xFE, 0x4B, 0x48, 0x45, 0xFF, 0x2C, 0x2B, 0x2A, 0xEC,
    0x29, 0x29, 0x25, 0x3E, 0x00, 0x00, 0x00, 0x3D, 0x18, 0x18, 0x16, 0x7C, 0x26, 0x25, 0x22, 0xAC,
    0x29, 0x28, 0x25, 0xB2, 0x2A, 0x29, 0x27, 0xC0, 0x2D, 0x2A, 0x28, 0xDE, 0x2D, 0x2B, 0x2A, 0xEB,
    0x57, 0x52, 0x50, 0xFC, 0xC9, 0xC3, 0xC1, 0xFF, 0xA1, 0x9C, 0x99, 0xFF, 0x4D, 0x49, 0x46, 0xFF,
    0x3F, 0x3B, 0x38, 0xFF, 0x3F, 0x3D, 0x39, 0xFD, 0x4E, 0x4E, 0x4E, 0x0D, 0x00, 0x00, 0x00, 0x00,
    0x00, 0x00, 0x00, 0x00, 0x00, 0x00, 0x00, 0x00, 0x00, 0x00, 0x00, 0x00, 0x00, 0x00, 0x00, 0x00,
    0x00, 0x00, 0x00, 0x00, 0x00, 0x00, 0x00, 0x00, 0x00, 0x00, 0x00, 0x00, 0x00, 0x00, 0x00, 0x00,
    0x00, 0x00, 0x00, 0x00, 0x00, 0x00, 0x00, 0x00, 0x00, 0x00, 0x00, 0x00, 0x00, 0x00, 0x00, 0x00,
    0x00, 0x00, 0x00, 0x00, 0x00, 0x00, 0x00, 0x00, 0x00, 0x00, 0x00, 0x00, 0x00, 0x00, 0x00, 0x00,
    0x00, 0x00, 0x00, 0x00, 0x00, 0x00, 0x00, 0x00, 0x00, 0x00, 0x00, 0x00, 0x00, 0x00, 0x00, 0x00,
    0x00, 0x00, 0x00, 0x00, 0x00, 0x00, 0x00, 0x00, 0x00, 0x00, 0x00, 0x00, 0x00, 0x00, 0x00, 0x00,
    0x00, 0x00, 0x00, 0x00, 0x00, 0x00, 0x00, 0x00, 0x00, 0x00, 0x00, 0x00, 0x00, 0x00, 0x00, 0x00,
    0x00, 0x00, 0x00, 0x00, 0x00, 0x00, 0x00, 0x00, 0x00, 0x00, 0x00, 0x00, 0x00, 0x00, 0x00, 0x00,
    0x00, 0x00, 0x00, 0x04, 0x0F, 0x0F, 0x0F, 0x52, 0x15, 0x15, 0x15, 0x8F, 0x19, 0x19, 0x19, 0xAD,
    0x1D, 0x1A, 0x1A, 0xD3, 0x1F, 0x1C, 0x1B, 0xEC, 0x1F, 0x1E, 0x1D, 0xF1, 0x22, 0x20, 0x1F, 0xFE,
    0x23, 0x21, 0x20, 0xFE, 0x25, 0x24, 0x22, 0xFF, 0x28, 0x26, 0x26, 0xFE, 0x2A, 0x29, 0x29, 0xFC,
    0x2D, 0x2B, 0x2A, 0xFD, 0x2F, 0x2E, 0x2A, 0xFD, 0x34, 0x31, 0x2D, 0xFD, 0x36, 0x34, 0x30, 0xFE,
    0x39, 0x39, 0x34, 0xFF, 0x40, 0x3D, 0x39, 0xFF, 0x46, 0x42, 0x3F, 0xFF, 0x4C, 0x47, 0x45, 0xFF,
    0x53, 0x50, 0x4C, 0xFF, 0x5B, 0x58, 0x54, 0xFF, 0x64, 0x5F, 0x5E, 0xFF, 0x6F, 0x6A, 0x67, 0xFF,
    0x79, 0x75, 0x72, 0xFF, 0x83, 0x7F, 0x7D, 0xFF, 0x8D, 0x89, 0x89, 0xFE, 0x99, 0x94, 0x95, 0xFF,
    0xA5, 0xA1, 0x9F, 0xFF, 0x88, 0x83, 0x81, 0xF9, 0xA7, 0xA3, 0x9F, 0xC6, 0xE2, 0xDC, 0xD9, 0xFF,
    0xB8, 0xB3, 0xB0, 0xFE, 0xBD, 0xB8, 0xB6, 0xFF, 0xD9, 0xD5, 0xD2, 0xFF, 0x7B, 0x76, 0x75, 0xFF,
    0x3F, 0x3B, 0x3A, 0xF5, 0x37, 0x35, 0x33, 0xE6, 0x3B, 0x38, 0x36, 0xC6, 0x34, 0x33, 0x30, 0xC1,
    0x31, 0x30, 0x2C, 0xBE, 0x31, 0x2E, 0x2A, 0xBE, 0x27, 0x25, 0x22, 0xA3, 0x0B, 0x0B, 0x05, 0x2C,
    0x3E, 0x3C, 0x37, 0xD3, 0x94, 0x90, 0x8B, 0xFE, 0xB8, 0xB4, 0xB0, 0xFD, 0xC3, 0xBE, 0xBB, 0xFF,
    0x76, 0x71, 0x6E, 0xFF, 0x40, 0x3C, 0x39, 0xFF, 0x52, 0x4E, 0x49, 0xFF, 0x82, 0x7E, 0x7A, 0xFF,
    0x2C, 0x2C, 0x2A, 0x8F, 0x00, 0x00, 0x00, 0x00, 0x3F, 0x3F, 0x3F, 0x04, 0x00, 0x00, 0x00, 0x00,
    0x00, 0x00, 0x00, 0x00, 0x00, 0x00, 0x00, 0x00, 0x00, 0x00, 0x00, 0x00, 0x00, 0x00, 0x00, 0x00,
    0x00, 0x00, 0x00, 0x00, 0x00, 0x00, 0x00, 0x00, 0x00, 0x00, 0x00, 0x00, 0x00, 0x00, 0x00, 0x00,
    0x00, 0x00, 0x00, 0x00, 0x00, 0x00, 0x00, 0x00, 0x00, 0x00, 0x00, 0x00, 0x00, 0x00, 0x00, 0x00,
    0x00, 0x00, 0x00, 0x00, 0x00, 0x00, 0x00, 0x00, 0x00, 0x00, 0x00, 0x00, 0x00, 0x00, 0x00, 0x00,
    0x00, 0x00, 0x00, 0x00, 0x55, 0x00, 0x00, 0x03, 0x00, 0x00, 0x00, 0x00, 0x13, 0x13, 0x13, 0x43,
    0x50, 0x4D, 0x4A, 0xFF, 0x45, 0x42, 0x41, 0xF9, 0x3F, 0x3B, 0x3A, 0xFF, 0x69, 0x64, 0x61, 0xFF,
    0xB3, 0xAE, 0xAA, 0xFF, 0xBA, 0xB4, 0xB1, 0xFE, 0x52, 0x4E, 0x4A, 0xFF, 0x2E, 0x2D, 0x2C, 0xEB,
    0x1A, 0x1E, 0x1A, 0x3A, 0x26, 0x24, 0x23, 0xA0, 0x2E, 0x2C, 0x2B, 0xD5, 0x2E, 0x2C, 0x2B, 0xEC,
    0x2C, 0x2B, 0x29, 0xEB, 0x27, 0x26, 0x24, 0xE6, 0x24, 0x24, 0x23, 0xBC, 0x2D, 0x2D, 0x2A, 0xCA,
    0x65, 0x61, 0x5F, 0xFF, 0xC3, 0xBE, 0xBC, 0xFA, 0x8F, 0x8B, 0x88, 0xFC, 0x43, 0x3F, 0x3B, 0xFD,
    0x39, 0x36, 0x32, 0xFE, 0x39, 0x37, 0x34, 0xF7, 0x31, 0x31, 0x31, 0x1F, 0x00, 0x00, 0x00, 0x02,
    0x00, 0x00, 0x00, 0x03, 0x00, 0x00, 0x00, 0x02, 0x00, 0x00, 0x00, 0x02, 0x00, 0x00, 0x00, 0x02,
    0x00, 0x00, 0x00, 0x02, 0x00, 0x00, 0x00, 0x02, 0x00, 0x00, 0x00, 0x02, 0x00, 0x00, 0x00, 0x02,
    0x00, 0x00, 0x00, 0x02, 0x00, 0x00, 0x00, 0x01, 0x00, 0x00, 0x00, 0x01, 0x00, 0x00, 0x00, 0x01,
    0x00, 0x00, 0x00, 0x01, 0x00, 0x00, 0x00, 0x01, 0x00, 0x00, 0x00, 0x01, 0x00, 0x00, 0x00, 0x01,
    0x00, 0x00, 0x00, 0x01, 0x00, 0x00, 0x00, 0x01, 0x00, 0x00, 0x00, 0x01, 0x00, 0x00, 0x00, 0x01,
    0x00, 0x00, 0x00, 0x01, 0x00, 0x00, 0x00, 0x01, 0x00, 0x00, 0x00, 0x01, 0x00, 0x00, 0x00, 0x00,
    0x00, 0x00, 0x00, 0x01, 0x00, 0x00, 0x00, 0x01, 0x00, 0x00, 0x00, 0x01, 0x00, 0x00, 0x00, 0x01,
    0x00, 0x00, 0x00, 0x01, 0x00, 0x00, 0x00, 0x01, 0x00, 0x00, 0x00, 0x00, 0x00, 0x00, 0x00, 0x01,
    0x00, 0x00, 0x00, 0x05, 0x10, 0x10, 0x10, 0x4E, 0x14, 0x14, 0x14, 0x87, 0x17, 0x17, 0x19, 0xA3,
    0x1C, 0x1A, 0x19, 0xD0, 0x1F, 0x1C, 0x1B, 0xF3, 0x20, 0x1E, 0x1E, 0xF4, 0x22, 0x20, 0x1F, 0xFF,
    0x24, 0x22, 0x21, 0xFE, 0x26, 0x24, 0x23, 0xFF, 0x28, 0x26, 0x25, 0xFF, 0x2A, 0x29, 0x28, 0xFF,
    0x2D, 0x2A, 0x2A, 0xFF, 0x30, 0x2E, 0x2A, 0xFF, 0x33, 0x31, 0x2D, 0xFF, 0x36, 0x34, 0x30, 0xFF,
    0x3B, 0x38, 0x34, 0xFF, 0x40, 0x3C, 0x38, 0xFF, 0x45, 0x41, 0x3D, 0xFF, 0x4B, 0x47, 0x43, 0xFF,
    0x53, 0x50, 0x4B, 0xFF, 0x5C, 0x58, 0x54, 0xFF, 0x64, 0x60, 0x5E, 0xFF, 0x70, 0x6A, 0x68, 0xFF,
    0x79, 0x75, 0x72, 0xFF, 0x83, 0x7E, 0x7D, 0xFF, 0x8A, 0x86, 0x85, 0xFF, 0x8F, 0x8C, 0x8B, 0xFE,
    0x9A, 0x96, 0x95, 0xFD, 0x7D, 0x78, 0x76, 0xF5, 0x99, 0x95, 0x93, 0xCF, 0xD4, 0xCE, 0xCC, 0xFD,
    0xA9, 0xA3, 0xA1, 0xFD, 0xA8, 0xA4, 0xA1, 0xFF, 0xC7, 0xC3, 0xBF, 0xFA, 0x79, 0x73, 0x71, 0xFD,
    0x3E, 0x3A, 0x39, 0xE2, 0x2A, 0x29, 0x29, 0xA1, 0x2E, 0x2C, 0x2B, 0xCF, 0x33, 0x30, 0x2F, 0xE1,
    0x33, 0x33, 0x30, 0xE8, 0x38, 0x37, 0x33, 0xE2, 0x3C, 0x3A, 0x39, 0xE2, 0x1E, 0x20, 0x1E, 0x66,
    0x40, 0x3F, 0x3C, 0xDA, 0x9C, 0x98, 0x94, 0xFF, 0xB7, 0xB2, 0xAE, 0xFD, 0xBC, 0xB7, 0xB3, 0xFF,
    0x6E, 0x69, 0x64, 0xFF, 0x39, 0x35, 0x32, 0xFF, 0x5D, 0x59, 0x56, 0xFA, 0x82, 0x7D, 0x7A, 0xFF,
    0x23, 0x21, 0x1F, 0x90, 0x00, 0x00, 0x00, 0x00, 0x3F, 0x3F, 0x3F, 0x04, 0x00, 0x00, 0x00, 0x00,
    0x00, 0x00, 0x00, 0x00, 0x00, 0x00, 0x00, 0x00, 0x00, 0x00, 0x00, 0x00, 0x00, 0x00, 0x00, 0x00,
    0x00, 0x00, 0x00, 0x00, 0x00, 0x00, 0x00, 0x00, 0x00, 0x00, 0x00, 0x00, 0x00, 0x00, 0x00, 0x00,
    0x00, 0x00, 0x00, 0x00, 0x00, 0x00, 0x00, 0x00, 0x00, 0x00, 0x00, 0x00, 0x00, 0x00, 0x00, 0x00,
    0x00, 0x00, 0x00, 0x00, 0x00, 0x00, 0x00, 0x00, 0x00, 0x00, 0x00, 0x00, 0x00, 0x00, 0x00, 0x00,
    0x00, 0x00, 0x00, 0x00, 0x00, 0x00, 0x00, 0x03, 0x00, 0x00, 0x00, 0x00, 0x09, 0x09, 0x09, 0x37,
    0x4F, 0x4B, 0x4A, 0xFF, 0x54, 0x51, 0x4D, 0xFF, 0x3D, 0x3A, 0x37, 0xFF, 0x65, 0x60, 0x5E, 0xFF,
    0xA7, 0xA3, 0x9F, 0xFF, 0xC0, 0xBA, 0xB8, 0xFD, 0x58, 0x53, 0x50, 0xFC, 0x29, 0x27, 0x26, 0x86,
    0x1A, 0x1E, 0x1E, 0x3A, 0x25, 0x24, 0x22, 0xC6, 0x20, 0x1F, 0x1F, 0xCC, 0x17, 0x15, 0x15, 0x82,
    0x0D, 0x0D, 0x0D, 0x4D, 0x06, 0x06, 0x06, 0x28, 0x00, 0x00, 0x00, 0x01, 0x33, 0x31, 0x30, 0xCE,
    0x65, 0x60, 0x5E, 0xFF, 0xC3, 0xBD, 0xBA, 0xFD, 0x90, 0x8C, 0x89, 0xFF, 0x41, 0x3E, 0x3A, 0xFE,
    0x38, 0x36, 0x31, 0xFF, 0x38, 0x36, 0x35, 0xFD, 0x30, 0x2A, 0x2A, 0x2A, 0x00, 0x00, 0x00, 0x00,
    0x00, 0x00, 0x00, 0x02, 0x00, 0x00, 0x00, 0x00, 0x00, 0x00, 0x00, 0x00, 0x00, 0x00, 0x00, 0x00,
    0x00, 0x00, 0x00, 0x00, 0x00, 0x00, 0x00, 0x00, 0x00, 0x00, 0x00, 0x00, 0x00, 0x00, 0x00, 0x00,
    0x00, 0x00, 0x00, 0x00, 0x00, 0x00, 0x00, 0x00, 0x00, 0x00, 0x00, 0x00, 0x00, 0x00, 0x00, 0x00,
    0x00, 0x00, 0x00, 0x00, 0x00, 0x00, 0x00, 0x00, 0x00, 0x00, 0x00, 0x00, 0x00, 0x00, 0x00, 0x00,
    0x00, 0x00, 0x00, 0x00, 0x00, 0x00, 0x00, 0x00, 0x00, 0x00, 0x00, 0x00, 0x00, 0x00, 0x00, 0x00,
    0x00, 0x00, 0x00, 0x00, 0x00, 0x00, 0x00, 0x00, 0x00, 0x00, 0x00, 0x00, 0x00, 0x00, 0x00, 0x00,
    0x00, 0x00, 0x00, 0x00, 0x00, 0x00, 0x00, 0x00, 0x00, 0x00, 0x00, 0x00, 0x00, 0x00, 0x00, 0x00,
    0x00, 0x00, 0x00, 0x00, 0x00, 0x00, 0x00, 0x00, 0x00, 0x00, 0x00, 0x00, 0x00, 0x00, 0x00, 0x00,
    0x00, 0x00, 0x00, 0x03, 0x0D, 0x10, 0x10, 0x4D, 0x15, 0x15, 0x15, 0x82, 0x18, 0x18, 0x18, 0x9F,
    0x19, 0x19, 0x19, 0xBB, 0x1E, 0x1C, 0x19, 0xE3, 0x1F, 0x1E, 0x1B, 0xED, 0x22, 0x1F, 0x1F, 0xFE,
    0x24, 0x21, 0x20, 0xFF, 0x26, 0x24, 0x23, 0xFF, 0x28, 0x25, 0x25, 0xFF, 0x2A, 0x27, 0x28, 0xFF,
    0x2C, 0x2A, 0x29, 0xFF, 0x2F, 0x2E, 0x2A, 0xFF, 0x33, 0x31, 0x2D, 0xFF, 0x36, 0x34, 0x30, 0xFF,
    0x3A, 0x38, 0x34, 0xFF, 0x3F, 0x3C, 0x38, 0xFF, 0x44, 0x41, 0x3D, 0xFF, 0x4B, 0x47, 0x43, 0xFF,
    0x53, 0x50, 0x4C, 0xFF, 0x5C, 0x59, 0x54, 0xFF, 0x67, 0x62, 0x5F, 0xFF, 0x71, 0x6C, 0x6A, 0xFF,
    0x7B, 0x77, 0x76, 0xFF, 0x85, 0x81, 0x7F, 0xFF, 0x8C, 0x88, 0x87, 0xFF, 0x90, 0x8C, 0x8B, 0xFF,
    0x9A, 0x95, 0x95, 0xFF, 0x79, 0x75, 0x73, 0xF6, 0x8F, 0x8B, 0x88, 0xEB, 0xD5, 0xD0, 0xCD, 0xFF,
    0xA8, 0xA3, 0xA0, 0xFE, 0xAA, 0xA3, 0xA1, 0xFF, 0xC7, 0xC0, 0xBE, 0xFF, 0x75, 0x70, 0x6D, 0xFF,
    0x42, 0x3F, 0x3C, 0xFF, 0x1D, 0x1D, 0x1D, 0x3D, 0x00, 0x00, 0x00, 0x3D, 0x0D, 0x0D, 0x0D, 0x70,
    0x16, 0x16, 0x15, 0x9C, 0x1D, 0x1E, 0x1C, 0xBF, 0x2B, 0x2A, 0x28, 0xF4, 0x29, 0x27, 0x26, 0x9A,
    0x32, 0x32, 0x32, 0x6A, 0x92, 0x90, 0x8C, 0xEC, 0xBE, 0xB9, 0xB5, 0xFF, 0xB3, 0xAE, 0xAB, 0xFE,
    0x66, 0x61, 0x5C, 0xFF, 0x35, 0x31, 0x2E, 0xFF, 0x69, 0x66, 0x62, 0xFB, 0x79, 0x76, 0x72, 0xFF,
    0x1F, 0x1E, 0x1C, 0x90, 0x00, 0x00, 0x00, 0x00, 0x3F, 0x3F, 0x3F, 0x04, 0x00, 0x00, 0x00, 0x00,
    0x00, 0x00, 0x00, 0x00, 0x00, 0x00, 0x00, 0x00, 0x00, 0x00, 0x00, 0x00, 0x00, 0x00, 0x00, 0x00,
    0x00, 0x00, 0x00, 0x00, 0x00, 0x00, 0x00, 0x00, 0x00, 0x00, 0x00, 0x00, 0x00, 0x00, 0x00, 0x00,
    0x00, 0x00, 0x00, 0x00, 0x00, 0x00, 0x00, 0x00, 0x00, 0x00, 0x00, 0x00, 0x00, 0x00, 0x00, 0x00,
    0x00, 0x00, 0x00, 0x00, 0x00, 0x00, 0x00, 0x00, 0x00, 0x00, 0x00, 0x00, 0x00, 0x00, 0x00, 0x00,
    0x00, 0x00, 0x00, 0x00, 0x00, 0x00, 0x00, 0x02, 0x00, 0x00, 0x00, 0x00, 0x22, 0x22, 0x1C, 0x2D,
    0x3B, 0x37, 0x37, 0xFC, 0x47, 0x45, 0x43, 0xFC, 0x3D, 0x3A, 0x37, 0xFF, 0x61, 0x5B, 0x59, 0xFF,
    0x9E, 0x9A, 0x97, 0xFE, 0xC6, 0xC3, 0xBF, 0xFC, 0x5C, 0x59, 0x56, 0xB1, 0x46, 0x45, 0x40, 0xCE,
    0x36, 0x36, 0x33, 0xB1, 0x2D, 0x2E, 0x2D, 0xC6, 0x1B, 0x1C, 0x1A, 0xE0, 0x0E, 0x11, 0x11, 0x69,
    0x0F, 0x0F, 0x0F, 0x40, 0x16, 0x16, 0x16, 0x17, 0x00, 0x00, 0x00, 0x00, 0x33, 0x32, 0x30, 0xE0,
    0x65, 0x61, 0x5E, 0xFF, 0xC2, 0xBC, 0xBA, 0xFD, 0x90, 0x8B, 0x87, 0xFF, 0x41, 0x3E, 0x3A, 0xFF,
    0x37, 0x35, 0x31, 0xFF, 0x37, 0x35, 0x32, 0xFF, 0x2A, 0x2A, 0x2A, 0x30, 0x00, 0x00, 0x00, 0x00,
    0x00, 0x00, 0x00, 0x02, 0x00, 0x00, 0x00, 0x00, 0x00, 0x00, 0x00, 0x00, 0x00, 0x00, 0x00, 0x00,
    0x00, 0x00, 0x00, 0x00, 0x00, 0x00, 0x00, 0x00, 0x00, 0x00, 0x00, 0x00, 0x00, 0x00, 0x00, 0x00,
    0x00, 0x00, 0x00, 0x00, 0x00, 0x00, 0x00, 0x00, 0x00, 0x00, 0x00, 0x00, 0x00, 0x00, 0x00, 0x00,
    0x00, 0x00, 0x00, 0x00, 0x00, 0x00, 0x00, 0x00, 0x00, 0x00, 0x00, 0x00, 0x00, 0x00, 0x00, 0x00,
    0x00, 0x00, 0x00, 0x00, 0x00, 0x00, 0x00, 0x00, 0x00, 0x00, 0x00, 0x00, 0x00, 0x00, 0x00, 0x00,
    0x00, 0x00, 0x00, 0x00, 0x00, 0x00, 0x00, 0x00, 0x00, 0x00, 0x00, 0x00, 0x00, 0x00, 0x00, 0x00,
    0x00, 0x00, 0x00, 0x00, 0x00, 0x00, 0x00, 0x00, 0x00, 0x00, 0x00, 0x00, 0x00, 0x00, 0x00, 0x00,
    0x00, 0x00, 0x00, 0x00, 0x00, 0x00, 0x00, 0x00, 0x00, 0x00, 0x00, 0x00, 0x00, 0x00, 0x00, 0x00,
    0x00, 0x00, 0x00, 0x03, 0x10, 0x10, 0x10, 0x4E, 0x13, 0x15, 0x13, 0x82, 0x16, 0x16, 0x16, 0x9D,
    0x19, 0x19, 0x19, 0xBC, 0x1D, 0x1B, 0x1A, 0xDE, 0x1F, 0x1E, 0x1D, 0xF0, 0x21, 0x1F, 0x1F, 0xFD,
    0x23, 0x21, 0x20, 0xFF, 0x25, 0x23, 0x23, 0xFF, 0x27, 0x25, 0x23, 0xFF, 0x29, 0x26, 0x26, 0xFF,
    0x2C, 0x2A, 0x29, 0xFF, 0x2F, 0x2E, 0x2A, 0xFF, 0x33, 0x30, 0x2C, 0xFF, 0x37, 0x34, 0x30, 0xFF,
    0x3A, 0x38, 0x33, 0xFF, 0x3F, 0x3B, 0x38, 0xFF, 0x44, 0x41, 0x3C, 0xFF, 0x4B, 0x47, 0x43, 0xFF,
    0x52, 0x50, 0x4B, 0xFF, 0x5D, 0x58, 0x55, 0xFF, 0x67, 0x62, 0x5F, 0xFF, 0x72, 0x6E, 0x6B, 0xFF,
    0x7C, 0x78, 0x75, 0xFF, 0x86, 0x81, 0x80, 0xFF, 0x8D, 0x88, 0x88, 0xFF, 0x91, 0x8C, 0x8B, 0xFE,
    0x9A, 0x95, 0x94, 0xFF, 0x7C, 0x78, 0x74, 0xE3, 0x9D, 0x99, 0x98, 0xDA, 0xD5, 0xCF, 0xCC, 0xFF,
    0xA9, 0xA2, 0x9F, 0xFD, 0xA9, 0xA3, 0xA0, 0xFF, 0xC5, 0xC1, 0xBD, 0xFF, 0x74, 0x6F, 0x6D, 0xFF,
    0x41, 0x3E, 0x3A, 0xFF, 0x29, 0x29, 0x25, 0x37, 0x0B, 0x0B, 0x0B, 0x2E, 0x12, 0x12, 0x12, 0x62,
    0x16, 0x16, 0x14, 0x8B, 0x19, 0x19, 0x17, 0xC1, 0x1F, 0x1C, 0x1B, 0xEE, 0x32, 0x30, 0x2E, 0xE8,
    0x80, 0x7C, 0x79, 0xE6, 0x83, 0x80, 0x7C, 0xCB, 0xAB, 0xA7, 0xA4, 0xF0, 0xB5, 0xAF, 0xAD, 0xFF,
    0x5E, 0x58, 0x55, 0xFF, 0x36, 0x32, 0x2E, 0xFF, 0x5D, 0x5A, 0x56, 0xFB, 0x54, 0x50, 0x4D, 0xFF,
    0x2C, 0x29, 0x29, 0x8E, 0x00, 0x00, 0x00, 0x00, 0x3F, 0x3F, 0x3F, 0x04, 0x00, 0x00, 0x00, 0x00,
    0x00, 0x00, 0x00, 0x00, 0x00, 0x00, 0x00, 0x00, 0x00, 0x00, 0x00, 0x00, 0x00, 0x00, 0x00, 0x00,
    0x00, 0x00, 0x00, 0x00, 0x00, 0x00, 0x00, 0x00, 0x00, 0x00, 0x00, 0x00, 0x00, 0x00, 0x00, 0x00,
    0x00, 0x00, 0x00, 0x00, 0x00, 0x00, 0x00, 0x00, 0x00, 0x00, 0x00, 0x00, 0x00, 0x00, 0x00, 0x00,
    0x00, 0x00, 0x00, 0x00, 0x00, 0x00, 0x00, 0x00, 0x00, 0x00, 0x00, 0x00, 0x00, 0x00, 0x00, 0x00,
    0x00, 0x00, 0x00, 0x00, 0x00, 0x00, 0x00, 0x02, 0x00, 0x00, 0x00, 0x00, 0x3D, 0x3D, 0x3D, 0x21,
    0x2E, 0x2D, 0x2B, 0xF7, 0x25, 0x24, 0x22, 0xF2, 0x3F, 0x3A, 0x38, 0xFE, 0x5C, 0x55, 0x52, 0xFE,
    0x9C, 0x97, 0x93, 0xFF, 0xA7, 0xA5, 0xA1, 0xDE, 0x67, 0x65, 0x61, 0xE3, 0x5F, 0x5C, 0x57, 0xFF,
    0x37, 0x35, 0x33, 0xBE, 0x33, 0x32, 0x31, 0xCF, 0x1F, 0x1E, 0x1D, 0xE9, 0x11, 0x13, 0x13, 0x76,
    0x0E, 0x0E, 0x0E, 0x47, 0x17, 0x17, 0x17, 0x16, 0x00, 0x00, 0x00, 0x0E, 0x35, 0x32, 0x31, 0xDD,
    0x68, 0x65, 0x62, 0xFF, 0xC1, 0xBC, 0xB9, 0xFD, 0x90, 0x8B, 0x88, 0xFF, 0x42, 0x3E, 0x3A, 0xFE,
    0x38, 0x35, 0x31, 0xFF, 0x36, 0x35, 0x32, 0xFE, 0x33, 0x33, 0x33, 0x2D, 0x00, 0x00, 0x00, 0x00,
    0x00, 0x00, 0x00, 0x02, 0x00, 0x00, 0x00, 0x00, 0x00, 0x00, 0x00, 0x00, 0x00, 0x00, 0x00, 0x00,
    0x00, 0x00, 0x00, 0x00, 0x00, 0x00, 0x00, 0x00, 0x00, 0x00, 0x00, 0x00, 0x00, 0x00, 0x00, 0x00,
    0x00, 0x00, 0x00, 0x00, 0x00, 0x00, 0x00, 0x00, 0x00, 0x00, 0x00, 0x00, 0x00, 0x00, 0x00, 0x00,
    0x00, 0x00, 0x00, 0x00, 0x00, 0x00, 0x00, 0x00, 0x00, 0x00, 0x00, 0x00, 0x00, 0x00, 0x00, 0x00,
    0x00, 0x00, 0x00, 0x00, 0x00, 0x00, 0x00, 0x00, 0x00, 0x00, 0x00, 0x00, 0x00, 0x00, 0x00, 0x00,
    0x00, 0x00, 0x00, 0x00, 0x00, 0x00, 0x00, 0x00, 0x00, 0x00, 0x00, 0x00, 0x00, 0x00, 0x00, 0x00,
    0x00, 0x00, 0x00, 0x00, 0x00, 0x00, 0x00, 0x00, 0x00, 0x00, 0x00, 0x00, 0x00, 0x00, 0x00, 0x00,
    0x00, 0x00, 0x00, 0x00, 0x00, 0x00, 0x00, 0x00, 0x00, 0x00, 0x00, 0x00, 0x00, 0x00, 0x00, 0x00,
    0x00, 0x00, 0x00, 0x00, 0x0D, 0x11, 0x0D, 0x49, 0x12, 0x14, 0x12, 0x7D, 0x16, 0x16, 0x16, 0x95,
    0x18, 0x18, 0x18, 0xB2, 0x1C, 0x1B, 0x1A, 0xD6, 0x1F, 0x1E, 0x1B, 0xEE, 0x22, 0x20, 0x1E, 0xFF,
    0x24, 0x21, 0x20, 0xFF, 0x25, 0x23, 0x22, 0xFF, 0x27, 0x25, 0x24, 0xFF, 0x2A, 0x27, 0x26, 0xFF,
    0x2B, 0x29, 0x28, 0xFF, 0x2F, 0x2D, 0x29, 0xFF, 0x33, 0x31, 0x2D, 0xFF, 0x36, 0x34, 0x2F, 0xFF,
    0x39, 0x38, 0x33, 0xFF, 0x3E, 0x3B, 0x38, 0xFF, 0x44, 0x41, 0x3D, 0xFF, 0x4B, 0x47, 0x44, 0xFF,
    0x52, 0x4F, 0x4B, 0xFF, 0x5C, 0x58, 0x54, 0xFF, 0x67, 0x63, 0x5F, 0xFF, 0x72, 0x6E, 0x6C, 0xFF,
    0x7D, 0x78, 0x74, 0xFF, 0x85, 0x81, 0x7F, 0xFF, 0x8D, 0x88, 0x87, 0xFF, 0x90, 0x8C, 0x8B, 0xFE,
    0x99, 0x94, 0x93, 0xFF, 0x79, 0x73, 0x6F, 0xDD, 0xAA, 0xA6, 0xA3, 0xD2, 0xD3, 0xCE, 0xCB, 0xFF,
    0xA8, 0xA3, 0x9F, 0xFD, 0xAA, 0xA3, 0xA0, 0xFF, 0xC5, 0xC0, 0xBD, 0xFF, 0x73, 0x6F, 0x6B, 0xFF,
    0x40, 0x3D, 0x3A, 0xFC, 0x21, 0x21, 0x21, 0x3D, 0x0C, 0x0C, 0x08, 0x3D, 0x10, 0x10, 0x10, 0x5E,
    0x14, 0x16, 0x14, 0x8A, 0x1B, 0x1A, 0x18, 0xD4, 0x29, 0x28, 0x26, 0xFD, 0x3F, 0x3D, 0x3A, 0xEA,
    0x9A, 0x95, 0x91, 0xFF, 0x99, 0x95, 0x92, 0xFF, 0x90, 0x8C, 0x8A, 0xE6, 0xA0, 0x9B, 0x98, 0xFB,
    0x5A, 0x54, 0x50, 0xFF, 0x3B, 0x37, 0x34, 0xFF, 0x2B, 0x29, 0x26, 0xFB, 0x39, 0x35, 0x32, 0xFF,
    0x3D, 0x39, 0x37, 0x85, 0x00, 0x00, 0x00, 0x00, 0x3F, 0x3F, 0x3F, 0x04, 0x00, 0x00, 0x00, 0x00,
    0x00, 0x00, 0x00, 0x00, 0x00, 0x00, 0x00, 0x00, 0x00, 0x00, 0x00, 0x00, 0x00, 0x00, 0x00, 0x00,
    0x00, 0x00, 0x00, 0x00, 0x00, 0x00, 0x00, 0x00, 0x00, 0x00, 0x00, 0x00, 0x00, 0x00, 0x00, 0x00,
    0x00, 0x00, 0x00, 0x00, 0x00, 0x00, 0x00, 0x00, 0x00, 0x00, 0x00, 0x00, 0x00, 0x00, 0x00, 0x00,
    0x00, 0x00, 0x00, 0x00, 0x00, 0x00, 0x00, 0x00, 0x00, 0x00, 0x00, 0x00, 0x00, 0x00, 0x00, 0x00,
    0x00, 0x00, 0x00, 0x00, 0x00, 0x00, 0x00, 0x02, 0x00, 0x00, 0x00, 0x00, 0x48, 0x48, 0x48, 0x1C,
    0x2F, 0x2E, 0x2C, 0xF8, 0x26, 0x24, 0x23, 0xFF, 0x3A, 0x36, 0x34, 0xFE, 0x60, 0x5C, 0x57, 0xFF,
    0x7B, 0x76, 0x72, 0xF5, 0xAA, 0xA7, 0xA3, 0xED, 0x87, 0x84, 0x80, 0xFF, 0x5D, 0x5A, 0x56, 0xFD,
    0x39, 0x38, 0x36, 0xD8, 0x30, 0x30, 0x30, 0xAC, 0x1E, 0x1E, 0x1D, 0xD8, 0x11, 0x13, 0x11, 0x75,
    0x0D, 0x0D, 0x0D, 0x3A, 0x19, 0x19, 0x19, 0x14, 0x00, 0x00, 0x00, 0x07, 0x38, 0x35, 0x34, 0xC3,
    0x6C, 0x67, 0x65, 0xFF, 0xC1, 0xBD, 0xB9, 0xFC, 0x90, 0x8C, 0x87, 0xFF, 0x44, 0x3F, 0x3B, 0xFE,
    0x39, 0x35, 0x31, 0xFF, 0x38, 0x37, 0x34, 0xFE, 0x38, 0x38, 0x38, 0x32, 0x00, 0x00, 0x00, 0x00,
    0x7F, 0x7F, 0x00, 0x02, 0x00, 0x00, 0x00, 0x00, 0x00, 0x00, 0x00, 0x00, 0x00, 0x00, 0x00, 0x00,
    0x00, 0x00, 0x00, 0x00, 0x00, 0x00, 0x00, 0x00, 0x00, 0x00, 0x00, 0x00, 0x00, 0x00, 0x00, 0x00,
    0x00, 0x00, 0x00, 0x00, 0x00, 0x00, 0x00, 0x00, 0x00, 0x00, 0x00, 0x00, 0x00, 0x00, 0x00, 0x00,
    0x00, 0x00, 0x00, 0x00, 0x00, 0x00, 0x00, 0x00, 0x00, 0x00, 0x00, 0x00, 0x00, 0x00, 0x00, 0x00,
    0x00, 0x00, 0x00, 0x00, 0x00, 0x00, 0x00, 0x00, 0x00, 0x00, 0x00, 0x00, 0x00, 0x00, 0x00, 0x00,
    0x00, 0x00, 0x00, 0x00, 0x00, 0x00, 0x00, 0x00, 0x00, 0x00, 0x00, 0x00, 0x00, 0x00, 0x00, 0x00,
    0x00, 0x00, 0x00, 0x00, 0x00, 0x00, 0x00, 0x00, 0x00, 0x00, 0x00, 0x00, 0x00, 0x00, 0x00, 0x00,
    0x00, 0x00, 0x00, 0x00, 0x00, 0x00, 0x00, 0x00, 0x00, 0x00, 0x00, 0x00, 0x00, 0x00, 0x00, 0x01,
    0x00, 0x00, 0x00, 0x00, 0x0D, 0x0D, 0x0D, 0x39, 0x13, 0x13, 0x11, 0x82, 0x15, 0x17, 0x15, 0x97,
    0x18, 0x18, 0x18, 0xAF, 0x1B, 0x1A, 0x19, 0xD3, 0x1D, 0x1C, 0x1B, 0xDF, 0x20, 0x1E, 0x1D, 0xF4,
    0x23, 0x20, 0x1E, 0xFD, 0x25, 0x22, 0x22, 0xFF, 0x26, 0x24, 0x23, 0xFF, 0x28, 0x26, 0x25, 0xFF,
    0x2A, 0x28, 0x27, 0xFF, 0x2D, 0x2D, 0x29, 0xFF, 0x32, 0x30, 0x2B, 0xFF, 0x35, 0x34, 0x2F, 0xFF,
    0x39, 0x37, 0x33, 0xFF, 0x3E, 0x3C, 0x38, 0xFF, 0x44, 0x41, 0x3C, 0xFF, 0x4A, 0x47, 0x44, 0xFF,
    0x52, 0x4F, 0x4B, 0xFF, 0x5B, 0x58, 0x53, 0xFF, 0x67, 0x63, 0x5F, 0xFF, 0x73, 0x6D, 0x6B, 0xFF,
    0x7C, 0x76, 0x74, 0xFF, 0x84, 0x7F, 0x7D, 0xFF, 0x8B, 0x85, 0x84, 0xFF, 0x8C, 0x88, 0x88, 0xFE,
    0x91, 0x8D, 0x8B, 0xFE, 0x66, 0x62, 0x5E, 0xDF, 0xAD, 0xAA, 0xA5, 0xD4, 0xD0, 0xCA, 0xC8, 0xFF,
    0xA7, 0xA1, 0x9F, 0xFD, 0xAA, 0xA5, 0xA1, 0xFF, 0xC5, 0xC0, 0xBC, 0xFF, 0x74, 0x6F, 0x6B, 0xFF,
    0x3E, 0x3C, 0x38, 0xFC, 0x18, 0x1D, 0x18, 0x34, 0x0C, 0x0C, 0x0C, 0x3D, 0x11, 0x13, 0x11, 0x68,
    0x13, 0x15, 0x15, 0x84, 0x1A, 0x19, 0x16, 0xBD, 0x2A, 0x2A, 0x28, 0xE4, 0x4A, 0x49, 0x47, 0xEB,
    0x93, 0x8F, 0x8C, 0xFE, 0x95, 0x92, 0x8E, 0xFF, 0xBB, 0xB8, 0xB4, 0xF9, 0x72, 0x6E, 0x6A, 0xEE,
    0x57, 0x53, 0x4F, 0xFF, 0x38, 0x34, 0x30, 0xFE, 0x28, 0x26, 0x23, 0xFB, 0x3A, 0x37, 0x33, 0xFF,
    0x3C, 0x39, 0x37, 0x86, 0x00, 0x00, 0x00, 0x00, 0x3F, 0x3F, 0x3F, 0x04, 0x00, 0x00, 0x00, 0x00,
    0x00, 0x00, 0x00, 0x00, 0x00, 0x00, 0x00, 0x00, 0x00, 0x00, 0x00, 0x00, 0x00, 0x00, 0x00, 0x00,
    0x00, 0x00, 0x00, 0x00, 0x00, 0x00, 0x00, 0x00, 0x00, 0x00, 0x00, 0x00, 0x00, 0x00, 0x00, 0x00,
    0x00, 0x00, 0x00, 0x00, 0x00, 0x00, 0x00, 0x00, 0x00, 0x00, 0x00, 0x00, 0x00, 0x00, 0x00, 0x00,
    0x00, 0x00, 0x00, 0x00, 0x00, 0x00, 0x00, 0x00, 0x00, 0x00, 0x00, 0x00, 0x00, 0x00, 0x00, 0x00,
    0x00, 0x00, 0x00, 0x00, 0x00, 0x00, 0x00, 0x02, 0x00, 0x00, 0x00, 0x00, 0x3F, 0x36, 0x36, 0x1C,
    0x2E, 0x2D, 0x2B, 0xF7, 0x22, 0x21, 0x1F, 0xFC, 0x38, 0x35, 0x31, 0xFE, 0x56, 0x53, 0x4E, 0xFA,
    0x6C, 0x69, 0x65, 0xED, 0xCE, 0xCA, 0xC6, 0xFF, 0x8D, 0x88, 0x86, 0xFD, 0x67, 0x63, 0x60, 0xFF,
    0x3D, 0x3C, 0x39, 0xE1, 0x23, 0x22, 0x22, 0xA3, 0x25, 0x23, 0x22, 0xF0, 0x16, 0x15, 0x15, 0x9C,
    0x09, 0x09, 0x09, 0x34, 0x2A, 0x2A, 0x2A, 0x06, 0x00, 0x00, 0x00, 0x00, 0x3A, 0x36, 0x35, 0xD7,
    0x6D, 0x68, 0x66, 0xFF, 0xC1, 0xBC, 0xB9, 0xFD, 0x94, 0x8E, 0x8A, 0xFF, 0x42, 0x3E, 0x3A, 0xFF,
    0x37, 0x34, 0x30, 0xFD, 0x39, 0x37, 0x34, 0xFF, 0x2D, 0x2D, 0x2A, 0x55, 0x00, 0x00, 0x00, 0x00,
    0x55, 0x55, 0x55, 0x03, 0x00, 0x00, 0x00, 0x00, 0x00, 0x00, 0x00, 0x00, 0x00, 0x00, 0x00, 0x00,
    0x00, 0x00, 0x00, 0x00, 0x00, 0x00, 0x00, 0x00, 0x00, 0x00, 0x00, 0x00, 0x00, 0x00, 0x00, 0x00,
    0x00, 0x00, 0x00, 0x00, 0x00, 0x00, 0x00, 0x00, 0x00, 0x00, 0x00, 0x00, 0x00, 0x00, 0x00, 0x00,
    0x00, 0x00, 0x00, 0x00, 0x00, 0x00, 0x00, 0x00, 0x00, 0x00, 0x00, 0x00, 0x00, 0x00, 0x00, 0x00,
    0x00, 0x00, 0x00, 0x00, 0x00, 0x00, 0x00, 0x00, 0x00, 0x00, 0x00, 0x00, 0x00, 0x00, 0x00, 0x00,
    0x00, 0x00, 0x00, 0x00, 0x00, 0x00, 0x00, 0x00, 0x00, 0x00, 0x00, 0x00, 0x00, 0x00, 0x00, 0x00,
    0x00, 0x00, 0x00, 0x00, 0x00, 0x00, 0x00, 0x00, 0x00, 0x00, 0x00, 0x00, 0x00, 0x00, 0x00, 0x00,
    0x00, 0x00, 0x00, 0x00, 0x00, 0x00, 0x00, 0x00, 0x00, 0x00, 0x00, 0x00, 0x00, 0x00, 0x00, 0x01,
    0x00, 0x00, 0x00, 0x00, 0x09, 0x09, 0x09, 0x1C, 0x11, 0x13, 0x13, 0x67, 0x15, 0x17, 0x15, 0x90,
    0x18, 0x18, 0x16, 0xA7, 0x1D, 0x1A, 0x18, 0xD3, 0x1C, 0x1B, 0x1A, 0xDC, 0x1E, 0x1D, 0x1C, 0xE9,
    0x22, 0x1F, 0x1D, 0xFB, 0x24, 0x21, 0x20, 0xFE, 0x25, 0x22, 0x22, 0xFD, 0x28, 0x25, 0x24, 0xFD,
    0x2A, 0x28, 0x27, 0xFC, 0x2D, 0x2C, 0x28, 0xFC, 0x31, 0x30, 0x2B, 0xFC, 0x35, 0x34, 0x2F, 0xFC,
    0x3A, 0x37, 0x33, 0xFB, 0x40, 0x3B, 0x37, 0xFB, 0x44, 0x42, 0x3C, 0xFB, 0x4C, 0x48, 0x44, 0xFB,
    0x54, 0x50, 0x4D, 0xFB, 0x5E, 0x5A, 0x56, 0xFB, 0x69, 0x64, 0x61, 0xFB, 0x75, 0x6F, 0x6D, 0xFB,
    0x80, 0x7A, 0x77, 0xFB, 0x89, 0x83, 0x81, 0xFC, 0x90, 0x8B, 0x8A, 0xFD, 0x91, 0x8D, 0x8C, 0xFD,
    0x8A, 0x85, 0x83, 0xFF, 0x51, 0x4D, 0x4A, 0xDA, 0xB4, 0xB1, 0xAE, 0xCE, 0xCD, 0xC6, 0xC3, 0xFF,
    0xA5, 0xA0, 0x9E, 0xFD, 0xAA, 0xA5, 0xA2, 0xFF, 0xC5, 0xC1, 0xBC, 0xFF, 0x73, 0x6E, 0x6A, 0xFF,
    0x41, 0x3E, 0x3A, 0xFF, 0x26, 0x26, 0x21, 0x2E, 0x07, 0x07, 0x07, 0x22, 0x0F, 0x0F, 0x0F, 0x55,
    0x14, 0x14, 0x14, 0x86, 0x1F, 0x1E, 0x1D, 0xDB, 0x23, 0x20, 0x1F, 0xD2, 0x55, 0x52, 0x50, 0xE5,
    0x95, 0x91, 0x8F, 0xFF, 0x94, 0x90, 0x8E, 0xFE, 0xCC, 0xC8, 0xC7, 0xFF, 0x79, 0x75, 0x72, 0xF7,
    0x48, 0x45, 0x41, 0xF7, 0x37, 0x34, 0x31, 0xFF, 0x26, 0x24, 0x21, 0xFA, 0x39, 0x37, 0x32, 0xFF,
    0x3C, 0x3A, 0x36, 0x8C, 0x00, 0x00, 0x00, 0x00, 0x3F, 0x3F, 0x3F, 0x04, 0x00, 0x00, 0x00, 0x00,
    0x00, 0x00, 0x00, 0x00, 0x00, 0x00, 0x00, 0x00, 0x00, 0x00, 0x00, 0x00, 0x00, 0x00, 0x00, 0x00,
    0x00, 0x00, 0x00, 0x00, 0x00, 0x00, 0x00, 0x00, 0x00, 0x00, 0x00, 0x00, 0x00, 0x00, 0x00, 0x00,
    0x00, 0x00, 0x00, 0x00, 0x00, 0x00, 0x00, 0x00, 0x00, 0x00, 0x00, 0x00, 0x00, 0x00, 0x00, 0x00,
    0x00, 0x00, 0x00, 0x00, 0x00, 0x00, 0x00, 0x00, 0x00, 0x00, 0x00, 0x00, 0x00, 0x00, 0x00, 0x00,
    0x00, 0x00, 0x00, 0x00, 0x00, 0x00, 0x00, 0x02, 0x00, 0x00, 0x00, 0x00, 0x34, 0x34, 0x34, 0x1D,
    0x2E, 0x2C, 0x29, 0xF3, 0x1F, 0x1D, 0x1C, 0xF1, 0x38, 0x35, 0x31, 0xFF, 0x47, 0x44, 0x40, 0xEB,
    0x77, 0x73, 0x70, 0xFA, 0xC6, 0xC3, 0xBE, 0xFF, 0x99, 0x95, 0x93, 0xFF, 0x6A, 0x66, 0x63, 0xFE,
    0x45, 0x43, 0x40, 0xFF, 0x2F, 0x2E, 0x2C, 0xD2, 0x28, 0x26, 0x26, 0xE7, 0x13, 0x11, 0x11, 0x8E,
    0x0F, 0x0F, 0x0F, 0x32, 0x1F, 0x1F, 0x1F, 0x08, 0x00, 0x00, 0x00, 0x05, 0x3C, 0x38, 0x37, 0xE0,
    0x6D, 0x68, 0x66, 0xFF, 0xC2, 0xBE, 0xB9, 0xFD, 0x93, 0x8F, 0x8B, 0xFF, 0x40, 0x3D, 0x39, 0xFF,
    0x35, 0x33, 0x2E, 0xFB, 0x3A, 0x38, 0x35, 0xFF, 0x31, 0x31, 0x2E, 0x6D, 0x00, 0x00, 0x00, 0x00,
    0x3F, 0x3F, 0x3F, 0x04, 0x00, 0x00, 0x00, 0x00, 0x00, 0x00, 0x00, 0x00, 0x00, 0x00, 0x00, 0x00,
    0x00, 0x00, 0x00, 0x00, 0x00, 0x00, 0x00, 0x00, 0x00, 0x00, 0x00, 0x00, 0x00, 0x00, 0x00, 0x00,
    0x00, 0x00, 0x00, 0x00, 0x00, 0x00, 0x00, 0x00, 0x00, 0x00, 0x00, 0x00, 0x00, 0x00, 0x00, 0x00,
    0x00, 0x00, 0x00, 0x00, 0x00, 0x00, 0x00, 0x00, 0x00, 0x00, 0x00, 0x00, 0x00, 0x00, 0x00, 0x00,
    0x00, 0x00, 0x00, 0x00, 0x00, 0x00, 0x00, 0x00, 0x00, 0x00, 0x00, 0x00, 0x00, 0x00, 0x00, 0x00,
    0x00, 0x00, 0x00, 0x00, 0x00, 0x00, 0x00, 0x00, 0x00, 0x00, 0x00, 0x00, 0x00, 0x00, 0x00, 0x00,
    0x00, 0x00, 0x00, 0x00, 0x00, 0x00, 0x00, 0x00, 0x00, 0x00, 0x00, 0x00, 0x00, 0x00, 0x00, 0x00,
    0x00, 0x00, 0x00, 0x00, 0x00, 0x00, 0x00, 0x00, 0x00, 0x00, 0x00, 0x00, 0x00, 0x00, 0x00, 0x01,
    0x00, 0x00, 0x00, 0x00, 0x0A, 0x0A, 0x0A, 0x18, 0x0F, 0x11, 0x0F, 0x65, 0x14, 0x15, 0x14, 0x8C,
    0x17, 0x17, 0x16, 0xAB, 0x19, 0x19, 0x17, 0xC0, 0x1C, 0x1A, 0x19, 0xDA, 0x1C, 0x1C, 0x1B, 0xE7,
    0x20, 0x1F, 0x1C, 0xFF, 0x22, 0x21, 0x1E, 0xFF, 0x25, 0x23, 0x22, 0xFF, 0x28, 0x26, 0x25, 0xFF,
    0x2B, 0x29, 0x28, 0xFF, 0x2F, 0x2E, 0x29, 0xFF, 0x34, 0x32, 0x2D, 0xFF, 0x38, 0x35, 0x32, 0xFF,
    0x3C, 0x3A, 0x35, 0xFF, 0x41, 0x3E, 0x3A, 0xFF, 0x47, 0x44, 0x3F, 0xFF, 0x4E, 0x4A, 0x46, 0xFF,
    0x56, 0x52, 0x4E, 0xFF, 0x5E, 0x5A, 0x56, 0xFF, 0x66, 0x61, 0x5F, 0xFF, 0x6E, 0x69, 0x67, 0xFF,
    0x75, 0x70, 0x6E, 0xFF, 0x77, 0x73, 0x71, 0xFF, 0x75, 0x71, 0x6F, 0xFF, 0x6B, 0x68, 0x65, 0xFF,
    0x59, 0x55, 0x54, 0xEF, 0x2E, 0x2B, 0x28, 0xB5, 0xB5, 0xB0, 0xAE, 0xD7, 0xC8, 0xC2, 0xC0, 0xFF,
    0xA4, 0x9F, 0x9B, 0xFE, 0xAB, 0xA6, 0xA2, 0xFF, 0xC6, 0xC1, 0xBE, 0xFF, 0x72, 0x6D, 0x6A, 0xFE,
    0x41, 0x3F, 0x3A, 0xFF, 0x27, 0x27, 0x22, 0x34, 0x00, 0x00, 0x00, 0x1C, 0x0F, 0x0F, 0x0F, 0x50,
    0x11, 0x13, 0x11, 0x76, 0x1C, 0x1C, 0x1B, 0xCE, 0x2D, 0x2B, 0x2A, 0xF6, 0x61, 0x5D, 0x5C, 0xFD,
    0x94, 0x91, 0x8E, 0xFD, 0x9F, 0x9B, 0x97, 0xFA, 0xC7, 0xC3, 0xC1, 0xFF, 0x7F, 0x7A, 0x77, 0xFF,
    0x45, 0x42, 0x3E, 0xF5, 0x33, 0x31, 0x2D, 0xFD, 0x25, 0x24, 0x21, 0xFD, 0x39, 0x36, 0x32, 0xFE,
    0x3D, 0x3C, 0x38, 0x88, 0x00, 0x00, 0x00, 0x00, 0x3F, 0x3F, 0x3F, 0x04, 0x00, 0x00, 0x00, 0x00,
    0x00, 0x00, 0x00, 0x00, 0x00, 0x00, 0x00, 0x00, 0x00, 0x00, 0x00, 0x00, 0x00, 0x00, 0x00, 0x00,
    0x00, 0x00, 0x00, 0x00, 0x00, 0x00, 0x00, 0x00, 0x00, 0x00, 0x00, 0x00, 0x00, 0x00, 0x00, 0x00,
    0x00, 0x00, 0x00, 0x00, 0x00, 0x00, 0x00, 0x00, 0x00, 0x00, 0x00, 0x00, 0x00, 0x00, 0x00, 0x00,
    0x00, 0x00, 0x00, 0x00, 0x00, 0x00, 0x00, 0x00, 0x00, 0x00, 0x00, 0x00, 0x00, 0x00, 0x00, 0x00,
    0x00, 0x00, 0x00, 0x00, 0x00, 0x00, 0x00, 0x02, 0x00, 0x00, 0x00, 0x00, 0x2D, 0x2D, 0x2D, 0x1C,
    0x2D, 0x2B, 0x2A, 0xFA, 0x21, 0x1F, 0x1F, 0xFE, 0x2F, 0x2D, 0x2B, 0xE0, 0x4B, 0x47, 0x43, 0xF5,
    0x78, 0x73, 0x70, 0xFF, 0xBE, 0xBA, 0xB6, 0xFF, 0xA6, 0xA2, 0x9F, 0xFF, 0x6C, 0x67, 0x64, 0xFE,
    0x57, 0x53, 0x50, 0xFE, 0x27, 0x27, 0x24, 0xD1, 0x27, 0x28, 0x26, 0xD0, 0x14, 0x15, 0x14, 0x97,
    0x0F, 0x0F, 0x0F, 0x43, 0x17, 0x17, 0x17, 0x0B, 0x00, 0x00, 0x00, 0x0F, 0x3E, 0x3A, 0x39, 0xEA,
    0x6D, 0x68, 0x66, 0xFF, 0xC1, 0xBD, 0xB8, 0xFE, 0x94, 0x8F, 0x8B, 0xFF, 0x40, 0x3D, 0x39, 0xFF,
    0x34, 0x31, 0x2C, 0xFC, 0x42, 0x40, 0x3B, 0xFF, 0x62, 0x5F, 0x5C, 0x53, 0x00, 0x00, 0x00, 0x01,
    0x3F, 0x3F, 0x3F, 0x04, 0x00, 0x00, 0x00, 0x00, 0x00, 0x00, 0x00, 0x00, 0x00, 0x00, 0x00, 0x00,
    0x00, 0x00, 0x00, 0x00, 0x00, 0x00, 0x00, 0x00, 0x00, 0x00, 0x00, 0x00, 0x00, 0x00, 0x00, 0x00,
    0x00, 0x00, 0x00, 0x00, 0x00, 0x00, 0x00, 0x00, 0x00, 0x00, 0x00, 0x00, 0x00, 0x00, 0x00, 0x00,
    0x00, 0x00, 0x00, 0x00, 0x00, 0x00, 0x00, 0x00, 0x00, 0x00, 0x00, 0x00, 0x00, 0x00, 0x00, 0x00,
    0x00, 0x00, 0x00, 0x00, 0x00, 0x00, 0x00, 0x00, 0x00, 0x00, 0x00, 0x00, 0x00, 0x00, 0x00, 0x00,
    0x00, 0x00, 0x00, 0x00, 0x00, 0x00, 0x00, 0x00, 0x00, 0x00, 0x00, 0x00, 0x00, 0x00, 0x00, 0x00,
    0x00, 0x00, 0x00, 0x00, 0x00, 0x00, 0x00, 0x00, 0x00, 0x00, 0x00, 0x00, 0x00, 0x00, 0x00, 0x00,
    0x00, 0x00, 0x00, 0x00, 0x00, 0x00, 0x00, 0x00, 0x00, 0x00, 0x00, 0x00, 0x00, 0x00, 0x00, 0x00,
    0x00, 0x00, 0x00, 0x00, 0x00, 0x00, 0x00, 0x05, 0x0C, 0x0C, 0x0C, 0x14, 0x0F, 0x0F, 0x0F, 0x20,
    0x12, 0x12, 0x12, 0x2A, 0x15, 0x15, 0x15, 0x2F, 0x15, 0x15, 0x15, 0x2F, 0x13, 0x18, 0x13, 0x34,
    0x17, 0x17, 0x17, 0x40, 0x16, 0x16, 0x16, 0x43, 0x18, 0x1B, 0x18, 0x49, 0x19, 0x19, 0x19, 0x4F,
    0x1B, 0x1B, 0x1B, 0x5C, 0x1D, 0x1D, 0x1A, 0x69, 0x1F, 0x1F, 0x1D, 0x70, 0x20, 0x20, 0x20, 0x75,
    0x22, 0x22, 0x20, 0x7C, 0x27, 0x27, 0x22, 0x7C, 0x2B, 0x29, 0x27, 0x7A, 0x2C, 0x2A, 0x28, 0x78,
    0x30, 0x2E, 0x2B, 0x74, 0x34, 0x32, 0x2F, 0x70, 0x36, 0x33, 0x31, 0x6C, 0x34, 0x32, 0x2F, 0x6B,
    0x30, 0x2E, 0x2B, 0x69, 0x2B, 0x29, 0x26, 0x57, 0x27, 0x23, 0x23, 0x41, 0x1A, 0x14, 0x14, 0x31,
    0x00, 0x00, 0x00, 0x16, 0x00, 0x00, 0x00, 0x39, 0x94, 0x91, 0x8D, 0xFF, 0xC3, 0xBE, 0xBB, 0xFF,
    0xA1, 0x9D, 0x9A, 0xFE, 0xAC, 0xA7, 0xA4, 0xFF, 0xC5, 0xC2, 0xBE, 0xFF, 0x70, 0x6C, 0x68, 0xFC,
    0x42, 0x3F, 0x3B, 0xFF, 0x26, 0x26, 0x20, 0x57, 0x00, 0x00, 0x00, 0x18, 0x0F, 0x12, 0x12, 0x54,
    0x10, 0x10, 0x10, 0x6B, 0x1C, 0x1C, 0x1A, 0xB5, 0x30, 0x2E, 0x2C, 0xE4, 0x77, 0x72, 0x6F, 0xFF,
    0x9C, 0x98, 0x95, 0xFE, 0xA2, 0x9F, 0x9B, 0xFD, 0xC5, 0xC1, 0xBE, 0xFF, 0x78, 0x72, 0x6E, 0xFF,
    0x4B, 0x46, 0x44, 0xFE, 0x2F, 0x2C, 0x2B, 0xF3, 0x25, 0x23, 0x20, 0xF6, 0x3B, 0x39, 0x34, 0xFF,
    0x3A, 0x38, 0x34, 0x7E, 0x00, 0x00, 0x00, 0x00, 0x3F, 0x3F, 0x3F, 0x04, 0x00, 0x00, 0x00, 0x00,
    0x00, 0x00, 0x00, 0x00, 0x00, 0x00, 0x00, 0x00, 0x00, 0x00, 0x00, 0x00, 0x00, 0x00, 0x00, 0x00,
    0x00, 0x00, 0x00, 0x00, 0x00, 0x00, 0x00, 0x00, 0x00, 0x00, 0x00, 0x00, 0x00, 0x00, 0x00, 0x00,
    0x00, 0x00, 0x00, 0x00, 0x00, 0x00, 0x00, 0x00, 0x00, 0x00, 0x00, 0x00, 0x00, 0x00, 0x00, 0x00,
    0x00, 0x00, 0x00, 0x00, 0x00, 0x00, 0x00, 0x00, 0x00, 0x00, 0x00, 0x00, 0x00, 0x00, 0x00, 0x00,
    0x00, 0x00, 0x00, 0x00, 0x00, 0x00, 0x00, 0x02, 0x00, 0x00, 0x00, 0x00, 0x33, 0x33, 0x33, 0x1E,
    0x2B, 0x29, 0x27, 0xEB, 0x1D, 0x1D, 0x1C, 0xBF, 0x2F, 0x2C, 0x2A, 0xE3, 0x50, 0x4B, 0x49, 0xFF,
    0x73, 0x6F, 0x6C, 0xFE, 0xB7, 0xB3, 0xAF, 0xFF, 0xB3, 0xAF, 0xAC, 0xFF, 0x6B, 0x67, 0x63, 0xFE,
    0x80, 0x7B, 0x79, 0xFF, 0x2A, 0x26, 0x24, 0xEC, 0x29, 0x27, 0x25, 0xD1, 0x17, 0x17, 0x17, 0xA2,
    0x0D, 0x0D, 0x0D, 0x4B, 0x00, 0x00, 0x00, 0x0F, 0x14, 0x14, 0x14, 0x25, 0x3E, 0x3B, 0x3A, 0xFD,
    0x6C, 0x68, 0x64, 0xFF, 0xC2, 0xBD, 0xB9, 0xFF, 0x96, 0x91, 0x8D, 0xFF, 0x41, 0x3D, 0x39, 0xFF,
    0x30, 0x2D, 0x28, 0xFC, 0x54, 0x4F, 0x4B, 0xFF, 0x84, 0x7F, 0x7C, 0x5E, 0x00, 0x00, 0x00, 0x00,
    0x7F, 0x7F, 0x7F, 0x04, 0x00, 0x00, 0x00, 0x00, 0x00, 0x00, 0x00, 0x00, 0x00, 0x00, 0x00, 0x00,
    0x00, 0x00, 0x00, 0x00, 0x00, 0x00, 0x00, 0x00, 0x00, 0x00, 0x00, 0x00, 0x00, 0x00, 0x00, 0x00,
    0x00, 0x00, 0x00, 0x00, 0x00, 0x00, 0x00, 0x00, 0x00, 0x00, 0x00, 0x00, 0x00, 0x00, 0x00, 0x00,
    0x00, 0x00, 0x00, 0x00, 0x00, 0x00, 0x00, 0x00, 0x00, 0x00, 0x00, 0x00, 0x00, 0x00, 0x00, 0x00,
    0x00, 0x00, 0x00, 0x00, 0x00, 0x00, 0x00, 0x00, 0x00, 0x00, 0x00, 0x00, 0x00, 0x00, 0x00, 0x00,
    0x00, 0x00, 0x00, 0x00, 0x00, 0x00, 0x00, 0x00, 0x00, 0x00, 0x00, 0x00, 0x00, 0x00, 0x00, 0x00,
    0x00, 0x00, 0x00, 0x00, 0x00, 0x00, 0x00, 0x01, 0x00, 0x00, 0x00, 0x01, 0x00, 0x00, 0x00, 0x01,
    0x00, 0x00, 0x00, 0x01, 0x00, 0x00, 0x00, 0x01, 0x00, 0x00, 0x00, 0x02, 0x00, 0x00, 0x00, 0x01,
    0x00, 0x00, 0x00, 0x01, 0x00, 0x00, 0x00, 0x00, 0x00, 0x00, 0x00, 0x00, 0x00, 0x00, 0x00, 0x00,
    0x00, 0x00, 0x00, 0x00, 0x00, 0x00, 0x00, 0x00, 0x00, 0x00, 0x00, 0x00, 0x00, 0x00, 0x00, 0x00,
    0x00, 0x00, 0x00, 0x00, 0x00, 0x00, 0x00, 0x00, 0x00, 0x00, 0x00, 0x00, 0x00, 0x00, 0x00, 0x00,
    0x00, 0x00, 0x00, 0x00, 0x00, 0x00, 0x00, 0x00, 0x00, 0x00, 0x00, 0x00, 0x00, 0x00, 0x00, 0x00,
    0x00, 0x00, 0x00, 0x00, 0x00, 0x00, 0x00, 0x00, 0x00, 0x00, 0x00, 0x00, 0x00, 0x00, 0x00, 0x00,
    0x00, 0x00, 0x00, 0x00, 0x00, 0x00, 0x00, 0x00, 0x00, 0x00, 0x00, 0x00, 0x00, 0x00, 0x00, 0x00,
    0x00, 0x00, 0x00, 0x00, 0x00, 0x00, 0x00, 0x00, 0x00, 0x00, 0x00, 0x00, 0x00, 0x00, 0x00, 0x00,
    0x00, 0x00, 0x00, 0x00, 0x1C, 0x22, 0x1C, 0x2D, 0x7C, 0x7A, 0x76, 0xFC, 0xBE, 0xB9, 0xB6, 0xFF,
    0x9F, 0x9B, 0x97, 0xFF, 0xAD, 0xA9, 0xA5, 0xFF, 0xC7, 0xC3, 0xBE, 0xFF, 0x6F, 0x6A, 0x66, 0xFB,
    0x43, 0x3F, 0x3B, 0xFF, 0x2C, 0x29, 0x27, 0x68, 0x00, 0x00, 0x00, 0x1C, 0x11, 0x11, 0x11, 0x57,
    0x13, 0x13, 0x13, 0x80, 0x1B, 0x1D, 0x1A, 0xB7, 0x42, 0x40, 0x3D, 0xDF, 0x91, 0x8C, 0x89, 0xFF,
    0x96, 0x93, 0x91, 0xFA, 0xAC, 0xA9, 0xA5, 0xFA, 0xC0, 0xBC, 0xB9, 0xFF, 0x73, 0x6D, 0x6C, 0xFF,
    0x4A, 0x46, 0x42, 0xFE, 0x32, 0x2F, 0x2E, 0xF6, 0x24, 0x22, 0x21, 0xB7, 0x38, 0x35, 0x31, 0xE8,
    0x37, 0x34, 0x30, 0x93, 0x00, 0x00, 0x00, 0x00, 0x3F, 0x3F, 0x3F, 0x04, 0x00, 0x00, 0x00, 0x00,
    0x00, 0x00, 0x00, 0x00, 0x00, 0x00, 0x00, 0x00, 0x00, 0x00, 0x00, 0x00, 0x00, 0x00, 0x00, 0x00,
    0x00, 0x00, 0x00, 0x00, 0x00, 0x00, 0x00, 0x00, 0x00, 0x00, 0x00, 0x00, 0x00, 0x00, 0x00, 0x00,
    0x00, 0x00, 0x00, 0x00, 0x00, 0x00, 0x00, 0x00, 0x00, 0x00, 0x00, 0x00, 0x00, 0x00, 0x00, 0x00,
    0x00, 0x00, 0x00, 0x00, 0x00, 0x00, 0x00, 0x00, 0x00, 0x00, 0x00, 0x00, 0x00, 0x00, 0x00, 0x00,
    0x00, 0x00, 0x00, 0x00, 0x00, 0x00, 0x00, 0x02, 0x00, 0x00, 0x00, 0x00, 0x44, 0x3B, 0x3B, 0x1E,
    0x31, 0x2F, 0x2B, 0xEE, 0x20, 0x1F, 0x1E, 0xEA, 0x2F, 0x2E, 0x2C, 0xFF, 0x4C, 0x48, 0x46, 0xFE,
    0x71, 0x6B, 0x68, 0xFF, 0xAE, 0xAA, 0xA7, 0xFF, 0xC1, 0xBC, 0xBA, 0xFF, 0x67, 0x63, 0x60, 0xFF,
    0x7B, 0x76, 0x74, 0xFF, 0x37, 0x33, 0x31, 0xFD, 0x28, 0x25, 0x25, 0xEB, 0x1B, 0x1A, 0x1A, 0xAF,
    0x0F, 0x0F, 0x0F, 0x51, 0x00, 0x00, 0x00, 0x09, 0x20, 0x20, 0x20, 0x2F, 0x41, 0x3F, 0x3B, 0xFF,
    0x6D, 0x68, 0x64, 0xFE, 0xC2, 0xBE, 0xB9, 0xFF, 0x98, 0x93, 0x8F, 0xFF, 0x42, 0x40, 0x3B, 0xFF,
    0x2E, 0x2B, 0x27, 0xFC, 0x61, 0x5D, 0x59, 0xFF, 0x66, 0x62, 0x60, 0x7C, 0x1A, 0x1A, 0x1A, 0x1D,
    0x33, 0x33, 0x33, 0x05, 0x00, 0x00, 0x00, 0x04, 0x00, 0x00, 0x00, 0x01, 0x00, 0x00, 0x00, 0x01,
    0x00, 0x00, 0x00, 0x01, 0x00, 0x00, 0x00, 0x02, 0x00, 0x00, 0x00, 0x02, 0x00, 0x00, 0x00, 0x04,
    0x00, 0x00, 0x00, 0x04, 0x00, 0x00, 0x00, 0x03, 0x00, 0x00, 0x00, 0x06, 0x00, 0x00, 0x00, 0x04,
    0x00, 0x00, 0x00, 0x06, 0x00, 0x00, 0x00, 0x07, 0x00, 0x00, 0x00, 0x03, 0x00, 0x00, 0x00, 0x09,
    0x00, 0x00, 0x00, 0x08, 0x00, 0x00, 0x00, 0x04, 0x00, 0x00, 0x00, 0x04, 0x00, 0x00, 0x00, 0x03,
    0x00, 0x00, 0x00, 0x00, 0x00, 0x00, 0x00, 0x00, 0x00, 0x00, 0x00, 0x01, 0x00, 0x00, 0x00, 0x02,
    0x00, 0x00, 0x00, 0x00, 0x00, 0x00, 0x00, 0x00, 0x00, 0x00, 0x00, 0x00, 0x00, 0x00, 0x00, 0x00,
    0x00, 0x00, 0x00, 0x00, 0x00, 0x00, 0x00, 0x00, 0x00, 0x00, 0x00, 0x00, 0x00, 0x00, 0x00, 0x00,
    0x00, 0x00, 0x00, 0x00, 0x00, 0x00, 0x00, 0x00, 0x00, 0x00, 0x00, 0x00, 0x00, 0x00, 0x00, 0x03,
    0x15, 0x15, 0x15, 0x0C, 0x19, 0x19, 0x00, 0x0A, 0x12, 0x12, 0x12, 0x0E, 0x0D, 0x0D, 0x0D, 0x13,
    0x15, 0x0A, 0x0A, 0x18, 0x10, 0x10, 0x10, 0x1F, 0x13, 0x13, 0x13, 0x27, 0x13, 0x13, 0x13, 0x28,
    0x13, 0x13, 0x13, 0x27, 0x16, 0x16, 0x16, 0x2D, 0x17, 0x17, 0x17, 0x2C, 0x18, 0x18, 0x13, 0x34,
    0x16, 0x1A, 0x16, 0x39, 0x17, 0x17, 0x17, 0x40, 0x16, 0x16, 0x13, 0x43, 0x16, 0x16, 0x12, 0x45,
    0x14, 0x18, 0x14, 0x3F, 0x14, 0x14, 0x14, 0x3E, 0x14, 0x14, 0x14, 0x32, 0x15, 0x15, 0x15, 0x23,
    0x19, 0x11, 0x11, 0x1E, 0x16, 0x16, 0x16, 0x22, 0x12, 0x12, 0x12, 0x1B, 0x0F, 0x0F, 0x0F, 0x10,
    0x1F, 0x1F, 0x1F, 0x10, 0x1B, 0x22, 0x1B, 0x25, 0x68, 0x66, 0x63, 0xF5, 0xB9, 0xB4, 0xB1, 0xFF,
    0x9F, 0x9B, 0x97, 0xFE, 0xAD, 0xA8, 0xA5, 0xFF, 0xC9, 0xC3, 0xC0, 0xFF, 0x70, 0x6A, 0x65, 0xFB,
    0x42, 0x3F, 0x3B, 0xFF, 0x29, 0x2B, 0x27, 0x74, 0x00, 0x00, 0x00, 0x14, 0x12, 0x12, 0x12, 0x55,
    0x14, 0x14, 0x14, 0x89, 0x21, 0x20, 0x1F, 0xD4, 0x48, 0x44, 0x43, 0xF7, 0x6D, 0x68, 0x65, 0xFF,
    0x88, 0x84, 0x82, 0xF6, 0xB7, 0xB3, 0xB1, 0xFC, 0xB7, 0xB3, 0xAF, 0xFF, 0x70, 0x6A, 0x67, 0xFF,
    0x49, 0x45, 0x40, 0xFF, 0x32, 0x2F, 0x2D, 0xFF, 0x28, 0x27, 0x24, 0xF6, 0x3B, 0x37, 0x33, 0xF6,
    0x3D, 0x3B, 0x37, 0x92, 0x00, 0x00, 0x00, 0x00, 0x3F, 0x3F, 0x3F, 0x04, 0x00, 0x00, 0x00, 0x00,
    0x00, 0x00, 0x00, 0x00, 0x00, 0x00, 0x00, 0x00, 0x00, 0x00, 0x00, 0x00, 0x00, 0x00, 0x00, 0x00,
    0x00, 0x00, 0x00, 0x00, 0x00, 0x00, 0x00, 0x00, 0x00, 0x00, 0x00, 0x00, 0x00, 0x00, 0x00, 0x00,
    0x00, 0x00, 0x00, 0x00, 0x00, 0x00, 0x00, 0x00, 0x00, 0x00, 0x00, 0x00, 0x00, 0x00, 0x00, 0x00,
    0x00, 0x00, 0x00, 0x00, 0x00, 0x00, 0x00, 0x00, 0x00, 0x00, 0x00, 0x00, 0x00, 0x00, 0x00, 0x00,
    0x00, 0x00, 0x00, 0x00, 0x00, 0x00, 0x00, 0x02, 0x00, 0x00, 0x00, 0x00, 0x3D, 0x34, 0x3D, 0x1D,
    0x33, 0x30, 0x2D, 0xFC, 0x24, 0x23, 0x1F, 0xFF, 0x2C, 0x2A, 0x27, 0xFD, 0x4A, 0x46, 0x43, 0xFF,
    0x6C, 0x66, 0x65, 0xFF, 0xA4, 0xA0, 0x9B, 0xFF, 0xC8, 0xC4, 0xC1, 0xFF, 0x6F, 0x6A, 0x67, 0xF8,
    0x5F, 0x5B, 0x59, 0xFC, 0x34, 0x31, 0x2E, 0xFF, 0x32, 0x30, 0x2F, 0xF8, 0x17, 0x19, 0x19, 0xAD,
    0x10, 0x0C, 0x0C, 0x4F, 0x00, 0x00, 0x00, 0x05, 0x25, 0x21, 0x1E, 0x44, 0x44, 0x40, 0x3D, 0xFF,
    0x6C, 0x67, 0x64, 0xFD, 0xC1, 0xBD, 0xB9, 0xFF, 0x97, 0x93, 0x8F, 0xFF, 0x42, 0x3F, 0x3A, 0xFF,
    0x2F, 0x2C, 0x27, 0xFE, 0x60, 0x5E, 0x59, 0xFE, 0x41, 0x3F, 0x3D, 0x8C, 0x2D, 0x2C, 0x2C, 0xB2,
    0x42, 0x38, 0x38, 0x1B, 0x08, 0x08, 0x08, 0x1D, 0x00, 0x00, 0x00, 0x05, 0x00, 0x00, 0x00, 0x04,
    0x00, 0x00, 0x00, 0x07, 0x0C, 0x0C, 0x0C, 0x15, 0x0C, 0x0C, 0x0C, 0x14, 0x00, 0x00, 0x00, 0x14,
    0x0C, 0x0C, 0x0C, 0x14, 0x0C, 0x0C, 0x0C, 0x14, 0x07, 0x0F, 0x07, 0x21, 0x0C, 0x0C, 0x0C, 0x29,
    0x0C, 0x0C, 0x0C, 0x29, 0x0D, 0x0D, 0x06, 0x27, 0x12, 0x12, 0x0E, 0x45, 0x0D, 0x0D, 0x06, 0x26,
    0x0F, 0x0A, 0x0A, 0x30, 0x0F, 0x07, 0x07, 0x20, 0x0C, 0x0C, 0x0C, 0x28, 0x0E, 0x0E, 0x0E, 0x24,
    0x0D, 0x0D, 0x0D, 0x25, 0x10, 0x10, 0x0B, 0x2E, 0x0E, 0x0E, 0x0E, 0x35, 0x0B, 0x0B, 0x0B, 0x2E,
    0x14, 0x14, 0x14, 0x3E, 0x1B, 0x18, 0x15, 0x55, 0x11, 0x11, 0x0D, 0x4A, 0x13, 0x13, 0x10, 0x4D,
    0x13, 0x13, 0x10, 0x4D, 0x13, 0x13, 0x10, 0x4F, 0x13, 0x13, 0x10, 0x4D, 0x15, 0x15, 0x12, 0x55,
    0x15, 0x15, 0x12, 0x55, 0x14, 0x14, 0x11, 0x56, 0x19, 0x16, 0x12, 0x51, 0x14, 0x14, 0x0F, 0x32,
    0x0E, 0x0E, 0x0E, 0x24, 0x11, 0x11, 0x11, 0x2D, 0x0D, 0x0D, 0x0D, 0x27, 0x0E, 0x0E, 0x0E, 0x34,
    0x0D, 0x12, 0x0D, 0x38, 0x0D, 0x0D, 0x0D, 0x38, 0x0F, 0x0F, 0x0B, 0x41, 0x0F, 0x0F, 0x0B, 0x40,
    0x0E, 0x0E, 0x0E, 0x36, 0x10, 0x10, 0x10, 0x3E, 0x10, 0x10, 0x10, 0x3D, 0x0D, 0x11, 0x0D, 0x4A,
    0x11, 0x11, 0x0D, 0x4B, 0x10, 0x10, 0x10, 0x4C, 0x11, 0x11, 0x0E, 0x47, 0x0F, 0x0F, 0x0B, 0x41,
    0x10, 0x10, 0x0C, 0x3D, 0x0E, 0x0E, 0x09, 0x34, 0x0D, 0x0D, 0x0D, 0x39, 0x0A, 0x0F, 0x0A, 0x33,
    0x0E, 0x0E, 0x0E, 0x23, 0x00, 0x00, 0x00, 0x11, 0x12, 0x12, 0x12, 0x1C, 0x00, 0x00, 0x00, 0x01,
    0x3F, 0x3F, 0x3F, 0x70, 0x23, 0x23, 0x23, 0x33, 0x64, 0x64, 0x60, 0xE0, 0xB2, 0xAE, 0xAB, 0xFF,
    0x9F, 0x99, 0x97, 0xFD, 0xAC, 0xA7, 0xA4, 0xFF, 0xCA, 0xC5, 0xC1, 0xFF, 0x70, 0x6A, 0x66, 0xFB,
    0x42, 0x40, 0x3A, 0xFF, 0x29, 0x29, 0x26, 0x98, 0x00, 0x00, 0x00, 0x09, 0x11, 0x11, 0x11, 0x4B,
    0x0B, 0x0B, 0x0B, 0x6F, 0x33, 0x32, 0x2F, 0xE8, 0x39, 0x37, 0x36, 0xFF, 0x49, 0x44, 0x42, 0xFF,
    0x90, 0x8B, 0x88, 0xF0, 0xBF, 0xBA, 0xB7, 0xFA, 0xAC, 0xA9, 0xA4, 0xFF, 0x6A, 0x65, 0x61, 0xFF,
    0x46, 0x43, 0x3F, 0xFF, 0x30, 0x2E, 0x2B, 0xFF, 0x29, 0x27, 0x26, 0xFC, 0x3E, 0x3B, 0x37, 0xFF,
    0x3F, 0x3C, 0x38, 0x90, 0x00, 0x00, 0x00, 0x00, 0x3F, 0x3F, 0x3F, 0x04, 0x00, 0x00, 0x00, 0x00,
    0x00, 0x00, 0x00, 0x00, 0x00, 0x00, 0x00, 0x00, 0x00, 0x00, 0x00, 0x00, 0x00, 0x00, 0x00, 0x00,
    0x00, 0x00, 0x00, 0x00, 0x00, 0x00, 0x00, 0x00, 0x00, 0x00, 0x00, 0x00, 0x00, 0x00, 0x00, 0x00,
    0x00, 0x00, 0x00, 0x00, 0x00, 0x00, 0x00, 0x00, 0x00, 0x00, 0x00, 0x00, 0x00, 0x00, 0x00, 0x00,
    0x00, 0x00, 0x00, 0x00, 0x00, 0x00, 0x00, 0x00, 0x00, 0x00, 0x00, 0x00, 0x00, 0x00, 0x00, 0x00,
    0x00, 0x00, 0x00, 0x00, 0x00, 0x00, 0x00, 0x03, 0x00, 0x00, 0x00, 0x00, 0x31, 0x2C, 0x2C, 0x34,
    0x35, 0x31, 0x2F, 0xFE, 0x25, 0x23, 0x1F, 0xFE, 0x2A, 0x28, 0x27, 0xFF, 0x48, 0x44, 0x42, 0xFF,
    0x68, 0x63, 0x61, 0xFF, 0x99, 0x94, 0x90, 0xFF, 0xCC, 0xC8, 0xC5, 0xFF, 0x74, 0x6F, 0x6C, 0xF9,
    0x64, 0x61, 0x5D, 0xFC, 0x2A, 0x27, 0x25, 0xFE, 0x38, 0x34, 0x32, 0xFF, 0x2E, 0x2C, 0x2A, 0xE2,
    0x0E, 0x0E, 0x0E, 0x57, 0x00, 0x00, 0x00, 0x00, 0x28, 0x28, 0x25, 0x5F, 0x47, 0x44, 0x3F, 0xFF,
    0x6E, 0x69, 0x66, 0xFB, 0xC3, 0xBF, 0xBA, 0xFF, 0x97, 0x92, 0x8E, 0xFF, 0x41, 0x3C, 0x39, 0xFE,
    0x30, 0x2C, 0x29, 0xFF, 0x67, 0x63, 0x5F, 0xF1, 0x36, 0x35, 0x33, 0xA3, 0x28, 0x26, 0x26, 0x90,
    0x3C, 0x39, 0x39, 0x43, 0x09, 0x09, 0x09, 0x1C, 0x16, 0x16, 0x16, 0x17, 0x00, 0x00, 0x00, 0x02,
    0x00, 0x00, 0x00, 0x03, 0x0B, 0x0B, 0x0B, 0x16, 0x0C, 0x0C, 0x0C, 0x2A, 0x0B, 0x10, 0x0B, 0x2E,
    0x0C, 0x0C, 0x0C, 0x28, 0x0C, 0x12, 0x0C, 0x2A, 0x09, 0x09, 0x09, 0x1B, 0x00, 0x00, 0x00, 0x10,
    0x0D, 0x0D, 0x0D, 0x13, 0x00, 0x00, 0x00, 0x11, 0x11, 0x11, 0x14, 0x64, 0x14, 0x10, 0x10, 0x3D,
    0x0C, 0x0C, 0x0C, 0x29, 0x11, 0x11, 0x11, 0x66, 0x0F, 0x0F, 0x0F, 0x55, 0x11, 0x11, 0x11, 0x66,
    0x11, 0x13, 0x13, 0x76, 0x12, 0x14, 0x12, 0x7E, 0x12, 0x12, 0x12, 0x79, 0x11, 0x13, 0x13, 0x77,
    0x14, 0x14, 0x12, 0x7D, 0x2B, 0x2A, 0x26, 0xE4, 0x2C, 0x2C, 0x26, 0xF4, 0x2B, 0x2A, 0x25, 0xF5,
    0x2B, 0x2A, 0x26, 0xF8, 0x2A, 0x2A, 0x24, 0xFC, 0x2B, 0x2A, 0x25, 0xFE, 0x2A, 0x2A, 0x24, 0xFB,
    0x2A, 0x2A, 0x25, 0xFD, 0x2A, 0x29, 0x24, 0xFB, 0x23, 0x23, 0x1E, 0xE3, 0x12, 0x12, 0x12, 0x79,
    0x10, 0x12, 0x12, 0x6C, 0x13, 0x13, 0x11, 0x78, 0x12, 0x14, 0x12, 0x7C, 0x10, 0x12, 0x10, 0x7A,
    0x12, 0x14, 0x10, 0x7B, 0x0E, 0x11, 0x11, 0x5A, 0x0C, 0x0F, 0x0F, 0x52, 0x08, 0x0D, 0x0D, 0x39,
    0x08, 0x08, 0x08, 0x1E, 0x0D, 0x0D, 0x0D, 0x3A, 0x09, 0x0E, 0x0E, 0x36, 0x09, 0x09, 0x09, 0x1B,
    0x06, 0x0C, 0x0C, 0x28, 0x06, 0x0C, 0x0C, 0x28, 0x0F, 0x0F, 0x0F, 0x33, 0x0D, 0x0D, 0x0D, 0x37,
    0x0C, 0x0C, 0x0C, 0x3F, 0x09, 0x09, 0x09, 0x35, 0x0F, 0x0F, 0x0A, 0x30, 0x0B, 0x0B, 0x05, 0x2B,
    0x0F, 0x0F, 0x07, 0x21, 0x00, 0x00, 0x00, 0x0A, 0x09, 0x13, 0x13, 0x1A, 0x36, 0x36, 0x24, 0x0E,
    0x2F, 0x2E, 0x2E, 0xA6, 0x16, 0x16, 0x16, 0x5B, 0x64, 0x63, 0x5F, 0xCE, 0xAB, 0xA8, 0xA4, 0xFF,
    0x9D, 0x99, 0x96, 0xFD, 0xAA, 0xA6, 0xA3, 0xFF, 0xCB, 0xC6, 0xC2, 0xFF, 0x70, 0x6B, 0x67, 0xFB,
    0x46, 0x41, 0x3D, 0xFF, 0x2D, 0x2C, 0x28, 0xA2, 0x00, 0x00, 0x00, 0x00, 0x00, 0x00, 0x00, 0x2D,
    0x30, 0x2F, 0x2F, 0xB1, 0x4A, 0x46, 0x45, 0xFF, 0x2A, 0x27, 0x27, 0xFD, 0x5E, 0x59, 0x56, 0xFF,
    0x97, 0x93, 0x8E, 0xEA, 0xC1, 0xBC, 0xB9, 0xFF, 0xA1, 0x9B, 0x98, 0xFF, 0x65, 0x5F, 0x5C, 0xFF,
    0x44, 0x40, 0x3D, 0xFF, 0x2F, 0x2D, 0x2A, 0xFF, 0x2A, 0x29, 0x25, 0xFB, 0x3E, 0x3B, 0x37, 0xFF,
    0x45, 0x40, 0x3E, 0x8F, 0x00, 0x00, 0x00, 0x00, 0x3F, 0x3F, 0x3F, 0x04, 0x00, 0x00, 0x00, 0x00,
    0x00, 0x00, 0x00, 0x00, 0x00, 0x00, 0x00, 0x00, 0x00, 0x00, 0x00, 0x00, 0x00, 0x00, 0x00, 0x00,
    0x00, 0x00, 0x00, 0x00, 0x00, 0x00, 0x00, 0x00, 0x00, 0x00, 0x00, 0x00, 0x00, 0x00, 0x00, 0x00,
    0x00, 0x00, 0x00, 0x00, 0x00, 0x00, 0x00, 0x00, 0x00, 0x00, 0x00, 0x00, 0x00, 0x00, 0x00, 0x00,
    0x00, 0x00, 0x00, 0x00, 0x00, 0x00, 0x00, 0x00, 0x00, 0x00, 0x00, 0x00, 0x00, 0x00, 0x00, 0x00,
    0x00, 0x00, 0x00, 0x00, 0x3F, 0x3F, 0x3F, 0x04, 0x00, 0x00, 0x00, 0x00, 0x30, 0x2D, 0x2D, 0x4F,
    0x36, 0x33, 0x2F, 0xFF, 0x25, 0x23, 0x21, 0xFC, 0x27, 0x25, 0x25, 0xFF, 0x45, 0x40, 0x3F, 0xFF,
    0x65, 0x60, 0x5D, 0xFF, 0x91, 0x8B, 0x89, 0xFF, 0xCD, 0xC9, 0xC6, 0xFF, 0x7E, 0x79, 0x76, 0xF9,
    0x67, 0x63, 0x5F, 0xF8, 0x35, 0x32, 0x2F, 0xFF, 0x28, 0x25, 0x25, 0xFD, 0x32, 0x2F, 0x2C, 0xFF,
    0x2C, 0x28, 0x26, 0xDA, 0x1A, 0x1A, 0x1A, 0x26, 0x2E, 0x2C, 0x2A, 0x79, 0x4B, 0x48, 0x43, 0xFF,
    0x6F, 0x6A, 0x68, 0xFB, 0xC4, 0xC0, 0xBD, 0xFF, 0x96, 0x91, 0x8D, 0xFF, 0x40, 0x3B, 0x38, 0xFE,
    0x30, 0x2D, 0x29, 0xFF, 0x69, 0x64, 0x60, 0xE9, 0x32, 0x2F, 0x2E, 0xBC, 0x27, 0x24, 0x24, 0x54,
    0x33, 0x30, 0x30, 0x5A, 0x1D, 0x1D, 0x1D, 0x1A, 0x16, 0x16, 0x16, 0x2D, 0x00, 0x00, 0x00, 0x00,
    0x00, 0x00, 0x00, 0x04, 0x0D, 0x0D, 0x0D, 0x13, 0x00, 0x0F, 0x00, 0x10, 0x11, 0x11, 0x11, 0x0F,
    0x0D, 0x0D, 0x0D, 0x13, 0x0D, 0x0D, 0x0D, 0x13, 0x0B, 0x0B, 0x0B, 0x17, 0x13, 0x13, 0x13, 0x1A,
    0x00, 0x00, 0x00, 0x07, 0x15, 0x15, 0x15, 0x0C, 0x0F, 0x0F, 0x0F, 0x31, 0x13, 0x13, 0x13, 0x6A,
    0x09, 0x09, 0x09, 0x1C, 0x11, 0x15, 0x11, 0x48, 0x18, 0x18, 0x14, 0x7E, 0x16, 0x14, 0x14, 0x7B,
    0x14, 0x16, 0x12, 0x7A, 0x16, 0x16, 0x14, 0x7E, 0x15, 0x15, 0x15, 0x80, 0x14, 0x16, 0x14, 0x7E,
    0x13, 0x13, 0x11, 0x75, 0x19, 0x19, 0x17, 0x82, 0x23, 0x23, 0x1F, 0x91, 0x21, 0x1F, 0x1B, 0x8A,
    0x21, 0x20, 0x1C, 0x8F, 0x20, 0x1E, 0x1D, 0x8C, 0x1F, 0x1F, 0x1C, 0x88, 0x1F, 0x1F, 0x1B, 0x8A,
    0x1F, 0x1F, 0x1B, 0x89, 0x1F, 0x1F, 0x1B, 0x8A, 0x19, 0x19, 0x17, 0x79, 0x13, 0x13, 0x13, 0x73,
    0x16, 0x16, 0x12, 0x7C, 0x16, 0x14, 0x12, 0x7A, 0x17, 0x17, 0x15, 0x84, 0x15, 0x15, 0x13, 0x80,
    0x17, 0x15, 0x12, 0x79, 0x17, 0x15, 0x15, 0x75, 0x0F, 0x12, 0x12, 0x55, 0x07, 0x07, 0x07, 0x24,
    0x0C, 0x0C, 0x0C, 0x2A, 0x0C, 0x0C, 0x0C, 0x2A, 0x0B, 0x0B, 0x0B, 0x2C, 0x07, 0x0F, 0x0F, 0x20,
    0x0D, 0x0D, 0x0D, 0x25, 0x1C, 0x1C, 0x1C, 0x58, 0x1B, 0x1D, 0x1B, 0x5E, 0x18, 0x1A, 0x18, 0x69,
    0x1D, 0x1D, 0x1B, 0x5E, 0x1C, 0x1C, 0x1C, 0x63, 0x15, 0x15, 0x15, 0x3A, 0x0C, 0x0C, 0x0C, 0x2A,
    0x0C, 0x0C, 0x0C, 0x15, 0x15, 0x15, 0x15, 0x0C, 0x00, 0x00, 0x00, 0x09, 0x31, 0x31, 0x2C, 0x34,
    0x2C, 0x2C, 0x2A, 0x7E, 0x17, 0x19, 0x17, 0x77, 0x5A, 0x59, 0x55, 0xCE, 0xA5, 0xA0, 0x9C, 0xFF,
    0x9C, 0x96, 0x93, 0xFD, 0xA9, 0xA4, 0xA0, 0xFF, 0xCB, 0xC6, 0xC2, 0xFF, 0x72, 0x6D, 0x69, 0xFC,
    0x47, 0x43, 0x3E, 0xFF, 0x30, 0x2D, 0x2A, 0xBF, 0x1F, 0x17, 0x17, 0x20, 0x34, 0x31, 0x30, 0xB4,
    0x40, 0x3D, 0x3D, 0xFF, 0x30, 0x2E, 0x2E, 0xFE, 0x28, 0x25, 0x24, 0xFF, 0x73, 0x6F, 0x6B, 0xFD,
    0x96, 0x93, 0x8E, 0xF1, 0xC5, 0xC2, 0xBE, 0xFF, 0x97, 0x91, 0x8F, 0xFF, 0x62, 0x5C, 0x5A, 0xFF,
    0x41, 0x3D, 0x39, 0xFF, 0x2C, 0x2A, 0x27, 0xFF, 0x2C, 0x29, 0x27, 0xFB, 0x3F, 0x3B, 0x38, 0xFF,
    0x48, 0x46, 0x41, 0x94, 0x00, 0x00, 0x00, 0x00, 0x3F, 0x3F, 0x3F, 0x04, 0x00, 0x00, 0x00, 0x00,
    0x00, 0x00, 0x00, 0x00, 0x00, 0x00, 0x00, 0x00, 0x00, 0x00, 0x00, 0x00, 0x00, 0x00, 0x00, 0x00,
    0x00, 0x00, 0x00, 0x00, 0x00, 0x00, 0x00, 0x00, 0x00, 0x00, 0x00, 0x00, 0x00, 0x00, 0x00, 0x00,
    0x00, 0x00, 0x00, 0x00, 0x00, 0x00, 0x00, 0x00, 0x00, 0x00, 0x00, 0x00, 0x00, 0x00, 0x00, 0x00,
    0x00, 0x00, 0x00, 0x00, 0x00, 0x00, 0x00, 0x00, 0x00, 0x00, 0x00, 0x00, 0x00, 0x00, 0x00, 0x00,
    0x00, 0x00, 0x00, 0x00, 0x3F, 0x3F, 0x3F, 0x04, 0x00, 0x00, 0x00, 0x00, 0x39, 0x36, 0x36, 0x50,
    0x36, 0x33, 0x30, 0xFF, 0x25, 0x22, 0x21, 0xFC, 0x26, 0x23, 0x23, 0xFF, 0x3F, 0x3A, 0x3A, 0xFF,
    0x64, 0x5F, 0x5D, 0xFF, 0x8A, 0x85, 0x82, 0xFF, 0xCA, 0xC5, 0xC2, 0xFF, 0x8D, 0x89, 0x87, 0xFA,
    0x67, 0x65, 0x61, 0xEF, 0x41, 0x40, 0x3C, 0xFF, 0x22, 0x20, 0x1F, 0xFE, 0x28, 0x25, 0x25, 0xFD,
    0x2B, 0x29, 0x26, 0xFF, 0x24, 0x22, 0x21, 0xDB, 0x2F, 0x2C, 0x2A, 0xE5, 0x4A, 0x46, 0x43, 0xFF,
    0x70, 0x6A, 0x68, 0xFE, 0xC5, 0xC0, 0xBE, 0xFF, 0x95, 0x90, 0x8D, 0xFF, 0x3D, 0x39, 0x35, 0xFE,
    0x30, 0x2D, 0x29, 0xFF, 0x66, 0x61, 0x5D, 0xEB, 0x2A, 0x28, 0x25, 0xD1, 0x2E, 0x2E, 0x2A, 0x42,
    0x27, 0x27, 0x22, 0x34, 0x2A, 0x2A, 0x25, 0x36, 0x0F, 0x0F, 0x0F, 0x22, 0x1F, 0x1F, 0x1F, 0x08,
    0x00, 0x00, 0x00, 0x01, 0x00, 0x00, 0x00, 0x02, 0x0E, 0x0E, 0x0E, 0x12, 0x0A, 0x0A, 0x0A, 0x19,
    0x08, 0x11, 0x11, 0x1D, 0x09, 0x09, 0x09, 0x1A, 0x12, 0x12, 0x12, 0x1B, 0x22, 0x22, 0x22, 0x34,
    0x00, 0x00, 0x00, 0x09, 0x0A, 0x0A, 0x0A, 0x18, 0x0A, 0x0A, 0x0A, 0x19, 0x10, 0x13, 0x13, 0x5D,
    0x11, 0x11, 0x11, 0x4B, 0x0E, 0x0E, 0x0E, 0x35, 0x18, 0x1B, 0x18, 0x67, 0x18, 0x18, 0x15, 0x5E,
    0x15, 0x18, 0x15, 0x6A, 0x15, 0x15, 0x12, 0x6D, 0x16, 0x14, 0x14, 0x70, 0x15, 0x15, 0x13, 0x6A,
    0x15, 0x15, 0x13, 0x78, 0x11, 0x13, 0x11, 0x73, 0x0F, 0x12, 0x0F, 0x71, 0x10, 0x10, 0x0E, 0x6D,
    0x11, 0x11, 0x0E, 0x69, 0x11, 0x11, 0x11, 0x69, 0x10, 0x10, 0x10, 0x6A, 0x10, 0x12, 0x10, 0x6D,
    0x0F, 0x12, 0x12, 0x61, 0x0F, 0x0F, 0x0F, 0x60, 0x13, 0x10, 0x13, 0x5D, 0x13, 0x13, 0x13, 0x5A,
    0x13, 0x13, 0x13, 0x5B, 0x14, 0x14, 0x12, 0x62, 0x17, 0x15, 0x15, 0x6B, 0x15, 0x15, 0x15, 0x6C,
    0x16, 0x16, 0x13, 0x68, 0x18, 0x18, 0x16, 0x72, 0x0F, 0x12, 0x0F, 0x51, 0x00, 0x00, 0x00, 0x17,
    0x0B, 0x11, 0x0B, 0x2D, 0x0A, 0x0F, 0x0F, 0x31, 0x0E, 0x11, 0x0E, 0x48, 0x07, 0x07, 0x07, 0x21,
    0x2D, 0x2D, 0x27, 0x2D, 0x35, 0x37, 0x35, 0x6E, 0x2D, 0x2D, 0x2D, 0x55, 0x2A, 0x2A, 0x28, 0x65,
    0x22, 0x22, 0x22, 0x43, 0x0C, 0x0C, 0x0C, 0x14, 0x08, 0x08, 0x08, 0x1E, 0x0A, 0x0A, 0x0A, 0x19,
    0x0E, 0x0E, 0x0E, 0x12, 0x0E, 0x0E, 0x0E, 0x12, 0x1C, 0x1C, 0x1C, 0x09, 0x28, 0x28, 0x28, 0x4B,
    0x28, 0x28, 0x28, 0x45, 0x17, 0x19, 0x17, 0x78, 0x50, 0x4F, 0x4D, 0xD0, 0x9C, 0x97, 0x94, 0xFF,
    0x96, 0x92, 0x8F, 0xFD, 0xA5, 0xA1, 0x9E, 0xFF, 0xCC, 0xC7, 0xC5, 0xFF, 0x73, 0x6E, 0x6B, 0xFF,
    0x45, 0x42, 0x3E, 0xFF, 0x30, 0x2E, 0x2C, 0xFE, 0x2A, 0x28, 0x28, 0xF0, 0x38, 0x35, 0x34, 0xFF,
    0x29, 0x27, 0x26, 0xFE, 0x29, 0x26, 0x27, 0xFF, 0x2C, 0x29, 0x27, 0xFF, 0x80, 0x7B, 0x78, 0xFB,
    0x9D, 0x97, 0x94, 0xF2, 0xCA, 0xC5, 0xC1, 0xFF, 0x8C, 0x88, 0x85, 0xFE, 0x5E, 0x58, 0x56, 0xFF,
    0x3C, 0x39, 0x34, 0xFF, 0x2A, 0x28, 0x27, 0xFF, 0x2C, 0x28, 0x27, 0xFC, 0x3D, 0x39, 0x35, 0xFF,
    0x41, 0x3E, 0x3A, 0xBC, 0x00, 0x00, 0x00, 0x00, 0x7F, 0x7F, 0x7F, 0x02, 0x00, 0x00, 0x00, 0x00,
    0x00, 0x00, 0x00, 0x00, 0x00, 0x00, 0x00, 0x00, 0x00, 0x00, 0x00, 0x00, 0x00, 0x00, 0x00, 0x00,
    0x00, 0x00, 0x00, 0x00, 0x00, 0x00, 0x00, 0x00, 0x00, 0x00, 0x00, 0x00, 0x00, 0x00, 0x00, 0x00,
    0x00, 0x00, 0x00, 0x00, 0x00, 0x00, 0x00, 0x00, 0x00, 0x00, 0x00, 0x00, 0x00, 0x00, 0x00, 0x00,
    0x00, 0x00, 0x00, 0x00, 0x00, 0x00, 0x00, 0x00, 0x00, 0x00, 0x00, 0x00, 0x00, 0x00, 0x00, 0x00,
    0x00, 0x00, 0x00, 0x00, 0x3F, 0x3F, 0x3F, 0x04, 0x00, 0x00, 0x00, 0x00, 0x33, 0x30, 0x30, 0x78,
    0x35, 0x31, 0x2E, 0xFF, 0x24, 0x22, 0x21, 0xFB, 0x26, 0x24, 0x24, 0xFF, 0x34, 0x31, 0x30, 0xFF,
    0x5F, 0x5A, 0x57, 0xFF, 0x83, 0x7E, 0x7B, 0xFF, 0xC2, 0xBE, 0xBA, 0xFF, 0x9E, 0x98, 0x95, 0xFD,
    0x61, 0x5D, 0x59, 0xF3, 0x51, 0x4E, 0x4A, 0xFD, 0x1D, 0x1C, 0x1A, 0xFE, 0x27, 0x25, 0x23, 0xFF,
    0x25, 0x23, 0x22, 0xFD, 0x2A, 0x28, 0x27, 0xFF, 0x33, 0x30, 0x2E, 0xFF, 0x49, 0x45, 0x41, 0xFF,
    0x70, 0x6C, 0x6A, 0xFF, 0xC5, 0xC1, 0xBE, 0xFF, 0x95, 0x90, 0x8D, 0xFF, 0x3C, 0x38, 0x34, 0xFE,
    0x31, 0x2E, 0x2B, 0xFF, 0x65, 0x62, 0x5D, 0xE4, 0x25, 0x23, 0x21, 0xC4, 0x2F, 0x2F, 0x2C, 0x51,
    0x00, 0x00, 0x00, 0x01, 0x1C, 0x1C, 0x1C, 0x3E, 0x0F, 0x0F, 0x0F, 0x10, 0x11, 0x11, 0x11, 0x1D,
    0x00, 0x00, 0x00, 0x00, 0x00, 0x00, 0x00, 0x01, 0x0F, 0x0F, 0x0F, 0x11, 0x0C, 0x0C, 0x0C, 0x15,
    0x0D, 0x0D, 0x0D, 0x13, 0x0C, 0x0C, 0x0C, 0x14, 0x11, 0x11, 0x08, 0x1E, 0x00, 0x00, 0x00, 0x15,
    0x07, 0x07, 0x07, 0x20, 0x07, 0x07, 0x07, 0x20, 0x09, 0x09, 0x09, 0x1B, 0x05, 0x0A, 0x0A, 0x30,
    0x15, 0x15, 0x13, 0x77, 0x1A, 0x1A, 0x16, 0xC2, 0x19, 0x19, 0x16, 0xAB, 0x1A, 0x18, 0x16, 0x92,
    0x1A, 0x18, 0x17, 0xB8, 0x1A, 0x1A, 0x17, 0xB6, 0x1A, 0x1B, 0x17, 0xB8, 0x1A, 0x1A, 0x18, 0xBD,
    0x1C, 0x1B, 0x18, 0xC4, 0x1C, 0x1D, 0x18, 0xC8, 0x1C, 0x1D, 0x18, 0xCD, 0x1D, 0x1D, 0x19, 0xCE,
    0x1E, 0x1E, 0x19, 0xCA, 0x1D, 0x1D, 0x18, 0xCD, 0x1E, 0x1C, 0x19, 0xCB, 0x1E, 0x1D, 0x19, 0xCF,
    0x1D, 0x1C, 0x18, 0xC5, 0x1C, 0x1C, 0x1A, 0xC4, 0x1D, 0x1C, 0x19, 0xC5, 0x1C, 0x1C, 0x19, 0xBE,
    0x1D, 0x1D, 0x19, 0xC1, 0x1D, 0x1D, 0x19, 0xC5, 0x1D, 0x1D, 0x19, 0xCE, 0x1D, 0x1D, 0x1A, 0xC9,
    0x19, 0x19, 0x16, 0xAA, 0x19, 0x19, 0x14, 0x9F, 0x1B, 0x1B, 0x17, 0xCD, 0x17, 0x17, 0x13, 0x81,
    0x07, 0x0E, 0x0E, 0x23, 0x07, 0x0E, 0x0E, 0x24, 0x0F, 0x12, 0x0F, 0x60, 0x10, 0x10, 0x10, 0x5D,
    0x09, 0x0E, 0x0E, 0x34, 0x00, 0x09, 0x09, 0x1B, 0x12, 0x12, 0x12, 0x1B, 0x0B, 0x17, 0x17, 0x16,
    0x13, 0x13, 0x13, 0x0D, 0x0C, 0x0C, 0x0C, 0x14, 0x08, 0x08, 0x08, 0x1D, 0x00, 0x00, 0x00, 0x0A,
    0x00, 0x19, 0x19, 0x0A, 0x00, 0x00, 0x00, 0x05, 0x1A, 0x1A, 0x1A, 0x30, 0x18, 0x1E, 0x18, 0x2A,
    0x2F, 0x2F, 0x2F, 0x30, 0x17, 0x17, 0x17, 0x77, 0x49, 0x47, 0x44, 0xCF, 0x91, 0x8D, 0x8A, 0xFF,
    0x93, 0x8D, 0x8B, 0xFD, 0xA4, 0x9F, 0x9D, 0xFF, 0xCC, 0xC8, 0xC7, 0xFF, 0x76, 0x70, 0x6E, 0xFF,
    0x47, 0x42, 0x40, 0xFF, 0x34, 0x32, 0x2F, 0xFF, 0x2E, 0x2C, 0x2B, 0xFF, 0x29, 0x27, 0x26, 0xFD,
    0x28, 0x27, 0x25, 0xFF, 0x27, 0x25, 0x25, 0xFF, 0x35, 0x33, 0x30, 0xFF, 0x8A, 0x85, 0x82, 0xF2,
    0xA0, 0x9B, 0x98, 0xF2, 0xC9, 0xC5, 0xC0, 0xFF, 0x84, 0x7F, 0x7C, 0xFE, 0x59, 0x53, 0x50, 0xFF,
    0x35, 0x32, 0x2E, 0xFF, 0x2A, 0x28, 0x27, 0xFF, 0x2C, 0x28, 0x27, 0xFC, 0x3A, 0x36, 0x32, 0xFF,
    0x44, 0x42, 0x3E, 0xD0, 0x00, 0x00, 0x00, 0x01, 0x00, 0x00, 0x00, 0x01, 0x00, 0x00, 0x00, 0x00,
    0x00, 0x00, 0x00, 0x00, 0x00, 0x00, 0x00, 0x00, 0x00, 0x00, 0x00, 0x00, 0x00, 0x00, 0x00, 0x00,
    0x00, 0x00, 0x00, 0x00, 0x00, 0x00, 0x00, 0x00, 0x00, 0x00, 0x00, 0x00, 0x00, 0x00, 0x00, 0x00,
    0x00, 0x00, 0x00, 0x00, 0x00, 0x00, 0x00, 0x00, 0x00, 0x00, 0x00, 0x00, 0x00, 0x00, 0x00, 0x00,
    0x00, 0x00, 0x00, 0x00, 0x00, 0x00, 0x00, 0x00, 0x00, 0x00, 0x00, 0x00, 0x00, 0x00, 0x00, 0x00,
    0x00, 0x00, 0x00, 0x00, 0x3F, 0x3F, 0x3F, 0x04, 0x00, 0x00, 0x00, 0x00, 0x35, 0x32, 0x32, 0x99,
    0x32, 0x2F, 0x2E, 0xFF, 0x25, 0x22, 0x21, 0xFB, 0x28, 0x27, 0x25, 0xFF, 0x2D, 0x2A, 0x28, 0xFF,
    0x53, 0x4E, 0x4B, 0xFF, 0x7E, 0x79, 0x76, 0xFF, 0xB9, 0xB4, 0xB1, 0xFF, 0xAB, 0xA7, 0xA3, 0xFF,
    0x5E, 0x5B, 0x57, 0xED, 0x63, 0x5E, 0x5A, 0xFF, 0x1F, 0x1C, 0x1B, 0xFF, 0x27, 0x26, 0x24, 0xFF,
    0x26, 0x24, 0x22, 0xFF, 0x2A, 0x28, 0x27, 0xFE, 0x32, 0x30, 0x2E, 0xFE, 0x4A, 0x46, 0x42, 0xFF,
    0x72, 0x6E, 0x6A, 0xFF, 0xC5, 0xC1, 0xBD, 0xFF, 0x94, 0x8F, 0x8D, 0xFF, 0x3B, 0x37, 0x34, 0xFD,
    0x34, 0x30, 0x2D, 0xFF, 0x6C, 0x68, 0x64, 0xCD, 0x21, 0x20, 0x20, 0x9F, 0x2B, 0x2B, 0x2B, 0x58,
    0x00, 0x00, 0x00, 0x00, 0x11, 0x11, 0x11, 0x2C, 0x0A, 0x15, 0x15, 0x18, 0x15, 0x15, 0x15, 0x2F,
    0x00, 0x00, 0x00, 0x04, 0x00, 0x00, 0x00, 0x00, 0x09, 0x12, 0x09, 0x1C, 0x0F, 0x0F, 0x0F, 0x61,
    0x0F, 0x0F, 0x0F, 0x55, 0x11, 0x11, 0x11, 0x65, 0x12, 0x14, 0x12, 0x70, 0x14, 0x14, 0x12, 0x7C,
    0x14, 0x16, 0x12, 0x87, 0x13, 0x15, 0x13, 0x80, 0x15, 0x15, 0x15, 0x80, 0x18, 0x18, 0x16, 0x93,
    0x1A, 0x1A, 0x17, 0xC2, 0x1C, 0x1B, 0x19, 0xDF, 0x1F, 0x1C, 0x1A, 0xDE, 0x1F, 0x1C, 0x1B, 0xCC,
    0x22, 0x20, 0x1C, 0xFF, 0x22, 0x21, 0x1C, 0xFF, 0x25, 0x23, 0x1E, 0xFF, 0x24, 0x23, 0x1F, 0xFF,
    0x25, 0x24, 0x20, 0xFF, 0x26, 0x25, 0x20, 0xFF, 0x27, 0x25, 0x20, 0xFF, 0x25, 0x25, 0x20, 0xFF,
    0x26, 0x24, 0x20, 0xFF, 0x25, 0x25, 0x1F, 0xFF, 0x25, 0x24, 0x20, 0xFF, 0x25, 0x24, 0x1F, 0xFF,
    0x26, 0x23, 0x1F, 0xFF, 0x24, 0x23, 0x1E, 0xFF, 0x23, 0x23, 0x1F, 0xFF, 0x23, 0x22, 0x1E, 0xFF,
    0x23, 0x22, 0x1E, 0xFF, 0x23, 0x21, 0x1D, 0xFF, 0x21, 0x20, 0x1C, 0xFF, 0x23, 0x22, 0x1D, 0xFF,
    0x1F, 0x1E, 0x1B, 0xEA, 0x1D, 0x1D, 0x1B, 0xD3, 0x1E, 0x1E, 0x1B, 0xF8, 0x1A, 0x1B, 0x18, 0xD7,
    0x17, 0x17, 0x17, 0xA0, 0x14, 0x16, 0x14, 0x88, 0x16, 0x17, 0x16, 0xA2, 0x16, 0x18, 0x16, 0xA7,
    0x15, 0x15, 0x15, 0x99, 0x13, 0x13, 0x13, 0x76, 0x10, 0x10, 0x10, 0x5D, 0x0D, 0x10, 0x0D, 0x4C,
    0x0D, 0x0D, 0x0D, 0x37, 0x0A, 0x0A, 0x0A, 0x19, 0x00, 0x00, 0x00, 0x0D, 0x00, 0x00, 0x00, 0x04,
    0x00, 0x00, 0x00, 0x06, 0x00, 0x00, 0x00, 0x03, 0x18, 0x18, 0x18, 0x53, 0x00, 0x00, 0x00, 0x02,
    0x34, 0x34, 0x30, 0x35, 0x1B, 0x19, 0x19, 0x70, 0x47, 0x44, 0x40, 0xB6, 0x88, 0x84, 0x7F, 0xFF,
    0x92, 0x8C, 0x8A, 0xFC, 0xA3, 0x9D, 0x9B, 0xFF, 0xCD, 0xC7, 0xC5, 0xFF, 0x76, 0x70, 0x6D, 0xFF,
    0x47, 0x44, 0x3F, 0xFF, 0x35, 0x32, 0x30, 0xFF, 0x2E, 0x2C, 0x2C, 0xFE, 0x2C, 0x29, 0x28, 0xFF,
    0x29, 0x27, 0x27, 0xFF, 0x22, 0x20, 0x1F, 0xFE, 0x46, 0x44, 0x41, 0xFF, 0x94, 0x90, 0x8C, 0xE9,
    0xA4, 0xA0, 0x9C, 0xF4, 0xC5, 0xC0, 0xBD, 0xFF, 0x7F, 0x79, 0x76, 0xFF, 0x4F, 0x4A, 0x47, 0xFF,
    0x2D, 0x2B, 0x28, 0xFF, 0x2C, 0x29, 0x26, 0xFF, 0x2C, 0x29, 0x27, 0xFE, 0x35, 0x32, 0x2E, 0xFF,
    0x42, 0x3D, 0x3B, 0xF1, 0x2E, 0x2E, 0x2E, 0x16, 0x00, 0x00, 0x00, 0x00, 0x00, 0x00, 0x00, 0x02,
    0x00, 0x00, 0x00, 0x00, 0x00, 0x00, 0x00, 0x00, 0x00, 0x00, 0x00, 0x00, 0x00, 0x00, 0x00, 0x00,
    0x00, 0x00, 0x00, 0x00, 0x00, 0x00, 0x00, 0x00, 0x00, 0x00, 0x00, 0x00, 0x00, 0x00, 0x00, 0x00,
    0x00, 0x00, 0x00, 0x00, 0x00, 0x00, 0x00, 0x00, 0x00, 0x00, 0x00, 0x00, 0x00, 0x00, 0x00, 0x00,
    0x00, 0x00, 0x00, 0x00, 0x00, 0x00, 0x00, 0x00, 0x00, 0x00, 0x00, 0x00, 0x00, 0x00, 0x00, 0x00,
    0x00, 0x00, 0x00, 0x00, 0x00, 0x00, 0x00, 0x02, 0x00, 0x00, 0x00, 0x00, 0x33, 0x30, 0x2F, 0xC2,
    0x2F, 0x2C, 0x2C, 0xFF, 0x25, 0x22, 0x21, 0xFC, 0x29, 0x27, 0x26, 0xFF, 0x2B, 0x2A, 0x27, 0xFF,
    0x41, 0x3D, 0x3A, 0xFF, 0x77, 0x71, 0x6E, 0xFF, 0xB4, 0xAE, 0xAB, 0xFE, 0xB9, 0xB4, 0xB1, 0xFF,
    0x5E, 0x5C, 0x56, 0xE8, 0x6D, 0x69, 0x65, 0xF9, 0x25, 0x23, 0x20, 0xFE, 0x26, 0x25, 0x24, 0xFF,
    0x26, 0x24, 0x24, 0xFF, 0x2A, 0x28, 0x27, 0xFF, 0x33, 0x30, 0x2F, 0xFF, 0x4B, 0x47, 0x44, 0xFF,
    0x75, 0x6F, 0x6E, 0xFF, 0xC5, 0xC0, 0xBE, 0xFF, 0x94, 0x8F, 0x8C, 0xFF, 0x39, 0x35, 0x33, 0xFD,
    0x35, 0x31, 0x2E, 0xFF, 0x72, 0x6E, 0x69, 0xC2, 0x1F, 0x1D, 0x1D, 0x93, 0x2B, 0x2B, 0x2B, 0x58,
    0x00, 0x00, 0x00, 0x00, 0x18, 0x18, 0x18, 0x15, 0x0F, 0x13, 0x0F, 0x40, 0x15, 0x15, 0x15, 0x24,
    0x1A, 0x11, 0x11, 0x1D, 0x00, 0x00, 0x00, 0x00, 0x00, 0x00, 0x00, 0x02, 0x0F, 0x0F, 0x0F, 0x32,
    0x12, 0x12, 0x12, 0x55, 0x11, 0x11, 0x11, 0x59, 0x13, 0x13, 0x11, 0x69, 0x14, 0x16, 0x14, 0x7F,
    0x16, 0x16, 0x16, 0x8A, 0x19, 0x17, 0x14, 0xAD, 0x1B, 0x18, 0x15, 0xC6, 0x1E, 0x1B, 0x18, 0xDB,
    0x1F, 0x1D, 0x19, 0xD3, 0x1E, 0x1D, 0x19, 0xD3, 0x1F, 0x1E, 0x1A, 0xDC, 0x1E, 0x1F, 0x1C, 0xC3,
    0x20, 0x20, 0x1B, 0xED, 0x1F, 0x1F, 0x1C, 0xE3, 0x1E, 0x1E, 0x1B, 0xE1, 0x1C, 0x1E, 0x1A, 0xD6,
    0x1C, 0x1E, 0x1A, 0xD4, 0x1E, 0x1E, 0x1B, 0xD8, 0x1F, 0x1E, 0x1C, 0xDA, 0x1E, 0x1E, 0x1D, 0xD9,
    0x1F, 0x1E, 0x1D, 0xE2, 0x1F, 0x1F, 0x1C, 0xE5, 0x1E, 0x1F, 0x1C, 0xE9, 0x20, 0x20, 0x1E, 0xED,
    0x22, 0x20, 0x1D, 0xF8, 0x24, 0x23, 0x1F, 0xF6, 0x25, 0x24, 0x20, 0xFA, 0x29, 0x26, 0x21, 0xFC,
    0x2B, 0x2A, 0x24, 0xFD, 0x30, 0x2D, 0x27, 0xFF, 0x32, 0x2F, 0x29, 0xFF, 0x2D, 0x2C, 0x25, 0xFE,
    0x24, 0x23, 0x1F, 0xED, 0x23, 0x21, 0x1E, 0xDA, 0x26, 0x23, 0x1F, 0xFA, 0x23, 0x22, 0x1E, 0xEF,
    0x22, 0x20, 0x1C, 0xE8, 0x20, 0x1E, 0x1B, 0xE1, 0x20, 0x1E, 0x1B, 0xD7, 0x1F, 0x1E, 0x1A, 0xD1,
    0x20, 0x1D, 0x19, 0xBF, 0x1B, 0x1B, 0x17, 0x96, 0x15, 0x15, 0x15, 0x6B, 0x13, 0x0F, 0x0F, 0x40,
    0x0C, 0x0C, 0x0C, 0x28, 0x0D, 0x0D, 0x0D, 0x13, 0x0C, 0x0C, 0x0C, 0x14, 0x00, 0x00, 0x00, 0x07,
    0x00, 0x00, 0x00, 0x01, 0x10, 0x10, 0x10, 0x1F, 0x17, 0x17, 0x17, 0x37, 0x00, 0x00, 0x00, 0x00,
    0x36, 0x36, 0x36, 0x2F, 0x19, 0x1C, 0x1C, 0x5A, 0x49, 0x49, 0x44, 0x96, 0x81, 0x7C, 0x79, 0xFF,
    0x8E, 0x89, 0x87, 0xFE, 0xA1, 0x9C, 0x98, 0xFF, 0xCC, 0xC7, 0xC3, 0xFF, 0x77, 0x71, 0x70, 0xFF,
    0x48, 0x43, 0x40, 0xFF, 0x36, 0x32, 0x30, 0xFF, 0x30, 0x2C, 0x2D, 0xFF, 0x2B, 0x29, 0x28, 0xFF,
    0x2A, 0x28, 0x27, 0xFF, 0x1E, 0x1C, 0x1C, 0xFE, 0x5C, 0x57, 0x55, 0xFF, 0x9A, 0x97, 0x91, 0xE0,
    0xAE, 0xAB, 0xA7, 0xF7, 0xC0, 0xBB, 0xB8, 0xFF, 0x7A, 0x74, 0x70, 0xFF, 0x43, 0x3F, 0x3B, 0xFF,
    0x2C, 0x29, 0x27, 0xFF, 0x2B, 0x2A, 0x26, 0xFF, 0x2B, 0x2A, 0x25, 0xFE, 0x33, 0x2E, 0x2B, 0xFF,
    0x41, 0x3C, 0x3A, 0xFB, 0x47, 0x3F, 0x3F, 0x20, 0x00, 0x00, 0x00, 0x00, 0x00, 0x00, 0x00, 0x02,
    0x00, 0x00, 0x00, 0x00, 0x00, 0x00, 0x00, 0x00, 0x00, 0x00, 0x00, 0x00, 0x00, 0x00, 0x00, 0x00,
    0x00, 0x00, 0x00, 0x00, 0x00, 0x00, 0x00, 0x00, 0x00, 0x00, 0x00, 0x00, 0x00, 0x00, 0x00, 0x00,
    0x00, 0x00, 0x00, 0x00, 0x00, 0x00, 0x00, 0x00, 0x00, 0x00, 0x00, 0x00, 0x00, 0x00, 0x00, 0x00,
    0x00, 0x00, 0x00, 0x00, 0x00, 0x00, 0x00, 0x00, 0x00, 0x00, 0x00, 0x00, 0x00, 0x00, 0x00, 0x00,
    0x00, 0x00, 0x00, 0x00, 0x00, 0x00, 0x00, 0x00, 0x00, 0x00, 0x00, 0x02, 0x32, 0x2F, 0x2E, 0xD5,
    0x2C, 0x29, 0x27, 0xFF, 0x25, 0x24, 0x20, 0xFD, 0x2A, 0x27, 0x26, 0xFF, 0x2D, 0x2A, 0x28, 0xFF,
    0x34, 0x32, 0x2E, 0xFF, 0x64, 0x5F, 0x5C, 0xFF, 0xAF, 0xAA, 0xA6, 0xFE, 0xC2, 0xBE, 0xB9, 0xFF,
    0x66, 0x62, 0x5D, 0xEA, 0x6D, 0x6A, 0x65, 0xF2, 0x30, 0x2E, 0x2B, 0xFD, 0x23, 0x22, 0x21, 0xFF,
    0x26, 0x24, 0x25, 0xFF, 0x29, 0x27, 0x27, 0xFF, 0x33, 0x31, 0x2E, 0xFF, 0x4B, 0x48, 0x44, 0xFF,
    0x75, 0x71, 0x6E, 0xFF, 0xC5, 0xC1, 0xBD, 0xFF, 0x93, 0x8E, 0x8B, 0xFF, 0x37, 0x34, 0x30, 0xFD,
    0x37, 0x33, 0x2E, 0xFF, 0x73, 0x6D, 0x69, 0xBC, 0x1B, 0x1B, 0x19, 0x96, 0x28, 0x2A, 0x28, 0x59,
    0x00, 0x00, 0x00, 0x00, 0x00, 0x00, 0x00, 0x00, 0x10, 0x10, 0x0B, 0x2E, 0x12, 0x12, 0x09, 0x1C,
    0x13, 0x1A, 0x13, 0x27, 0x00, 0x00, 0x00, 0x02, 0x00, 0x00, 0x00, 0x02, 0x00, 0x00, 0x00, 0x00,
    0x00, 0x11, 0x11, 0x0F, 0x0F, 0x0F, 0x0F, 0x32, 0x12, 0x12, 0x0F, 0x51, 0x12, 0x12, 0x10, 0x6C,
    0x16, 0x14, 0x12, 0x89, 0x1A, 0x16, 0x13, 0xB9, 0x19, 0x18, 0x15, 0xBF, 0x1C, 0x1A, 0x19, 0xCC,
    0x1E, 0x1C, 0x19, 0xD4, 0x1C, 0x1B, 0x17, 0xCB, 0x1E, 0x1C, 0x18, 0xD8, 0x1B, 0x1B, 0x18, 0xB0,
    0x1A, 0x1A, 0x16, 0xC9, 0x1B, 0x1B, 0x16, 0xCF, 0x19, 0x19, 0x15, 0xBB, 0x18, 0x18, 0x14, 0xB1,
    0x18, 0x18, 0x15, 0xB1, 0x1A, 0x18, 0x16, 0xB8, 0x19, 0x19, 0x14, 0xBC, 0x1A, 0x18, 0x15, 0xC2,
    0x1A, 0x1A, 0x17, 0xC3, 0x1C, 0x19, 0x17, 0xCE, 0x1D, 0x1B, 0x17, 0xD9, 0x1E, 0x1B, 0x18, 0xDD,
    0x1F, 0x1D, 0x18, 0xE3, 0x1F, 0x1E, 0x19, 0xDA, 0x20, 0x1E, 0x1A, 0xD7, 0x22, 0x1F, 0x1C, 0xD9,
    0x24, 0x23, 0x1E, 0xD2, 0x2A, 0x28, 0x23, 0xDF, 0x2D, 0x2C, 0x28, 0xE4, 0x29, 0x29, 0x23, 0xEA,
    0x21, 0x20, 0x1D, 0xDB, 0x21, 0x20, 0x1C, 0xDD, 0x24, 0x22, 0x1E, 0xFD, 0x22, 0x1F, 0x1D, 0xF6,
    0x20, 0x1E, 0x1C, 0xEC, 0x1F, 0x1D, 0x19, 0xE2, 0x1F, 0x1B, 0x18, 0xE6, 0x1C, 0x1A, 0x16, 0xD5,
    0x1B, 0x19, 0x15, 0xC6, 0x19, 0x19, 0x17, 0xA2, 0x16, 0x13, 0x13, 0x68, 0x0C, 0x0C, 0x0C, 0x14,
    0x00, 0x00, 0x00, 0x00, 0x0F, 0x0F, 0x0F, 0x10, 0x0B, 0x0B, 0x0B, 0x17, 0x11, 0x11, 0x11, 0x0F,
    0x00, 0x00, 0x00, 0x03, 0x0B, 0x0B, 0x0B, 0x16, 0x00, 0x00, 0x00, 0x04, 0x00, 0x00, 0x00, 0x00,
    0x3F, 0x3F, 0x39, 0x28, 0x1D, 0x20, 0x1D, 0x46, 0x44, 0x41, 0x3D, 0x95, 0x7D, 0x78, 0x75, 0xFF,
    0x8F, 0x89, 0x87, 0xFC, 0xA0, 0x99, 0x96, 0xFF, 0xCD, 0xC8, 0xC5, 0xFF, 0x7A, 0x73, 0x72, 0xFF,
    0x4A, 0x44, 0x42, 0xFF, 0x37, 0x33, 0x30, 0xFF, 0x30, 0x2D, 0x2C, 0xFF, 0x2B, 0x29, 0x29, 0xFF,
    0x2B, 0x28, 0x28, 0xFF, 0x1F, 0x1D, 0x1C, 0xFF, 0x6F, 0x6B, 0x66, 0xFF, 0x94, 0x92, 0x8E, 0xE4,
    0xB5, 0xB0, 0xAD, 0xFF, 0xBC, 0xB6, 0xB4, 0xFF, 0x6E, 0x68, 0x64, 0xFF, 0x36, 0x33, 0x2F, 0xFF,
    0x2D, 0x2A, 0x29, 0xFF, 0x2B, 0x29, 0x28, 0xFF, 0x2A, 0x29, 0x27, 0xFF, 0x30, 0x2D, 0x29, 0xFD,
    0x3E, 0x3A, 0x37, 0xFF, 0x30, 0x2D, 0x2D, 0x44, 0x00, 0x00, 0x00, 0x00, 0x55, 0x55, 0x55, 0x03,
    0x00, 0x00, 0x00, 0x00, 0x00, 0x00, 0x00, 0x00, 0x00, 0x00, 0x00, 0x00, 0x00, 0x00, 0x00, 0x00,
    0x00, 0x00, 0x00, 0x00, 0x00, 0x00, 0x00, 0x00, 0x00, 0x00, 0x00, 0x00, 0x00, 0x00, 0x00, 0x00,
    0x00, 0x00, 0x00, 0x00, 0x00, 0x00, 0x00, 0x00, 0x00, 0x00, 0x00, 0x00, 0x00, 0x00, 0x00, 0x00,
    0x00, 0x00, 0x00, 0x00, 0x00, 0x00, 0x00, 0x00, 0x00, 0x00, 0x00, 0x00, 0x00, 0x00, 0x00, 0x00,
    0x00, 0x00, 0x00, 0x01, 0x00, 0x00, 0x00, 0x00, 0x1E, 0x1E, 0x1E, 0x11, 0x2D, 0x2C, 0x2A, 0xEB,
    0x29, 0x28, 0x25, 0xFF, 0x27, 0x24, 0x22, 0xFE, 0x2A, 0x28, 0x26, 0xFF, 0x2F, 0x2B, 0x2A, 0xFF,
    0x34, 0x31, 0x2E, 0xFF, 0x4C, 0x47, 0x44, 0xFF, 0xA3, 0x9F, 0x9B, 0xFE, 0xC8, 0xC4, 0xC1, 0xFF,
    0x72, 0x6E, 0x6A, 0xF2, 0x69, 0x64, 0x60, 0xEE, 0x43, 0x3F, 0x3C, 0xFF, 0x21, 0x1F, 0x1F, 0xFE,
    0x28, 0x26, 0x25, 0xFF, 0x2A, 0x28, 0x27, 0xFF, 0x32, 0x30, 0x2E, 0xFF, 0x4A, 0x47, 0x44, 0xFF,
    0x74, 0x6F, 0x6D, 0xFF, 0xC5, 0xC0, 0xBC, 0xFF, 0x92, 0x8D, 0x8A, 0xFF, 0x36, 0x32, 0x2E, 0xFD,
    0x37, 0x33, 0x2F, 0xFF, 0x6A, 0x65, 0x61, 0xCC, 0x18, 0x17, 0x16, 0xB8, 0x2D, 0x2A, 0x27, 0x55,
    0x00, 0x00, 0x00, 0x01, 0x00, 0x00, 0x00, 0x02, 0x17, 0x17, 0x0F, 0x21, 0x09, 0x09, 0x09, 0x1A,
    0x17, 0x17, 0x17, 0x20, 0x19, 0x19, 0x19, 0x1E, 0x3F, 0x3F, 0x3F, 0x04, 0x1F, 0x1F, 0x1F, 0x08,
    0x3F, 0x3F, 0x3F, 0x04, 0x0E, 0x0E, 0x0E, 0x12, 0x11, 0x19, 0x11, 0x1E, 0x12, 0x12, 0x12, 0x2A,
    0x15, 0x11, 0x11, 0x3A, 0x16, 0x12, 0x12, 0x45, 0x14, 0x14, 0x11, 0x57, 0x12, 0x15, 0x12, 0x60,
    0x14, 0x14, 0x11, 0x64, 0x12, 0x15, 0x12, 0x6C, 0x17, 0x17, 0x15, 0x82, 0x19, 0x19, 0x17, 0x8C,
    0x19, 0x19, 0x15, 0xAA, 0x1A, 0x1A, 0x16, 0xAD, 0x1A, 0x1A, 0x16, 0xB6, 0x1A, 0x1A, 0x16, 0xB6,
    0x1A, 0x1A, 0x15, 0xBA, 0x1A, 0x19, 0x15, 0xC7, 0x1B, 0x19, 0x16, 0xC5, 0x1A, 0x19, 0x16, 0xC8,
    0x1A, 0x19, 0x15, 0xC7, 0x1B, 0x19, 0x15, 0xC6, 0x1B, 0x1A, 0x16, 0xCC, 0x1C, 0x19, 0x15, 0xD1,
    0x1A, 0x19, 0x15, 0xCA, 0x1A, 0x1A, 0x16, 0xC2, 0x1A, 0x19, 0x16, 0xC8, 0x19, 0x19, 0x16, 0xC8,
    0x19, 0x18, 0x15, 0xBF, 0x16, 0x16, 0x15, 0xBD, 0x16, 0x17, 0x15, 0xC0, 0x18, 0x18, 0x15, 0xBC,
    0x18, 0x18, 0x17, 0xA4, 0x18, 0x17, 0x15, 0x9A, 0x19, 0x19, 0x15, 0xA3, 0x17, 0x17, 0x16, 0x95,
    0x17, 0x17, 0x17, 0x8C, 0x17, 0x17, 0x13, 0x80, 0x1A, 0x16, 0x14, 0x7E, 0x17, 0x17, 0x14, 0x63,
    0x17, 0x17, 0x14, 0x58, 0x18, 0x18, 0x14, 0x49, 0x17, 0x13, 0x13, 0x40, 0x19, 0x19, 0x19, 0x1E,
    0x1B, 0x1B, 0x12, 0x1C, 0x25, 0x25, 0x1C, 0x1B, 0x33, 0x33, 0x26, 0x14, 0x36, 0x48, 0x36, 0x0E,
    0x7F, 0x7F, 0x7F, 0x02, 0x1A, 0x1A, 0x14, 0x31, 0x1A, 0x1A, 0x1A, 0x1D, 0x00, 0x00, 0x00, 0x00,
    0x41, 0x41, 0x41, 0x23, 0x1C, 0x21, 0x21, 0x35, 0x3C, 0x38, 0x33, 0x9D, 0x7A, 0x75, 0x71, 0xFF,
    0x8F, 0x89, 0x86, 0xFB, 0x9D, 0x97, 0x94, 0xFF, 0xCE, 0xC8, 0xC4, 0xFF, 0x7C, 0x75, 0x72, 0xFF,
    0x49, 0x44, 0x41, 0xFF, 0x37, 0x33, 0x30, 0xFF, 0x30, 0x2D, 0x2C, 0xFF, 0x2B, 0x29, 0x28, 0xFF,
    0x2B, 0x29, 0x28, 0xFF, 0x27, 0x24, 0x22, 0xFF, 0x83, 0x7F, 0x7B, 0xF8, 0x97, 0x91, 0x8F, 0xE2,
    0xBF, 0xB8, 0xB5, 0xFF, 0xB4, 0xAE, 0xAB, 0xFE, 0x58, 0x52, 0x50, 0xFF, 0x33, 0x2F, 0x2B, 0xFF,
    0x2D, 0x2C, 0x29, 0xFF, 0x2B, 0x28, 0x29, 0xFF, 0x29, 0x27, 0x27, 0xFF, 0x2C, 0x29, 0x29, 0xFC,
    0x3B, 0x37, 0x35, 0xFF, 0x34, 0x31, 0x2E, 0x52, 0x00, 0x00, 0x00, 0x00, 0x3F, 0x3F, 0x3F, 0x04,
    0x00, 0x00, 0x00, 0x00, 0x00, 0x00, 0x00, 0x00, 0x00, 0x00, 0x00, 0x00, 0x00, 0x00, 0x00, 0x00,
    0x00, 0x00, 0x00, 0x00, 0x00, 0x00, 0x00, 0x00, 0x00, 0x00, 0x00, 0x00, 0x00, 0x00, 0x00, 0x00,
    0x00, 0x00, 0x00, 0x00, 0x00, 0x00, 0x00, 0x00, 0x00, 0x00, 0x00, 0x00, 0x00, 0x00, 0x00, 0x00,
    0x00, 0x00, 0x00, 0x00, 0x00, 0x00, 0x00, 0x00, 0x00, 0x00, 0x00, 0x00, 0x00, 0x00, 0x00, 0x00,
    0x00, 0x00, 0x00, 0x02, 0x00, 0x00, 0x00, 0x00, 0x25, 0x25, 0x25, 0x1B, 0x2D, 0x2A, 0x2A, 0xF8,
    0x28, 0x26, 0x25, 0xFF, 0x28, 0x26, 0x23, 0xFE, 0x2B, 0x29, 0x26, 0xFF, 0x2F, 0x2D, 0x2A, 0xFF,
    0x37, 0x34, 0x30, 0xFF, 0x3F, 0x3B, 0x37, 0xFF, 0x87, 0x83, 0x7F, 0xFF, 0xCE, 0xC9, 0xC5, 0xFF,
    0x83, 0x7F, 0x7C, 0xF8, 0x60, 0x5C, 0x58, 0xE7, 0x59, 0x54, 0x52, 0xFF, 0x1F, 0x1D, 0x1E, 0xFE,
    0x29, 0x27, 0x27, 0xFF, 0x2A, 0x28, 0x27, 0xFF, 0x32, 0x30, 0x2D, 0xFF, 0x4B, 0x46, 0x43, 0xFF,
    0x74, 0x6E, 0x6D, 0xFF, 0xC4, 0xC0, 0xBC, 0xFF, 0x8F, 0x8B, 0x87, 0xFF, 0x35, 0x31, 0x2D, 0xFF,
    0x35, 0x31, 0x2E, 0xFF, 0x60, 0x5C, 0x58, 0xFE, 0x29, 0x27, 0x24, 0xFF, 0x28, 0x28, 0x25, 0x4B,
    0x00, 0x00, 0x00, 0x00, 0x00, 0x00, 0x00, 0x00, 0x13, 0x13, 0x13, 0x35, 0x0B, 0x17, 0x17, 0x16,
    0x00, 0x00, 0x00, 0x00, 0x00, 0x00, 0x00, 0x16, 0x00, 0x00, 0x00, 0x00, 0x00, 0x00, 0x00, 0x00,
    0x00, 0x00, 0x00, 0x00, 0x00, 0x00, 0x00, 0x00, 0x00, 0x00, 0x00, 0x00, 0x00, 0x00, 0x00, 0x00,
    0x00, 0x00, 0x00, 0x00, 0x00, 0x00, 0x00, 0x00, 0x00, 0x00, 0x00, 0x00, 0x00, 0x00, 0x00, 0x00,
    0x00, 0x00, 0x00, 0x00, 0x01, 0x01, 0x01, 0x00, 0x7F, 0x7F, 0x7F, 0x02, 0x3F, 0x3F, 0x3F, 0x04,
    0x2A, 0x2A, 0x2A, 0x06, 0x1F, 0x1F, 0x1F, 0x08, 0x24, 0x24, 0x24, 0x0E, 0x1E, 0x1E, 0x1E, 0x11,
    0x16, 0x16, 0x16, 0x17, 0x19, 0x19, 0x11, 0x1E, 0x1B, 0x1B, 0x1B, 0x1C, 0x15, 0x15, 0x15, 0x24,
    0x1E, 0x16, 0x16, 0x22, 0x17, 0x17, 0x17, 0x2B, 0x18, 0x18, 0x12, 0x29, 0x1C, 0x1C, 0x16, 0x2D,
    0x17, 0x17, 0x17, 0x2B, 0x18, 0x18, 0x12, 0x29, 0x16, 0x1C, 0x16, 0x2D, 0x18, 0x18, 0x18, 0x2A,
    0x1A, 0x1A, 0x1A, 0x27, 0x1A, 0x1A, 0x1A, 0x27, 0x1D, 0x1D, 0x1D, 0x23, 0x20, 0x20, 0x18, 0x1F,
    0x1A, 0x1A, 0x1A, 0x1D, 0x1C, 0x1C, 0x1C, 0x1B, 0x22, 0x22, 0x22, 0x0F, 0x22, 0x22, 0x22, 0x0F,
    0x17, 0x2E, 0x17, 0x0B, 0x1F, 0x1F, 0x1F, 0x08, 0x00, 0x3F, 0x3F, 0x04, 0x00, 0x00, 0x00, 0x02,
    0x00, 0x00, 0x00, 0x00, 0x00, 0x00, 0x00, 0x00, 0x00, 0x00, 0x00, 0x00, 0x00, 0x00, 0x00, 0x00,
    0x00, 0x00, 0x00, 0x06, 0x00, 0x00, 0x00, 0x00, 0x00, 0x00, 0x00, 0x00, 0x00, 0x00, 0x00, 0x00,
    0x00, 0x00, 0x00, 0x00, 0x1A, 0x1E, 0x1A, 0x43, 0x17, 0x17, 0x17, 0x16, 0x00, 0x00, 0x00, 0x00,
    0x46, 0x46, 0x46, 0x1D, 0x1B, 0x1B, 0x19, 0x77, 0x32, 0x2E, 0x2B, 0xD1, 0x74, 0x6F, 0x6C, 0xFF,
    0x8E, 0x88, 0x85, 0xFD, 0x9C, 0x95, 0x93, 0xFF, 0xCD, 0xC8, 0xC6, 0xFF, 0x7E, 0x77, 0x73, 0xFF,
    0x4B, 0x45, 0x42, 0xFF, 0x36, 0x33, 0x30, 0xFF, 0x2E, 0x2C, 0x2B, 0xFF, 0x2B, 0x29, 0x28, 0xFF,
    0x28, 0x26, 0x25, 0xFF, 0x36, 0x33, 0x31, 0xFF, 0x92, 0x8E, 0x89, 0xF6, 0x94, 0x8F, 0x8C, 0xEE,
    0xC5, 0xBF, 0xBC, 0xFF, 0x9F, 0x99, 0x96, 0xFE, 0x44, 0x3F, 0x3D, 0xFF, 0x36, 0x33, 0x2F, 0xFF,
    0x2F, 0x2B, 0x2A, 0xFF, 0x2C, 0x2A, 0x29, 0xFF, 0x2A, 0x2A, 0x29, 0xFF, 0x29, 0x27, 0x26, 0xFC,
    0x39, 0x35, 0x32, 0xFF, 0x3A, 0x36, 0x33, 0x4F, 0x00, 0x00, 0x00, 0x00, 0x3F, 0x3F, 0x3F, 0x04,
    0x00, 0x00, 0x00, 0x00, 0x00, 0x00, 0x00, 0x00, 0x00, 0x00, 0x00, 0x00, 0x00, 0x00, 0x00, 0x00,
    0x00, 0x00, 0x00, 0x00, 0x00, 0x00, 0x00, 0x00, 0x00, 0x00, 0x00, 0x00, 0x00, 0x00, 0x00, 0x00,
    0x00, 0x00, 0x00, 0x00, 0x00, 0x00, 0x00, 0x00, 0x00, 0x00, 0x00, 0x00, 0x00, 0x00, 0x00, 0x00,
    0x00, 0x00, 0x00, 0x00, 0x00, 0x00, 0x00, 0x00, 0x00, 0x00, 0x00, 0x00, 0x00, 0x00, 0x00, 0x00,
    0x00, 0x00, 0x00, 0x02, 0x00, 0x00, 0x00, 0x00, 0x2F, 0x25, 0x25, 0x1B, 0x2A, 0x29, 0x27, 0xF8,
    0x27, 0x26, 0x23, 0xFF, 0x2A, 0x29, 0x24, 0xFE, 0x2D, 0x2B, 0x28, 0xFF, 0x31, 0x2F, 0x2C, 0xFF,
    0x38, 0x35, 0x31, 0xFF, 0x43, 0x3E, 0x3B, 0xFF, 0x65, 0x60, 0x5B, 0xFF, 0xC2, 0xBE, 0xB9, 0xFF,
    0x96, 0x92, 0x8E, 0xFE, 0x59, 0x56, 0x52, 0xD9, 0x6A, 0x66, 0x62, 0xFF, 0x23, 0x21, 0x1F, 0xFF,
    0x29, 0x27, 0x26, 0xFF, 0x29, 0x27, 0x27, 0xFF, 0x31, 0x2F, 0x2E, 0xFF, 0x49, 0x44, 0x44, 0xFF,
    0x73, 0x6F, 0x6C, 0xFF, 0xC4, 0xBF, 0xBB, 0xFF, 0x8D, 0x88, 0x84, 0xFF, 0x33, 0x30, 0x2C, 0xFF,
    0x35, 0x31, 0x2D, 0xFE, 0x69, 0x64, 0x60, 0xFF, 0x36, 0x33, 0x30, 0xEF, 0x24, 0x22, 0x21, 0xD8,
    0x22, 0x21, 0x1F, 0xC1, 0x11, 0x11, 0x11, 0x58, 0x0D, 0x0D, 0x0D, 0x38, 0x0E, 0x0E, 0x0E, 0x12,
    0x2A, 0x2A, 0x28, 0x71, 0x30, 0x30, 0x2D, 0x9D, 0x2B, 0x2B, 0x29, 0x92, 0x2C, 0x2A, 0x28, 0x83,
    0x31, 0x2E, 0x2B, 0x52, 0x28, 0x28, 0x24, 0x38, 0x33, 0x33, 0x33, 0x1E, 0x23, 0x23, 0x23, 0x1D,
    0x00, 0x00, 0x00, 0x0A, 0x00, 0x00, 0x00, 0x00, 0x00, 0x00, 0x00, 0x00, 0x00, 0x00, 0x00, 0x00,
    0x00, 0x00, 0x00, 0x00, 0x00, 0x00, 0x00, 0x00, 0x00, 0x00, 0x00, 0x00, 0x00, 0x00, 0x00, 0x00,
    0x00, 0x00, 0x00, 0x00, 0x00, 0x00, 0x00, 0x00, 0x00, 0x00, 0x00, 0x00, 0x00, 0x00, 0x00, 0x00,
    0x00, 0x00, 0x00, 0x00, 0x00, 0x00, 0x00, 0x00, 0x00, 0x00, 0x00, 0x00, 0x00, 0x00, 0x00, 0x00,
    0x00, 0x00, 0x00, 0x00, 0x00, 0x00, 0x00, 0x00, 0x00, 0x00, 0x00, 0x00, 0x00, 0x00, 0x00, 0x00,
    0x00, 0x00, 0x00, 0x00, 0x00, 0x00, 0x00, 0x00, 0x00, 0x00, 0x00, 0x00, 0x00, 0x00, 0x00, 0x00,
    0x00, 0x00, 0x00, 0x00, 0x00, 0x00, 0x00, 0x00, 0x00, 0x00, 0x00, 0x00, 0x00, 0x00, 0x00, 0x00,
    0x00, 0x00, 0x00, 0x00, 0x00, 0x00, 0x00, 0x00, 0x00, 0x00, 0x00, 0x00, 0x00, 0x00, 0x00, 0x00,
    0x00, 0x00, 0x00, 0x00, 0x00, 0x00, 0x00, 0x00, 0x00, 0x00, 0x00, 0x00, 0x00, 0x00, 0x00, 0x09,
    0x19, 0x19, 0x19, 0x1E, 0x4F, 0x47, 0x47, 0x20, 0x4F, 0x4F, 0x4A, 0x3A, 0x65, 0x62, 0x5F, 0x53,
    0x68, 0x68, 0x64, 0x7C, 0x79, 0x78, 0x74, 0x9D, 0x96, 0x94, 0x91, 0xA1, 0x9B, 0x98, 0x97, 0x9D,
    0x43, 0x43, 0x43, 0x39, 0x00, 0x00, 0x00, 0x00, 0x00, 0x00, 0x00, 0x00, 0x0A, 0x0A, 0x0A, 0x18,
    0x1E, 0x1E, 0x1C, 0x8F, 0x1C, 0x1B, 0x19, 0xC5, 0x2E, 0x2B, 0x29, 0xF5, 0x6F, 0x6A, 0x66, 0xFF,
    0x8A, 0x85, 0x82, 0xFF, 0x9A, 0x94, 0x91, 0xFF, 0xCD, 0xC8, 0xC5, 0xFF, 0x80, 0x79, 0x76, 0xFF,
    0x4A, 0x46, 0x43, 0xFF, 0x35, 0x32, 0x2E, 0xFF, 0x2E, 0x2C, 0x2B, 0xFF, 0x2C, 0x2A, 0x29, 0xFF,
    0x24, 0x22, 0x21, 0xFF, 0x49, 0x47, 0x44, 0xFF, 0x9A, 0x97, 0x93, 0xF4, 0x9A, 0x95, 0x92, 0xF7,
    0xC7, 0xC1, 0xBE, 0xFF, 0x78, 0x72, 0x70, 0xFF, 0x3F, 0x3A, 0x38, 0xFF, 0x38, 0x34, 0x31, 0xFF,
    0x31, 0x2D, 0x2C, 0xFF, 0x2F, 0x2B, 0x2A, 0xFF, 0x2D, 0x2B, 0x2B, 0xFF, 0x29, 0x27, 0x25, 0xFC,
    0x33, 0x31, 0x2D, 0xFF, 0x36, 0x36, 0x33, 0x54, 0x00, 0x00, 0x00, 0x00, 0x3F, 0x3F, 0x3F, 0x04,
    0x00, 0x00, 0x00, 0x00, 0x00, 0x00, 0x00, 0x00, 0x00, 0x00, 0x00, 0x00, 0x00, 0x00, 0x00, 0x00,
    0x00, 0x00, 0x00, 0x00, 0x00, 0x00, 0x00, 0x00, 0x00, 0x00, 0x00, 0x00, 0x00, 0x00, 0x00, 0x00,
    0x00, 0x00, 0x00, 0x00, 0x00, 0x00, 0x00, 0x00, 0x00, 0x00, 0x00, 0x00, 0x00, 0x00, 0x00, 0x00,
    0x00, 0x00, 0x00, 0x00, 0x00, 0x00, 0x00, 0x00, 0x00, 0x00, 0x00, 0x00, 0x00, 0x00, 0x00, 0x00,
    0x00, 0x00, 0x00, 0x02, 0x00, 0x00, 0x00, 0x00, 0x34, 0x2B, 0x2B, 0x1D, 0x28, 0x26, 0x24, 0xF9,
    0x27, 0x26, 0x23, 0xFF, 0x2C, 0x2A, 0x27, 0xFE, 0x2F, 0x2D, 0x2B, 0xFF, 0x33, 0x30, 0x2E, 0xFF,
    0x3A, 0x38, 0x34, 0xFF, 0x47, 0x43, 0x40, 0xFF, 0x52, 0x4D, 0x4A, 0xFF, 0x9F, 0x9B, 0x97, 0xFF,
    0xAA, 0xA6, 0xA1, 0xFF, 0x50, 0x4C, 0x48, 0xE7, 0x73, 0x70, 0x6C, 0xFC, 0x2B, 0x28, 0x27, 0xFF,
    0x27, 0x25, 0x24, 0xFF, 0x29, 0x27, 0x27, 0xFF, 0x31, 0x2E, 0x2E, 0xFF, 0x47, 0x44, 0x42, 0xFF,
    0x72, 0x6D, 0x6A, 0xFF, 0xC3, 0xBD, 0xB9, 0xFF, 0x8B, 0x87, 0x81, 0xFF, 0x32, 0x2F, 0x2A, 0xFF,
    0x37, 0x33, 0x30, 0xFE, 0x6B, 0x66, 0x62, 0xFF, 0x39, 0x34, 0x31, 0xE8, 0x2A, 0x27, 0x23, 0xF6,
    0x27, 0x24, 0x22, 0xFF, 0x16, 0x14, 0x12, 0x8A, 0x0A, 0x0A, 0x0A, 0x48, 0x1E, 0x1E, 0x1B, 0x5C,
    0x30, 0x2D, 0x2C, 0xFF, 0x33, 0x30, 0x2F, 0xFF, 0x35, 0x33, 0x32, 0xFF, 0x39, 0x36, 0x34, 0xFF,
    0x3B, 0x38, 0x34, 0xFF, 0x39, 0x36, 0x33, 0xFF, 0x3A, 0x36, 0x34, 0xF9, 0x39, 0x36, 0x32, 0xF8,
    0x3A, 0x38, 0x35, 0xDF, 0x3C, 0x3A, 0x37, 0xCD, 0x3B, 0x3A, 0x35, 0xCD, 0x39, 0x38, 0x34, 0xC6,
    0x3F, 0x3C, 0x39, 0xAA, 0x45, 0x42, 0x3E, 0x96, 0x44, 0x42, 0x3F, 0x91, 0x41, 0x3F, 0x3B, 0x91,
    0x3F, 0x3D, 0x38, 0x91, 0x3D, 0x39, 0x39, 0x89, 0x3F, 0x3F, 0x3D, 0x74, 0x45, 0x42, 0x3D, 0x67,
    0x4B, 0x45, 0x45, 0x5F, 0x4D, 0x4A, 0x4A, 0x56, 0x4E, 0x4E, 0x4B, 0x54, 0x53, 0x50, 0x4D, 0x52,
    0x52, 0x4F, 0x4F, 0x53, 0x55, 0x51, 0x4E, 0x54, 0x55, 0x51, 0x4E, 0x54, 0x55, 0x52, 0x4C, 0x5A,
    0x58, 0x55, 0x53, 0x59, 0x57, 0x55, 0x52, 0x5D, 0x5F, 0x5C, 0x59, 0x5B, 0x5D, 0x5B, 0x5B, 0x62,
    0x58, 0x56, 0x54, 0x73, 0x56, 0x53, 0x51, 0x87, 0x57, 0x55, 0x50, 0x92, 0x60, 0x5D, 0x5B, 0x91,
    0x69, 0x66, 0x64, 0x91, 0x70, 0x6D, 0x69, 0x93, 0x76, 0x72, 0x70, 0x95, 0x77, 0x74, 0x70, 0x9E,
    0x6C, 0x68, 0x64, 0xC5, 0x73, 0x6F, 0x6D, 0xCD, 0x7D, 0x79, 0x75, 0xCE, 0x80, 0x7B, 0x78, 0xDA,
    0x7C, 0x78, 0x76, 0xF7, 0x86, 0x82, 0x7E, 0xF9, 0x8F, 0x8A, 0x87, 0xFF, 0x99, 0x96, 0x91, 0xFF,
    0xA5, 0xA2, 0x9E, 0xFF, 0xB0, 0xAD, 0xA9, 0xFF, 0xB3, 0xB0, 0xAB, 0xFF, 0xC7, 0xC3, 0xBF, 0xFF,
    0x91, 0x90, 0x8B, 0xA6, 0x00, 0x00, 0x00, 0x01, 0xFF, 0xFF, 0xFF, 0x01, 0x0E, 0x0E, 0x09, 0x35,
    0x1F, 0x1E, 0x1A, 0xD0, 0x1E, 0x1D, 0x19, 0xCE, 0x2E, 0x2C, 0x27, 0xF9, 0x6B, 0x68, 0x63, 0xF6,
    0x87, 0x83, 0x80, 0xFF, 0x98, 0x92, 0x8F, 0xFF, 0xCD, 0xC8, 0xC4, 0xFF, 0x7F, 0x79, 0x75, 0xFF,
    0x49, 0x44, 0x41, 0xFF, 0x35, 0x32, 0x2E, 0xFF, 0x2D, 0x2C, 0x29, 0xFF, 0x2C, 0x2B, 0x29, 0xFF,
    0x21, 0x1F, 0x1D, 0xFF, 0x64, 0x62, 0x5D, 0xFF, 0x99, 0x97, 0x93, 0xF1, 0xA7, 0xA3, 0xA0, 0xFB,
    0xB6, 0xB0, 0xAE, 0xFF, 0x56, 0x51, 0x4E, 0xFF, 0x44, 0x40, 0x3D, 0xFF, 0x38, 0x34, 0x31, 0xFF,
    0x33, 0x2F, 0x2D, 0xFF, 0x31, 0x2E, 0x2B, 0xFF, 0x2E, 0x2B, 0x2B, 0xFF, 0x2A, 0x27, 0x26, 0xFB,
    0x31, 0x2E, 0x2A, 0xFF, 0x30, 0x2B, 0x29, 0x6F, 0x00, 0x00, 0x00, 0x00, 0x3F, 0x3F, 0x3F, 0x04,
    0x00, 0x00, 0x00, 0x00, 0x00, 0x00, 0x00, 0x00, 0x00, 0x00, 0x00, 0x00, 0x00, 0x00, 0x00, 0x00,
    0x00, 0x00, 0x00, 0x00, 0x00, 0x00, 0x00, 0x00, 0x00, 0x00, 0x00, 0x00, 0x00, 0x00, 0x00, 0x00,
    0x00, 0x00, 0x00, 0x00, 0x00, 0x00, 0x00, 0x00, 0x00, 0x00, 0x00, 0x00, 0x00, 0x00, 0x00, 0x00,
    0x00, 0x00, 0x00, 0x00, 0x00, 0x00, 0x00, 0x00, 0x00, 0x00, 0x00, 0x00, 0x00, 0x00, 0x00, 0x00,
    0x00, 0x00, 0x00, 0x02, 0x00, 0x00, 0x00, 0x00, 0x27, 0x27, 0x27, 0x27, 0x26, 0x24, 0x23, 0xFD,
    0x29, 0x27, 0x26, 0xFF, 0x2F, 0x2C, 0x2A, 0xFE, 0x33, 0x31, 0x2F, 0xFF, 0x37, 0x34, 0x33, 0xFF,
    0x3E, 0x3B, 0x37, 0xFF, 0x46, 0x43, 0x3F, 0xFF, 0x51, 0x4C, 0x49, 0xFF, 0x7D, 0x77, 0x73, 0xFE,
    0xB4, 0xAF, 0xAB, 0xFF, 0x4E, 0x4A, 0x47, 0xF3, 0x76, 0x72, 0x6E, 0xF9, 0x39, 0x37, 0x33, 0xFF,
    0x25, 0x24, 0x21, 0xFF, 0x2A, 0x27, 0x27, 0xFF, 0x30, 0x2E, 0x2C, 0xFF, 0x46, 0x42, 0x40, 0xFF,
    0x71, 0x6C, 0x6A, 0xFF, 0xC2, 0xBF, 0xB9, 0xFF, 0x89, 0x86, 0x81, 0xFF, 0x31, 0x2E, 0x2A, 0xFF,
    0x3A, 0x36, 0x32, 0xFE, 0x6D, 0x68, 0x63, 0xFF, 0x3A, 0x37, 0x33, 0xDE, 0x2E, 0x2B, 0x29, 0xE4,
    0x29, 0x26, 0x25, 0xFD, 0x19, 0x19, 0x17, 0xAC, 0x0B, 0x0B, 0x08, 0x56, 0x26, 0x24, 0x24, 0xA0,
    0x2F, 0x2D, 0x2C, 0xFC, 0x2E, 0x2C, 0x2B, 0xF8, 0x31, 0x2E, 0x2E, 0xFB, 0x34, 0x32, 0x2F, 0xFB,
    0x37, 0x34, 0x2F, 0xFC, 0x3A, 0x37, 0x32, 0xFE, 0x3C, 0x39, 0x35, 0xFF, 0x3F, 0x3C, 0x38, 0xFF,
    0x41, 0x3E, 0x3A, 0xFF, 0x44, 0x41, 0x3C, 0xFF, 0x46, 0x43, 0x3E, 0xFF, 0x48, 0x45, 0x41, 0xFF,
    0x4B, 0x47, 0x43, 0xFF, 0x4D, 0x4A, 0x45, 0xFF, 0x4E, 0x4B, 0x47, 0xFF, 0x50, 0x4B, 0x49, 0xFF,
    0x52, 0x4D, 0x4A, 0xFF, 0x54, 0x4F, 0x4B, 0xFF, 0x55, 0x50, 0x4D, 0xFF, 0x57, 0x52, 0x50, 0xFF,
    0x59, 0x54, 0x52, 0xFF, 0x5C, 0x56, 0x53, 0xFF, 0x5D, 0x59, 0x56, 0xFF, 0x60, 0x5B, 0x58, 0xFF,
    0x62, 0x5D, 0x5C, 0xFF, 0x66, 0x61, 0x5E, 0xFF, 0x69, 0x64, 0x61, 0xFF, 0x6B, 0x67, 0x64, 0xFF,
    0x6E, 0x6A, 0x67, 0xFF, 0x71, 0x6C, 0x68, 0xFF, 0x74, 0x70, 0x6B, 0xFF, 0x77, 0x73, 0x71, 0xFF,
    0x7B, 0x76, 0x73, 0xFF, 0x7F, 0x79, 0x77, 0xFF, 0x82, 0x7C, 0x79, 0xFF, 0x83, 0x7E, 0x7A, 0xFF,
    0x85, 0x80, 0x7D, 0xFF, 0x87, 0x82, 0x7F, 0xFF, 0x8A, 0x84, 0x83, 0xFF, 0x8C, 0x87, 0x84, 0xFF,
    0x8D, 0x88, 0x85, 0xFF, 0x8E, 0x89, 0x86, 0xFF, 0x90, 0x8A, 0x87, 0xFF, 0x91, 0x8B, 0x88, 0xFF,
    0x92, 0x8D, 0x89, 0xFF, 0x93, 0x8E, 0x8B, 0xFF, 0x95, 0x90, 0x8D, 0xFF, 0x9A, 0x95, 0x92, 0xFC,
    0x9E, 0x9B, 0x98, 0xFC, 0xA5, 0xA1, 0x9F, 0xFB, 0xAA, 0xA6, 0xA3, 0xFA, 0xB4, 0xAF, 0xAC, 0xFB,
    0xA3, 0xA0, 0x9D, 0xE5, 0x33, 0x33, 0x33, 0x0F, 0x00, 0x00, 0x00, 0x00, 0x11, 0x11, 0x0D, 0x3A,
    0x20, 0x20, 0x1F, 0xE1, 0x20, 0x1D, 0x1C, 0xCF, 0x2E, 0x2C, 0x2A, 0xFB, 0x67, 0x64, 0x60, 0xF6,
    0x85, 0x7F, 0x7D, 0xFF, 0x96, 0x91, 0x8E, 0xFF, 0xCD, 0xC9, 0xC4, 0xFF, 0x7F, 0x7A, 0x75, 0xFF,
    0x48, 0x44, 0x40, 0xFF, 0x32, 0x30, 0x2C, 0xFF, 0x2E, 0x2C, 0x29, 0xFF, 0x2C, 0x2B, 0x2A, 0xFF,
    0x21, 0x1F, 0x1D, 0xFF, 0x7E, 0x7B, 0x77, 0xFF, 0x95, 0x93, 0x8F, 0xEA, 0xB3, 0xAF, 0xAC, 0xFF,
    0x97, 0x91, 0x8E, 0xFF, 0x4F, 0x4A, 0x47, 0xFF, 0x45, 0x42, 0x3E, 0xFF, 0x3A, 0x36, 0x33, 0xFF,
    0x34, 0x31, 0x2D, 0xFF, 0x33, 0x30, 0x2F, 0xFF, 0x31, 0x2E, 0x2C, 0xFF, 0x2C, 0x2A, 0x26, 0xFB,
    0x2F, 0x2D, 0x28, 0xFF, 0x29, 0x27, 0x23, 0x81, 0x00, 0x00, 0x00, 0x00, 0x3F, 0x3F, 0x3F, 0x04,
    0x00, 0x00, 0x00, 0x00, 0x00, 0x00, 0x00, 0x00, 0x00, 0x00, 0x00, 0x00, 0x00, 0x00, 0x00, 0x00,
    0x00, 0x00, 0x00, 0x00, 0x00, 0x00, 0x00, 0x00, 0x00, 0x00, 0x00, 0x00, 0x00, 0x00, 0x00, 0x00,
    0x00, 0x00, 0x00, 0x00, 0x00, 0x00, 0x00, 0x00, 0x00, 0x00, 0x00, 0x00, 0x00, 0x00, 0x00, 0x00,
    0x00, 0x00, 0x00, 0x00, 0x00, 0x00, 0x00, 0x00, 0x00, 0x00, 0x00, 0x00, 0x00, 0x00, 0x00, 0x00,
    0x00, 0x00, 0x00, 0x02, 0x00, 0x00, 0x00, 0x00, 0x1B, 0x1B, 0x1B, 0x2E, 0x26, 0x25, 0x23, 0xFF,
    0x2C, 0x2B, 0x29, 0xFF, 0x32, 0x30, 0x2D, 0xFF, 0x37, 0x34, 0x32, 0xFF, 0x3C, 0x39, 0x36, 0xFF,
    0x43, 0x41, 0x3C, 0xFF, 0x46, 0x43, 0x3F, 0xFF, 0x54, 0x4E, 0x4B, 0xFF, 0x6A, 0x64, 0x62, 0xFE,
    0xAF, 0xAA, 0xA7, 0xFF, 0x58, 0x54, 0x4F, 0xF5, 0x6F, 0x6B, 0x67, 0xF3, 0x4C, 0x4B, 0x46, 0xFF,
    0x21, 0x1F, 0x1E, 0xFE, 0x29, 0x25, 0x25, 0xFF, 0x2F, 0x2D, 0x2B, 0xFF, 0x45, 0x42, 0x3F, 0xFF,
    0x72, 0x6C, 0x69, 0xFF, 0xC3, 0xC0, 0xBC, 0xFF, 0x89, 0x84, 0x80, 0xFF, 0x32, 0x2E, 0x2B, 0xFF,
    0x3C, 0x39, 0x34, 0xFE, 0x6D, 0x68, 0x64, 0xFF, 0x3D, 0x39, 0x36, 0xDD, 0x30, 0x2E, 0x2B, 0xE5,
    0x2C, 0x29, 0x26, 0xFF, 0x1A, 0x1A, 0x17, 0xC2, 0x12, 0x15, 0x12, 0x79, 0x2B, 0x29, 0x28, 0xD8,
    0x30, 0x2D, 0x2C, 0xFF, 0x2F, 0x2C, 0x2C, 0xFD, 0x32, 0x30, 0x2F, 0xFF, 0x34, 0x32, 0x30, 0xFF,
    0x38, 0x36, 0x30, 0xFF, 0x3A, 0x37, 0x33, 0xFF, 0x3C, 0x39, 0x35, 0xFE, 0x3E, 0x3A, 0x37, 0xFE,
    0x40, 0x3D, 0x37, 0xFD, 0x42, 0x3F, 0x3A, 0xFD, 0x43, 0x40, 0x3C, 0xFD, 0x45, 0x42, 0x3D, 0xFC,
    0x46, 0x43, 0x3E, 0xFC, 0x48, 0x45, 0x40, 0xFB, 0x49, 0x46, 0x42, 0xFB, 0x4C, 0x47, 0x44, 0xFB,
    0x4E, 0x49, 0x47, 0xFB, 0x50, 0x4B, 0x49, 0xFB, 0x51, 0x4C, 0x4A, 0xFB, 0x53, 0x4E, 0x4C, 0xFB,
    0x55, 0x50, 0x4F, 0xFB, 0x58, 0x50, 0x4F, 0xFC, 0x5B, 0x56, 0x53, 0xFC, 0x5E, 0x58, 0x57, 0xFC,
    0x60, 0x5B, 0x59, 0xFC, 0x63, 0x5E, 0x5D, 0xFC, 0x66, 0x61, 0x5E, 0xFC, 0x68, 0x64, 0x61, 0xFC,
    0x6A, 0x66, 0x63, 0xFC, 0x6D, 0x68, 0x65, 0xFC, 0x6F, 0x6A, 0x68, 0xFC, 0x71, 0x6C, 0x6A, 0xFB,
    0x74, 0x70, 0x6C, 0xFB, 0x78, 0x72, 0x70, 0xFB, 0x7A, 0x74, 0x71, 0xFB, 0x7B, 0x76, 0x73, 0xFB,
    0x7C, 0x77, 0x75, 0xFB, 0x7E, 0x7A, 0x77, 0xFB, 0x81, 0x7C, 0x79, 0xFB, 0x84, 0x7E, 0x7C, 0xFB,
    0x85, 0x80, 0x7E, 0xFC, 0x88, 0x82, 0x80, 0xFD, 0x8A, 0x85, 0x82, 0xFD, 0x8C, 0x88, 0x85, 0xFD,
    0x8E, 0x8A, 0x85, 0xFE, 0x91, 0x8D, 0x8A, 0xFE, 0x95, 0x91, 0x8E, 0xFF, 0x9C, 0x98, 0x94, 0xFF,
    0xA1, 0x9E, 0x9A, 0xFF, 0xA6, 0xA3, 0xA0, 0xFF, 0xAC, 0xA7, 0xA4, 0xFF, 0xAF, 0xAB, 0xA7, 0xFD,
    0xB1, 0xAE, 0xA8, 0xFF, 0x79, 0x75, 0x72, 0x43, 0x00, 0x00, 0x00, 0x00, 0x14, 0x14, 0x14, 0x49,
    0x24, 0x22, 0x1F, 0xE4, 0x22, 0x1F, 0x1C, 0xC3, 0x2E, 0x2C, 0x2A, 0xFF, 0x60, 0x5C, 0x58, 0xFF,
    0x82, 0x7C, 0x79, 0xFF, 0x94, 0x8E, 0x8C, 0xFF, 0xCD, 0xC8, 0xC5, 0xFF, 0x80, 0x7B, 0x77, 0xFF,
    0x47, 0x43, 0x3F, 0xFF, 0x32, 0x30, 0x2B, 0xFF, 0x2C, 0x2B, 0x29, 0xFF, 0x2B, 0x29, 0x28, 0xFF,
    0x28, 0x25, 0x22, 0xFF, 0x92, 0x8F, 0x8B, 0xFB, 0x94, 0x91, 0x8E, 0xE5, 0xB9, 0xB4, 0xB1, 0xFF,
    0x7D, 0x78, 0x76, 0xFE, 0x51, 0x4E, 0x4A, 0xFF, 0x46, 0x43, 0x3F, 0xFF, 0x40, 0x3D, 0x3A, 0xFF,
    0x39, 0x36, 0x32, 0xFF, 0x34, 0x31, 0x2E, 0xFF, 0x33, 0x2F, 0x2D, 0xFF, 0x2F, 0x2C, 0x28, 0xFB,
    0x2F, 0x2E, 0x29, 0xFF, 0x29, 0x27, 0x24, 0x86, 0x00, 0x00, 0x00, 0x00, 0x3F, 0x3F, 0x3F, 0x04,
    0x00, 0x00, 0x00, 0x00, 0x00, 0x00, 0x00, 0x00, 0x00, 0x00, 0x00, 0x00, 0x00, 0x00, 0x00, 0x00,
    0x00, 0x00, 0x00, 0x00, 0x00, 0x00, 0x00, 0x00, 0x00, 0x00, 0x00, 0x00, 0x00, 0x00, 0x00, 0x00,
    0x00, 0x00, 0x00, 0x00, 0x00, 0x00, 0x00, 0x00, 0x00, 0x00, 0x00, 0x00, 0x00, 0x00, 0x00, 0x00,
    0x00, 0x00, 0x00, 0x00, 0x00, 0x00, 0x00, 0x00, 0x00, 0x00, 0x00, 0x00, 0x00, 0x00, 0x00, 0x00,
    0x00, 0x00, 0x00, 0x02, 0x00, 0x00, 0x00, 0x00, 0x1C, 0x1C, 0x1C, 0x2D, 0x29, 0x26, 0x25, 0xFF,
    0x30, 0x2E, 0x2C, 0xFF, 0x37, 0x34, 0x31, 0xFF, 0x3D, 0x39, 0x34, 0xFF, 0x45, 0x42, 0x3E, 0xFF,
    0x47, 0x43, 0x3F, 0xFF, 0x49, 0x46, 0x42, 0xFF, 0x54, 0x50, 0x4C, 0xFF, 0x65, 0x61, 0x5D, 0xFF,
    0xAA, 0xA5, 0xA1, 0xFF, 0x69, 0x64, 0x60, 0xFB, 0x5C, 0x57, 0x54, 0xF1, 0x61, 0x5E, 0x5A, 0xFF,
    0x1F, 0x1C, 0x1C, 0xFF, 0x29, 0x26, 0x26, 0xFF, 0x2E, 0x2C, 0x2A, 0xFF, 0x44, 0x40, 0x3D, 0xFF,
    0x71, 0x6B, 0x69, 0xFF, 0xC4, 0xC0, 0xBC, 0xFF, 0x89, 0x84, 0x81, 0xFF, 0x32, 0x2E, 0x2B, 0xFF,
    0x3F, 0x3D, 0x39, 0xFD, 0x6C, 0x67, 0x63, 0xFF, 0x3F, 0x3B, 0x38, 0xDA, 0x31, 0x2F, 0x2E, 0xE3,
    0x2C, 0x29, 0x26, 0xFF, 0x1B, 0x1A, 0x19, 0xD4, 0x1D, 0x1E, 0x1D, 0xA5, 0x2D, 0x2C, 0x2B, 0xF9,
    0x2F, 0x2C, 0x2C, 0xFF, 0x30, 0x2D, 0x2D, 0xFF, 0x31, 0x2F, 0x2F, 0xFF, 0x35, 0x33, 0x31, 0xFF,
    0x39, 0x36, 0x31, 0xFF, 0x3C, 0x38, 0x35, 0xFF, 0x3D, 0x39, 0x35, 0xFF, 0x3E, 0x3B, 0x37, 0xFF,
    0x40, 0x3D, 0x39, 0xFF, 0x43, 0x3F, 0x3B, 0xFF, 0x44, 0x42, 0x3D, 0xFF, 0x46, 0x43, 0x3E, 0xFF,
    0x48, 0x44, 0x40, 0xFF, 0x48, 0x45, 0x41, 0xFF, 0x4B, 0x46, 0x43, 0xFF, 0x4D, 0x48, 0x45, 0xFF,
    0x4F, 0x4A, 0x48, 0xFF, 0x51, 0x4C, 0x4A, 0xFF, 0x53, 0x4D, 0x4B, 0xFF, 0x54, 0x4E, 0x4E, 0xFF,
    0x57, 0x51, 0x51, 0xFF, 0x59, 0x54, 0x54, 0xFF, 0x5C, 0x58, 0x55, 0xFF, 0x5F, 0x5A, 0x59, 0xFF,
    0x61, 0x5C, 0x5A, 0xFF, 0x65, 0x5F, 0x5D, 0xFF, 0x65, 0x62, 0x5E, 0xFF, 0x68, 0x64, 0x62, 0xFF,
    0x6C, 0x67, 0x64, 0xFF, 0x6E, 0x69, 0x67, 0xFF, 0x71, 0x6C, 0x69, 0xFF, 0x72, 0x6D, 0x6A, 0xFF,
    0x75, 0x71, 0x6D, 0xFF, 0x77, 0x73, 0x6F, 0xFF, 0x7B, 0x76, 0x72, 0xFF, 0x7D, 0x78, 0x75, 0xFF,
    0x80, 0x7A, 0x77, 0xFF, 0x81, 0x7C, 0x79, 0xFF, 0x82, 0x7E, 0x7B, 0xFF, 0x85, 0x80, 0x7E, 0xFF,
    0x88, 0x83, 0x81, 0xFF, 0x8B, 0x86, 0x83, 0xFF, 0x8D, 0x88, 0x85, 0xFF, 0x8E, 0x89, 0x87, 0xFF,
    0x91, 0x8C, 0x89, 0xFF, 0x95, 0x90, 0x8E, 0xFF, 0x98, 0x94, 0x92, 0xFF, 0x9D, 0x99, 0x95, 0xFF,
    0xA1, 0x9C, 0x98, 0xFF, 0xA8, 0xA3, 0x9F, 0xFF, 0xAB, 0xA7, 0xA4, 0xFF, 0xAE, 0xA9, 0xA7, 0xFB,
    0xBC, 0xB7, 0xB2, 0xFF, 0x8E, 0x8C, 0x87, 0x91, 0x00, 0x00, 0x00, 0x00, 0x16, 0x16, 0x16, 0x59,
    0x25, 0x24, 0x21, 0xEB, 0x21, 0x20, 0x1D, 0xBE, 0x2B, 0x29, 0x27, 0xFF, 0x5D, 0x58, 0x55, 0xFD,
    0x7E, 0x79, 0x76, 0xFF, 0x92, 0x8D, 0x8A, 0xFF, 0xCE, 0xC8, 0xC5, 0xFF, 0x81, 0x7B, 0x78, 0xFF,
    0x48, 0x43, 0x3F, 0xFF, 0x32, 0x30, 0x2D, 0xFF, 0x2C, 0x2B, 0x29, 0xFF, 0x27, 0x25, 0x24, 0xFF,
    0x35, 0x32, 0x30, 0xFF, 0x9B, 0x98, 0x94, 0xF2, 0x9B, 0x98, 0x97, 0xE5, 0xB6, 0xB0, 0xAD, 0xFF,
    0x6E, 0x69, 0x67, 0xFE, 0x53, 0x4E, 0x4B, 0xFF, 0x49, 0x45, 0x41, 0xFF, 0x41, 0x3D, 0x3A, 0xFF,
    0x43, 0x3E, 0x3C, 0xFF, 0x3A, 0x36, 0x33, 0xFF, 0x35, 0x31, 0x2E, 0xFF, 0x32, 0x2E, 0x2C, 0xFB,
    0x31, 0x2E, 0x2B, 0xFF, 0x2A, 0x29, 0x25, 0x8F, 0x00, 0x00, 0x00, 0x00, 0x3F, 0x3F, 0x3F, 0x04,
    0x00, 0x00, 0x00, 0x00, 0x00, 0x00, 0x00, 0x00, 0x00, 0x00, 0x00, 0x00, 0x00, 0x00, 0x00, 0x00,
    0x00, 0x00, 0x00, 0x00, 0x00, 0x00, 0x00, 0x00, 0x00, 0x00, 0x00, 0x00, 0x00, 0x00, 0x00, 0x00,
    0x00, 0x00, 0x00, 0x00, 0x00, 0x00, 0x00, 0x00, 0x00, 0x00, 0x00, 0x00, 0x00, 0x00, 0x00, 0x00,
    0x00, 0x00, 0x00, 0x00, 0x00, 0x00, 0x00, 0x00, 0x00, 0x00, 0x00, 0x00, 0x00, 0x00, 0x00, 0x00,
    0x00, 0x00, 0x00, 0x02, 0x00, 0x00, 0x00, 0x00, 0x1F, 0x1A, 0x1A, 0x31, 0x2B, 0x29, 0x27, 0xFF,
    0x35, 0x32, 0x2F, 0xFF, 0x3D, 0x3A, 0x35, 0xFF, 0x47, 0x44, 0x3F, 0xFF, 0x49, 0x46, 0x41, 0xFF,
    0x48, 0x45, 0x40, 0xFF, 0x4C, 0x48, 0x45, 0xFF, 0x54, 0x50, 0x4E, 0xFF, 0x64, 0x5E, 0x5C, 0xFF,
    0xA1, 0x9C, 0x99, 0xFF, 0x84, 0x80, 0x7D, 0xFF, 0x44, 0x41, 0x3E, 0xF4, 0x6F, 0x6B, 0x67, 0xFF,
    0x20, 0x1D, 0x1C, 0xFF, 0x29, 0x26, 0x25, 0xFF, 0x2E, 0x2C, 0x2A, 0xFF, 0x43, 0x3F, 0x3B, 0xFF,
    0x6F, 0x6B, 0x66, 0xFF, 0xC4, 0xC0, 0xBC, 0xFF, 0x87, 0x83, 0x80, 0xFF, 0x31, 0x2E, 0x2B, 0xFF,
    0x43, 0x40, 0x3C, 0xFD, 0x6C, 0x67, 0x62, 0xFF, 0x40, 0x3D, 0x39, 0xD5, 0x32, 0x30, 0x2C, 0xE0,
    0x2B, 0x2A, 0x28, 0xFF, 0x1D, 0x1C, 0x1B, 0xE1, 0x24, 0x24, 0x24, 0xBB, 0x2F, 0x2D, 0x2D, 0xFF,
    0x2E, 0x2C, 0x2B, 0xFE, 0x30, 0x2E, 0x2C, 0xFF, 0x33, 0x30, 0x2F, 0xFF, 0x37, 0x34, 0x30, 0xFF,
    0x39, 0x36, 0x32, 0xFF, 0x3C, 0x38, 0x34, 0xFF, 0x3D, 0x3A, 0x36, 0xFF, 0x3F, 0x3C, 0x38, 0xFF,
    0x41, 0x3E, 0x39, 0xFF, 0x43, 0x40, 0x3B, 0xFF, 0x45, 0x42, 0x3D, 0xFF, 0x47, 0x44, 0x40, 0xFF,
    0x49, 0x45, 0x42, 0xFF, 0x4A, 0x47, 0x43, 0xFF, 0x4C, 0x48, 0x44, 0xFF, 0x4E, 0x49, 0x47, 0xFF,
    0x50, 0x4A, 0x4A, 0xFF, 0x51, 0x4C, 0x4C, 0xFF, 0x53, 0x4E, 0x4D, 0xFF, 0x54, 0x4F, 0x4F, 0xFF,
    0x57, 0x52, 0x51, 0xFF, 0x5A, 0x55, 0x53, 0xFF, 0x5D, 0x59, 0x57, 0xFF, 0x61, 0x5C, 0x5A, 0xFF,
    0x63, 0x5F, 0x5D, 0xFF, 0x67, 0x61, 0x5E, 0xFF, 0x69, 0x63, 0x60, 0xFF, 0x6A, 0x66, 0x63, 0xFF,
    0x6C, 0x67, 0x65, 0xFF, 0x6E, 0x69, 0x68, 0xFF, 0x71, 0x6C, 0x69, 0xFF, 0x74, 0x6E, 0x6C, 0xFF,
    0x76, 0x71, 0x6E, 0xFF, 0x79, 0x74, 0x71, 0xFF, 0x7B, 0x75, 0x72, 0xFF, 0x7E, 0x79, 0x76, 0xFF,
    0x80, 0x7B, 0x78, 0xFF, 0x81, 0x7C, 0x79, 0xFF, 0x82, 0x7E, 0x7B, 0xFF, 0x86, 0x81, 0x7E, 0xFF,
    0x89, 0x84, 0x81, 0xFF, 0x8D, 0x88, 0x85, 0xFF, 0x8E, 0x89, 0x87, 0xFF, 0x90, 0x8B, 0x89, 0xFF,
    0x93, 0x8E, 0x8B, 0xFF, 0x96, 0x92, 0x8E, 0xFF, 0x9A, 0x96, 0x92, 0xFF, 0x9E, 0x9A, 0x96, 0xFF,
    0xA2, 0x9E, 0x9B, 0xFF, 0xA6, 0xA4, 0xA0, 0xFF, 0xAC, 0xA7, 0xA5, 0xFF, 0xAF, 0xAA, 0xA9, 0xFD,
    0xB9, 0xB4, 0xB1, 0xFF, 0x9A, 0x96, 0x94, 0xDF, 0x00, 0x00, 0x00, 0x14, 0x16, 0x14, 0x14, 0x65,
    0x27, 0x25, 0x22, 0xF0, 0x21, 0x1E, 0x1D, 0xB6, 0x2A, 0x28, 0x27, 0xFF, 0x58, 0x54, 0x51, 0xFF,
    0x7B, 0x76, 0x73, 0xFF, 0x92, 0x8D, 0x8A, 0xFF, 0xCE, 0xC9, 0xC6, 0xFF, 0x83, 0x7D, 0x7A, 0xFF,
    0x49, 0x44, 0x41, 0xFF, 0x32, 0x30, 0x2D, 0xFF, 0x2E, 0x2D, 0x2A, 0xFF, 0x22, 0x21, 0x20, 0xFE,
    0x4D, 0x4A, 0x47, 0xFF, 0xA0, 0x9D, 0x9A, 0xE6, 0xA2, 0x9F, 0x9C, 0xED, 0xAD, 0xA8, 0xA5, 0xFF,
    0x66, 0x61, 0x5F, 0xFE, 0x52, 0x4E, 0x4A, 0xFF, 0x4A, 0x46, 0x42, 0xFF, 0x41, 0x3D, 0x3C, 0xFF,
    0x40, 0x3C, 0x3B, 0xFF, 0x41, 0x3D, 0x39, 0xFF, 0x39, 0x35, 0x31, 0xFF, 0x34, 0x30, 0x2C, 0xFB,
    0x34, 0x31, 0x2C, 0xFF, 0x29, 0x29, 0x25, 0x8F, 0x00, 0x00, 0x00, 0x00, 0x3F, 0x3F, 0x3F, 0x04,
    0x00, 0x00, 0x00, 0x00, 0x00, 0x00, 0x00, 0x00, 0x00, 0x00, 0x00, 0x00, 0x00, 0x00, 0x00, 0x00,
    0x00, 0x00, 0x00, 0x00, 0x00, 0x00, 0x00, 0x00, 0x00, 0x00, 0x00, 0x00, 0x00, 0x00, 0x00, 0x00,
    0x00, 0x00, 0x00, 0x00, 0x00, 0x00, 0x00, 0x00, 0x00, 0x00, 0x00, 0x00, 0x00, 0x00, 0x00, 0x00,
    0x00, 0x00, 0x00, 0x00, 0x00, 0x00, 0x00, 0x00, 0x00, 0x00, 0x00, 0x00, 0x00, 0x00, 0x00, 0x00,
    0x00, 0x00, 0x00, 0x03, 0x00, 0x00, 0x00, 0x00, 0x1E, 0x1E, 0x1E, 0x3B, 0x2D, 0x2B, 0x2A, 0xFF,
    0x38, 0x35, 0x32, 0xFE, 0x45, 0x42, 0x3E, 0xFF, 0x4C, 0x49, 0x45, 0xFF, 0x4B, 0x47, 0x44, 0xFF,
    0x4E, 0x49, 0x46, 0xFF, 0x4F, 0x4B, 0x48, 0xFF, 0x54, 0x50, 0x4D, 0xFF, 0x62, 0x5D, 0x5A, 0xFF,
    0x94, 0x90, 0x8D, 0xFE, 0xA4, 0x9F, 0x9C, 0xFF, 0x39, 0x37, 0x33, 0xE6, 0x75, 0x71, 0x6D, 0xF9,
    0x29, 0x26, 0x25, 0xFF, 0x27, 0x25, 0x23, 0xFF, 0x2F, 0x2C, 0x2A, 0xFF, 0x43, 0x40, 0x3D, 0xFF,
    0x6E, 0x69, 0x67, 0xFF, 0xC3, 0xBF, 0xBA, 0xFF, 0x86, 0x82, 0x7E, 0xFF, 0x30, 0x2D, 0x2B, 0xFF,
    0x44, 0x41, 0x3F, 0xFD, 0x6B, 0x65, 0x61, 0xFF, 0x40, 0x3C, 0x39, 0xD4, 0x32, 0x30, 0x2E, 0xDF,
    0x2B, 0x2A, 0x28, 0xFF, 0x1E, 0x1E, 0x1C, 0xD4, 0x2A, 0x29, 0x27, 0xD3, 0x2F, 0x2D, 0x2D, 0xFF,
    0x2E, 0x2C, 0x2B, 0xFD, 0x30, 0x2E, 0x2D, 0xFF, 0x33, 0x30, 0x30, 0xFF, 0x37, 0x35, 0x30, 0xFF,
    0x39, 0x37, 0x32, 0xFF, 0x3B, 0x38, 0x34, 0xFF, 0x3E, 0x3B, 0x37, 0xFF, 0x40, 0x3C, 0x39, 0xFF,
    0x41, 0x3D, 0x39, 0xFF, 0x43, 0x40, 0x3B, 0xFF, 0x45, 0x42, 0x3D, 0xFF, 0x47, 0x43, 0x3F, 0xFF,
    0x49, 0x45, 0x41, 0xFF, 0x4B, 0x48, 0x43, 0xFF, 0x4D, 0x48, 0x46, 0xFF, 0x4D, 0x49, 0x47, 0xFF,
    0x50, 0x4B, 0x49, 0xFF, 0x52, 0x4C, 0x4C, 0xFF, 0x54, 0x4F, 0x4E, 0xFF, 0x55, 0x50, 0x4F, 0xFF,
    0x58, 0x53, 0x51, 0xFF, 0x5A, 0x55, 0x53, 0xFF, 0x5C, 0x57, 0x55, 0xFF, 0x60, 0x5B, 0x5A, 0xFF,
    0x64, 0x5F, 0x5C, 0xFF, 0x67, 0x61, 0x5F, 0xFF, 0x68, 0x63, 0x61, 0xFF, 0x69, 0x64, 0x62, 0xFF,
    0x6C, 0x67, 0x64, 0xFF, 0x6E, 0x69, 0x66, 0xFF, 0x71, 0x6C, 0x69, 0xFF, 0x75, 0x70, 0x6D, 0xFF,
    0x77, 0x72, 0x6F, 0xFF, 0x7A, 0x74, 0x71, 0xFF, 0x7C, 0x76, 0x75, 0xFF, 0x7E, 0x78, 0x75, 0xFF,
    0x80, 0x7B, 0x78, 0xFF, 0x82, 0x7E, 0x7B, 0xFF, 0x84, 0x7F, 0x7D, 0xFF, 0x87, 0x81, 0x7F, 0xFF,
    0x8A, 0x84, 0x82, 0xFF, 0x8D, 0x87, 0x86, 0xFF, 0x8F, 0x8A, 0x87, 0xFF, 0x92, 0x8D, 0x8B, 0xFF,
    0x93, 0x8F, 0x8C, 0xFF, 0x97, 0x92, 0x8F, 0xFF, 0x9A, 0x96, 0x92, 0xFF, 0x9E, 0x9B, 0x97, 0xFF,
    0xA3, 0x9F, 0x9B, 0xFF, 0xA7, 0xA4, 0xA0, 0xFF, 0xAD, 0xA9, 0xA6, 0xFF, 0xB1, 0xAC, 0xAA, 0xFF,
    0xB4, 0xAF, 0xAD, 0xFE, 0xAD, 0xAB, 0xA8, 0xFE, 0x49, 0x4D, 0x49, 0x4C, 0x07, 0x07, 0x04, 0x67,
    0x26, 0x25, 0x20, 0xF3, 0x20, 0x1F, 0x1D, 0xB3, 0x2B, 0x27, 0x26, 0xFF, 0x54, 0x50, 0x4D, 0xFA,
    0x78, 0x73, 0x71, 0xFF, 0x91, 0x8B, 0x89, 0xFF, 0xCE, 0xCA, 0xC6, 0xFF, 0x84, 0x7E, 0x7B, 0xFF,
    0x48, 0x44, 0x40, 0xFF, 0x31, 0x30, 0x2C, 0xFF, 0x2E, 0x2D, 0x2C, 0xFF, 0x1E, 0x1D, 0x1B, 0xFE,
    0x67, 0x65, 0x60, 0xFF, 0x9F, 0x9C, 0x98, 0xD9, 0xAC, 0xA8, 0xA4, 0xF4, 0x9F, 0x9B, 0x98, 0xFF,
    0x61, 0x5C, 0x5A, 0xFF, 0x52, 0x4E, 0x4B, 0xFF, 0x4D, 0x48, 0x44, 0xFF, 0x47, 0x44, 0x3F, 0xFF,
    0x42, 0x3F, 0x3C, 0xFF, 0x42, 0x3E, 0x3B, 0xFF, 0x43, 0x3D, 0x3C, 0xFF, 0x37, 0x33, 0x30, 0xFB,
    0x35, 0x33, 0x2E, 0xFF, 0x2A, 0x29, 0x27, 0x8F, 0x00, 0x00, 0x00, 0x00, 0x3F, 0x3F, 0x3F, 0x04,
    0x00, 0x00, 0x00, 0x00, 0x00, 0x00, 0x00, 0x00, 0x00, 0x00, 0x00, 0x00, 0x00, 0x00, 0x00, 0x00,
    0x00, 0x00, 0x00, 0x00, 0x00, 0x00, 0x00, 0x00, 0x00, 0x00, 0x00, 0x00, 0x00, 0x00, 0x00, 0x00,
    0x00, 0x00, 0x00, 0x00, 0x00, 0x00, 0x00, 0x00, 0x00, 0x00, 0x00, 0x00, 0x00, 0x00, 0x00, 0x00,
    0x00, 0x00, 0x00, 0x00, 0x00, 0x00, 0x00, 0x00, 0x00, 0x00, 0x00, 0x00, 0x00, 0x00, 0x00, 0x00,
    0x00, 0x00, 0x00, 0x03, 0x00, 0x00, 0x00, 0x00, 0x1D, 0x21, 0x1D, 0x45, 0x31, 0x2E, 0x2C, 0xFF,
    0x3D, 0x39, 0x35, 0xFD, 0x4C, 0x48, 0x44, 0xFF, 0x51, 0x4D, 0x49, 0xFF, 0x52, 0x4E, 0x4A, 0xFF,
    0x53, 0x4E, 0x4B, 0xFF, 0x53, 0x4E, 0x4B, 0xFF, 0x57, 0x52, 0x4F, 0xFF, 0x63, 0x5E, 0x5A, 0xFF,
    0x88, 0x83, 0x7F, 0xFE, 0xB7, 0xB2, 0xAE, 0xFF, 0x3E, 0x3A, 0x38, 0xEC, 0x70, 0x6D, 0x69, 0xF4,
    0x3A, 0x38, 0x36, 0xFF, 0x23, 0x22, 0x20, 0xFE, 0x2F, 0x2D, 0x2C, 0xFF, 0x44, 0x41, 0x3D, 0xFF,
    0x6E, 0x69, 0x66, 0xFF, 0xC3, 0xC0, 0xBB, 0xFF, 0x86, 0x82, 0x7F, 0xFF, 0x30, 0x2E, 0x2A, 0xFF,
    0x46, 0x44, 0x42, 0xFD, 0x69, 0x64, 0x61, 0xFF, 0x40, 0x3C, 0x39, 0xD6, 0x32, 0x31, 0x2D, 0xDF,
    0x2C, 0x2A, 0x28, 0xFF, 0x22, 0x20, 0x20, 0xC3, 0x2C, 0x2B, 0x2B, 0xED, 0x2D, 0x2C, 0x2B, 0xFF,
    0x2F, 0x2C, 0x2C, 0xFF, 0x30, 0x2E, 0x2E, 0xFF, 0x33, 0x31, 0x30, 0xFF, 0x36, 0x35, 0x30, 0xFF,
    0x3A, 0x37, 0x32, 0xFF, 0x3D, 0x39, 0x35, 0xFF, 0x3E, 0x3B, 0x37, 0xFF, 0x40, 0x3D, 0x39, 0xFF,
    0x42, 0x3F, 0x3B, 0xFF, 0x44, 0x40, 0x3C, 0xFF, 0x45, 0x42, 0x3E, 0xFF, 0x47, 0x44, 0x40, 0xFF,
    0x49, 0x46, 0x42, 0xFF, 0x4B, 0x48, 0x44, 0xFF, 0x4D, 0x49, 0x46, 0xFF, 0x4F, 0x49, 0x47, 0xFF,
    0x50, 0x4B, 0x49, 0xFF, 0x53, 0x4D, 0x4B, 0xFF, 0x54, 0x4F, 0x4E, 0xFF, 0x57, 0x51, 0x4E, 0xFF,
    0x59, 0x53, 0x51, 0xFF, 0x5B, 0x56, 0x53, 0xFF, 0x5D, 0x58, 0x56, 0xFF, 0x61, 0x5C, 0x5A, 0xFF,
    0x64, 0x5F, 0x5D, 0xFF, 0x66, 0x62, 0x61, 0xFF, 0x68, 0x64, 0x62, 0xFF, 0x69, 0x65, 0x63, 0xFF,
    0x6D, 0x67, 0x65, 0xFF, 0x6F, 0x6A, 0x68, 0xFF, 0x73, 0x6D, 0x6A, 0xFF, 0x75, 0x70, 0x6D, 0xFF,
    0x76, 0x71, 0x70, 0xFF, 0x7A, 0x74, 0x72, 0xFF, 0x7D, 0x76, 0x74, 0xFF, 0x7E, 0x78, 0x77, 0xFF,
    0x80, 0x7B, 0x78, 0xFF, 0x82, 0x7D, 0x7B, 0xFF, 0x84, 0x81, 0x7F, 0xFF, 0x87, 0x83, 0x81, 0xFF,
    0x8B, 0x86, 0x83, 0xFF, 0x8E, 0x89, 0x86, 0xFF, 0x91, 0x8C, 0x89, 0xFF, 0x93, 0x8E, 0x8B, 0xFF,
    0x95, 0x90, 0x8D, 0xFF, 0x98, 0x93, 0x91, 0xFF, 0x9A, 0x96, 0x93, 0xFF, 0x9F, 0x9A, 0x97, 0xFF,
    0xA4, 0xA0, 0x9C, 0xFF, 0xA8, 0xA4, 0xA0, 0xFF, 0xAC, 0xA8, 0xA6, 0xFF, 0xB2, 0xAD, 0xAB, 0xFF,
    0xB3, 0xAE, 0xAC, 0xFC, 0xC0, 0xBB, 0xB9, 0xFF, 0x86, 0x84, 0x80, 0x87, 0x00, 0x00, 0x00, 0x67,
    0x27, 0x27, 0x22, 0xF5, 0x21, 0x1F, 0x1E, 0xA9, 0x2A, 0x28, 0x26, 0xFF, 0x52, 0x4F, 0x48, 0xF5,
    0x76, 0x71, 0x6E, 0xFF, 0x90, 0x8B, 0x87, 0xFF, 0xCE, 0xCA, 0xC6, 0xFF, 0x83, 0x7E, 0x7A, 0xFF,
    0x48, 0x44, 0x41, 0xFF, 0x32, 0x30, 0x2E, 0xFF, 0x2F, 0x2D, 0x2D, 0xFF, 0x21, 0x1F, 0x1C, 0xFF,
    0x85, 0x81, 0x7D, 0xFF, 0x99, 0x95, 0x94, 0xD5, 0xB3, 0xAD, 0xAA, 0xFE, 0x91, 0x8B, 0x88, 0xFF,
    0x5E, 0x59, 0x57, 0xFF, 0x52, 0x4C, 0x4B, 0xFF, 0x4D, 0x48, 0x46, 0xFF, 0x4A, 0x46, 0x41, 0xFF,
    0x49, 0x45, 0x40, 0xFF, 0x45, 0x41, 0x3D, 0xFF, 0x46, 0x42, 0x3E, 0xFF, 0x3D, 0x38, 0x35, 0xFB,
    0x36, 0x33, 0x2E, 0xFF, 0x2A, 0x2A, 0x29, 0x8F, 0x00, 0x00, 0x00, 0x00, 0x3F, 0x3F, 0x3F, 0x04,
    0x00, 0x00, 0x00, 0x00, 0x00, 0x00, 0x00, 0x00, 0x00, 0x00, 0x00, 0x00, 0x00, 0x00, 0x00, 0x00,
    0x00, 0x00, 0x00, 0x00, 0x00, 0x00, 0x00, 0x00, 0x00, 0x00, 0x00, 0x00, 0x00, 0x00, 0x00, 0x00,
    0x00, 0x00, 0x00, 0x00, 0x00, 0x00, 0x00, 0x00, 0x00, 0x00, 0x00, 0x00, 0x00, 0x00, 0x00, 0x00,
    0x00, 0x00, 0x00, 0x00, 0x00, 0x00, 0x00, 0x00, 0x00, 0x00, 0x00, 0x00, 0x00, 0x00, 0x00, 0x00,
    0x55, 0x00, 0x00, 0x03, 0x00, 0x00, 0x00, 0x00, 0x21, 0x21, 0x21, 0x4C, 0x33, 0x31, 0x2D, 0xFF,
    0x40, 0x3D, 0x38, 0xFC, 0x4F, 0x4B, 0x47, 0xFF, 0x56, 0x52, 0x4E, 0xFF, 0x5A, 0x56, 0x52, 0xFF,
    0x58, 0x52, 0x51, 0xFF, 0x55, 0x50, 0x4F, 0xFF, 0x59, 0x54, 0x52, 0xFF, 0x63, 0x5C, 0x5A, 0xFF,
    0x7E, 0x78, 0x76, 0xFF, 0xBB, 0xB7, 0xB2, 0xFF, 0x53, 0x50, 0x4B, 0xF8, 0x61, 0x5E, 0x5A, 0xF2,
    0x52, 0x4F, 0x4D, 0xFF, 0x20, 0x1E, 0x1D, 0xFE, 0x30, 0x2E, 0x2D, 0xFF, 0x43, 0x41, 0x3D, 0xFF,
    0x6C, 0x68, 0x63, 0xFF, 0xC2, 0xBF, 0xBA, 0xFF, 0x85, 0x81, 0x7E, 0xFF, 0x2F, 0x2C, 0x28, 0xFF,
    0x48, 0x45, 0x43, 0xFD, 0x67, 0x62, 0x5F, 0xFF, 0x41, 0x3E, 0x3B, 0xD5, 0x33, 0x30, 0x2D, 0xE1,
    0x2C, 0x29, 0x27, 0xFF, 0x25, 0x25, 0x24, 0xBC, 0x2E, 0x2C, 0x2B, 0xFD, 0x2D, 0x2B, 0x2B, 0xFE,
    0x2F, 0x2C, 0x2B, 0xFF, 0x31, 0x2F, 0x2E, 0xFF, 0x33, 0x31, 0x2F, 0xFF, 0x37, 0x35, 0x30, 0xFF,
    0x3B, 0x37, 0x33, 0xFF, 0x3D, 0x39, 0x35, 0xFF, 0x3E, 0x3B, 0x37, 0xFF, 0x40, 0x3D, 0x39, 0xFF,
    0x42, 0x40, 0x3B, 0xFF, 0x45, 0x40, 0x3D, 0xFF, 0x46, 0x42, 0x3F, 0xFF, 0x48, 0x44, 0x40, 0xFF,
    0x4A, 0x45, 0x43, 0xFF, 0x4C, 0x48, 0x45, 0xFF, 0x4E, 0x49, 0x45, 0xFF, 0x50, 0x4A, 0x47, 0xFF,
    0x50, 0x4B, 0x4A, 0xFF, 0x53, 0x4D, 0x4B, 0xFF, 0x54, 0x50, 0x4F, 0xFF, 0x57, 0x51, 0x50, 0xFF,
    0x59, 0x54, 0x54, 0xFF, 0x5B, 0x55, 0x55, 0xFF, 0x5E, 0x59, 0x58, 0xFF, 0x61, 0x5C, 0x59, 0xFF,
    0x64, 0x5F, 0x5D, 0xFF, 0x66, 0x61, 0x5F, 0xFF, 0x69, 0x64, 0x61, 0xFF, 0x6B, 0x67, 0x66, 0xFF,
    0x6E, 0x68, 0x66, 0xFF, 0x70, 0x6A, 0x69, 0xFF, 0x72, 0x6C, 0x6A, 0xFF, 0x74, 0x6F, 0x6D, 0xFF,
    0x77, 0x72, 0x70, 0xFF, 0x7A, 0x75, 0x73, 0xFF, 0x7D, 0x77, 0x75, 0xFF, 0x7E, 0x79, 0x77, 0xFF,
    0x80, 0x7A, 0x79, 0xFF, 0x83, 0x7E, 0x7C, 0xFF, 0x86, 0x81, 0x7E, 0xFF, 0x88, 0x83, 0x81, 0xFF,
    0x8B, 0x86, 0x84, 0xFF, 0x8F, 0x8B, 0x88, 0xFF, 0x91, 0x8C, 0x8A, 0xFF, 0x93, 0x8E, 0x8B, 0xFF,
    0x96, 0x90, 0x8D, 0xFF, 0x98, 0x93, 0x91, 0xFF, 0x9B, 0x97, 0x94, 0xFF, 0x9F, 0x9B, 0x98, 0xFF,
    0xA4, 0xA1, 0x9D, 0xFF, 0xA8, 0xA4, 0xA1, 0xFF, 0xAC, 0xA7, 0xA6, 0xFF, 0xB1, 0xAD, 0xAC, 0xFF,
    0xB3, 0xAE, 0xAE, 0xFD, 0xC0, 0xBA, 0xB9, 0xFF, 0xA3, 0xA0, 0x9D, 0xC4, 0x02, 0x02, 0x02, 0x70,
    0x26, 0x25, 0x20, 0xF1, 0x21, 0x1F, 0x1D, 0xA2, 0x2C, 0x29, 0x28, 0xFF, 0x50, 0x4D, 0x49, 0xFD,
    0x73, 0x6D, 0x6B, 0xFF, 0x8F, 0x89, 0x86, 0xFF, 0xCE, 0xCA, 0xC6, 0xFF, 0x83, 0x7D, 0x7A, 0xFF,
    0x47, 0x43, 0x3F, 0xFF, 0x34, 0x30, 0x2E, 0xFF, 0x2F, 0x2C, 0x2C, 0xFF, 0x2E, 0x2C, 0x29, 0xFF,
    0x9C, 0x98, 0x94, 0xF8, 0x98, 0x93, 0x92, 0xD3, 0xBD, 0xB8, 0xB4, 0xFF, 0x85, 0x7F, 0x7D, 0xFE,
    0x5B, 0x56, 0x54, 0xFF, 0x51, 0x4C, 0x48, 0xFF, 0x4D, 0x48, 0x44, 0xFF, 0x4C, 0x48, 0x44, 0xFF,
    0x4E, 0x49, 0x46, 0xFF, 0x4B, 0x47, 0x43, 0xFF, 0x47, 0x43, 0x3F, 0xFF, 0x40, 0x3B, 0x37, 0xFB,
    0x36, 0x34, 0x2F, 0xFF, 0x2C, 0x2C, 0x29, 0x8F, 0x00, 0x00, 0x00, 0x00, 0x3F, 0x3F, 0x3F, 0x04,
    0x00, 0x00, 0x00, 0x00, 0x00, 0x00, 0x00, 0x00, 0x00, 0x00, 0x00, 0x00, 0x00, 0x00, 0x00, 0x00,
    0x00, 0x00, 0x00, 0x00, 0x00, 0x00, 0x00, 0x00, 0x00, 0x00, 0x00, 0x00, 0x00, 0x00, 0x00, 0x00,
    0x00, 0x00, 0x00, 0x00, 0x00, 0x00, 0x00, 0x00, 0x00, 0x00, 0x00, 0x00, 0x00, 0x00, 0x00, 0x00,
    0x00, 0x00, 0x00, 0x00, 0x00, 0x00, 0x00, 0x00, 0x00, 0x00, 0x00, 0x00, 0x00, 0x00, 0x00, 0x00,
    0x55, 0x55, 0x00, 0x03, 0x00, 0x00, 0x00, 0x00, 0x24, 0x24, 0x21, 0x4D, 0x36, 0x33, 0x31, 0xFF,
    0x46, 0x41, 0x3F, 0xFC, 0x52, 0x4C, 0x49, 0xFF, 0x5A, 0x55, 0x53, 0xFF, 0x60, 0x59, 0x57, 0xFF,
    0x5D, 0x57, 0x55, 0xFF, 0x59, 0x55, 0x53, 0xFF, 0x59, 0x53, 0x52, 0xFF, 0x60, 0x5A, 0x57, 0xFF,
    0x77, 0x72, 0x6F, 0xFF, 0xBA, 0xB6, 0xB1, 0xFF, 0x6E, 0x6B, 0x66, 0xFC, 0x4C, 0x49, 0x43, 0xF1,
    0x6B, 0x68, 0x65, 0xFF, 0x20, 0x1E, 0x1E, 0xFF, 0x32, 0x2E, 0x2E, 0xFF, 0x43, 0x3F, 0x3C, 0xFF,
    0x6B, 0x67, 0x63, 0xFF, 0xC1, 0xBD, 0xB9, 0xFF, 0x83, 0x7D, 0x7B, 0xFF, 0x2E, 0x2B, 0x26, 0xFF,
    0x4B, 0x48, 0x45, 0xFD, 0x66, 0x62, 0x5F, 0xFF, 0x42, 0x3E, 0x3C, 0xD4, 0x34, 0x30, 0x2F, 0xE6,
    0x2B, 0x28, 0x27, 0xEF, 0x27, 0x27, 0x25, 0xCA, 0x2F, 0x2C, 0x2C, 0xFF, 0x2D, 0x2B, 0x2A, 0xFD,
    0x2F, 0x2C, 0x2C, 0xFF, 0x31, 0x2F, 0x2E, 0xFF, 0x34, 0x32, 0x2F, 0xFF, 0x38, 0x35, 0x30, 0xFF,
    0x3B, 0x37, 0x33, 0xFF, 0x3E, 0x3A, 0x36, 0xFF, 0x3F, 0x3B, 0x37, 0xFF, 0x41, 0x3E, 0x39, 0xFF,
    0x43, 0x3F, 0x3B, 0xFF, 0x45, 0x41, 0x3E, 0xFF, 0x47, 0x42, 0x3F, 0xFF, 0x48, 0x44, 0x41, 0xFF,
    0x4A, 0x45, 0x42, 0xFF, 0x4B, 0x48, 0x43, 0xFF, 0x4D, 0x48, 0x46, 0xFF, 0x4F, 0x49, 0x49, 0xFF,
    0x51, 0x4C, 0x4B, 0xFF, 0x53, 0x4E, 0x4D, 0xFF, 0x55, 0x4F, 0x4E, 0xFF, 0x57, 0x53, 0x51, 0xFF,
    0x58, 0x54, 0x53, 0xFF, 0x5B, 0x55, 0x54, 0xFF, 0x5D, 0x58, 0x58, 0xFF, 0x60, 0x5C, 0x5B, 0xFF,
    0x63, 0x5F, 0x5D, 0xFF, 0x66, 0x61, 0x5E, 0xFF, 0x68, 0x63, 0x60, 0xFF, 0x6B, 0x66, 0x64, 0xFF,
    0x6E, 0x68, 0x68, 0xFF, 0x70, 0x6B, 0x6A, 0xFF, 0x71, 0x6C, 0x6B, 0xFF, 0x73, 0x6E, 0x6B, 0xFF,
    0x77, 0x71, 0x6F, 0xFF, 0x7A, 0x75, 0x72, 0xFF, 0x7B, 0x77, 0x75, 0xFF, 0x7E, 0x79, 0x76, 0xFF,
    0x80, 0x7B, 0x78, 0xFF, 0x83, 0x7E, 0x7B, 0xFF, 0x85, 0x80, 0x7E, 0xFF, 0x89, 0x84, 0x82, 0xFF,
    0x8C, 0x87, 0x85, 0xFF, 0x8F, 0x8A, 0x88, 0xFF, 0x91, 0x8D, 0x8B, 0xFF, 0x94, 0x8F, 0x8D, 0xFF,
    0x96, 0x91, 0x8E, 0xFF, 0x98, 0x93, 0x91, 0xFF, 0x9B, 0x97, 0x95, 0xFF, 0xA0, 0x9C, 0x98, 0xFF,
    0xA5, 0xA1, 0x9D, 0xFF, 0xA9, 0xA5, 0xA2, 0xFF, 0xAE, 0xA9, 0xA7, 0xFF, 0xB1, 0xAD, 0xAC, 0xFF,
    0xB4, 0xAF, 0xAF, 0xFF, 0xB7, 0xB2, 0xB1, 0xFF, 0xAF, 0xAD, 0xAA, 0xF3, 0x2A, 0x2A, 0x28, 0x85,
    0x20, 0x1F, 0x1C, 0xE9, 0x23, 0x22, 0x1F, 0xA4, 0x2C, 0x29, 0x28, 0xFF, 0x4F, 0x4B, 0x47, 0xFE,
    0x70, 0x6A, 0x67, 0xFF, 0x8B, 0x86, 0x84, 0xFF, 0xCE, 0xCA, 0xC5, 0xFF, 0x84, 0x7E, 0x7A, 0xFF,
    0x46, 0x43, 0x3F, 0xFF, 0x34, 0x31, 0x2F, 0xFF, 0x29, 0x28, 0x27, 0xFF, 0x48, 0x45, 0x42, 0xFF,
    0xA8, 0xA4, 0xA0, 0xEC, 0x99, 0x94, 0x92, 0xDA, 0xC1, 0xBB, 0xB8, 0xFF, 0x80, 0x79, 0x76, 0xFD,
    0x5B, 0x55, 0x53, 0xFF, 0x51, 0x4C, 0x49, 0xFF, 0x4E, 0x49, 0x45, 0xFF, 0x50, 0x4B, 0x48, 0xFF,
    0x52, 0x4D, 0x4A, 0xFF, 0x50, 0x4C, 0x49, 0xFF, 0x4A, 0x46, 0x42, 0xFF, 0x43, 0x3E, 0x3B, 0xFB,
    0x39, 0x36, 0x32, 0xFF, 0x2C, 0x2C, 0x29, 0x8F, 0x00, 0x00, 0x00, 0x00, 0x3F, 0x3F, 0x3F, 0x04,
    0x00, 0x00, 0x00, 0x00, 0x00, 0x00, 0x00, 0x00, 0x00, 0x00, 0x00, 0x00, 0x00, 0x00, 0x00, 0x00,
    0x00, 0x00, 0x00, 0x00, 0x00, 0x00, 0x00, 0x00, 0x00, 0x00, 0x00, 0x00, 0x00, 0x00, 0x00, 0x00,
    0x00, 0x00, 0x00, 0x00, 0x00, 0x00, 0x00, 0x00, 0x00, 0x00, 0x00, 0x00, 0x00, 0x00, 0x00, 0x00,
    0x00, 0x00, 0x00, 0x00, 0x00, 0x00, 0x00, 0x00, 0x00, 0x00, 0x00, 0x00, 0x00, 0x00, 0x00, 0x00,
    0x3F, 0x3F, 0x3F, 0x04, 0x00, 0x00, 0x00, 0x00, 0x26, 0x23, 0x23, 0x50, 0x39, 0x36, 0x33, 0xFF,
    0x49, 0x45, 0x41, 0xFC, 0x55, 0x4F, 0x4C, 0xFF, 0x5E, 0x58, 0x56, 0xFF, 0x63, 0x5D, 0x5B, 0xFF,
    0x62, 0x5C, 0x5B, 0xFF, 0x5D, 0x58, 0x56, 0xFF, 0x5A, 0x55, 0x53, 0xFF, 0x61, 0x5A, 0x58, 0xFF,
    0x75, 0x6E, 0x6B, 0xFF, 0xB5, 0xB0, 0xAB, 0xFF, 0x8C, 0x88, 0x84, 0xFF, 0x38, 0x35, 0x31, 0xE6,
    0x7C, 0x7A, 0x77, 0xFF, 0x2B, 0x29, 0x27, 0xFF, 0x31, 0x2E, 0x2D, 0xFF, 0x43, 0x3F, 0x3C, 0xFF,
    0x68, 0x64, 0x60, 0xFF, 0xBF, 0xBB, 0xB7, 0xFF, 0x83, 0x7E, 0x7B, 0xFF, 0x2D, 0x29, 0x26, 0xFF,
    0x4D, 0x49, 0x46, 0xFD, 0x66, 0x60, 0x5E, 0xFF, 0x42, 0x3D, 0x3D, 0xD2, 0x32, 0x30, 0x2F, 0xE8,
    0x2C, 0x29, 0x28, 0xDC, 0x28, 0x27, 0x26, 0xE7, 0x2E, 0x2B, 0x2B, 0xFF, 0x2D, 0x2B, 0x2B, 0xFE,
    0x2F, 0x2C, 0x2C, 0xFF, 0x32, 0x30, 0x2F, 0xFF, 0x34, 0x33, 0x2F, 0xFF, 0x38, 0x35, 0x30, 0xFF,
    0x3C, 0x37, 0x34, 0xFF, 0x3E, 0x3A, 0x36, 0xFF, 0x3F, 0x3D, 0x38, 0xFF, 0x41, 0x3E, 0x39, 0xFF,
    0x43, 0x3F, 0x3C, 0xFF, 0x45, 0x40, 0x3E, 0xFF, 0x47, 0x42, 0x3F, 0xFF, 0x48, 0x45, 0x41, 0xFF,
    0x4A, 0x46, 0x42, 0xFF, 0x4B, 0x46, 0x45, 0xFF, 0x4E, 0x48, 0x48, 0xFF, 0x4F, 0x4A, 0x4A, 0xFF,
    0x51, 0x4C, 0x4A, 0xFF, 0x53, 0x4F, 0x4C, 0xFF, 0x56, 0x51, 0x4F, 0xFF, 0x58, 0x53, 0x51, 0xFF,
    0x59, 0x54, 0x52, 0xFF, 0x5B, 0x55, 0x54, 0xFF, 0x5E, 0x58, 0x58, 0xFF, 0x60, 0x5B, 0x5A, 0xFF,
    0x64, 0x5F, 0x5D, 0xFF, 0x67, 0x62, 0x5F, 0xFF, 0x69, 0x64, 0x62, 0xFF, 0x6C, 0x66, 0x65, 0xFF,
    0x6F, 0x6A, 0x68, 0xFF, 0x70, 0x6B, 0x69, 0xFF, 0x72, 0x6D, 0x6D, 0xFF, 0x73, 0x6E, 0x6E, 0xFF,
    0x76, 0x70, 0x6E, 0xFF, 0x79, 0x73, 0x71, 0xFF, 0x7B, 0x76, 0x74, 0xFF, 0x7E, 0x78, 0x77, 0xFF,
    0x82, 0x7C, 0x7A, 0xFF, 0x83, 0x7E, 0x7B, 0xFF, 0x85, 0x80, 0x7E, 0xFF, 0x89, 0x84, 0x82, 0xFF,
    0x8D, 0x88, 0x86, 0xFF, 0x90, 0x8B, 0x89, 0xFF, 0x92, 0x8D, 0x8B, 0xFF, 0x94, 0x8F, 0x8D, 0xFF,
    0x97, 0x92, 0x90, 0xFF, 0x9B, 0x95, 0x94, 0xFF, 0x9C, 0x98, 0x96, 0xFF, 0xA1, 0x9C, 0x98, 0xFF,
    0xA5, 0xA2, 0x9E, 0xFF, 0xA9, 0xA6, 0xA3, 0xFF, 0xAF, 0xAA, 0xA8, 0xFF, 0xB3, 0xAF, 0xAD, 0xFF,
    0xB6, 0xB0, 0xAF, 0xFF, 0xB3, 0xAD, 0xAD, 0xFE, 0xBC, 0xB7, 0xB4, 0xFF, 0x5B, 0x59, 0x56, 0xB6,
    0x1C, 0x1B, 0x18, 0xEB, 0x26, 0x25, 0x23, 0xA5, 0x2C, 0x29, 0x28, 0xFF, 0x4D, 0x4A, 0x46, 0xFE,
    0x6C, 0x67, 0x64, 0xFF, 0x89, 0x84, 0x81, 0xFF, 0xCD, 0xC8, 0xC4, 0xFF, 0x82, 0x7E, 0x7C, 0xFF,
    0x46, 0x42, 0x3F, 0xFF, 0x34, 0x33, 0x31, 0xFF, 0x27, 0x25, 0x24, 0xFE, 0x6C, 0x68, 0x66, 0xFF,
    0xA8, 0xA3, 0xA1, 0xE0, 0x9E, 0x9B, 0x97, 0xE9, 0xBD, 0xB7, 0xB4, 0xFF, 0x7A, 0x74, 0x71, 0xFE,
    0x5B, 0x55, 0x52, 0xFF, 0x53, 0x4F, 0x4B, 0xFF, 0x52, 0x4C, 0x49, 0xFF, 0x51, 0x4D, 0x49, 0xFF,
    0x53, 0x4E, 0x4B, 0xFF, 0x54, 0x4F, 0x4B, 0xFF, 0x4E, 0x4A, 0x46, 0xFF, 0x46, 0x41, 0x3D, 0xFB,
    0x3D, 0x3A, 0x35, 0xFF, 0x30, 0x2E, 0x2A, 0x8F, 0x00, 0x00, 0x00, 0x00, 0x3F, 0x3F, 0x3F, 0x04,
    0x00, 0x00, 0x00, 0x00, 0x00, 0x00, 0x00, 0x00, 0x00, 0x00, 0x00, 0x00, 0x00, 0x00, 0x00, 0x00,
    0x00, 0x00, 0x00, 0x00, 0x00, 0x00, 0x00, 0x00, 0x00, 0x00, 0x00, 0x00, 0x00, 0x00, 0x00, 0x00,
    0x00, 0x00, 0x00, 0x00, 0x00, 0x00, 0x00, 0x00, 0x00, 0x00, 0x00, 0x00, 0x00, 0x00, 0x00, 0x00,
    0x00, 0x00, 0x00, 0x00, 0x00, 0x00, 0x00, 0x00, 0x00, 0x00, 0x00, 0x00, 0x00, 0x00, 0x00, 0x00,
    0x00, 0x00, 0x00, 0x03, 0x00, 0x00, 0x00, 0x00, 0x23, 0x1F, 0x1F, 0x48, 0x39, 0x36, 0x34, 0xFF,
    0x4D, 0x48, 0x44, 0xFD, 0x58, 0x53, 0x50, 0xFF, 0x64, 0x5D, 0x5C, 0xFF, 0x67, 0x61, 0x5F, 0xFF,
    0x65, 0x5F, 0x5D, 0xFF, 0x60, 0x5B, 0x59, 0xFF, 0x5D, 0x58, 0x56, 0xFF, 0x61, 0x5A, 0x58, 0xFF,
    0x72, 0x6B, 0x67, 0xFF, 0xAC, 0xA7, 0xA2, 0xFF, 0xA9, 0xA5, 0xA1, 0xFF, 0x31, 0x2E, 0x2B, 0xF6,
    0x82, 0x7E, 0x7B, 0xFD, 0x3E, 0x3C, 0x3B, 0xFF, 0x2E, 0x2C, 0x2C, 0xFF, 0x43, 0x3F, 0x3C, 0xFF,
    0x69, 0x63, 0x60, 0xFF, 0xBE, 0xBA, 0xB5, 0xFF, 0x84, 0x7F, 0x7A, 0xFF, 0x2D, 0x28, 0x25, 0xFF,
    0x4E, 0x4A, 0x47, 0xFD, 0x65, 0x5F, 0x5D, 0xFF, 0x42, 0x3F, 0x3D, 0xD2, 0x32, 0x2F, 0x2D, 0xE0,
    0x29, 0x28, 0x27, 0xD0, 0x2A, 0x27, 0x27, 0xFC, 0x2C, 0x2A, 0x2A, 0xFF, 0x2D, 0x2C, 0x2B, 0xFF,
    0x2F, 0x2D, 0x2D, 0xFF, 0x32, 0x30, 0x2F, 0xFF, 0x35, 0x33, 0x2F, 0xFF, 0x39, 0x36, 0x32, 0xFF,
    0x3C, 0x38, 0x34, 0xFF, 0x3E, 0x3A, 0x37, 0xFF, 0x41, 0x3D, 0x3A, 0xFF, 0x43, 0x3F, 0x3B, 0xFF,
    0x44, 0x40, 0x3C, 0xFF, 0x45, 0x42, 0x3E, 0xFF, 0x46, 0x43, 0x3F, 0xFF, 0x48, 0x45, 0x41, 0xFF,
    0x4A, 0x46, 0x42, 0xFF, 0x4C, 0x48, 0x44, 0xFF, 0x4D, 0x48, 0x46, 0xFF, 0x4E, 0x4A, 0x49, 0xFF,
    0x51, 0x4B, 0x4B, 0xFF, 0x53, 0x4E, 0x4E, 0xFF, 0x56, 0x51, 0x50, 0xFF, 0x58, 0x53, 0x51, 0xFF,
    0x59, 0x54, 0x54, 0xFF, 0x5B, 0x55, 0x55, 0xFF, 0x5D, 0x58, 0x56, 0xFF, 0x60, 0x5B, 0x59, 0xFF,
    0x63, 0x5E, 0x5C, 0xFF, 0x67, 0x61, 0x61, 0xFF, 0x68, 0x63, 0x63, 0xFF, 0x6B, 0x66, 0x65, 0xFF,
    0x6D, 0x68, 0x67, 0xFF, 0x6F, 0x6B, 0x69, 0xFF, 0x72, 0x6D, 0x6B, 0xFF, 0x74, 0x6F, 0x6E, 0xFF,
    0x76, 0x71, 0x70, 0xFF, 0x77, 0x72, 0x71, 0xFF, 0x7B, 0x76, 0x73, 0xFF, 0x7D, 0x79, 0x77, 0xFF,
    0x80, 0x7B, 0x7A, 0xFF, 0x84, 0x7E, 0x7C, 0xFF, 0x85, 0x80, 0x7D, 0xFF, 0x88, 0x84, 0x82, 0xFF,
    0x8D, 0x88, 0x85, 0xFF, 0x90, 0x8B, 0x89, 0xFF, 0x93, 0x8D, 0x8B, 0xFF, 0x94, 0x8F, 0x8E, 0xFF,
    0x97, 0x91, 0x91, 0xFF, 0x9B, 0x95, 0x94, 0xFF, 0x9E, 0x99, 0x96, 0xFF, 0xA1, 0x9D, 0x99, 0xFF,
    0xA6, 0xA2, 0x9E, 0xFF, 0xAB, 0xA7, 0xA3, 0xFF, 0xAE, 0xAA, 0xA9, 0xFF, 0xB3, 0xAE, 0xAE, 0xFF,
    0xB5, 0xB0, 0xB0, 0xFF, 0xB3, 0xAE, 0xAC, 0xFE, 0xBF, 0xB9, 0xB6, 0xFF, 0x85, 0x81, 0x80, 0xD8,
    0x1E, 0x1E, 0x19, 0xE2, 0x29, 0x27, 0x24, 0xAD, 0x2E, 0x2B, 0x2A, 0xFF, 0x4C, 0x47, 0x44, 0xFE,
    0x6A, 0x63, 0x60, 0xFF, 0x87, 0x81, 0x7F, 0xFF, 0xCA, 0xC5, 0xC2, 0xFF, 0x81, 0x7C, 0x78, 0xFF,
    0x47, 0x41, 0x3F, 0xFF, 0x35, 0x33, 0x32, 0xFF, 0x29, 0x27, 0x26, 0xFE, 0x90, 0x8C, 0x89, 0xFF,
    0xA0, 0x9D, 0x9A, 0xD8, 0xAC, 0xA8, 0xA6, 0xF5, 0xB4, 0xAF, 0xAB, 0xFF, 0x76, 0x70, 0x6E, 0xFF,
    0x59, 0x55, 0x52, 0xFF, 0x54, 0x4F, 0x4C, 0xFF, 0x54, 0x50, 0x4C, 0xFF, 0x55, 0x51, 0x4D, 0xFF,
    0x57, 0x51, 0x4E, 0xFF, 0x58, 0x52, 0x4F, 0xFF, 0x51, 0x4D, 0x49, 0xFF, 0x48, 0x44, 0x40, 0xFB,
    0x40, 0x3D, 0x39, 0xFF, 0x2E, 0x2C, 0x2C, 0x8F, 0x00, 0x00, 0x00, 0x00, 0x3F, 0x3F, 0x3F, 0x04,
    0x00, 0x00, 0x00, 0x00, 0x00, 0x00, 0x00, 0x00, 0x00, 0x00, 0x00, 0x00, 0x00, 0x00, 0x00, 0x00,
    0x00, 0x00, 0x00, 0x00, 0x00, 0x00, 0x00, 0x00, 0x00, 0x00, 0x00, 0x00, 0x00, 0x00, 0x00, 0x00,
    0x00, 0x00, 0x00, 0x00, 0x00, 0x00, 0x00, 0x00, 0x00, 0x00, 0x00, 0x00, 0x00, 0x00, 0x00, 0x00,
    0x00, 0x00, 0x00, 0x00, 0x00, 0x00, 0x00, 0x00, 0x00, 0x00, 0x00, 0x00, 0x00, 0x00, 0x00, 0x00,
    0x00, 0x00, 0x00, 0x03, 0x00, 0x00, 0x00, 0x00, 0x1C, 0x1C, 0x1C, 0x3E, 0x3A, 0x36, 0x36, 0xFF,
    0x4F, 0x48, 0x48, 0xFD, 0x5C, 0x55, 0x54, 0xFF, 0x66, 0x61, 0x60, 0xFF, 0x68, 0x63, 0x62, 0xFF,
    0x66, 0x61, 0x5E, 0xFF, 0x61, 0x5C, 0x5A, 0xFF, 0x60, 0x59, 0x57, 0xFF, 0x60, 0x5A, 0x57, 0xFF,
    0x6F, 0x68, 0x65, 0xFF, 0xA4, 0xA0, 0x9A, 0xFF, 0xBF, 0xBA, 0xB6, 0xFF, 0x3C, 0x38, 0x36, 0xFC,
    0x72, 0x6E, 0x69, 0xFD, 0x59, 0x56, 0x52, 0xFF, 0x2D, 0x2A, 0x2A, 0xFF, 0x42, 0x3F, 0x3C, 0xFF,
    0x6A, 0x64, 0x61, 0xFF, 0xC0, 0xB9, 0xB5, 0xFF, 0x83, 0x7C, 0x7A, 0xFF, 0x2A, 0x26, 0x23, 0xFF,
    0x4F, 0x4B, 0x48, 0xFD, 0x61, 0x5C, 0x5B, 0xFF, 0x42, 0x3D, 0x3D, 0xD6, 0x30, 0x2F, 0x2E, 0xD1,
    0x29, 0x28, 0x27, 0xDE, 0x2C, 0x2A, 0x29, 0xFF, 0x2C, 0x2A, 0x29, 0xFE, 0x2E, 0x2C, 0x2C, 0xFF,
    0x2F, 0x2E, 0x2D, 0xFF, 0x33, 0x30, 0x2F, 0xFF, 0x36, 0x34, 0x30, 0xFF, 0x39, 0x36, 0x32, 0xFF,
    0x3D, 0x38, 0x35, 0xFF, 0x3E, 0x3B, 0x37, 0xFF, 0x41, 0x3D, 0x3A, 0xFF, 0x43, 0x3F, 0x3B, 0xFF,
    0x44, 0x40, 0x3D, 0xFF, 0x46, 0x41, 0x3F, 0xFF, 0x47, 0x43, 0x40, 0xFF, 0x48, 0x44, 0x41, 0xFF,
    0x4A, 0x46, 0x43, 0xFF, 0x4B, 0x48, 0x44, 0xFF, 0x4D, 0x48, 0x46, 0xFF, 0x4E, 0x49, 0x48, 0xFF,
    0x50, 0x4B, 0x4A, 0xFF, 0x54, 0x4E, 0x4E, 0xFF, 0x55, 0x51, 0x4F, 0xFF, 0x57, 0x52, 0x51, 0xFF,
    0x58, 0x54, 0x52, 0xFF, 0x5A, 0x55, 0x54, 0xFF, 0x5C, 0x57, 0x55, 0xFF, 0x60, 0x5A, 0x59, 0xFF,
    0x62, 0x5D, 0x5B, 0xFF, 0x65, 0x60, 0x60, 0xFF, 0x69, 0x62, 0x62, 0xFF, 0x6B, 0x66, 0x64, 0xFF,
    0x6E, 0x69, 0x68, 0xFF, 0x6F, 0x6A, 0x6A, 0xFF, 0x71, 0x6D, 0x6A, 0xFF, 0x72, 0x6E, 0x6D, 0xFF,
    0x75, 0x70, 0x6E, 0xFF, 0x77, 0x72, 0x70, 0xFF, 0x7A, 0x75, 0x73, 0xFF, 0x7D, 0x78, 0x76, 0xFF,
    0x80, 0x7B, 0x78, 0xFF, 0x83, 0x7E, 0x7C, 0xFF, 0x86, 0x81, 0x7F, 0xFF, 0x88, 0x83, 0x82, 0xFF,
    0x8D, 0x88, 0x86, 0xFF, 0x90, 0x8B, 0x8A, 0xFF, 0x93, 0x8D, 0x8C, 0xFF, 0x96, 0x91, 0x8F, 0xFF,
    0x97, 0x92, 0x92, 0xFF, 0x9B, 0x96, 0x94, 0xFF, 0x9D, 0x99, 0x97, 0xFF, 0xA2, 0x9E, 0x9B, 0xFF,
    0xA6, 0xA3, 0x9F, 0xFF, 0xAB, 0xA7, 0xA4, 0xFF, 0xAF, 0xAB, 0xA9, 0xFF, 0xB3, 0xAE, 0xAE, 0xFF,
    0xB6, 0xB0, 0xB1, 0xFF, 0xB4, 0xB0, 0xAF, 0xFE, 0xB9, 0xB5, 0xB2, 0xFF, 0xA7, 0xA3, 0xA0, 0xF0,
    0x2E, 0x2E, 0x2A, 0xD7, 0x29, 0x27, 0x23, 0xAD, 0x30, 0x2D, 0x2A, 0xFF, 0x4A, 0x47, 0x43, 0xF9,
    0x67, 0x60, 0x5C, 0xFD, 0x85, 0x7F, 0x7C, 0xFF, 0xC8, 0xC3, 0xC1, 0xFF, 0x80, 0x7B, 0x79, 0xFF,
    0x46, 0x41, 0x3F, 0xFF, 0x33, 0x31, 0x2F, 0xFF, 0x35, 0x32, 0x32, 0xFF, 0xAA, 0xA6, 0xA3, 0xFF,
    0x94, 0x93, 0x8F, 0xD7, 0xB8, 0xB3, 0xB0, 0xFF, 0xAC, 0xA8, 0xA3, 0xFF, 0x72, 0x6C, 0x68, 0xFF,
    0x5A, 0x54, 0x51, 0xFF, 0x56, 0x51, 0x4E, 0xFF, 0x57, 0x51, 0x4F, 0xFF, 0x59, 0x53, 0x51, 0xFF,
    0x59, 0x54, 0x51, 0xFF, 0x5A, 0x53, 0x51, 0xFF, 0x53, 0x4E, 0x4B, 0xFF, 0x4A, 0x46, 0x43, 0xFB,
    0x42, 0x3E, 0x3B, 0xFF, 0x30, 0x2C, 0x2C, 0x8F, 0x00, 0x00, 0x00, 0x00, 0x3F, 0x3F, 0x3F, 0x04,
    0x00, 0x00, 0x00, 0x00, 0x00, 0x00, 0x00, 0x00, 0x00, 0x00, 0x00, 0x00, 0x00, 0x00, 0x00, 0x00,
    0x00, 0x00, 0x00, 0x00, 0x00, 0x00, 0x00, 0x00, 0x00, 0x00, 0x00, 0x00, 0x00, 0x00, 0x00, 0x00,
    0x00, 0x00, 0x00, 0x00, 0x00, 0x00, 0x00, 0x00, 0x00, 0x00, 0x00, 0x00, 0x00, 0x00, 0x00, 0x00,
    0x00, 0x00, 0x00, 0x00, 0x00, 0x00, 0x00, 0x00, 0x00, 0x00, 0x00, 0x00, 0x00, 0x00, 0x00, 0x00,
    0x00, 0x00, 0x00, 0x02, 0x00, 0x00, 0x00, 0x00, 0x1E, 0x19, 0x19, 0x33, 0x3A, 0x36, 0x34, 0xFF,
    0x4E, 0x49, 0x48, 0xFF, 0x5D, 0x57, 0x55, 0xFF, 0x68, 0x62, 0x61, 0xFF, 0x6A, 0x64, 0x62, 0xFF,
    0x67, 0x62, 0x5F, 0xFF, 0x64, 0x5D, 0x5C, 0xFF, 0x63, 0x5C, 0x5A, 0xFF, 0x63, 0x5C, 0x59, 0xFF,
    0x6D, 0x67, 0x66, 0xFF, 0x9B, 0x97, 0x94, 0xFF, 0xCA, 0xC6, 0xC1, 0xFF, 0x51, 0x4D, 0x4A, 0xFD,
    0x55, 0x51, 0x4E, 0xFA, 0x74, 0x70, 0x6C, 0xFF, 0x2D, 0x2A, 0x29, 0xFF, 0x44, 0x40, 0x3D, 0xFF,
    0x69, 0x63, 0x61, 0xFF, 0xBD, 0xB8, 0xB4, 0xFF, 0x81, 0x7C, 0x78, 0xFF, 0x28, 0x25, 0x21, 0xFF,
    0x51, 0x4C, 0x49, 0xFD, 0x5E, 0x58, 0x57, 0xFF, 0x41, 0x3C, 0x3B, 0xD7, 0x2D, 0x2A, 0x29, 0xC5,
    0x29, 0x27, 0x26, 0xF5, 0x2B, 0x2A, 0x29, 0xFF, 0x2C, 0x2A, 0x2A, 0xFE, 0x2E, 0x2D, 0x2C, 0xFF,
    0x30, 0x2E, 0x2D, 0xFF, 0x33, 0x31, 0x30, 0xFF, 0x37, 0x34, 0x31, 0xFF, 0x3B, 0x37, 0x33, 0xFF,
    0x3E, 0x38, 0x35, 0xFF, 0x3E, 0x3B, 0x37, 0xFF, 0x41, 0x3E, 0x3A, 0xFF, 0x43, 0x3F, 0x3C, 0xFF,
    0x45, 0x41, 0x3E, 0xFF, 0x47, 0x42, 0x40, 0xFF, 0x48, 0x44, 0x41, 0xFF, 0x49, 0x45, 0x41, 0xFF,
    0x4B, 0x46, 0x44, 0xFF, 0x4D, 0x48, 0x46, 0xFF, 0x4E, 0x49, 0x47, 0xFF, 0x4E, 0x49, 0x49, 0xFF,
    0x50, 0x4B, 0x4B, 0xFF, 0x53, 0x4E, 0x4C, 0xFF, 0x55, 0x50, 0x4F, 0xFE, 0x56, 0x51, 0x50, 0xFE,
    0x57, 0x52, 0x51, 0xFF, 0x59, 0x54, 0x53, 0xFF, 0x5B, 0x56, 0x56, 0xFF, 0x5E, 0x59, 0x57, 0xFF,
    0x61, 0x5C, 0x5A, 0xFF, 0x64, 0x5F, 0x5E, 0xFF, 0x66, 0x62, 0x60, 0xFF, 0x6A, 0x65, 0x64, 0xFF,
    0x6D, 0x68, 0x68, 0xFF, 0x6F, 0x6A, 0x68, 0xFF, 0x70, 0x6B, 0x6A, 0xFF, 0x70, 0x6B, 0x6A, 0xFF,
    0x73, 0x6E, 0x6B, 0xFF, 0x76, 0x71, 0x6E, 0xFF, 0x79, 0x74, 0x74, 0xFF, 0x7D, 0x78, 0x76, 0xFF,
    0x7F, 0x7A, 0x78, 0xFF, 0x82, 0x7D, 0x7D, 0xFF, 0x86, 0x80, 0x80, 0xFF, 0x8A, 0x85, 0x82, 0xFF,
    0x8D, 0x88, 0x87, 0xFF, 0x8F, 0x8B, 0x89, 0xFF, 0x93, 0x8F, 0x8C, 0xFF, 0x96, 0x91, 0x90, 0xFF,
    0x99, 0x94, 0x92, 0xFF, 0x9C, 0x97, 0x95, 0xFF, 0x9E, 0x99, 0x96, 0xFF, 0xA3, 0x9F, 0x9B, 0xFF,
    0xA7, 0xA3, 0x9F, 0xFF, 0xAB, 0xA8, 0xA5, 0xFF, 0xAF, 0xAB, 0xA8, 0xFF, 0xB4, 0xAF, 0xAF, 0xFF,
    0xB6, 0xB1, 0xB1, 0xFF, 0xB7, 0xB2, 0xB0, 0xFF, 0xB3, 0xB0, 0xAD, 0xFF, 0xB9, 0xB5, 0xB2, 0xFE,
    0x4E, 0x4D, 0x4C, 0xE0, 0x1E, 0x1D, 0x1A, 0xA5, 0x30, 0x2B, 0x28, 0xFF, 0x47, 0x44, 0x40, 0xF2,
    0x62, 0x5C, 0x58, 0xFA, 0x84, 0x7D, 0x7A, 0xFF, 0xC8, 0xC2, 0xC0, 0xFF, 0x80, 0x7B, 0x78, 0xFF,
    0x46, 0x42, 0x3F, 0xFF, 0x2F, 0x2D, 0x2B, 0xFF, 0x4F, 0x4B, 0x4A, 0xFF, 0xBA, 0xB5, 0xB3, 0xF7,
    0x93, 0x8F, 0x8E, 0xDA, 0xC5, 0xC0, 0xBD, 0xFF, 0xA5, 0xA1, 0x9D, 0xFE, 0x6D, 0x68, 0x65, 0xFF,
    0x59, 0x53, 0x51, 0xFF, 0x56, 0x51, 0x4E, 0xFF, 0x59, 0x53, 0x51, 0xFF, 0x5B, 0x55, 0x54, 0xFF,
    0x5B, 0x55, 0x54, 0xFF, 0x5B, 0x55, 0x53, 0xFF, 0x55, 0x4F, 0x4C, 0xFF, 0x4A, 0x47, 0x42, 0xFB,
    0x41, 0x3E, 0x39, 0xFF, 0x2C, 0x2A, 0x2A, 0x8F, 0x00, 0x00, 0x00, 0x00, 0x3F, 0x3F, 0x3F, 0x04,
    0x00, 0x00, 0x00, 0x00, 0x00, 0x00, 0x00, 0x00, 0x00, 0x00, 0x00, 0x00, 0x00, 0x00, 0x00, 0x00,
    0x00, 0x00, 0x00, 0x00, 0x00, 0x00, 0x00, 0x00, 0x00, 0x00, 0x00, 0x00, 0x00, 0x00, 0x00, 0x00,
    0x00, 0x00, 0x00, 0x00, 0x00, 0x00, 0x00, 0x00, 0x00, 0x00, 0x00, 0x00, 0x00, 0x00, 0x00, 0x00,
    0x00, 0x00, 0x00, 0x00, 0x00, 0x00, 0x00, 0x00, 0x00, 0x00, 0x00, 0x00, 0x00, 0x00, 0x00, 0x00,
    0x00, 0x00, 0x00, 0x02, 0x00, 0x00, 0x00, 0x00, 0x19, 0x19, 0x1F, 0x28, 0x37, 0x34, 0x32, 0xFD,
    0x4D, 0x49, 0x45, 0xFF, 0x5A, 0x55, 0x52, 0xFE, 0x66, 0x60, 0x5D, 0xFF, 0x69, 0x63, 0x61, 0xFF,
    0x67, 0x62, 0x5F, 0xFF, 0x65, 0x5E, 0x5C, 0xFF, 0x63, 0x5D, 0x5B, 0xFF, 0x63, 0x5E, 0x5B, 0xFF,
    0x6B, 0x66, 0x64, 0xFF, 0x95, 0x8F, 0x8D, 0xFF, 0xCE, 0xCA, 0xC5, 0xFF, 0x68, 0x65, 0x61, 0xFD,
    0x3D, 0x3A, 0x36, 0xF6, 0x86, 0x82, 0x7E, 0xFF, 0x37, 0x33, 0x30, 0xFF, 0x43, 0x3F, 0x3E, 0xFF,
    0x68, 0x63, 0x61, 0xFF, 0xBB, 0xB6, 0xB2, 0xFF, 0x7F, 0x7A, 0x77, 0xFF, 0x28, 0x23, 0x21, 0xFF,
    0x51, 0x4D, 0x4A, 0xFD, 0x59, 0x53, 0x52, 0xFF, 0x3A, 0x36, 0x34, 0xD1, 0x1F, 0x1D, 0x1D, 0xAB,
    0x2B, 0x28, 0x29, 0xFF, 0x2B, 0x29, 0x28, 0xFE, 0x2D, 0x2B, 0x2B, 0xFF, 0x2F, 0x2D, 0x2D, 0xFF,
    0x30, 0x2F, 0x2E, 0xFF, 0x33, 0x31, 0x30, 0xFF, 0x38, 0x34, 0x30, 0xFF, 0x3A, 0x36, 0x32, 0xFF,
    0x3C, 0x39, 0x36, 0xFF, 0x3F, 0x3B, 0x37, 0xFF, 0x41, 0x3D, 0x39, 0xFF, 0x43, 0x40, 0x3C, 0xFF,
    0x45, 0x41, 0x3D, 0xFF, 0x47, 0x43, 0x40, 0xFF, 0x49, 0x44, 0x42, 0xFF, 0x49, 0x45, 0x42, 0xFF,
    0x4B, 0x46, 0x43, 0xFF, 0x4D, 0x48, 0x45, 0xFF, 0x4E, 0x49, 0x46, 0xFF, 0x4E, 0x4A, 0x49, 0xFF,
    0x53, 0x4F, 0x4D, 0xFF, 0x58, 0x52, 0x50, 0xFF, 0x5A, 0x54, 0x53, 0xFF, 0x5B, 0x57, 0x56, 0xFF,
    0x5E, 0x59, 0x56, 0xFF, 0x60, 0x5B, 0x5A, 0xFF, 0x62, 0x5D, 0x5B, 0xFF, 0x64, 0x5F, 0x5D, 0xFF,
    0x67, 0x62, 0x60, 0xFF, 0x6A, 0x65, 0x63, 0xFF, 0x6C, 0x67, 0x67, 0xFF, 0x70, 0x6A, 0x6A, 0xFF,
    0x72, 0x6D, 0x6C, 0xFF, 0x74, 0x6F, 0x6D, 0xFF, 0x75, 0x70, 0x6F, 0xFF, 0x77, 0x71, 0x6F, 0xFF,
    0x7A, 0x74, 0x73, 0xFF, 0x7D, 0x78, 0x76, 0xFF, 0x7F, 0x7A, 0x79, 0xFF, 0x82, 0x7E, 0x7C, 0xFF,
    0x83, 0x7D, 0x7A, 0xFF, 0x82, 0x7C, 0x7A, 0xFF, 0x86, 0x81, 0x7E, 0xFF, 0x88, 0x83, 0x81, 0xFF,
    0x8C, 0x87, 0x85, 0xFF, 0x90, 0x8A, 0x8A, 0xFF, 0x93, 0x8E, 0x8D, 0xFF, 0x96, 0x91, 0x90, 0xFF,
    0x9A, 0x93, 0x92, 0xFF, 0x9C, 0x97, 0x94, 0xFF, 0x9F, 0x9A, 0x97, 0xFF, 0xA3, 0x9F, 0x9C, 0xFF,
    0xA8, 0xA3, 0xA0, 0xFF, 0xAC, 0xA8, 0xA5, 0xFF, 0xB0, 0xAC, 0xAA, 0xFF, 0xB4, 0xB1, 0xAE, 0xFF,
    0xB7, 0xB2, 0xB1, 0xFF, 0xB6, 0xB2, 0xB0, 0xFF, 0xB3, 0xB0, 0xAC, 0xFE, 0xBF, 0xBB, 0xB7, 0xFF,
    0x80, 0x7F, 0x7E, 0xDC, 0x0F, 0x0F, 0x0D, 0x88, 0x2E, 0x2A, 0x27, 0xFF, 0x42, 0x3E, 0x39, 0xFC,
    0x5C, 0x57, 0x54, 0xFF, 0x80, 0x7B, 0x78, 0xFF, 0xC5, 0xC0, 0xBD, 0xFF, 0x7F, 0x7A, 0x78, 0xFF,
    0x45, 0x42, 0x40, 0xFF, 0x2A, 0x28, 0x27, 0xFF, 0x74, 0x6F, 0x6C, 0xFF, 0xBA, 0xB6, 0xB3, 0xED,
    0x94, 0x92, 0x90, 0xE3, 0xCD, 0xC9, 0xC6, 0xFF, 0xA0, 0x9B, 0x98, 0xFE, 0x6A, 0x65, 0x61, 0xFF,
    0x57, 0x52, 0x4E, 0xFF, 0x57, 0x51, 0x4F, 0xFF, 0x58, 0x53, 0x51, 0xFF, 0x5B, 0x56, 0x54, 0xFF,
    0x5D, 0x57, 0x55, 0xFF, 0x5A, 0x56, 0x54, 0xFF, 0x54, 0x4F, 0x4D, 0xFF, 0x49, 0x45, 0x41, 0xFB,
    0x40, 0x3D, 0x39, 0xFF, 0x2B, 0x29, 0x27, 0x8E, 0x00, 0x00, 0x00, 0x00, 0x3F, 0x3F, 0x3F, 0x04,
    0x00, 0x00, 0x00, 0x00, 0x00, 0x00, 0x00, 0x00, 0x00, 0x00, 0x00, 0x00, 0x00, 0x00, 0x00, 0x00,
    0x00, 0x00, 0x00, 0x00, 0x00, 0x00, 0x00, 0x00, 0x00, 0x00, 0x00, 0x00, 0x00, 0x00, 0x00, 0x00,
    0x00, 0x00, 0x00, 0x00, 0x00, 0x00, 0x00, 0x00, 0x00, 0x00, 0x00, 0x00, 0x00, 0x00, 0x00, 0x00,
    0x00, 0x00, 0x00, 0x00, 0x00, 0x00, 0x00, 0x00, 0x00, 0x00, 0x00, 0x00, 0x00, 0x00, 0x00, 0x00,
    0x00, 0x00, 0x00, 0x02, 0x00, 0x00, 0x00, 0x00, 0x24, 0x24, 0x1B, 0x1C, 0x36, 0x33, 0x32, 0xF8,
    0x4C, 0x48, 0x45, 0xFF, 0x58, 0x53, 0x50, 0xFE, 0x65, 0x5E, 0x5C, 0xFF, 0x67, 0x62, 0x5F, 0xFF,
    0x67, 0x61, 0x5F, 0xFF, 0x64, 0x5E, 0x5C, 0xFF, 0x63, 0x5D, 0x59, 0xFF, 0x62, 0x5D, 0x5A, 0xFF,
    0x6A, 0x65, 0x62, 0xFF, 0x8C, 0x88, 0x85, 0xFF, 0xCD, 0xCA, 0xC5, 0xFF, 0x80, 0x7C, 0x77, 0xFF,
    0x2D, 0x2A, 0x26, 0xF7, 0x85, 0x80, 0x7D, 0xFF, 0x4E, 0x4B, 0x4A, 0xFF, 0x40, 0x3C, 0x3C, 0xFF,
    0x69, 0x64, 0x61, 0xFF, 0xBB, 0xB7, 0xB3, 0xFF, 0x7F, 0x7A, 0x76, 0xFF, 0x27, 0x23, 0x20, 0xFF,
    0x50, 0x4C, 0x4A, 0xFF, 0x4D, 0x48, 0x47, 0xFF, 0x5C, 0x59, 0x55, 0xF9, 0x41, 0x3E, 0x3C, 0xE7,
    0x24, 0x23, 0x22, 0xFF, 0x2D, 0x2B, 0x2A, 0xFF, 0x2E, 0x2C, 0x2B, 0xFF, 0x30, 0x2D, 0x2C, 0xFF,
    0x31, 0x2F, 0x2F, 0xFF, 0x34, 0x31, 0x30, 0xFF, 0x38, 0x35, 0x31, 0xFF, 0x3A, 0x36, 0x33, 0xFF,
    0x3C, 0x39, 0x35, 0xFF, 0x3E, 0x3B, 0x37, 0xFF, 0x41, 0x3E, 0x3A, 0xFF, 0x43, 0x3F, 0x3C, 0xFF,
    0x45, 0x41, 0x3D, 0xFF, 0x48, 0x44, 0x40, 0xFF, 0x48, 0x45, 0x41, 0xFF, 0x4A, 0x46, 0x43, 0xFF,
    0x4B, 0x48, 0x43, 0xFF, 0x4B, 0x48, 0x43, 0xFF, 0x4F, 0x4B, 0x47, 0xFF, 0x53, 0x4E, 0x4C, 0xFF,
    0x4B, 0x48, 0x45, 0xF2, 0x43, 0x3E, 0x3B, 0xF3, 0x41, 0x3E, 0x3A, 0xE9, 0x3F, 0x3C, 0x3A, 0xED,
    0x3E, 0x3B, 0x37, 0xF2, 0x3D, 0x3A, 0x35, 0xF6, 0x3C, 0x39, 0x35, 0xFA, 0x3C, 0x39, 0x35, 0xFF,
    0x3F, 0x3B, 0x37, 0xFF, 0x3F, 0x3C, 0x39, 0xFF, 0x41, 0x3E, 0x3A, 0xFF, 0x43, 0x40, 0x3C, 0xFF,
    0x45, 0x40, 0x3D, 0xFF, 0x47, 0x42, 0x3F, 0xFF, 0x49, 0x45, 0x42, 0xFF, 0x4A, 0x47, 0x43, 0xFF,
    0x4E, 0x4A, 0x46, 0xFF, 0x54, 0x50, 0x4D, 0xFF, 0x5C, 0x57, 0x55, 0xFF, 0x65, 0x61, 0x5F, 0xFF,
    0x73, 0x6E, 0x6C, 0xFF, 0x87, 0x81, 0x7F, 0xFF, 0x86, 0x80, 0x7E, 0xFF, 0x88, 0x84, 0x81, 0xFF,
    0x8D, 0x87, 0x85, 0xFF, 0x91, 0x8B, 0x8A, 0xFF, 0x94, 0x8E, 0x8E, 0xFF, 0x97, 0x91, 0x8F, 0xFF,
    0x99, 0x95, 0x93, 0xFF, 0x9C, 0x98, 0x95, 0xFF, 0xA0, 0x9C, 0x99, 0xFF, 0xA3, 0x9F, 0x9C, 0xFF,
    0xA8, 0xA4, 0xA0, 0xFF, 0xAD, 0xA8, 0xA6, 0xFF, 0xB1, 0xAD, 0xAA, 0xFF, 0xB4, 0xB1, 0xAE, 0xFF,
    0xB7, 0xB3, 0xB2, 0xFF, 0xB7, 0xB3, 0xB1, 0xFF, 0xB5, 0xB1, 0xAF, 0xFF, 0xB8, 0xB4, 0xB1, 0xFF,
    0xA0, 0x9D, 0x9B, 0xF8, 0x3C, 0x3A, 0x38, 0xE8, 0x26, 0x24, 0x21, 0xFF, 0x3F, 0x3B, 0x36, 0xFE,
    0x57, 0x52, 0x4F, 0xFF, 0x7E, 0x79, 0x76, 0xFF, 0xC5, 0xC0, 0xBD, 0xFF, 0x7F, 0x7A, 0x77, 0xFF,
    0x45, 0x40, 0x40, 0xFF, 0x2E, 0x2B, 0x2A, 0xFE, 0x95, 0x91, 0x8E, 0xFF, 0xAE, 0xAB, 0xA8, 0xE3,
    0x9C, 0x97, 0x95, 0xF0, 0xCF, 0xCA, 0xC8, 0xFF, 0x99, 0x95, 0x92, 0xFE, 0x67, 0x62, 0x5F, 0xFF,
    0x56, 0x50, 0x4F, 0xFF, 0x55, 0x4F, 0x4E, 0xFF, 0x57, 0x52, 0x4F, 0xFF, 0x5B, 0x55, 0x53, 0xFF,
    0x5B, 0x56, 0x55, 0xFF, 0x5B, 0x56, 0x53, 0xFF, 0x54, 0x4F, 0x4B, 0xFF, 0x48, 0x44, 0x40, 0xFB,
    0x3E, 0x3B, 0x37, 0xFF, 0x28, 0x28, 0x24, 0x85, 0x00, 0x00, 0x00, 0x00, 0x3F, 0x3F, 0x3F, 0x04,
    0x00, 0x00, 0x00, 0x00, 0x00, 0x00, 0x00, 0x00, 0x00, 0x00, 0x00, 0x00, 0x00, 0x00, 0x00, 0x00,
    0x00, 0x00, 0x00, 0x00, 0x00, 0x00, 0x00, 0x00, 0x00, 0x00, 0x00, 0x00, 0x00, 0x00, 0x00, 0x00,
    0x00, 0x00, 0x00, 0x00, 0x00, 0x00, 0x00, 0x00, 0x00, 0x00, 0x00, 0x00, 0x00, 0x00, 0x00, 0x00,
    0x00, 0x00, 0x00, 0x00, 0x00, 0x00, 0x00, 0x00, 0x00, 0x00, 0x00, 0x00, 0x00, 0x00, 0x00, 0x00,
    0x00, 0x00, 0x00, 0x02, 0x00, 0x00, 0x00, 0x00, 0x1C, 0x1C, 0x1C, 0x1B, 0x33, 0x30, 0x2F, 0xF8,
    0x4A, 0x46, 0x43, 0xFF, 0x56, 0x50, 0x4E, 0xFE, 0x5F, 0x5A, 0x57, 0xFF, 0x63, 0x5E, 0x5C, 0xFF,
    0x63, 0x5F, 0x5C, 0xFF, 0x63, 0x5D, 0x5B, 0xFF, 0x62, 0x5D, 0x5A, 0xFF, 0x62, 0x5C, 0x59, 0xFF,
    0x6B, 0x66, 0x63, 0xFF, 0x85, 0x81, 0x7E, 0xFF, 0xCA, 0xC7, 0xC3, 0xFF, 0x95, 0x91, 0x8B, 0xFF,
    0x2C, 0x29, 0x26, 0xF6, 0x6F, 0x6B, 0x67, 0xFC, 0x6C, 0x68, 0x65, 0xFF, 0x3F, 0x3A, 0x39, 0xFF,
    0x69, 0x63, 0x5F, 0xFF, 0xBC, 0xB6, 0xB2, 0xFF, 0x7E, 0x79, 0x75, 0xFF, 0x26, 0x23, 0x20, 0xFD,
    0x51, 0x4E, 0x4A, 0xFB, 0x49, 0x44, 0x41, 0xFF, 0x69, 0x64, 0x61, 0xFF, 0x3D, 0x3A, 0x39, 0xFF,
    0x26, 0x24, 0x23, 0xFF, 0x2D, 0x2A, 0x2A, 0xFF, 0x2E, 0x2C, 0x2B, 0xFF, 0x2F, 0x2D, 0x2D, 0xFF,
    0x32, 0x30, 0x2E, 0xFF, 0x35, 0x32, 0x2F, 0xFF, 0x38, 0x35, 0x31, 0xFF, 0x3A, 0x36, 0x32, 0xFF,
    0x3C, 0x38, 0x34, 0xFF, 0x3E, 0x3A, 0x37, 0xFF, 0x40, 0x3D, 0x3A, 0xFF, 0x43, 0x3F, 0x3C, 0xFF,
    0x45, 0x41, 0x3D, 0xFF, 0x46, 0x43, 0x40, 0xFF, 0x49, 0x45, 0x41, 0xFF, 0x4A, 0x47, 0x43, 0xFF,
    0x4B, 0x47, 0x44, 0xFF, 0x4C, 0x48, 0x44, 0xFF, 0x4F, 0x4C, 0x47, 0xFD, 0x35, 0x31, 0x2F, 0xE6,
    0x25, 0x22, 0x1F, 0xE2, 0x28, 0x27, 0x21, 0xF1, 0x2A, 0x29, 0x24, 0xF4, 0x2F, 0x2D, 0x29, 0xF7,
    0x33, 0x31, 0x2E, 0xF9, 0x36, 0x34, 0x30, 0xFB, 0x3B, 0x38, 0x35, 0xFD, 0x3F, 0x3C, 0x38, 0xFF,
    0x43, 0x40, 0x3C, 0xFF, 0x47, 0x43, 0x40, 0xFF, 0x4B, 0x47, 0x45, 0xFF, 0x4E, 0x4A, 0x48, 0xFF,
    0x50, 0x4D, 0x49, 0xFF, 0x54, 0x50, 0x4C, 0xFF, 0x58, 0x54, 0x50, 0xFF, 0x5B, 0x58, 0x53, 0xFF,
    0x5F, 0x5B, 0x58, 0xFF, 0x63, 0x60, 0x5C, 0xFF, 0x6C, 0x68, 0x65, 0xFF, 0x7E, 0x7A, 0x76, 0xFF,
    0x82, 0x7F, 0x7B, 0xFE, 0x6D, 0x69, 0x66, 0xFA, 0x89, 0x84, 0x82, 0xFE, 0x89, 0x84, 0x81, 0xFF,
    0x8D, 0x88, 0x85, 0xFF, 0x91, 0x8C, 0x89, 0xFF, 0x93, 0x8E, 0x8D, 0xFF, 0x96, 0x91, 0x8F, 0xFF,
    0x99, 0x94, 0x92, 0xFF, 0x9C, 0x99, 0x95, 0xFF, 0x9F, 0x9C, 0x99, 0xFF, 0xA4, 0xA0, 0x9C, 0xFF,
    0xA8, 0xA5, 0xA1, 0xFF, 0xAD, 0xA9, 0xA6, 0xFF, 0xB1, 0xAD, 0xAA, 0xFF, 0xB5, 0xB0, 0xAF, 0xFF,
    0xB9, 0xB4, 0xB2, 0xFF, 0xB9, 0xB4, 0xB2, 0xFF, 0xB7, 0xB3, 0xB0, 0xFF, 0xB8, 0xB4, 0xB0, 0xFF,
    0xAB, 0xA8, 0xA4, 0xFF, 0x4E, 0x4B, 0x48, 0xFE, 0x24, 0x21, 0x1E, 0xFF, 0x3E, 0x38, 0x36, 0xFF,
    0x54, 0x4F, 0x4C, 0xFF, 0x7E, 0x77, 0x74, 0xFF, 0xC5, 0xBF, 0xBB, 0xFF, 0x80, 0x7A, 0x78, 0xFF,
    0x43, 0x3E, 0x3C, 0xFF, 0x3C, 0x38, 0x38, 0xFE, 0xAE, 0xA9, 0xA7, 0xFF, 0xA2, 0x9F, 0x9E, 0xD6,
    0xA8, 0xA4, 0xA1, 0xF8, 0xCD, 0xC8, 0xC6, 0xFF, 0x93, 0x8E, 0x8B, 0xFF, 0x64, 0x5F, 0x5C, 0xFF,
    0x56, 0x50, 0x4E, 0xFF, 0x55, 0x50, 0x4E, 0xFF, 0x56, 0x51, 0x4E, 0xFF, 0x58, 0x54, 0x52, 0xFF,
    0x59, 0x55, 0x52, 0xFF, 0x59, 0x54, 0x51, 0xFF, 0x53, 0x4D, 0x4A, 0xFF, 0x47, 0x43, 0x3E, 0xFB,
    0x3D, 0x38, 0x35, 0xFF, 0x2A, 0x2A, 0x26, 0x72, 0x00, 0x00, 0x00, 0x00, 0x3F, 0x3F, 0x3F, 0x04,
    0x00, 0x00, 0x00, 0x00, 0x00, 0x00, 0x00, 0x00, 0x00, 0x00, 0x00, 0x00, 0x00, 0x00, 0x00, 0x00,
    0x00, 0x00, 0x00, 0x00, 0x00, 0x00, 0x00, 0x00, 0x00, 0x00, 0x00, 0x00, 0x00, 0x00, 0x00, 0x00,
    0x00, 0x00, 0x00, 0x00, 0x00, 0x00, 0x00, 0x00, 0x00, 0x00, 0x00, 0x00, 0x00, 0x00, 0x00, 0x00,
    0x00, 0x00, 0x00, 0x00, 0x00, 0x00, 0x00, 0x00, 0x00, 0x00, 0x00, 0x00, 0x00, 0x00, 0x00, 0x00,
    0x00, 0x00, 0x00, 0x01, 0x00, 0x00, 0x00, 0x00, 0x14, 0x14, 0x14, 0x19, 0x2F, 0x2C, 0x2A, 0xF6,
    0x47, 0x43, 0x3F, 0xFF, 0x52, 0x4D, 0x49, 0xFE, 0x5A, 0x55, 0x52, 0xFF, 0x5F, 0x5A, 0x57, 0xFF,
    0x61, 0x5C, 0x5A, 0xFF, 0x60, 0x5B, 0x5A, 0xFF, 0x5F, 0x5A, 0x58, 0xFF, 0x61, 0x5B, 0x58, 0xFF,
    0x69, 0x63, 0x60, 0xFF, 0x81, 0x7B, 0x78, 0xFF, 0xC6, 0xC3, 0xBE, 0xFF, 0xA7, 0xA3, 0x9E, 0xFF,
    0x39, 0x34, 0x33, 0xFC, 0x4F, 0x4A, 0x48, 0xFD, 0x7F, 0x7B, 0x77, 0xFF, 0x43, 0x3E, 0x3B, 0xFF,
    0x66, 0x60, 0x5E, 0xFF, 0xB8, 0xB3, 0xB0, 0xFF, 0x7D, 0x78, 0x75, 0xFF, 0x27, 0x24, 0x20, 0xFE,
    0x52, 0x4D, 0x49, 0xFE, 0x4A, 0x45, 0x42, 0xFF, 0x67, 0x62, 0x5E, 0xFF, 0x2C, 0x2B, 0x29, 0xFE,
    0x29, 0x26, 0x26, 0xFF, 0x2C, 0x2A, 0x2A, 0xFF, 0x2E, 0x2C, 0x2C, 0xFF, 0x30, 0x2E, 0x2E, 0xFF,
    0x34, 0x31, 0x2F, 0xFF, 0x37, 0x34, 0x2F, 0xFF, 0x38, 0x34, 0x31, 0xFF, 0x3A, 0x36, 0x33, 0xFF,
    0x3C, 0x38, 0x34, 0xFF, 0x3E, 0x3A, 0x37, 0xFF, 0x40, 0x3C, 0x39, 0xFF, 0x43, 0x40, 0x3B, 0xFF,
    0x43, 0x41, 0x3D, 0xFF, 0x46, 0x43, 0x40, 0xFF, 0x48, 0x45, 0x41, 0xFF, 0x4A, 0x46, 0x42, 0xFF,
    0x4B, 0x46, 0x42, 0xFF, 0x4D, 0x4A, 0x46, 0xFE, 0x3E, 0x3B, 0x38, 0xFC, 0x26, 0x24, 0x23, 0xFB,
    0x3B, 0x38, 0x35, 0xFF, 0x44, 0x40, 0x3D, 0xFF, 0x47, 0x45, 0x40, 0xFF, 0x4C, 0x49, 0x45, 0xFF,
    0x51, 0x4B, 0x4A, 0xFF, 0x53, 0x50, 0x4D, 0xFF, 0x57, 0x53, 0x52, 0xFF, 0x5A, 0x56, 0x54, 0xFF,
    0x5E, 0x5B, 0x58, 0xFF, 0x61, 0x5D, 0x5A, 0xFF, 0x65, 0x60, 0x5F, 0xFF, 0x68, 0x63, 0x62, 0xFF,
    0x6C, 0x68, 0x65, 0xFF, 0x70, 0x6C, 0x69, 0xFF, 0x74, 0x70, 0x6D, 0xFF, 0x7A, 0x75, 0x72, 0xFF,
    0x81, 0x7D, 0x79, 0xFF, 0x87, 0x82, 0x7F, 0xFF, 0x8E, 0x8A, 0x86, 0xFF, 0x99, 0x95, 0x90, 0xFF,
    0xCD, 0xCA, 0xC6, 0xFF, 0x8E, 0x8B, 0x87, 0xFA, 0x67, 0x63, 0x60, 0xFE, 0x90, 0x8B, 0x8A, 0xFF,
    0x8C, 0x86, 0x84, 0xFF, 0x91, 0x8C, 0x89, 0xFF, 0x94, 0x8E, 0x8C, 0xFF, 0x96, 0x92, 0x8E, 0xFF,
    0x9A, 0x95, 0x92, 0xFF, 0x9C, 0x98, 0x95, 0xFF, 0x9F, 0x9C, 0x99, 0xFF, 0xA4, 0xA1, 0x9D, 0xFF,
    0xA8, 0xA5, 0xA2, 0xFF, 0xAD, 0xAA, 0xA6, 0xFF, 0xB1, 0xAD, 0xAB, 0xFF, 0xB6, 0xB1, 0xAF, 0xFF,
    0xB9, 0xB4, 0xB2, 0xFF, 0xBA, 0xB6, 0xB4, 0xFF, 0xB9, 0xB5, 0xB4, 0xFF, 0xB7, 0xB4, 0xAF, 0xFF,
    0xB3, 0xAF, 0xAB, 0xFF, 0x5D, 0x59, 0x56, 0xF8, 0x25, 0x22, 0x20, 0xFF, 0x3C, 0x37, 0x35, 0xF9,
    0x53, 0x4E, 0x4B, 0xF6, 0x7C, 0x76, 0x74, 0xFF, 0xC2, 0xBE, 0xB9, 0xFF, 0x7F, 0x7A, 0x78, 0xFF,
    0x3F, 0x3B, 0x3A, 0xFF, 0x56, 0x53, 0x51, 0xFF, 0xBA, 0xB6, 0xB3, 0xFC, 0x94, 0x91, 0x8E, 0xD6,
    0xB4, 0xAF, 0xAC, 0xFF, 0xC9, 0xC5, 0xC2, 0xFF, 0x8C, 0x86, 0x84, 0xFF, 0x63, 0x5D, 0x5C, 0xFF,
    0x56, 0x51, 0x50, 0xFF, 0x54, 0x4F, 0x4D, 0xFF, 0x54, 0x4F, 0x4F, 0xFF, 0x55, 0x50, 0x4F, 0xFF,
    0x56, 0x50, 0x4E, 0xFF, 0x55, 0x4F, 0x4D, 0xFF, 0x4F, 0x4B, 0x48, 0xFF, 0x43, 0x40, 0x3C, 0xFC,
    0x3B, 0x38, 0x33, 0xFF, 0x33, 0x33, 0x30, 0x55, 0x00, 0x00, 0x00, 0x00, 0x3F, 0x3F, 0x3F, 0x04,
    0x00, 0x00, 0x00, 0x00, 0x00, 0x00, 0x00, 0x00, 0x00, 0x00, 0x00, 0x00, 0x00, 0x00, 0x00, 0x00,
    0x00, 0x00, 0x00, 0x00, 0x00, 0x00, 0x00, 0x00, 0x00, 0x00, 0x00, 0x00, 0x00, 0x00, 0x00, 0x00,
    0x00, 0x00, 0x00, 0x00, 0x00, 0x00, 0x00, 0x00, 0x00, 0x00, 0x00, 0x00, 0x00, 0x00, 0x00, 0x00,
    0x00, 0x00, 0x00, 0x00, 0x00, 0x00, 0x00, 0x00, 0x00, 0x00, 0x00, 0x00, 0x00, 0x00, 0x00, 0x00,
    0x00, 0x00, 0x00, 0x01, 0x00, 0x00, 0x00, 0x00, 0x00, 0x00, 0x00, 0x0D, 0x2C, 0x2A, 0x29, 0xE5,
    0x44, 0x3F, 0x3C, 0xFF, 0x4E, 0x49, 0x46, 0xFD, 0x56, 0x51, 0x4E, 0xFF, 0x5B, 0x55, 0x52, 0xFF,
    0x5C, 0x56, 0x54, 0xFF, 0x5C, 0x56, 0x54, 0xFF, 0x5C, 0x57, 0x55, 0xFF, 0x60, 0x59, 0x58, 0xFF,
    0x66, 0x60, 0x5D, 0xFF, 0x7B, 0x76, 0x73, 0xFF, 0xC0, 0xBB, 0xB7, 0xFF, 0xB6, 0xB3, 0xAF, 0xFF,
    0x49, 0x46, 0x43, 0xFB, 0x34, 0x2F, 0x2C, 0xF5, 0x85, 0x80, 0x7C, 0xFF, 0x55, 0x4F, 0x4C, 0xFF,
    0x63, 0x5C, 0x5A, 0xFF, 0xB5, 0xB1, 0xAD, 0xFF, 0x7C, 0x78, 0x74, 0xFF, 0x26, 0x25, 0x20, 0xFF,
    0x51, 0x4D, 0x49, 0xFF, 0x4C, 0x47, 0x44, 0xFF, 0x66, 0x61, 0x5D, 0xFF, 0x24, 0x23, 0x20, 0xFF,
    0x2C, 0x29, 0x29, 0xFF, 0x2D, 0x2A, 0x2A, 0xFF, 0x2F, 0x2E, 0x2C, 0xFF, 0x30, 0x2F, 0x2E, 0xFF,
    0x32, 0x30, 0x2E, 0xFF, 0x37, 0x33, 0x2F, 0xFF, 0x39, 0x35, 0x32, 0xFF, 0x3B, 0x35, 0x33, 0xFF,
    0x3C, 0x38, 0x34, 0xFF, 0x3D, 0x39, 0x36, 0xFF, 0x40, 0x3D, 0x39, 0xFF, 0x42, 0x3F, 0x3B, 0xFF,
    0x44, 0x41, 0x3D, 0xFF, 0x47, 0x43, 0x3F, 0xFF, 0x48, 0x44, 0x41, 0xFF, 0x4A, 0x46, 0x43, 0xFF,
    0x47, 0x43, 0x3F, 0xFF, 0x5F, 0x5C, 0x58, 0xFF, 0x52, 0x51, 0x4C, 0xFF, 0x33, 0x30, 0x2E, 0xFF,
    0x44, 0x41, 0x3E, 0xFE, 0x4A, 0x46, 0x44, 0xFF, 0x4F, 0x4B, 0x48, 0xFF, 0x53, 0x4E, 0x4B, 0xFF,
    0x57, 0x53, 0x4F, 0xFF, 0x5B, 0x57, 0x54, 0xFF, 0x5E, 0x59, 0x57, 0xFF, 0x62, 0x5D, 0x5B, 0xFF,
    0x66, 0x62, 0x5E, 0xFF, 0x69, 0x65, 0x61, 0xFF, 0x6E, 0x69, 0x65, 0xFF, 0x73, 0x6E, 0x6A, 0xFF,
    0x77, 0x72, 0x6E, 0xFF, 0x7C, 0x76, 0x73, 0xFF, 0x7E, 0x7A, 0x77, 0xFF, 0x85, 0x80, 0x7D, 0xFF,
    0x8C, 0x88, 0x83, 0xFF, 0x94, 0x8F, 0x8A, 0xFF, 0x9C, 0x97, 0x92, 0xFF, 0xA4, 0xA0, 0x99, 0xFF,
    0xC8, 0xC5, 0xBF, 0xFF, 0xE7, 0xE4, 0xDF, 0xFF, 0x6E, 0x6A, 0x65, 0xFF, 0x82, 0x7E, 0x7A, 0xFF,
    0x8E, 0x89, 0x88, 0xFF, 0x90, 0x8B, 0x89, 0xFF, 0x93, 0x8E, 0x8B, 0xFF, 0x96, 0x92, 0x8F, 0xFF,
    0x99, 0x95, 0x91, 0xFF, 0x9C, 0x99, 0x95, 0xFF, 0xA0, 0x9C, 0x98, 0xFF, 0xA5, 0xA1, 0x9E, 0xFF,
    0xA8, 0xA5, 0xA1, 0xFF, 0xAD, 0xA9, 0xA5, 0xFF, 0xB2, 0xAE, 0xAA, 0xFF, 0xB6, 0xB2, 0xB0, 0xFF,
    0xB9, 0xB4, 0xB4, 0xFF, 0xBB, 0xB7, 0xB6, 0xFF, 0xBA, 0xB6, 0xB4, 0xFF, 0xB7, 0xB3, 0xAF, 0xFF,
    0xB9, 0xB4, 0xB2, 0xFF, 0x71, 0x6C, 0x6A, 0xF9, 0x27, 0x22, 0x22, 0xFE, 0x3D, 0x38, 0x35, 0xF4,
    0x54, 0x4E, 0x4B, 0xF4, 0x7B, 0x74, 0x71, 0xFF, 0xBE, 0xBB, 0xB6, 0xFF, 0x7D, 0x78, 0x75, 0xFF,
    0x3F, 0x3C, 0x3A, 0xFF, 0x7E, 0x7B, 0x78, 0xFF, 0xBC, 0xB7, 0xB4, 0xF0, 0x92, 0x8E, 0x8C, 0xD8,
    0xBD, 0xB8, 0xB5, 0xFF, 0xC4, 0xC1, 0xBD, 0xFE, 0x82, 0x7F, 0x7C, 0xFF, 0x5F, 0x5A, 0x57, 0xFF,
    0x54, 0x4F, 0x4D, 0xFF, 0x51, 0x4D, 0x4A, 0xFF, 0x51, 0x4C, 0x49, 0xFF, 0x52, 0x4C, 0x4A, 0xFF,
    0x52, 0x4D, 0x4B, 0xFF, 0x50, 0x4B, 0x48, 0xFF, 0x4A, 0x46, 0x43, 0xFF, 0x40, 0x3D, 0x39, 0xFC,
    0x39, 0x37, 0x33, 0xFF, 0x3A, 0x36, 0x36, 0x4F, 0x00, 0x00, 0x00, 0x00, 0x3F, 0x3F, 0x3F, 0x04,
    0x00, 0x00, 0x00, 0x00, 0x00, 0x00, 0x00, 0x00, 0x00, 0x00, 0x00, 0x00, 0x00, 0x00, 0x00, 0x00,
    0x00, 0x00, 0x00, 0x00, 0x00, 0x00, 0x00, 0x00, 0x00, 0x00, 0x00, 0x00, 0x00, 0x00, 0x00, 0x00,
    0x00, 0x00, 0x00, 0x00, 0x00, 0x00, 0x00, 0x00, 0x00, 0x00, 0x00, 0x00, 0x00, 0x00, 0x00, 0x00,
    0x00, 0x00, 0x00, 0x00, 0x00, 0x00, 0x00, 0x00, 0x00, 0x00, 0x00, 0x00, 0x00, 0x00, 0x00, 0x00,
    0x00, 0x00, 0x00, 0x01, 0x00, 0x00, 0x00, 0x00, 0x00, 0x00, 0x00, 0x01, 0x2C, 0x2B, 0x29, 0xD5,
    0x3F, 0x3B, 0x39, 0xFF, 0x4B, 0x47, 0x44, 0xFD, 0x51, 0x4C, 0x49, 0xFF, 0x55, 0x50, 0x4D, 0xFF,
    0x56, 0x50, 0x4E, 0xFF, 0x57, 0x52, 0x51, 0xFF, 0x5A, 0x53, 0x52, 0xFF, 0x5F, 0x59, 0x57, 0xFF,
    0x65, 0x5E, 0x5D, 0xFF, 0x77, 0x71, 0x6E, 0xFF, 0xB5, 0xB1, 0xAC, 0xFF, 0xC4, 0xBF, 0xBA, 0xFF,
    0x57, 0x52, 0x4F, 0xFD, 0x23, 0x21, 0x1E, 0xE5, 0x77, 0x72, 0x6D, 0xFF, 0x71, 0x6C, 0x69, 0xFF,
    0x5E, 0x58, 0x55, 0xFF, 0xB3, 0xAF, 0xAA, 0xFF, 0x79, 0x75, 0x71, 0xFF, 0x29, 0x27, 0x23, 0xFF,
    0x55, 0x53, 0x4C, 0xFF, 0x56, 0x52, 0x4D, 0xFF, 0x61, 0x5D, 0x59, 0xFF, 0x21, 0x1F, 0x1D, 0xFE,
    0x2C, 0x2A, 0x2A, 0xFE, 0x2D, 0x2B, 0x2B, 0xFE, 0x2F, 0x2E, 0x2D, 0xFF, 0x31, 0x30, 0x2F, 0xFF,
    0x33, 0x32, 0x2E, 0xFF, 0x36, 0x33, 0x2F, 0xFF, 0x39, 0x35, 0x31, 0xFF, 0x3A, 0x36, 0x33, 0xFF,
    0x3C, 0x37, 0x34, 0xFF, 0x3E, 0x39, 0x36, 0xFF, 0x40, 0x3C, 0x38, 0xFF, 0x42, 0x3F, 0x3B, 0xFF,
    0x45, 0x41, 0x3D, 0xFF, 0x46, 0x43, 0x3E, 0xFF, 0x48, 0x44, 0x41, 0xFF, 0x49, 0x45, 0x42, 0xFF,
    0x4C, 0x48, 0x44, 0xFF, 0x6A, 0x6A, 0x66, 0xF1, 0x39, 0x38, 0x41, 0xF3, 0x19, 0x18, 0x2D, 0xFF,
    0x20, 0x1F, 0x39, 0xFF, 0x21, 0x20, 0x3B, 0xFF, 0x24, 0x22, 0x40, 0xFF, 0x24, 0x22, 0x3F, 0xFF,
    0x27, 0x25, 0x43, 0xFF, 0x28, 0x26, 0x46, 0xFF, 0x29, 0x26, 0x48, 0xFF, 0x2A, 0x29, 0x4A, 0xFF,
    0x2C, 0x29, 0x4B, 0xFF, 0x2D, 0x2B, 0x4C, 0xFF, 0x2E, 0x2C, 0x4E, 0xFF, 0x32, 0x2F, 0x4F, 0xFF,
    0x33, 0x30, 0x51, 0xFF, 0x34, 0x32, 0x53, 0xFF, 0x36, 0x34, 0x55, 0xFF, 0x3A, 0x37, 0x58, 0xFF,
    0x3E, 0x3C, 0x5C, 0xFF, 0x43, 0x41, 0x60, 0xFF, 0x49, 0x47, 0x64, 0xFF, 0x52, 0x4F, 0x6A, 0xFF,
    0x63, 0x60, 0x76, 0xFF, 0x85, 0x83, 0x91, 0xFA, 0x6E, 0x6B, 0x6B, 0xFA, 0x69, 0x65, 0x61, 0xFF,
    0x91, 0x8C, 0x89, 0xFF, 0x8E, 0x88, 0x87, 0xFF, 0x93, 0x8E, 0x8C, 0xFF, 0x95, 0x91, 0x8E, 0xFF,
    0x98, 0x95, 0x91, 0xFF, 0x9C, 0x99, 0x95, 0xFF, 0xA0, 0x9D, 0x98, 0xFF, 0xA5, 0xA2, 0x9E, 0xFF,
    0xA9, 0xA5, 0xA0, 0xFF, 0xAC, 0xA9, 0xA5, 0xFF, 0xB1, 0xAD, 0xAA, 0xFF, 0xB7, 0xB1, 0xAF, 0xFF,
    0xBA, 0xB5, 0xB3, 0xFF, 0xBC, 0xB7, 0xB6, 0xFF, 0xBB, 0xB6, 0xB5, 0xFF, 0xB7, 0xB3, 0xB0, 0xFE,
    0xBB, 0xB7, 0xB4, 0xFF, 0x88, 0x84, 0x81, 0xF6, 0x31, 0x2C, 0x2A, 0xFB, 0x40, 0x3A, 0x37, 0xFD,
    0x55, 0x4E, 0x4C, 0xFC, 0x7A, 0x75, 0x70, 0xFF, 0xBD, 0xB8, 0xB4, 0xFF, 0x7B, 0x77, 0x73, 0xFF,
    0x4A, 0x48, 0x43, 0xFE, 0xA7, 0xA2, 0x9F, 0xFF, 0xB2, 0xAE, 0xAC, 0xE2, 0x94, 0x90, 0x8F, 0xE5,
    0xC1, 0xBD, 0xB9, 0xFF, 0xBF, 0xBB, 0xB8, 0xFE, 0x7C, 0x78, 0x75, 0xFF, 0x5D, 0x58, 0x54, 0xFF,
    0x53, 0x4E, 0x4A, 0xFF, 0x4E, 0x4B, 0x47, 0xFF, 0x4E, 0x4A, 0x46, 0xFF, 0x4F, 0x49, 0x47, 0xFF,
    0x4D, 0x49, 0x46, 0xFF, 0x49, 0x46, 0x42, 0xFF, 0x44, 0x40, 0x3C, 0xFF, 0x3E, 0x3A, 0x36, 0xFC,
    0x37, 0x35, 0x31, 0xFF, 0x38, 0x35, 0x32, 0x51, 0x00, 0x00, 0x00, 0x00, 0x3F, 0x3F, 0x3F, 0x04,
    0x00, 0x00, 0x00, 0x00, 0x00, 0x00, 0x00, 0x00, 0x00, 0x00, 0x00, 0x00, 0x00, 0x00, 0x00, 0x00,
    0x00, 0x00, 0x00, 0x00, 0x00, 0x00, 0x00, 0x00, 0x00, 0x00, 0x00, 0x00, 0x00, 0x00, 0x00, 0x00,
    0x00, 0x00, 0x00, 0x00, 0x00, 0x00, 0x00, 0x00, 0x00, 0x00, 0x00, 0x00, 0x00, 0x00, 0x00, 0x00,
    0x00, 0x00, 0x00, 0x00, 0x00, 0x00, 0x00, 0x00, 0x00, 0x00, 0x00, 0x00, 0x00, 0x00, 0x00, 0x00,
    0x00, 0x00, 0x00, 0x00, 0x00, 0x00, 0x00, 0x01, 0x00, 0x00, 0x00, 0x00, 0x2D, 0x2B, 0x2B, 0xCE,
    0x3A, 0x37, 0x34, 0xFF, 0x47, 0x43, 0x3F, 0xFC, 0x4B, 0x47, 0x44, 0xFF, 0x50, 0x4C, 0x48, 0xFF,
    0x51, 0x4D, 0x49, 0xFF, 0x52, 0x4D, 0x4B, 0xFF, 0x56, 0x50, 0x4E, 0xFF, 0x5D, 0x57, 0x54, 0xFF,
    0x63, 0x5D, 0x5B, 0xFF, 0x73, 0x6D, 0x6B, 0xFF, 0xA8, 0xA3, 0x9F, 0xFF, 0xCA, 0xC7, 0xC2, 0xFE,
    0x66, 0x61, 0x5D, 0xFF, 0x26, 0x24, 0x20, 0xE5, 0x58, 0x53, 0x4F, 0xFB, 0x8C, 0x87, 0x83, 0xFF,
    0x60, 0x5A, 0x56, 0xFF, 0xB0, 0xAC, 0xA7, 0xFF, 0x74, 0x70, 0x6C, 0xFF, 0x2C, 0x2A, 0x26, 0xFF,
    0x52, 0x4F, 0x49, 0xFF, 0x5A, 0x56, 0x52, 0xFF, 0x5C, 0x59, 0x55, 0xFE, 0x22, 0x20, 0x1F, 0xFF,
    0x2F, 0x2D, 0x2B, 0xFF, 0x2E, 0x2D, 0x2C, 0xFF, 0x30, 0x2F, 0x2F, 0xFF, 0x32, 0x30, 0x2F, 0xFF,
    0x33, 0x32, 0x2E, 0xFF, 0x35, 0x34, 0x2F, 0xFF, 0x37, 0x34, 0x30, 0xFE, 0x3A, 0x36, 0x32, 0xFE,
    0x3B, 0x37, 0x34, 0xFD, 0x3C, 0x39, 0x35, 0xFD, 0x3F, 0x3C, 0x37, 0xFD, 0x41, 0x3D, 0x39, 0xFD,
    0x43, 0x40, 0x3C, 0xFD, 0x45, 0x42, 0x3E, 0xFD, 0x49, 0x44, 0x41, 0xFD, 0x48, 0x45, 0x41, 0xFE,
    0x50, 0x4D, 0x48, 0xFD, 0x48, 0x47, 0x42, 0xF0, 0x3D, 0x3B, 0x3E, 0xF8, 0x3D, 0x3A, 0x45, 0xFE,
    0x39, 0x36, 0x44, 0xFE, 0x37, 0x34, 0x44, 0xFE, 0x37, 0x34, 0x45, 0xFF, 0x37, 0x33, 0x45, 0xFF,
    0x37, 0x34, 0x46, 0xFF, 0x37, 0x34, 0x47, 0xFF, 0x37, 0x34, 0x48, 0xFF, 0x37, 0x34, 0x49, 0xFF,
    0x37, 0x35, 0x48, 0xFF, 0x38, 0x35, 0x49, 0xFF, 0x3A, 0x36, 0x4C, 0xFF, 0x3C, 0x38, 0x4D, 0xFF,
    0x3E, 0x3B, 0x4E, 0xFF, 0x40, 0x3C, 0x50, 0xFF, 0x41, 0x3E, 0x52, 0xFF, 0x43, 0x40, 0x53, 0xFF,
    0x47, 0x44, 0x56, 0xFF, 0x4A, 0x46, 0x59, 0xFF, 0x4E, 0x4B, 0x5C, 0xFF, 0x51, 0x4D, 0x5D, 0xFE,
    0x54, 0x4F, 0x5C, 0xFE, 0x58, 0x53, 0x5D, 0xFC, 0x6A, 0x66, 0x66, 0xFB, 0x7C, 0x77, 0x75, 0xFE,
    0x8A, 0x86, 0x83, 0xFE, 0x8D, 0x87, 0x84, 0xFE, 0x91, 0x8C, 0x89, 0xFE, 0x93, 0x90, 0x8C, 0xFE,
    0x98, 0x96, 0x92, 0xFD, 0x9C, 0x99, 0x95, 0xFD, 0x9F, 0x9C, 0x98, 0xFD, 0xA4, 0xA1, 0x9C, 0xFD,
    0xA7, 0xA3, 0x9F, 0xFF, 0xAB, 0xA8, 0xA3, 0xFE, 0xB0, 0xAC, 0xA8, 0xFE, 0xB5, 0xB1, 0xAE, 0xFE,
    0xBB, 0xB7, 0xB4, 0xFF, 0xBF, 0xBA, 0xB8, 0xFF, 0xBF, 0xBA, 0xB8, 0xFF, 0xBE, 0xB9, 0xB6, 0xFF,
    0xC2, 0xBF, 0xBC, 0xFF, 0x99, 0x95, 0x92, 0xFF, 0x38, 0x34, 0x31, 0xFC, 0x3E, 0x3A, 0x37, 0xF7,
    0x54, 0x4F, 0x4B, 0xFF, 0x7B, 0x76, 0x73, 0xFF, 0xBD, 0xB8, 0xB5, 0xFF, 0x79, 0x74, 0x71, 0xFF,
    0x64, 0x60, 0x5D, 0xFE, 0xBE, 0xBB, 0xB6, 0xFF, 0xA1, 0x9F, 0x9B, 0xD8, 0x9A, 0x95, 0x91, 0xF3,
    0xC4, 0xBF, 0xBC, 0xFF, 0xB7, 0xB4, 0xB0, 0xFF, 0x77, 0x72, 0x6F, 0xFF, 0x5B, 0x55, 0x53, 0xFF,
    0x4F, 0x4B, 0x47, 0xFF, 0x4A, 0x46, 0x42, 0xFF, 0x4A, 0x45, 0x42, 0xFF, 0x4B, 0x46, 0x43, 0xFF,
    0x48, 0x43, 0x41, 0xFF, 0x44, 0x41, 0x3E, 0xFF, 0x41, 0x3E, 0x3B, 0xFF, 0x3A, 0x39, 0x34, 0xFC,
    0x33, 0x32, 0x2E, 0xFF, 0x2D, 0x2D, 0x2A, 0x4E, 0x00, 0x00, 0x00, 0x00, 0x3F, 0x3F, 0x3F, 0x04,
    0x00, 0x00, 0x00, 0x00, 0x00, 0x00, 0x00, 0x00, 0x00, 0x00, 0x00, 0x00, 0x00, 0x00, 0x00, 0x00,
    0x00, 0x00, 0x00, 0x00, 0x00, 0x00, 0x00, 0x00, 0x00, 0x00, 0x00, 0x00, 0x00, 0x00, 0x00, 0x00,
    0x00, 0x00, 0x00, 0x00, 0x00, 0x00, 0x00, 0x00, 0x00, 0x00, 0x00, 0x00, 0x00, 0x00, 0x00, 0x00,
    0x00, 0x00, 0x00, 0x00, 0x00, 0x00, 0x00, 0x00, 0x00, 0x00, 0x00, 0x00, 0x00, 0x00, 0x00, 0x00,
    0x00, 0x00, 0x00, 0x00, 0x00, 0x00, 0x00, 0x02, 0x00, 0x00, 0x00, 0x00, 0x29, 0x26, 0x26, 0xC5,
    0x35, 0x32, 0x2E, 0xFF, 0x3E, 0x3C, 0x37, 0xFC, 0x47, 0x43, 0x3F, 0xFF, 0x48, 0x45, 0x40, 0xFF,
    0x4B, 0x47, 0x43, 0xFF, 0x4D, 0x49, 0x45, 0xFF, 0x52, 0x4D, 0x4A, 0xFF, 0x59, 0x54, 0x50, 0xFF,
    0x61, 0x5C, 0x58, 0xFF, 0x71, 0x6B, 0x68, 0xFF, 0x9B, 0x96, 0x92, 0xFF, 0xCD, 0xCA, 0xC5, 0xFE,
    0x75, 0x71, 0x6C, 0xFF, 0x31, 0x2D, 0x29, 0xF1, 0x38, 0x33, 0x30, 0xF7, 0x95, 0x90, 0x8C, 0xFF,
    0x6F, 0x69, 0x66, 0xFF, 0xAC, 0xA7, 0xA2, 0xFF, 0x70, 0x6C, 0x67, 0xFF, 0x2D, 0x2B, 0x27, 0xFF,
    0x4C, 0x49, 0x44, 0xFF, 0x5C, 0x59, 0x55, 0xFF, 0x53, 0x51, 0x4D, 0xFF, 0x21, 0x20, 0x1E, 0xE7,
    0x2C, 0x2C, 0x2A, 0xD6, 0x2D, 0x2C, 0x2A, 0xE2, 0x2E, 0x2D, 0x2C, 0xF1, 0x30, 0x2F, 0x2D, 0xF6,
    0x32, 0x31, 0x2C, 0xF9, 0x36, 0x33, 0x2F, 0xFF, 0x38, 0x36, 0x32, 0xFF, 0x3C, 0x39, 0x34, 0xFF,
    0x3F, 0x3B, 0x37, 0xFF, 0x40, 0x3C, 0x38, 0xFF, 0x43, 0x3F, 0x3B, 0xFF, 0x44, 0x40, 0x3D, 0xFF,
    0x47, 0x44, 0x3F, 0xFF, 0x4B, 0x47, 0x42, 0xFF, 0x4D, 0x49, 0x45, 0xFF, 0x4E, 0x4B, 0x47, 0xFF,
    0x4F, 0x4C, 0x47, 0xFF, 0x54, 0x51, 0x4C, 0xFF, 0x57, 0x54, 0x4E, 0xFF, 0x59, 0x54, 0x4E, 0xFF,
    0x5A, 0x55, 0x4F, 0xFF, 0x5A, 0x56, 0x50, 0xFF, 0x5C, 0x57, 0x53, 0xFF, 0x5F, 0x5A, 0x56, 0xFF,
    0x62, 0x5C, 0x57, 0xFF, 0x64, 0x5E, 0x5A, 0xFF, 0x66, 0x60, 0x5B, 0xFF, 0x67, 0x62, 0x5D, 0xFF,
    0x69, 0x64, 0x5E, 0xFF, 0x6C, 0x66, 0x60, 0xFF, 0x6E, 0x69, 0x63, 0xFF, 0x71, 0x6C, 0x66, 0xFF,
    0x75, 0x6F, 0x69, 0xFF, 0x79, 0x73, 0x6D, 0xFF, 0x7B, 0x75, 0x70, 0xFF, 0x7E, 0x79, 0x72, 0xFF,
    0x81, 0x7B, 0x75, 0xFF, 0x84, 0x7E, 0x78, 0xFF, 0x86, 0x81, 0x7A, 0xFF, 0x8A, 0x83, 0x7D, 0xFF,
    0x8B, 0x85, 0x80, 0xFF, 0x8E, 0x88, 0x84, 0xFF, 0x8F, 0x88, 0x84, 0xFF, 0x8F, 0x89, 0x85, 0xFF,
    0x90, 0x8A, 0x87, 0xFF, 0x95, 0x8F, 0x8C, 0xFF, 0x99, 0x95, 0x92, 0xFF, 0x9D, 0x9A, 0x96, 0xFF,
    0xA1, 0x9F, 0x9A, 0xFF, 0xA5, 0xA3, 0x9D, 0xFF, 0xA8, 0xA5, 0xA0, 0xFF, 0xAC, 0xAA, 0xA5, 0xFF,
    0xB0, 0xAD, 0xA8, 0xFF, 0xB2, 0xAE, 0xAA, 0xFF, 0xB3, 0xAF, 0xAC, 0xFF, 0xB5, 0xB1, 0xAD, 0xFF,
    0xB5, 0xB1, 0xAD, 0xFE, 0xB8, 0xB3, 0xB0, 0xF6, 0xB4, 0xB1, 0xAD, 0xF4, 0xAC, 0xA9, 0xA5, 0xF7,
    0xAE, 0xAB, 0xA7, 0xF9, 0xAB, 0xA7, 0xA4, 0xFF, 0x43, 0x40, 0x3D, 0xFC, 0x3B, 0x38, 0x34, 0xF8,
    0x51, 0x4D, 0x49, 0xFF, 0x78, 0x74, 0x71, 0xFF, 0xBC, 0xB8, 0xB3, 0xFF, 0x79, 0x75, 0x71, 0xFF,
    0x87, 0x83, 0x7F, 0xFF, 0xC1, 0xBD, 0xBA, 0xFF, 0x98, 0x95, 0x91, 0xD0, 0x9E, 0x99, 0x96, 0xFE,
    0xC8, 0xC2, 0xBF, 0xFF, 0xAE, 0xA9, 0xA6, 0xFF, 0x71, 0x6C, 0x68, 0xFF, 0x57, 0x52, 0x4F, 0xFF,
    0x4D, 0x49, 0x45, 0xFF, 0x46, 0x42, 0x3E, 0xFF, 0x45, 0x41, 0x3D, 0xFF, 0x44, 0x41, 0x3D, 0xFF,
    0x43, 0x3F, 0x3C, 0xFF, 0x40, 0x3C, 0x38, 0xFF, 0x40, 0x3D, 0x3A, 0xFE, 0x33, 0x33, 0x2E, 0xFF,
    0x30, 0x2E, 0x2D, 0xFD, 0x34, 0x34, 0x34, 0x2C, 0x00, 0x00, 0x00, 0x00, 0x00, 0x00, 0x00, 0x02,
    0x00, 0x00, 0x00, 0x00, 0x00, 0x00, 0x00, 0x00, 0x00, 0x00, 0x00, 0x00, 0x00, 0x00, 0x00, 0x00,
    0x00, 0x00, 0x00, 0x00, 0x00, 0x00, 0x00, 0x00, 0x00, 0x00, 0x00, 0x00, 0x00, 0x00, 0x00, 0x00,
    0x00, 0x00, 0x00, 0x00, 0x00, 0x00, 0x00, 0x00, 0x00, 0x00, 0x00, 0x00, 0x00, 0x00, 0x00, 0x00,
    0x00, 0x00, 0x00, 0x00, 0x00, 0x00, 0x00, 0x00, 0x00, 0x00, 0x00, 0x00, 0x00, 0x00, 0x00, 0x00,
    0x00, 0x00, 0x00, 0x00, 0x55, 0x55, 0x55, 0x03, 0x00, 0x00, 0x00, 0x00, 0x28, 0x25, 0x25, 0xA2,
    0x32, 0x2F, 0x2C, 0xFF, 0x35, 0x32, 0x2E, 0xFB, 0x42, 0x3E, 0x3A, 0xFF, 0x45, 0x42, 0x3D, 0xFF,
    0x46, 0x43, 0x3E, 0xFF, 0x48, 0x45, 0x41, 0xFF, 0x4C, 0x49, 0x45, 0xFF, 0x56, 0x50, 0x4D, 0xFF,
    0x60, 0x59, 0x57, 0xFF, 0x6D, 0x68, 0x64, 0xFF, 0x8E, 0x88, 0x84, 0xFF, 0xCF, 0xCB, 0xC5, 0xFF,
    0x8A, 0x84, 0x7F, 0xFF, 0x39, 0x35, 0x31, 0xF6, 0x27, 0x24, 0x21, 0xEF, 0x7E, 0x7A, 0x75, 0xFF,
    0x8B, 0x86, 0x81, 0xFE, 0xA6, 0xA1, 0x9C, 0xFF, 0x6E, 0x6A, 0x65, 0xFF, 0x2C, 0x2A, 0x27, 0xFE,
    0x4B, 0x49, 0x44, 0xFD, 0x64, 0x61, 0x5C, 0xFE, 0x45, 0x43, 0x3F, 0xE6, 0x22, 0x21, 0x1F, 0xA9,
    0x2D, 0x2A, 0x2A, 0x9D, 0x2A, 0x28, 0x28, 0xA9, 0x29, 0x27, 0x26, 0xBA, 0x2D, 0x2A, 0x28, 0xA3,
    0x31, 0x2C, 0x2A, 0x95, 0x2C, 0x2B, 0x28, 0xB0, 0x2E, 0x2D, 0x2A, 0xC0, 0x32, 0x2F, 0x2A, 0xB2,
    0x35, 0x32, 0x2E, 0xA3, 0x33, 0x32, 0x2D, 0xB7, 0x36, 0x33, 0x2F, 0xCB, 0x37, 0x34, 0x30, 0xCB,
    0x3A, 0x38, 0x33, 0xC3, 0x3E, 0x3B, 0x38, 0xC1, 0x3F, 0x3C, 0x39, 0xD0, 0x40, 0x3E, 0x3A, 0xDE,
    0x43, 0x41, 0x3D, 0xDF, 0x48, 0x44, 0x40, 0xDE, 0x49, 0x47, 0x43, 0xDE, 0x4B, 0x47, 0x44, 0xDE,
    0x4D, 0x48, 0x45, 0xE1, 0x4D, 0x48, 0x47, 0xE5, 0x4E, 0x4A, 0x49, 0xED, 0x50, 0x4C, 0x4B, 0xF4,
    0x53, 0x4E, 0x4D, 0xF4, 0x55, 0x51, 0x4F, 0xF4, 0x57, 0x54, 0x50, 0xF4, 0x59, 0x55, 0x53, 0xF4,
    0x5B, 0x57, 0x54, 0xF4, 0x5F, 0x5A, 0x57, 0xF4, 0x61, 0x5D, 0x59, 0xF4, 0x64, 0x5F, 0x5B, 0xF4,
    0x65, 0x61, 0x5E, 0xF4, 0x68, 0x64, 0x61, 0xF4, 0x6A, 0x66, 0x64, 0xF4, 0x6B, 0x67, 0x64, 0xF4,
    0x6D, 0x67, 0x66, 0xF4, 0x6D, 0x69, 0x66, 0xF4, 0x70, 0x6C, 0x69, 0xEE, 0x75, 0x70, 0x6D, 0xE7,
    0x77, 0x73, 0x70, 0xE1, 0x79, 0x74, 0x71, 0xDF, 0x79, 0x74, 0x71, 0xDF, 0x7A, 0x75, 0x72, 0xDF,
    0x7A, 0x76, 0x73, 0xDF, 0x7C, 0x78, 0x76, 0xDE, 0x7B, 0x79, 0x74, 0xE3, 0x72, 0x6F, 0x6A, 0xF1,
    0x80, 0x7C, 0x77, 0xD7, 0x86, 0x83, 0x7E, 0xCB, 0x85, 0x83, 0x7F, 0xCA, 0x7B, 0x79, 0x74, 0xD6,
    0x74, 0x72, 0x6D, 0xE0, 0x8C, 0x88, 0x84, 0xC0, 0x8D, 0x8A, 0x86, 0xBF, 0x87, 0x84, 0x7F, 0xCC,
    0x75, 0x70, 0x6C, 0xF4, 0x8F, 0x8A, 0x87, 0xCD, 0x9C, 0x99, 0x98, 0xC2, 0x92, 0x8E, 0x8C, 0xD6,
    0x8F, 0x8C, 0x89, 0xDC, 0x8C, 0x89, 0x87, 0xC7, 0x54, 0x4F, 0x4D, 0xFD, 0x3C, 0x38, 0x34, 0xFF,
    0x4C, 0x47, 0x45, 0xFF, 0x77, 0x71, 0x6F, 0xFF, 0xBA, 0xB5, 0xB2, 0xFF, 0x83, 0x7F, 0x7C, 0xFF,
    0xA6, 0xA2, 0x9E, 0xFF, 0xBD, 0xB9, 0xB7, 0xF5, 0x91, 0x8D, 0x8C, 0xD3, 0xA6, 0xA1, 0x9D, 0xFF,
    0xCA, 0xC6, 0xC3, 0xFE, 0xA3, 0x9E, 0x9B, 0xFF, 0x6C, 0x67, 0x64, 0xFF, 0x52, 0x4F, 0x4B, 0xFF,
    0x48, 0x45, 0x41, 0xFF, 0x44, 0x41, 0x3C, 0xFF, 0x42, 0x3E, 0x3B, 0xFF, 0x3F, 0x3D, 0x38, 0xFF,
    0x3F, 0x3C, 0x38, 0xFF, 0x40, 0x3D, 0x39, 0xFF, 0x38, 0x36, 0x32, 0xFE, 0x2C, 0x2B, 0x27, 0xFF,
    0x2E, 0x2D, 0x2D, 0xF8, 0x44, 0x44, 0x44, 0x1A, 0x00, 0x00, 0x00, 0x00, 0x00, 0x00, 0x00, 0x02,
    0x00, 0x00, 0x00, 0x00, 0x00, 0x00, 0x00, 0x00, 0x00, 0x00, 0x00, 0x00, 0x00, 0x00, 0x00, 0x00,
    0x00, 0x00, 0x00, 0x00, 0x00, 0x00, 0x00, 0x00, 0x00, 0x00, 0x00, 0x00, 0x00, 0x00, 0x00, 0x00,
    0x00, 0x00, 0x00, 0x00, 0x00, 0x00, 0x00, 0x00, 0x00, 0x00, 0x00, 0x00, 0x00, 0x00, 0x00, 0x00,
    0x00, 0x00, 0x00, 0x00, 0x00, 0x00, 0x00, 0x00, 0x00, 0x00, 0x00, 0x00, 0x00, 0x00, 0x00, 0x00,
    0x00, 0x00, 0x00, 0x00, 0x3F, 0x3F, 0x3F, 0x04, 0x00, 0x00, 0x00, 0x00, 0x29, 0x27, 0x26, 0xA1,
    0x2F, 0x2C, 0x2A, 0xFF, 0x31, 0x2E, 0x2A, 0xFB, 0x38, 0x35, 0x30, 0xFF, 0x40, 0x3D, 0x38, 0xFF,
    0x46, 0x42, 0x3E, 0xFF, 0x49, 0x45, 0x41, 0xFF, 0x4A, 0x46, 0x42, 0xFF, 0x50, 0x4B, 0x49, 0xFF,
    0x5B, 0x55, 0x52, 0xFE, 0x69, 0x63, 0x61, 0xFE, 0x82, 0x7D, 0x78, 0xFE, 0xCB, 0xC7, 0xC1, 0xFF,
    0x9D, 0x98, 0x94, 0xFF, 0x3F, 0x3B, 0x37, 0xFC, 0x2A, 0x26, 0x22, 0xF2, 0x54, 0x51, 0x4C, 0xFF,
    0xAB, 0xA7, 0xA1, 0xFF, 0xAE, 0xAA, 0xA5, 0xFF, 0x6E, 0x69, 0x65, 0xFF, 0x2D, 0x2C, 0x27, 0xFE,
    0x50, 0x4E, 0x4A, 0xFE, 0x65, 0x62, 0x5D, 0xFF, 0x3C, 0x3B, 0x37, 0xDC, 0x2C, 0x2A, 0x28, 0xFF,
    0x31, 0x2F, 0x2D, 0xFF, 0x32, 0x2F, 0x2F, 0xFF, 0x34, 0x31, 0x2E, 0xFF, 0x34, 0x32, 0x2E, 0xFF,
    0x35, 0x32, 0x2F, 0xFF, 0x35, 0x33, 0x2F, 0xFC, 0x37, 0x34, 0x2F, 0xFA, 0x38, 0x35, 0x32, 0xF4,
    0x3A, 0x38, 0x34, 0xE8, 0x3B, 0x39, 0x35, 0xE6, 0x3B, 0x39, 0x34, 0xE7, 0x3B, 0x39, 0x33, 0xE7,
    0x3B, 0x38, 0x34, 0xDC, 0x3E, 0x3C, 0x37, 0xD0, 0x41, 0x3E, 0x3A, 0xCC, 0x41, 0x3F, 0x3A, 0xD1,
    0x41, 0x3F, 0x3A, 0xD2, 0x40, 0x3D, 0x3A, 0xD2, 0x41, 0x3D, 0x39, 0xCC, 0x41, 0x3D, 0x3B, 0xBE,
    0x42, 0x41, 0x3E, 0xB3, 0x45, 0x42, 0x41, 0xB0, 0x44, 0x42, 0x3F, 0xB9, 0x45, 0x41, 0x3F, 0xC2,
    0x46, 0x43, 0x43, 0xC2, 0x48, 0x44, 0x43, 0xC2, 0x49, 0x45, 0x44, 0xC2, 0x49, 0x46, 0x45, 0xC2,
    0x4A, 0x48, 0x45, 0xC2, 0x4C, 0x49, 0x48, 0xC2, 0x4D, 0x4A, 0x49, 0xC2, 0x4E, 0x4D, 0x4A, 0xC2,
    0x52, 0x50, 0x4E, 0xC2, 0x55, 0x52, 0x50, 0xC2, 0x58, 0x55, 0x52, 0xC2, 0x5A, 0x56, 0x55, 0xC2,
    0x5B, 0x57, 0x55, 0xC3, 0x5D, 0x5A, 0x58, 0xC2, 0x61, 0x5D, 0x5A, 0xBD, 0x62, 0x5D, 0x5A, 0xBF,
    0x63, 0x60, 0x5A, 0xC7, 0x66, 0x62, 0x5F, 0xD1, 0x6A, 0x67, 0x64, 0xD2, 0x70, 0x6D, 0x6A, 0xD2,
    0x78, 0x74, 0x70, 0xD2, 0x7E, 0x7C, 0x78, 0xD1, 0x80, 0x7D, 0x79, 0xD8, 0x78, 0x75, 0x71, 0xF3,
    0x83, 0x80, 0x7B, 0xED, 0x8E, 0x8C, 0x87, 0xE7, 0x97, 0x95, 0x90, 0xE7, 0x9C, 0x99, 0x95, 0xEC,
    0x9C, 0x99, 0x95, 0xFC, 0xA7, 0xA4, 0xA0, 0xFA, 0xAF, 0xAB, 0xA7, 0xFA, 0xB7, 0xB3, 0xB0, 0xFB,
    0xBE, 0xB8, 0xB7, 0xFF, 0xC4, 0xBE, 0xBF, 0xFF, 0xC7, 0xC2, 0xC2, 0xFF, 0xC9, 0xC4, 0xC3, 0xFF,
    0xD5, 0xD0, 0xCF, 0xFF, 0xA2, 0x9F, 0x9D, 0xE4, 0x4B, 0x48, 0x44, 0xED, 0x42, 0x3E, 0x3B, 0xFF,
    0x48, 0x44, 0x42, 0xFE, 0x76, 0x71, 0x6E, 0xFF, 0xB7, 0xB3, 0xB0, 0xFF, 0x9C, 0x97, 0x95, 0xFE,
    0xBA, 0xB7, 0xB4, 0xFF, 0xB4, 0xB2, 0xAF, 0xE9, 0x8E, 0x8C, 0x89, 0xE1, 0xAC, 0xA9, 0xA4, 0xFF,
    0xCD, 0xCA, 0xC5, 0xFE, 0x97, 0x94, 0x8E, 0xFF, 0x67, 0x62, 0x5F, 0xFF, 0x4F, 0x4B, 0x47, 0xFF,
    0x45, 0x40, 0x3D, 0xFF, 0x40, 0x3C, 0x39, 0xFF, 0x3F, 0x3C, 0x39, 0xFF, 0x41, 0x3F, 0x3A, 0xFF,
    0x41, 0x3E, 0x39, 0xFF, 0x3A, 0x37, 0x32, 0xFF, 0x30, 0x2F, 0x2A, 0xFE, 0x2B, 0x2A, 0x26, 0xFF,
    0x2A, 0x2A, 0x28, 0xF5, 0x28, 0x33, 0x28, 0x19, 0x00, 0x00, 0x00, 0x00, 0x00, 0x00, 0x00, 0x02,
    0x00, 0x00, 0x00, 0x00, 0x00, 0x00, 0x00, 0x00, 0x00, 0x00, 0x00, 0x00, 0x00, 0x00, 0x00, 0x00,
    0x00, 0x00, 0x00, 0x00, 0x00, 0x00, 0x00, 0x00, 0x00, 0x00, 0x00, 0x00, 0x00, 0x00, 0x00, 0x00,
    0x00, 0x00, 0x00, 0x00, 0x00, 0x00, 0x00, 0x00, 0x00, 0x00, 0x00, 0x00, 0x00, 0x00, 0x00, 0x00,
    0x00, 0x00, 0x00, 0x00, 0x00, 0x00, 0x00, 0x00, 0x00, 0x00, 0x00, 0x00, 0x00, 0x00, 0x00, 0x00,
    0x00, 0x00, 0x00, 0x00, 0x00, 0x00, 0x00, 0x03, 0x00, 0x00, 0x00, 0x00, 0x23, 0x21, 0x20, 0xA7,
    0x2A, 0x28, 0x27, 0xFF, 0x2D, 0x2B, 0x27, 0xFC, 0x34, 0x30, 0x2C, 0xFF, 0x37, 0x34, 0x30, 0xFF,
    0x3C, 0x38, 0x34, 0xFF, 0x42, 0x3E, 0x3B, 0xFF, 0x48, 0x45, 0x42, 0xFF, 0x4B, 0x48, 0x44, 0xFE,
    0x57, 0x51, 0x4E, 0xFF, 0x69, 0x63, 0x60, 0xFF, 0x7F, 0x79, 0x75, 0xFF, 0xC3, 0xBE, 0xB9, 0xFF,
    0xB1, 0xAC, 0xA7, 0xFF, 0x4B, 0x47, 0x42, 0xFF, 0x32, 0x30, 0x2C, 0xF9, 0x34, 0x30, 0x2C, 0xFF,
    0xAF, 0xAB, 0xA7, 0xFF, 0xCC, 0xC9, 0xC4, 0xFF, 0x66, 0x62, 0x5D, 0xFF, 0x2F, 0x2D, 0x29, 0xFF,
    0x5D, 0x5A, 0x55, 0xFF, 0x67, 0x63, 0x5E, 0xF6, 0x31, 0x2F, 0x2C, 0xD8, 0x2E, 0x2C, 0x2B, 0xFD,
    0x2E, 0x2D, 0x2A, 0xFB, 0x30, 0x2C, 0x2C, 0xFC, 0x32, 0x2E, 0x2C, 0xFD, 0x33, 0x30, 0x2E, 0xFE,
    0x33, 0x31, 0x2F, 0xFF, 0x35, 0x32, 0x2F, 0xFF, 0x39, 0x35, 0x31, 0xFF, 0x3B, 0x37, 0x33, 0xFF,
    0x3D, 0x39, 0x35, 0xFF, 0x3F, 0x3C, 0x38, 0xFF, 0x41, 0x3E, 0x39, 0xFF, 0x43, 0x40, 0x3B, 0xFF,
    0x45, 0x42, 0x3E, 0xFF, 0x48, 0x45, 0x40, 0xFF, 0x4A, 0x47, 0x42, 0xFF, 0x4D, 0x49, 0x45, 0xFF,
    0x4D, 0x49, 0x46, 0xFF, 0x4F, 0x4C, 0x47, 0xFF, 0x51, 0x4C, 0x49, 0xFF, 0x53, 0x4E, 0x4D, 0xFF,
    0x54, 0x50, 0x4E, 0xFF, 0x56, 0x51, 0x4F, 0xFF, 0x57, 0x52, 0x50, 0xFF, 0x58, 0x53, 0x53, 0xFF,
    0x5A, 0x55, 0x55, 0xFF, 0x5C, 0x57, 0x56, 0xFF, 0x5D, 0x59, 0x59, 0xFF, 0x5F, 0x5B, 0x5A, 0xFF,
    0x61, 0x5D, 0x5B, 0xFF, 0x63, 0x5F, 0x5D, 0xFF, 0x64, 0x61, 0x5F, 0xFF, 0x66, 0x63, 0x60, 0xFF,
    0x6B, 0x66, 0x64, 0xFF, 0x6D, 0x69, 0x68, 0xFF, 0x71, 0x6C, 0x6A, 0xFF, 0x73, 0x6F, 0x6E, 0xFF,
    0x77, 0x73, 0x71, 0xFF, 0x7A, 0x75, 0x73, 0xFF, 0x7E, 0x78, 0x76, 0xFF, 0x81, 0x7B, 0x79, 0xFF,
    0x84, 0x7F, 0x7C, 0xFF, 0x88, 0x83, 0x80, 0xFF, 0x8C, 0x87, 0x84, 0xFF, 0x90, 0x8A, 0x87, 0xFF,
    0x93, 0x8E, 0x8B, 0xFF, 0x96, 0x92, 0x8F, 0xFF, 0x99, 0x94, 0x91, 0xFF, 0x9C, 0x98, 0x94, 0xFF,
    0x9D, 0x9A, 0x95, 0xFF, 0xA1, 0x9D, 0x99, 0xFF, 0xA4, 0xA0, 0x9C, 0xFF, 0xA8, 0xA5, 0xA0, 0xFF,
    0xAC, 0xA8, 0xA5, 0xFF, 0xAF, 0xAB, 0xA9, 0xFF, 0xB3, 0xAE, 0xAC, 0xFF, 0xB6, 0xB2, 0xB1, 0xFF,
    0xBB, 0xB5, 0xB5, 0xFF, 0xBD, 0xB8, 0xB8, 0xFE, 0xBE, 0xB9, 0xB9, 0xFD, 0xBE, 0xB9, 0xB8, 0xFD,
    0xC3, 0xBE, 0xBC, 0xFE, 0xB7, 0xB4, 0xB3, 0xF0, 0x53, 0x51, 0x4F, 0xDE, 0x45, 0x40, 0x3E, 0xFE,
    0x48, 0x43, 0x40, 0xFD, 0x74, 0x6F, 0x6B, 0xFF, 0xBF, 0xBB, 0xB9, 0xFF, 0xC1, 0xBD, 0xBB, 0xFE,
    0xC2, 0xC1, 0xBD, 0xFF, 0xAB, 0xAA, 0xA6, 0xDE, 0x95, 0x91, 0x8D, 0xEF, 0xB1, 0xAD, 0xA9, 0xFF,
    0xCD, 0xC9, 0xC6, 0xFE, 0x8D, 0x88, 0x85, 0xFF, 0x61, 0x5C, 0x59, 0xFF, 0x4A, 0x46, 0x43, 0xFF,
    0x40, 0x3D, 0x39, 0xFF, 0x3E, 0x3B, 0x37, 0xFF, 0x42, 0x3F, 0x3B, 0xFF, 0x3D, 0x3A, 0x37, 0xFF,
    0x37, 0x34, 0x2F, 0xFF, 0x32, 0x31, 0x2B, 0xFF, 0x2F, 0x2E, 0x2B, 0xFE, 0x2A, 0x29, 0x25, 0xFF,
    0x2F, 0x2F, 0x2B, 0xF8, 0x38, 0x38, 0x38, 0x1B, 0x00, 0x00, 0x00, 0x00, 0x00, 0x00, 0x00, 0x02,
    0x00, 0x00, 0x00, 0x00, 0x00, 0x00, 0x00, 0x00, 0x00, 0x00, 0x00, 0x00, 0x00, 0x00, 0x00, 0x00,
    0x00, 0x00, 0x00, 0x00, 0x00, 0x00, 0x00, 0x00, 0x00, 0x00, 0x00, 0x00, 0x00, 0x00, 0x00, 0x00,
    0x00, 0x00, 0x00, 0x00, 0x00, 0x00, 0x00, 0x00, 0x00, 0x00, 0x00, 0x00, 0x00, 0x00, 0x00, 0x00,
    0x00, 0x00, 0x00, 0x00, 0x00, 0x00, 0x00, 0x00, 0x00, 0x00, 0x00, 0x00, 0x00, 0x00, 0x00, 0x00,
    0x00, 0x00, 0x00, 0x00, 0x00, 0x00, 0x00, 0x03, 0x00, 0x00, 0x00, 0x00, 0x1C, 0x1A, 0x1A, 0x86,
    0x26, 0x24, 0x23, 0xFF, 0x29, 0x28, 0x25, 0xFC, 0x30, 0x2D, 0x2A, 0xFF, 0x35, 0x32, 0x2E, 0xFF,
    0x37, 0x34, 0x30, 0xFF, 0x3A, 0x37, 0x33, 0xFF, 0x40, 0x3D, 0x39, 0xFE, 0x4C, 0x48, 0x44, 0xFF,
    0x4D, 0x4A, 0x48, 0xE6, 0x51, 0x4C, 0x49, 0xE5, 0x60, 0x5D, 0x5A, 0xF2, 0xB4, 0xB0, 0xAC, 0xFC,
    0xC4, 0xBF, 0xBA, 0xFF, 0x5D, 0x58, 0x52, 0xFF, 0x35, 0x34, 0x2F, 0xF8, 0x2F, 0x2C, 0x28, 0xFD,
    0x6B, 0x66, 0x62, 0xFF, 0xC6, 0xC3, 0xBE, 0xFF, 0x63, 0x5F, 0x5B, 0xFF, 0x2B, 0x29, 0x24, 0xFE,
    0x6C, 0x68, 0x62, 0xFF, 0x69, 0x65, 0x60, 0xE4, 0x28, 0x28, 0x25, 0xD1, 0x31, 0x2F, 0x2E, 0xFF,
    0x2F, 0x2D, 0x2C, 0xFD, 0x31, 0x2E, 0x2E, 0xFF, 0x32, 0x2F, 0x2F, 0xFF, 0x33, 0x2F, 0x2F, 0xFF,
    0x33, 0x30, 0x31, 0xFF, 0x36, 0x33, 0x30, 0xFF, 0x38, 0x34, 0x30, 0xFF, 0x39, 0x36, 0x32, 0xFF,
    0x3B, 0x37, 0x34, 0xFE, 0x3D, 0x3A, 0x36, 0xFE, 0x3E, 0x3C, 0x36, 0xFE, 0x41, 0x3D, 0x39, 0xFE,
    0x42, 0x3F, 0x3B, 0xFE, 0x44, 0x40, 0x3C, 0xFD, 0x45, 0x41, 0x3E, 0xFD, 0x48, 0x44, 0x41, 0xFD,
    0x49, 0x45, 0x42, 0xFD, 0x4B, 0x47, 0x43, 0xFD, 0x4C, 0x48, 0x44, 0xFD, 0x4D, 0x48, 0x46, 0xFD,
    0x4F, 0x4A, 0x49, 0xFD, 0x4F, 0x4A, 0x48, 0xFD, 0x51, 0x4D, 0x4B, 0xFD, 0x52, 0x4F, 0x4E, 0xFD,
    0x55, 0x51, 0x4F, 0xFD, 0x58, 0x53, 0x51, 0xFD, 0x59, 0x55, 0x53, 0xFD, 0x5B, 0x57, 0x56, 0xFD,
    0x5C, 0x58, 0x56, 0xFD, 0x5E, 0x5B, 0x59, 0xFD, 0x61, 0x5C, 0x5A, 0xFD, 0x63, 0x5E, 0x5C, 0xFD,
    0x66, 0x60, 0x5E, 0xFD, 0x69, 0x64, 0x62, 0xFD, 0x6B, 0x67, 0x65, 0xFD, 0x6D, 0x69, 0x67, 0xFD,
    0x70, 0x6C, 0x69, 0xFD, 0x73, 0x6E, 0x6C, 0xFD, 0x75, 0x6F, 0x6E, 0xFD, 0x78, 0x72, 0x70, 0xFD,
    0x7B, 0x76, 0x74, 0xFD, 0x7E, 0x79, 0x77, 0xFD, 0x83, 0x7D, 0x7A, 0xFD, 0x87, 0x83, 0x7E, 0xFD,
    0x8A, 0x85, 0x82, 0xFD, 0x8D, 0x88, 0x86, 0xFD, 0x90, 0x8B, 0x88, 0xFD, 0x92, 0x8D, 0x8A, 0xFF,
    0x95, 0x91, 0x8E, 0xFE, 0x99, 0x96, 0x91, 0xFE, 0x9D, 0x9A, 0x96, 0xFE, 0xA2, 0x9F, 0x9B, 0xFE,
    0xA8, 0xA4, 0xA0, 0xFF, 0xAD, 0xA8, 0xA6, 0xFF, 0xB2, 0xAD, 0xAB, 0xFF, 0xB7, 0xB1, 0xB1, 0xFF,
    0xBC, 0xB6, 0xB5, 0xFF, 0xBF, 0xBA, 0xB9, 0xFF, 0xBF, 0xBA, 0xB9, 0xFF, 0xC0, 0xBA, 0xB9, 0xFF,
    0xBF, 0xBA, 0xB7, 0xFF, 0xBE, 0xB9, 0xB7, 0xFB, 0x66, 0x61, 0x5F, 0xD9, 0x48, 0x45, 0x41, 0xFB,
    0x47, 0x44, 0x40, 0xFD, 0x70, 0x6C, 0x68, 0xFF, 0xC4, 0xC1, 0xBE, 0xFF, 0xBE, 0xBB, 0xB8, 0xFF,
    0xC7, 0xC4, 0xC1, 0xFF, 0x9F, 0x9C, 0x99, 0xD6, 0x9A, 0x95, 0x93, 0xFC, 0xB8, 0xB3, 0xB0, 0xFF,
    0xC8, 0xC5, 0xC1, 0xFF, 0x82, 0x7D, 0x79, 0xFF, 0x5D, 0x58, 0x55, 0xFF, 0x46, 0x43, 0x40, 0xFF,
    0x3E, 0x3B, 0x37, 0xFF, 0x3F, 0x3C, 0x38, 0xFF, 0x3A, 0x37, 0x33, 0xFF, 0x35, 0x32, 0x2E, 0xFF,
    0x33, 0x31, 0x2C, 0xFF, 0x31, 0x2F, 0x2B, 0xFF, 0x2D, 0x2C, 0x27, 0xFE, 0x29, 0x28, 0x24, 0xFF,
    0x29, 0x28, 0x26, 0xF5, 0x22, 0x22, 0x22, 0x1E, 0x00, 0x00, 0x00, 0x00, 0x00, 0x00, 0x00, 0x02,
    0x00, 0x00, 0x00, 0x00, 0x00, 0x00, 0x00, 0x00, 0x00, 0x00, 0x00, 0x00, 0x00, 0x00, 0x00, 0x00,
    0x00, 0x00, 0x00, 0x00, 0x00, 0x00, 0x00, 0x00, 0x00, 0x00, 0x00, 0x00, 0x00, 0x00, 0x00, 0x00,
    0x00, 0x00, 0x00, 0x00, 0x00, 0x00, 0x00, 0x00, 0x00, 0x00, 0x00, 0x00, 0x00, 0x00, 0x00, 0x00,
    0x00, 0x00, 0x00, 0x00, 0x00, 0x00, 0x00, 0x00, 0x00, 0x00, 0x00, 0x00, 0x00, 0x00, 0x00, 0x00,
    0x00, 0x00, 0x00, 0x00, 0x00, 0x00, 0x00, 0x02, 0x00, 0x00, 0x00, 0x00, 0x1B, 0x1B, 0x1B, 0x54,
    0x20, 0x1F, 0x1C, 0xF8, 0x27, 0x26, 0x25, 0xFE, 0x2D, 0x2B, 0x2A, 0xFF, 0x33, 0x30, 0x2C, 0xFF,
    0x35, 0x32, 0x2E, 0xFF, 0x36, 0x33, 0x30, 0xFE, 0x3C, 0x38, 0x34, 0xFE, 0x43, 0x3F, 0x3C, 0xE4,
    0x44, 0x40, 0x3D, 0xCA, 0x5F, 0x5A, 0x58, 0xF2, 0x6C, 0x68, 0x66, 0xF5, 0x86, 0x82, 0x81, 0xFA,
    0xC6, 0xC2, 0xBF, 0xFF, 0x76, 0x71, 0x6E, 0xFF, 0x39, 0x35, 0x31, 0xFD, 0x35, 0x33, 0x2F, 0xFD,
    0x38, 0x35, 0x31, 0xFF, 0x95, 0x92, 0x8D, 0xFF, 0x62, 0x5E, 0x5A, 0xFF, 0x26, 0x22, 0x1F, 0xFE,
    0x7C, 0x77, 0x72, 0xFF, 0x5F, 0x5A, 0x58, 0xD0, 0x25, 0x24, 0x23, 0xE1, 0x32, 0x30, 0x2F, 0xFF,
    0x31, 0x2D, 0x2D, 0xFE, 0x32, 0x2E, 0x2E, 0xFF, 0x32, 0x30, 0x2F, 0xFF, 0x32, 0x30, 0x30, 0xFF,
    0x34, 0x31, 0x30, 0xFF, 0x36, 0x33, 0x2F, 0xFF, 0x38, 0x34, 0x30, 0xFF, 0x39, 0x36, 0x32, 0xFF,
    0x3A, 0x37, 0x33, 0xFF, 0x3B, 0x38, 0x35, 0xFF, 0x3E, 0x3A, 0x36, 0xFF, 0x40, 0x3C, 0x38, 0xFF,
    0x42, 0x3E, 0x3A, 0xFF, 0x44, 0x41, 0x3C, 0xFF, 0x46, 0x42, 0x3E, 0xFF, 0x47, 0x44, 0x3F, 0xFF,
    0x49, 0x45, 0x41, 0xFF, 0x4B, 0x46, 0x43, 0xFF, 0x4D, 0x48, 0x45, 0xFF, 0x4E, 0x49, 0x46, 0xFF,
    0x4F, 0x4A, 0x49, 0xFF, 0x50, 0x4C, 0x4A, 0xFF, 0x52, 0x4E, 0x4C, 0xFF, 0x54, 0x4F, 0x4F, 0xFF,
    0x56, 0x51, 0x4F, 0xFF, 0x59, 0x54, 0x51, 0xFF, 0x5A, 0x55, 0x55, 0xFF, 0x5D, 0x59, 0x57, 0xFF,
    0x5E, 0x5A, 0x57, 0xFF, 0x5F, 0x5B, 0x5A, 0xFF, 0x62, 0x5D, 0x5B, 0xFF, 0x64, 0x5F, 0x5E, 0xFF,
    0x67, 0x61, 0x61, 0xFF, 0x69, 0x64, 0x62, 0xFF, 0x6C, 0x67, 0x65, 0xFF, 0x6E, 0x69, 0x67, 0xFF,
    0x71, 0x6C, 0x6B, 0xFF, 0x74, 0x6F, 0x6E, 0xFF, 0x77, 0x71, 0x70, 0xFF, 0x79, 0x73, 0x72, 0xFF,
    0x7D, 0x77, 0x74, 0xFF, 0x80, 0x7A, 0x78, 0xFF, 0x83, 0x7E, 0x7C, 0xFF, 0x86, 0x81, 0x7F, 0xFF,
    0x8A, 0x86, 0x82, 0xFF, 0x8D, 0x88, 0x85, 0xFF, 0x8F, 0x8B, 0x87, 0xFF, 0x91, 0x8D, 0x8A, 0xFF,
    0x96, 0x92, 0x8E, 0xFF, 0x9A, 0x96, 0x93, 0xFF, 0x9F, 0x9B, 0x97, 0xFF, 0xA3, 0x9F, 0x9C, 0xFF,
    0xA9, 0xA4, 0xA1, 0xFF, 0xAD, 0xA9, 0xA6, 0xFF, 0xB1, 0xAC, 0xAB, 0xFF, 0xB7, 0xB1, 0xB0, 0xFF,
    0xBB, 0xB6, 0xB5, 0xFF, 0xBF, 0xBA, 0xB8, 0xFF, 0xBF, 0xBA, 0xB9, 0xFF, 0xC0, 0xBA, 0xB9, 0xFF,
    0xBC, 0xB7, 0xB5, 0xFE, 0xC4, 0xBE, 0xBB, 0xFF, 0x7D, 0x7A, 0x77, 0xD4, 0x4D, 0x49, 0x46, 0xF7,
    0x47, 0x43, 0x40, 0xFD, 0x71, 0x6D, 0x69, 0xFF, 0xA9, 0xA8, 0xA4, 0xFF, 0xB0, 0xAC, 0xAA, 0xFF,
    0xC7, 0xC4, 0xC1, 0xF9, 0x96, 0x93, 0x92, 0xD4, 0xA1, 0x9E, 0x9B, 0xFF, 0xC1, 0xBD, 0xBA, 0xFE,
    0xBE, 0xBA, 0xB7, 0xFF, 0x78, 0x73, 0x70, 0xFF, 0x5A, 0x54, 0x52, 0xFF, 0x43, 0x3F, 0x3B, 0xFF,
    0x3D, 0x39, 0x36, 0xFF, 0x38, 0x35, 0x31, 0xFF, 0x35, 0x31, 0x2D, 0xFF, 0x34, 0x30, 0x2C, 0xFF,
    0x31, 0x2F, 0x2C, 0xFF, 0x2F, 0x2E, 0x2A, 0xFF, 0x2C, 0x2A, 0x27, 0xFD, 0x29, 0x27, 0x25, 0xFF,
    0x26, 0x25, 0x23, 0xCB, 0x00, 0x00, 0x00, 0x0D, 0x00, 0x00, 0x00, 0x00, 0x00, 0x00, 0x00, 0x01,
    0x00, 0x00, 0x00, 0x00, 0x00, 0x00, 0x00, 0x00, 0x00, 0x00, 0x00, 0x00, 0x00, 0x00, 0x00, 0x00,
    0x00, 0x00, 0x00, 0x00, 0x00, 0x00, 0x00, 0x00, 0x00, 0x00, 0x00, 0x00, 0x00, 0x00, 0x00, 0x00,
    0x00, 0x00, 0x00, 0x00, 0x00, 0x00, 0x00, 0x00, 0x00, 0x00, 0x00, 0x00, 0x00, 0x00, 0x00, 0x00,
    0x00, 0x00, 0x00, 0x00, 0x00, 0x00, 0x00, 0x00, 0x00, 0x00, 0x00, 0x00, 0x00, 0x00, 0x00, 0x00,
    0x00, 0x00, 0x00, 0x00, 0x00, 0x00, 0x00, 0x01, 0x00, 0x00, 0x00, 0x00, 0x25, 0x20, 0x20, 0x2F,
    0x29, 0x27, 0x26, 0xEA, 0x23, 0x22, 0x21, 0xFE, 0x2B, 0x29, 0x28, 0xFF, 0x2E, 0x2B, 0x29, 0xFF,
    0x33, 0x30, 0x2C, 0xFF, 0x35, 0x31, 0x2E, 0xFF, 0x39, 0x35, 0x31, 0xFF, 0x37, 0x33, 0x32, 0xD8,
    0x48, 0x43, 0x41, 0xFF, 0x5F, 0x58, 0x57, 0xFF, 0x75, 0x6E, 0x6C, 0xFF, 0x95, 0x90, 0x8D, 0xFF,
    0xA9, 0xA6, 0xA3, 0xFF, 0x8E, 0x8B, 0x86, 0xFF, 0x3F, 0x3C, 0x37, 0xFC, 0x37, 0x34, 0x31, 0xF7,
    0x2F, 0x2D, 0x2B, 0xFF, 0x50, 0x4B, 0x47, 0xFF, 0x57, 0x52, 0x4E, 0xFF, 0x28, 0x25, 0x21, 0xF7,
    0x81, 0x7C, 0x76, 0xFF, 0x47, 0x45, 0x44, 0xC3, 0x2C, 0x29, 0x28, 0xF3, 0x34, 0x2F, 0x2F, 0xFF,
    0x31, 0x2E, 0x2E, 0xFF, 0x32, 0x30, 0x2E, 0xFF, 0x33, 0x30, 0x2F, 0xFF, 0x33, 0x31, 0x30, 0xFF,
    0x35, 0x33, 0x2F, 0xFF, 0x35, 0x33, 0x2E, 0xFF, 0x37, 0x34, 0x30, 0xFF, 0x39, 0x35, 0x31, 0xFF,
    0x3A, 0x36, 0x32, 0xFF, 0x3B, 0x38, 0x34, 0xFF, 0x3D, 0x3A, 0x35, 0xFF, 0x3E, 0x3B, 0x37, 0xFF,
    0x41, 0x3E, 0x39, 0xFF, 0x43, 0x3F, 0x3C, 0xFF, 0x46, 0x42, 0x3E, 0xFF, 0x47, 0x44, 0x3F, 0xFF,
    0x49, 0x44, 0x41, 0xFF, 0x4A, 0x46, 0x43, 0xFF, 0x4C, 0x47, 0x45, 0xFF, 0x4D, 0x49, 0x46, 0xFF,
    0x4F, 0x49, 0x48, 0xFF, 0x50, 0x4C, 0x4B, 0xFF, 0x51, 0x4C, 0x4B, 0xFF, 0x54, 0x4E, 0x4D, 0xFF,
    0x56, 0x51, 0x50, 0xFF, 0x58, 0x53, 0x52, 0xFF, 0x59, 0x55, 0x54, 0xFF, 0x5D, 0x59, 0x57, 0xFF,
    0x5E, 0x5A, 0x57, 0xFF, 0x60, 0x5B, 0x5B, 0xFF, 0x61, 0x5C, 0x5B, 0xFF, 0x64, 0x5E, 0x5D, 0xFF,
    0x66, 0x61, 0x60, 0xFF, 0x68, 0x63, 0x62, 0xFF, 0x6A, 0x65, 0x63, 0xFF, 0x6E, 0x69, 0x67, 0xFF,
    0x72, 0x6B, 0x6A, 0xFF, 0x74, 0x6E, 0x6C, 0xFF, 0x77, 0x72, 0x70, 0xFF, 0x79, 0x73, 0x71, 0xFF,
    0x7D, 0x76, 0x74, 0xFF, 0x7F, 0x7A, 0x79, 0xFF, 0x83, 0x7E, 0x7C, 0xFF, 0x86, 0x81, 0x80, 0xFF,
    0x88, 0x84, 0x81, 0xFF, 0x8C, 0x88, 0x85, 0xFF, 0x8E, 0x89, 0x86, 0xFF, 0x91, 0x8D, 0x89, 0xFF,
    0x96, 0x92, 0x8E, 0xFF, 0x99, 0x96, 0x92, 0xFF, 0x9E, 0x9A, 0x96, 0xFF, 0xA3, 0x9F, 0x9C, 0xFF,
    0xA7, 0xA4, 0xA0, 0xFF, 0xAD, 0xA8, 0xA6, 0xFF, 0xB0, 0xAC, 0xAA, 0xFF, 0xB6, 0xB0, 0xB0, 0xFF,
    0xBA, 0xB4, 0xB5, 0xFF, 0xBD, 0xB8, 0xB8, 0xFF, 0xBF, 0xB9, 0xB9, 0xFF, 0xBF, 0xBA, 0xB9, 0xFF,
    0xBC, 0xB7, 0xB7, 0xFD, 0xC6, 0xC0, 0xBD, 0xFF, 0x93, 0x91, 0x8F, 0xD4, 0x49, 0x44, 0x42, 0xEA,
    0x42, 0x3D, 0x3C, 0xFD, 0x6E, 0x6A, 0x67, 0xFF, 0x87, 0x84, 0x81, 0xFE, 0xC2, 0xBF, 0xBC, 0xFF,
    0xBB, 0xB9, 0xB6, 0xEB, 0x97, 0x94, 0x93, 0xDD, 0xA7, 0xA2, 0x9E, 0xFF, 0xCD, 0xC9, 0xC6, 0xFE,
    0xB4, 0xB0, 0xAD, 0xFF, 0x72, 0x6C, 0x6A, 0xFF, 0x55, 0x50, 0x4D, 0xFF, 0x40, 0x3C, 0x38, 0xFF,
    0x3A, 0x36, 0x33, 0xFF, 0x34, 0x30, 0x2C, 0xFF, 0x33, 0x2F, 0x2B, 0xFF, 0x32, 0x2F, 0x2A, 0xFF,
    0x2F, 0x2E, 0x29, 0xFF, 0x2E, 0x2D, 0x28, 0xFF, 0x28, 0x27, 0x24, 0xFD, 0x32, 0x30, 0x2E, 0xFF,
    0x2E, 0x2E, 0x2B, 0x9F, 0x00, 0x00, 0x00, 0x05, 0x00, 0x00, 0x00, 0x00, 0x00, 0x00, 0x00, 0x01,
    0x00, 0x00, 0x00, 0x00, 0x00, 0x00, 0x00, 0x00, 0x00, 0x00, 0x00, 0x00, 0x00, 0x00, 0x00, 0x00,
    0x00, 0x00, 0x00, 0x00, 0x00, 0x00, 0x00, 0x00, 0x00, 0x00, 0x00, 0x00, 0x00, 0x00, 0x00, 0x00,
    0x00, 0x00, 0x00, 0x00, 0x00, 0x00, 0x00, 0x00, 0x00, 0x00, 0x00, 0x00, 0x00, 0x00, 0x00, 0x00,
    0x00, 0x00, 0x00, 0x00, 0x00, 0x00, 0x00, 0x00, 0x00, 0x00, 0x00, 0x00, 0x00, 0x00, 0x00, 0x00,
    0x00, 0x00, 0x00, 0x00, 0x00, 0x00, 0x00, 0x01, 0x00, 0x00, 0x00, 0x00, 0x0D, 0x06, 0x06, 0x25,
    0x29, 0x26, 0x26, 0xD5, 0x28, 0x26, 0x25, 0xFB, 0x27, 0x24, 0x23, 0xFF, 0x2C, 0x29, 0x29, 0xFF,
    0x2E, 0x2C, 0x2A, 0xFF, 0x33, 0x2F, 0x2C, 0xFF, 0x33, 0x2F, 0x2D, 0xFC, 0x34, 0x31, 0x2F, 0xF6,
    0x47, 0x43, 0x3F, 0xFF, 0x57, 0x52, 0x4E, 0xFE, 0x6C, 0x66, 0x63, 0xFF, 0x95, 0x90, 0x8C, 0xFF,
    0xB6, 0xB3, 0xB0, 0xFF, 0x8B, 0x87, 0x85, 0xFF, 0x50, 0x4D, 0x49, 0xFF, 0x36, 0x33, 0x31, 0xF3,
    0x34, 0x32, 0x30, 0xFF, 0x33, 0x30, 0x2E, 0xFF, 0x3B, 0x38, 0x36, 0xFF, 0x2C, 0x29, 0x26, 0xFA,
    0x69, 0x65, 0x5F, 0xFB, 0x38, 0x35, 0x34, 0xC7, 0x30, 0x2C, 0x2C, 0xFE, 0x33, 0x2E, 0x2E, 0xFE,
    0x33, 0x2F, 0x2F, 0xFF, 0x33, 0x30, 0x2E, 0xFF, 0x33, 0x30, 0x30, 0xFF, 0x33, 0x30, 0x30, 0xFF,
    0x35, 0x32, 0x30, 0xFF, 0x37, 0x33, 0x2F, 0xFF, 0x37, 0x34, 0x30, 0xFF, 0x39, 0x35, 0x31, 0xFF,
    0x3A, 0x36, 0x32, 0xFF, 0x3B, 0x38, 0x33, 0xFF, 0x3C, 0x39, 0x36, 0xFF, 0x3F, 0x3A, 0x37, 0xFF,
    0x41, 0x3D, 0x39, 0xFF, 0x43, 0x3F, 0x3B, 0xFF, 0x45, 0x40, 0x3D, 0xFF, 0x46, 0x43, 0x3F, 0xFF,
    0x48, 0x44, 0x41, 0xFF, 0x4A, 0x46, 0x42, 0xFF, 0x4C, 0x48, 0x45, 0xFF, 0x4D, 0x49, 0x46, 0xFF,
    0x4E, 0x49, 0x48, 0xFF, 0x4F, 0x4B, 0x4A, 0xFF, 0x51, 0x4C, 0x4C, 0xFF, 0x53, 0x4E, 0x4E, 0xFF,
    0x55, 0x50, 0x50, 0xFF, 0x57, 0x53, 0x51, 0xFF, 0x5A, 0x55, 0x53, 0xFF, 0x5D, 0x58, 0x57, 0xFF,
    0x5F, 0x5A, 0x58, 0xFF, 0x60, 0x5C, 0x5B, 0xFF, 0x61, 0x5C, 0x5B, 0xFF, 0x64, 0x5F, 0x5C, 0xFF,
    0x66, 0x61, 0x60, 0xFF, 0x68, 0x63, 0x61, 0xFF, 0x6B, 0x66, 0x64, 0xFF, 0x6D, 0x68, 0x67, 0xFF,
    0x71, 0x6B, 0x69, 0xFF, 0x72, 0x6D, 0x6C, 0xFF, 0x77, 0x71, 0x6F, 0xFF, 0x79, 0x74, 0x72, 0xFF,
    0x7B, 0x76, 0x74, 0xFF, 0x7E, 0x7A, 0x78, 0xFF, 0x82, 0x7D, 0x7B, 0xFF, 0x84, 0x80, 0x7E, 0xFF,
    0x87, 0x82, 0x81, 0xFF, 0x8A, 0x85, 0x82, 0xFF, 0x8D, 0x89, 0x86, 0xFF, 0x90, 0x8C, 0x89, 0xFF,
    0x94, 0x90, 0x8C, 0xFF, 0x99, 0x94, 0x92, 0xFF, 0x9E, 0x9A, 0x96, 0xFF, 0xA2, 0x9E, 0x9A, 0xFF,
    0xA6, 0xA3, 0x9F, 0xFF, 0xAB, 0xA7, 0xA6, 0xFF, 0xB0, 0xAA, 0xAA, 0xFF, 0xB4, 0xAF, 0xAE, 0xFF,
    0xB9, 0xB4, 0xB3, 0xFF, 0xBD, 0xB8, 0xB7, 0xFF, 0xBE, 0xB9, 0xB7, 0xFF, 0xBF, 0xB9, 0xB8, 0xFF,
    0xBC, 0xB7, 0xB7, 0xFE, 0xC3, 0xBD, 0xBA, 0xFF, 0xA9, 0xA6, 0xA2, 0xDF, 0x47, 0x45, 0x41, 0xDD,
    0x32, 0x2F, 0x2A, 0xFD, 0x66, 0x62, 0x60, 0xFE, 0x9E, 0x9A, 0x9A, 0xFE, 0xD2, 0xCF, 0xCC, 0xFF,
    0xA6, 0xA3, 0xA0, 0xE0, 0x9A, 0x96, 0x93, 0xEE, 0xA9, 0xA4, 0xA2, 0xFF, 0xD5, 0xD1, 0xD0, 0xFE,
    0xA9, 0xA4, 0xA2, 0xFF, 0x6D, 0x68, 0x65, 0xFF, 0x50, 0x4B, 0x49, 0xFF, 0x3F, 0x3B, 0x38, 0xFF,
    0x38, 0x35, 0x31, 0xFF, 0x33, 0x2F, 0x2B, 0xFF, 0x32, 0x30, 0x2C, 0xFF, 0x31, 0x2E, 0x29, 0xFF,
    0x2F, 0x2D, 0x2A, 0xFF, 0x2B, 0x29, 0x28, 0xFF, 0x2B, 0x2A, 0x28, 0xFE, 0x3B, 0x39, 0x35, 0xFF,
    0x20, 0x20, 0x1C, 0x7D, 0x00, 0x00, 0x00, 0x00, 0x00, 0x00, 0x00, 0x01, 0x00, 0x00, 0x00, 0x00,
    0x00, 0x00, 0x00, 0x00, 0x00, 0x00, 0x00, 0x00, 0x00, 0x00, 0x00, 0x00, 0x00, 0x00, 0x00, 0x00,
    0x00, 0x00, 0x00, 0x00, 0x00, 0x00, 0x00, 0x00, 0x00, 0x00, 0x00, 0x00, 0x00, 0x00, 0x00, 0x00,
    0x00, 0x00, 0x00, 0x00, 0x00, 0x00, 0x00, 0x00, 0x00, 0x00, 0x00, 0x00, 0x00, 0x00, 0x00, 0x00,
    0x00, 0x00, 0x00, 0x00, 0x00, 0x00, 0x00, 0x00, 0x00, 0x00, 0x00, 0x00, 0x00, 0x00, 0x00, 0x00,
    0x00, 0x00, 0x00, 0x00, 0x00, 0x00, 0x00, 0x01, 0x00, 0x00, 0x00, 0x00, 0x00, 0x00, 0x00, 0x0E,
    0x1D, 0x1C, 0x1C, 0xB4, 0x2B, 0x2A, 0x29, 0xF2, 0x26, 0x24, 0x22, 0xFB, 0x28, 0x25, 0x25, 0xFF,
    0x2C, 0x28, 0x28, 0xFF, 0x2F, 0x2A, 0x29, 0xFF, 0x32, 0x2E, 0x2D, 0xFE, 0x37, 0x34, 0x31, 0xFD,
    0x44, 0x41, 0x3D, 0xFF, 0x52, 0x4E, 0x4A, 0xFF, 0x6A, 0x64, 0x61, 0xFF, 0x84, 0x80, 0x7C, 0xFF,
    0xC4, 0xC1, 0xBE, 0xFF, 0x93, 0x8F, 0x8F, 0xFF, 0x5C, 0x58, 0x55, 0xFF, 0x36, 0x33, 0x2F, 0xF8,
    0x34, 0x32, 0x2F, 0xFD, 0x33, 0x31, 0x30, 0xFD, 0x2B, 0x2A, 0x29, 0xFB, 0x2A, 0x28, 0x26, 0xFF,
    0x40, 0x3F, 0x3C, 0xE8, 0x33, 0x2F, 0x2E, 0xD1, 0x34, 0x2E, 0x2F, 0xFF, 0x33, 0x2D, 0x2F, 0xFD,
    0x33, 0x2F, 0x2F, 0xFF, 0x34, 0x31, 0x2D, 0xFF, 0x34, 0x32, 0x30, 0xFF, 0x33, 0x32, 0x31, 0xFF,
    0x36, 0x33, 0x2F, 0xFF, 0x37, 0x33, 0x30, 0xFF, 0x37, 0x34, 0x30, 0xFF, 0x38, 0x34, 0x30, 0xFF,
    0x39, 0x35, 0x32, 0xFF, 0x3A, 0x37, 0x33, 0xFF, 0x3C, 0x38, 0x35, 0xFF, 0x3E, 0x3A, 0x38, 0xFF,
    0x40, 0x3D, 0x38, 0xFF, 0x41, 0x3F, 0x3A, 0xFF, 0x44, 0x40, 0x3D, 0xFF, 0x46, 0x42, 0x3E, 0xFF,
    0x48, 0x45, 0x41, 0xFF, 0x49, 0x46, 0x42, 0xFF, 0x4B, 0x47, 0x44, 0xFF, 0x4C, 0x49, 0x45, 0xFF,
    0x4E, 0x4A, 0x48, 0xFF, 0x50, 0x4A, 0x4B, 0xFF, 0x51, 0x4C, 0x4C, 0xFF, 0x52, 0x4E, 0x4D, 0xFF,
    0x55, 0x50, 0x4F, 0xFF, 0x57, 0x52, 0x51, 0xFF, 0x5A, 0x55, 0x53, 0xFF, 0x5C, 0x58, 0x56, 0xFF,
    0x5E, 0x5A, 0x58, 0xFF, 0x60, 0x5B, 0x5B, 0xFF, 0x61, 0x5D, 0x5B, 0xFF, 0x64, 0x5E, 0x5D, 0xFF,
    0x66, 0x60, 0x5F, 0xFF, 0x69, 0x64, 0x61, 0xFF, 0x6A, 0x65, 0x64, 0xFF, 0x6D, 0x68, 0x67, 0xFF,
    0x70, 0x6A, 0x69, 0xFF, 0x73, 0x6D, 0x6C, 0xFF, 0x75, 0x70, 0x6E, 0xFF, 0x79, 0x73, 0x72, 0xFF,
    0x7A, 0x75, 0x74, 0xFF, 0x7E, 0x79, 0x78, 0xFF, 0x80, 0x7C, 0x7A, 0xFF, 0x83, 0x7F, 0x7C, 0xFF,
    0x87, 0x82, 0x80, 0xFF, 0x8A, 0x85, 0x82, 0xFF, 0x8C, 0x88, 0x86, 0xFF, 0x90, 0x8B, 0x88, 0xFF,
    0x94, 0x8F, 0x8B, 0xFF, 0x98, 0x94, 0x90, 0xFF, 0x9D, 0x98, 0x95, 0xFF, 0xA2, 0x9D, 0x9A, 0xFF,
    0xA7, 0xA1, 0x9F, 0xFF, 0xAB, 0xA6, 0xA3, 0xFF, 0xAE, 0xA9, 0xA8, 0xFF, 0xB4, 0xAF, 0xAE, 0xFF,
    0xB8, 0xB3, 0xB1, 0xFF, 0xBC, 0xB7, 0xB5, 0xFF, 0xBE, 0xB9, 0xB7, 0xFF, 0xBE, 0xB9, 0xB8, 0xFF,
    0xBD, 0xB7, 0xB7, 0xFF, 0xBD, 0xB7, 0xB5, 0xFF, 0xB2, 0xAD, 0xAB, 0xF2, 0x6D, 0x6B, 0x67, 0xCA,
    0x67, 0x64, 0x5F, 0xFF, 0x93, 0x90, 0x8E, 0xFC, 0xC0, 0xBC, 0xBB, 0xFE, 0xC7, 0xC3, 0xC0, 0xFF,
    0x99, 0x96, 0x94, 0xD5, 0x9D, 0x98, 0x97, 0xFB, 0xAD, 0xA8, 0xA7, 0xFF, 0xD7, 0xD2, 0xD1, 0xFF,
    0x9A, 0x95, 0x93, 0xFF, 0x67, 0x61, 0x60, 0xFF, 0x4C, 0x48, 0x45, 0xFF, 0x3D, 0x39, 0x36, 0xFF,
    0x35, 0x32, 0x2E, 0xFF, 0x31, 0x2E, 0x2A, 0xFF, 0x31, 0x2E, 0x29, 0xFF, 0x2E, 0x2D, 0x29, 0xFF,
    0x2D, 0x2A, 0x28, 0xFF, 0x28, 0x26, 0x25, 0xFE, 0x37, 0x36, 0x32, 0xFF, 0x2B, 0x2A, 0x27, 0xF5,
    0x16, 0x16, 0x16, 0x50, 0x00, 0x00, 0x00, 0x00, 0x00, 0x00, 0x00, 0x01, 0x00, 0x00, 0x00, 0x00,
    0x00, 0x00, 0x00, 0x00, 0x00, 0x00, 0x00, 0x00, 0x00, 0x00, 0x00, 0x00, 0x00, 0x00, 0x00, 0x00,
    0x00, 0x00, 0x00, 0x00, 0x00, 0x00, 0x00, 0x00, 0x00, 0x00, 0x00, 0x00, 0x00, 0x00, 0x00, 0x00,
    0x00, 0x00, 0x00, 0x00, 0x00, 0x00, 0x00, 0x00, 0x00, 0x00, 0x00, 0x00, 0x00, 0x00, 0x00, 0x00,
    0x00, 0x00, 0x00, 0x00, 0x00, 0x00, 0x00, 0x00, 0x00, 0x00, 0x00, 0x00, 0x00, 0x00, 0x00, 0x00,
    0x00, 0x00, 0x00, 0x00, 0x00, 0x00, 0x00, 0x00, 0x00, 0x00, 0x00, 0x02, 0x00, 0x00, 0x00, 0x00,
    0x1E, 0x1E, 0x1E, 0x95, 0x22, 0x20, 0x1E, 0xF7, 0x2E, 0x2B, 0x2B, 0xF0, 0x23, 0x20, 0x20, 0xFD,
    0x29, 0x25, 0x26, 0xFF, 0x2A, 0x27, 0x27, 0xFF, 0x31, 0x2D, 0x2C, 0xFF, 0x3B, 0x37, 0x35, 0xFF,
    0x41, 0x3F, 0x3A, 0xFF, 0x4F, 0x4B, 0x48, 0xFF, 0x65, 0x5F, 0x5D, 0xFF, 0x7B, 0x75, 0x74, 0xFF,
    0xBF, 0xBD, 0xB8, 0xFF, 0xA7, 0xA5, 0xA2, 0xFF, 0x65, 0x60, 0x5E, 0xFF, 0x3B, 0x37, 0x34, 0xFA,
    0x34, 0x31, 0x2F, 0xFD, 0x35, 0x31, 0x31, 0xFF, 0x36, 0x31, 0x31, 0xFF, 0x32, 0x30, 0x2E, 0xEF,
    0x33, 0x32, 0x32, 0xA2, 0x31, 0x2F, 0x2F, 0xEE, 0x32, 0x2F, 0x2F, 0xFE, 0x34, 0x2E, 0x2F, 0xFF,
    0x33, 0x30, 0x2D, 0xFF, 0x33, 0x32, 0x2C, 0xFF, 0x34, 0x31, 0x2F, 0xFF, 0x34, 0x33, 0x2F, 0xFF,
    0x35, 0x33, 0x2E, 0xFF, 0x36, 0x33, 0x2F, 0xFF, 0x37, 0x33, 0x30, 0xFF, 0x37, 0x34, 0x30, 0xFF,
    0x39, 0x36, 0x32, 0xFF, 0x3A, 0x37, 0x33, 0xFF, 0x3B, 0x38, 0x34, 0xFF, 0x3D, 0x39, 0x36, 0xFF,
    0x40, 0x3B, 0x37, 0xFF, 0x41, 0x3D, 0x39, 0xFF, 0x43, 0x3F, 0x3C, 0xFF, 0x46, 0x41, 0x3E, 0xFF,
    0x47, 0x43, 0x40, 0xFF, 0x49, 0x45, 0x42, 0xFF, 0x4A, 0x47, 0x43, 0xFF, 0x4C, 0x48, 0x45, 0xFF,
    0x4D, 0x49, 0x47, 0xFF, 0x4F, 0x4B, 0x49, 0xFF, 0x51, 0x4C, 0x4B, 0xFF, 0x51, 0x4D, 0x4C, 0xFF,
    0x55, 0x50, 0x4F, 0xFF, 0x57, 0x52, 0x50, 0xFF, 0x59, 0x54, 0x53, 0xFF, 0x5C, 0x57, 0x55, 0xFF,
    0x5D, 0x5A, 0x59, 0xFF, 0x60, 0x5B, 0x5A, 0xFF, 0x61, 0x5B, 0x5B, 0xFF, 0x63, 0x5D, 0x5E, 0xFF,
    0x65, 0x60, 0x5F, 0xFF, 0x67, 0x62, 0x62, 0xFF, 0x6A, 0x64, 0x64, 0xFF, 0x6D, 0x67, 0x67, 0xFF,
    0x6F, 0x6A, 0x69, 0xFF, 0x72, 0x6D, 0x6B, 0xFF, 0x75, 0x70, 0x6E, 0xFF, 0x78, 0x73, 0x71, 0xFF,
    0x7A, 0x75, 0x74, 0xFF, 0x7D, 0x77, 0x76, 0xFF, 0x7F, 0x7B, 0x79, 0xFF, 0x82, 0x7D, 0x7B, 0xFF,
    0x85, 0x80, 0x7F, 0xFF, 0x89, 0x83, 0x81, 0xFF, 0x8D, 0x87, 0x84, 0xFF, 0x90, 0x8B, 0x88, 0xFF,
    0x93, 0x8D, 0x8B, 0xFF, 0x97, 0x92, 0x90, 0xFF, 0x9B, 0x96, 0x94, 0xFF, 0xA1, 0x9C, 0x99, 0xFF,
    0xA5, 0xA1, 0xA0, 0xFF, 0xAA, 0xA5, 0xA4, 0xFF, 0xAE, 0xA8, 0xA7, 0xFF, 0xB3, 0xAE, 0xAB, 0xFF,
    0xB7, 0xB1, 0xB2, 0xFF, 0xBB, 0xB6, 0xB5, 0xFF, 0xBD, 0xB8, 0xB8, 0xFF, 0xBD, 0xB9, 0xB8, 0xFF,
    0xBC, 0xB7, 0xB6, 0xFF, 0xB7, 0xB3, 0xB2, 0xFE, 0xBD, 0xB8, 0xB6, 0xFF, 0x87, 0x83, 0x82, 0xCA,
    0x8C, 0x86, 0x85, 0xDF, 0xC3, 0xBF, 0xBE, 0xFF, 0xC6, 0xC2, 0xC1, 0xFF, 0xBC, 0xB8, 0xB7, 0xF9,
    0x93, 0x8E, 0x8D, 0xD1, 0x9C, 0x96, 0x95, 0xFF, 0xB4, 0xAE, 0xAD, 0xFE, 0xCE, 0xCB, 0xC7, 0xFF,
    0x8A, 0x85, 0x84, 0xFF, 0x61, 0x5B, 0x5A, 0xFF, 0x48, 0x44, 0x40, 0xFF, 0x3B, 0x38, 0x33, 0xFF,
    0x32, 0x30, 0x2B, 0xFF, 0x30, 0x2E, 0x29, 0xFF, 0x30, 0x2D, 0x2A, 0xFF, 0x2B, 0x2B, 0x2A, 0xFF,
    0x28, 0x26, 0x25, 0xFF, 0x32, 0x30, 0x2F, 0xFD, 0x30, 0x2E, 0x2D, 0xFF, 0x27, 0x24, 0x23, 0xE4,
    0x16, 0x16, 0x0F, 0x22, 0x00, 0x00, 0x00, 0x00, 0x00, 0x00, 0x00, 0x01, 0x00, 0x00, 0x00, 0x00,
    0x00, 0x00, 0x00, 0x00, 0x00, 0x00, 0x00, 0x00, 0x00, 0x00, 0x00, 0x00, 0x00, 0x00, 0x00, 0x00,
    0x00, 0x00, 0x00, 0x00, 0x00, 0x00, 0x00, 0x00, 0x00, 0x00, 0x00, 0x00, 0x00, 0x00, 0x00, 0x00,
    0x00, 0x00, 0x00, 0x00, 0x00, 0x00, 0x00, 0x00, 0x00, 0x00, 0x00, 0x00, 0x00, 0x00, 0x00, 0x00,
    0x00, 0x00, 0x00, 0x00, 0x00, 0x00, 0x00, 0x00, 0x00, 0x00, 0x00, 0x00, 0x00, 0x00, 0x00, 0x00,
    0x00, 0x00, 0x00, 0x00, 0x00, 0x00, 0x00, 0x00, 0x3F, 0x3F, 0x3F, 0x04, 0x00, 0x00, 0x00, 0x00,
    0x23, 0x23, 0x23, 0x5D, 0x21, 0x1F, 0x1F, 0xFF, 0x26, 0x24, 0x24, 0xEF, 0x2A, 0x27, 0x27, 0xEF,
    0x24, 0x21, 0x21, 0xFF, 0x2A, 0x26, 0x26, 0xFF, 0x2E, 0x2A, 0x29, 0xFF, 0x3C, 0x39, 0x36, 0xFF,
    0x3F, 0x3D, 0x38, 0xFF, 0x4C, 0x4A, 0x46, 0xFF, 0x5E, 0x5A, 0x57, 0xFF, 0x75, 0x6F, 0x6D, 0xFF,
    0xB4, 0xAF, 0xAB, 0xFF, 0xB6, 0xB3, 0xB1, 0xFF, 0x6F, 0x6B, 0x69, 0xFF, 0x41, 0x3D, 0x39, 0xFD,
    0x34, 0x32, 0x2E, 0xF1, 0x2F, 0x2E, 0x2D, 0xCA, 0x33, 0x32, 0x30, 0xB1, 0x33, 0x32, 0x30, 0xA3,
    0x37, 0x32, 0x32, 0xDE, 0x35, 0x31, 0x32, 0xFF, 0x32, 0x2F, 0x2F, 0xFE, 0x33, 0x30, 0x2E, 0xFF,
    0x33, 0x31, 0x2C, 0xFF, 0x33, 0x32, 0x2D, 0xFF, 0x34, 0x31, 0x2E, 0xFF, 0x34, 0x32, 0x2E, 0xFF,
    0x36, 0x32, 0x2E, 0xFF, 0x36, 0x33, 0x2F, 0xFF, 0x36, 0x34, 0x30, 0xFF, 0x38, 0x35, 0x31, 0xFF,
    0x39, 0x35, 0x32, 0xFF, 0x3A, 0x36, 0x33, 0xFF, 0x3B, 0x37, 0x34, 0xFF, 0x3D, 0x38, 0x35, 0xFF,
    0x3F, 0x3A, 0x38, 0xFF, 0x40, 0x3C, 0x39, 0xFF, 0x42, 0x3F, 0x3B, 0xFF, 0x45, 0x40, 0x3D, 0xFF,
    0x47, 0x42, 0x40, 0xFF, 0x49, 0x45, 0x42, 0xFF, 0x4B, 0x47, 0x44, 0xFF, 0x4C, 0x49, 0x45, 0xFF,
    0x4D, 0x49, 0x46, 0xFF, 0x4F, 0x4B, 0x4A, 0xFF, 0x51, 0x4C, 0x4B, 0xFF, 0x53, 0x4D, 0x4C, 0xFF,
    0x55, 0x4F, 0x4F, 0xFF, 0x57, 0x52, 0x52, 0xFF, 0x5A, 0x54, 0x53, 0xFF, 0x5B, 0x56, 0x55, 0xFF,
    0x5D, 0x58, 0x58, 0xFF, 0x60, 0x5B, 0x5B, 0xFF, 0x61, 0x5C, 0x5C, 0xFF, 0x64, 0x5E, 0x5E, 0xFF,
    0x66, 0x60, 0x60, 0xFF, 0x68, 0x62, 0x61, 0xFF, 0x6A, 0x65, 0x65, 0xFF, 0x6D, 0x68, 0x68, 0xFF,
    0x6F, 0x6A, 0x69, 0xFF, 0x72, 0x6E, 0x6C, 0xFF, 0x75, 0x70, 0x6E, 0xFF, 0x77, 0x72, 0x6F, 0xFF,
    0x7A, 0x75, 0x73, 0xFF, 0x7C, 0x77, 0x75, 0xFF, 0x7E, 0x79, 0x77, 0xFF, 0x82, 0x7D, 0x7A, 0xFF,
    0x85, 0x7F, 0x7E, 0xFF, 0x88, 0x82, 0x80, 0xFF, 0x8B, 0x86, 0x83, 0xFF, 0x8E, 0x89, 0x87, 0xFF,
    0x93, 0x8D, 0x8B, 0xFF, 0x97, 0x92, 0x90, 0xFF, 0x9B, 0x97, 0x94, 0xFF, 0xA0, 0x9B, 0x99, 0xFF,
    0xA4, 0xA0, 0x9D, 0xFF, 0xA9, 0xA5, 0xA3, 0xFF, 0xAD, 0xA8, 0xA7, 0xFF, 0xB1, 0xAC, 0xAB, 0xFF,
    0xB6, 0xB1, 0xB0, 0xFF, 0xBA, 0xB5, 0xB3, 0xFF, 0xBC, 0xB7, 0xB6, 0xFF, 0xBD, 0xB8, 0xB7, 0xFF,
    0xBC, 0xB7, 0xB5, 0xFF, 0xB9, 0xB5, 0xB3, 0xFF, 0xB6, 0xB0, 0xAE, 0xFE, 0xAC, 0xA7, 0xA5, 0xFB,
    0x7E, 0x7A, 0x79, 0xBB, 0x82, 0x7F, 0x7F, 0xB6, 0xAA, 0xA6, 0xA4, 0xE7, 0xAF, 0xAB, 0xA9, 0xE5,
    0x95, 0x90, 0x8F, 0xDB, 0x9C, 0x95, 0x92, 0xFF, 0xBF, 0xBA, 0xB7, 0xFD, 0xC2, 0xBE, 0xBB, 0xFF,
    0x80, 0x7A, 0x78, 0xFF, 0x59, 0x55, 0x52, 0xFF, 0x45, 0x41, 0x3D, 0xFF, 0x38, 0x35, 0x31, 0xFF,
    0x31, 0x2F, 0x2A, 0xFF, 0x30, 0x2E, 0x29, 0xFF, 0x2F, 0x2C, 0x2A, 0xFF, 0x28, 0x27, 0x27, 0xFF,
    0x2D, 0x2B, 0x29, 0xFF, 0x30, 0x2E, 0x2F, 0xFC, 0x29, 0x28, 0x26, 0xFF, 0x2E, 0x2D, 0x2A, 0xAF,
    0x00, 0x00, 0x00, 0x00, 0x55, 0x55, 0x55, 0x03, 0x00, 0x00, 0x00, 0x00, 0x00, 0x00, 0x00, 0x00,
    0x00, 0x00, 0x00, 0x00, 0x00, 0x00, 0x00, 0x00, 0x00, 0x00, 0x00, 0x00, 0x00, 0x00, 0x00, 0x00,
    0x00, 0x00, 0x00, 0x00, 0x00, 0x00, 0x00, 0x00, 0x00, 0x00, 0x00, 0x00, 0x00, 0x00, 0x00, 0x00,
    0x00, 0x00, 0x00, 0x00, 0x00, 0x00, 0x00, 0x00, 0x00, 0x00, 0x00, 0x00, 0x00, 0x00, 0x00, 0x00,
    0x00, 0x00, 0x00, 0x00, 0x00, 0x00, 0x00, 0x00, 0x00, 0x00, 0x00, 0x00, 0x00, 0x00, 0x00, 0x00,
    0x00, 0x00, 0x00, 0x00, 0x00, 0x00, 0x00, 0x00, 0x00, 0x00, 0x00, 0x02, 0x00, 0x00, 0x00, 0x00,
    0x23, 0x23, 0x23, 0x1D, 0x23, 0x21, 0x21, 0xF5, 0x20, 0x1D, 0x1D, 0xFD, 0x2B, 0x29, 0x26, 0xEC,
    0x26, 0x24, 0x23, 0xF4, 0x25, 0x24, 0x23, 0xFF, 0x2B, 0x28, 0x26, 0xFF, 0x3B, 0x37, 0x35, 0xFF,
    0x3E, 0x3B, 0x38, 0xFF, 0x49, 0x46, 0x42, 0xFF, 0x58, 0x54, 0x52, 0xFF, 0x6D, 0x68, 0x66, 0xFF,
    0xA4, 0x9E, 0x9C, 0xFF, 0xBC, 0xB8, 0xB5, 0xFF, 0x7D, 0x79, 0x78, 0xFD, 0x4A, 0x45, 0x43, 0xFF,
    0x31, 0x2F, 0x2D, 0xB3, 0x2A, 0x27, 0x25, 0xA9, 0x32, 0x2F, 0x2F, 0xDD, 0x3A, 0x36, 0x34, 0xFF,
    0x39, 0x35, 0x32, 0xFF, 0x33, 0x30, 0x2F, 0xFE, 0x33, 0x2F, 0x2F, 0xFF, 0x33, 0x2F, 0x2F, 0xFF,
    0x33, 0x32, 0x2C, 0xFF, 0x33, 0x31, 0x2C, 0xFF, 0x34, 0x31, 0x2E, 0xFF, 0x35, 0x32, 0x2F, 0xFF,
    0x36, 0x32, 0x2E, 0xFF, 0x36, 0x33, 0x2F, 0xFF, 0x37, 0x34, 0x2F, 0xFF, 0x37, 0x34, 0x30, 0xFF,
    0x39, 0x35, 0x32, 0xFF, 0x3A, 0x36, 0x32, 0xFF, 0x3B, 0x37, 0x33, 0xFF, 0x3C, 0x38, 0x36, 0xFF,
    0x3E, 0x39, 0x37, 0xFF, 0x40, 0x3B, 0x39, 0xFF, 0x42, 0x3E, 0x3B, 0xFF, 0x43, 0x3F, 0x3C, 0xFF,
    0x46, 0x41, 0x3F, 0xFF, 0x48, 0x45, 0x42, 0xFF, 0x4B, 0x46, 0x43, 0xFF, 0x4B, 0x48, 0x45, 0xFF,
    0x4D, 0x49, 0x47, 0xFF, 0x4E, 0x4A, 0x47, 0xFF, 0x51, 0x4C, 0x4A, 0xFF, 0x53, 0x4E, 0x4D, 0xFF,
    0x55, 0x4F, 0x4E, 0xFF, 0x57, 0x52, 0x50, 0xFF, 0x59, 0x54, 0x52, 0xFF, 0x5B, 0x56, 0x55, 0xFF,
    0x5E, 0x58, 0x58, 0xFF, 0x5F, 0x5A, 0x5A, 0xFF, 0x62, 0x5C, 0x5C, 0xFF, 0x64, 0x5E, 0x5D, 0xFF,
    0x66, 0x60, 0x61, 0xFF, 0x68, 0x62, 0x62, 0xFF, 0x69, 0x64, 0x63, 0xFF, 0x6C, 0x67, 0x66, 0xFF,
    0x6F, 0x6A, 0x69, 0xFF, 0x71, 0x6D, 0x6B, 0xFF, 0x75, 0x6F, 0x6C, 0xFF, 0x77, 0x72, 0x71, 0xFF,
    0x79, 0x74, 0x74, 0xFF, 0x7C, 0x77, 0x74, 0xFF, 0x7D, 0x78, 0x75, 0xFF, 0x81, 0x7C, 0x7A, 0xFF,
    0x84, 0x7F, 0x7D, 0xFF, 0x87, 0x82, 0x80, 0xFF, 0x8A, 0x85, 0x83, 0xFF, 0x8E, 0x88, 0x87, 0xFF,
    0x92, 0x8B, 0x89, 0xFF, 0x96, 0x91, 0x8F, 0xFF, 0x99, 0x95, 0x93, 0xFF, 0x9F, 0x9A, 0x98, 0xFF,
    0xA3, 0x9D, 0x9B, 0xFF, 0xA8, 0xA3, 0xA1, 0xFF, 0xAC, 0xA8, 0xA5, 0xFF, 0xB1, 0xAC, 0xAA, 0xFF,
    0xB5, 0xB0, 0xAF, 0xFF, 0xB9, 0xB5, 0xB2, 0xFF, 0xBB, 0xB7, 0xB5, 0xFF, 0xBC, 0xB7, 0xB6, 0xFF,
    0xBB, 0xB6, 0xB5, 0xFF, 0xB8, 0xB4, 0xB3, 0xFF, 0xB1, 0xAD, 0xAA, 0xFF, 0xAB, 0xA5, 0xA2, 0xFF,
    0xA9, 0xA3, 0xA0, 0xFF, 0xA7, 0xA1, 0x9F, 0xEE, 0xA9, 0xA5, 0xA2, 0xE6, 0x7C, 0x7A, 0x78, 0xC2,
    0x9D, 0x97, 0x96, 0xEB, 0x9B, 0x95, 0x93, 0xFF, 0xCA, 0xC5, 0xC4, 0xFE, 0xB3, 0xAF, 0xAC, 0xFF,
    0x75, 0x70, 0x6D, 0xFF, 0x53, 0x4F, 0x4D, 0xFF, 0x41, 0x3E, 0x3A, 0xFF, 0x36, 0x33, 0x30, 0xFF,
    0x31, 0x2E, 0x2A, 0xFF, 0x2E, 0x2C, 0x2A, 0xFF, 0x2B, 0x29, 0x28, 0xFF, 0x2A, 0x27, 0x26, 0xFF,
    0x33, 0x31, 0x2F, 0xFE, 0x27, 0x25, 0x25, 0xFB, 0x31, 0x2E, 0x2C, 0xFF, 0x2E, 0x2E, 0x2B, 0x69,
    0x00, 0x00, 0x00, 0x00, 0x3F, 0x3F, 0x3F, 0x04, 0x00, 0x00, 0x00, 0x00, 0x00, 0x00, 0x00, 0x00,
    0x00, 0x00, 0x00, 0x00, 0x00, 0x00, 0x00, 0x00, 0x00, 0x00, 0x00, 0x00, 0x00, 0x00, 0x00, 0x00,
    0x00, 0x00, 0x00, 0x00, 0x00, 0x00, 0x00, 0x00, 0x00, 0x00, 0x00, 0x00, 0x00, 0x00, 0x00, 0x00,
    0x00, 0x00, 0x00, 0x00, 0x00, 0x00, 0x00, 0x00, 0x00, 0x00, 0x00, 0x00, 0x00, 0x00, 0x00, 0x00,
    0x00, 0x00, 0x00, 0x00, 0x00, 0x00, 0x00, 0x00, 0x00, 0x00, 0x00, 0x00, 0x00, 0x00, 0x00, 0x00,
    0x00, 0x00, 0x00, 0x00, 0x00, 0x00, 0x00, 0x00, 0x00, 0x00, 0x00, 0x00, 0x00, 0x00, 0x00, 0x01,
    0x00, 0x00, 0x00, 0x00, 0x21, 0x20, 0x1E, 0xBF, 0x24, 0x21, 0x20, 0xFF, 0x21, 0x1F, 0x1E, 0xFA,
    0x2B, 0x29, 0x29, 0xEE, 0x25, 0x23, 0x23, 0xFC, 0x28, 0x25, 0x24, 0xFF, 0x35, 0x33, 0x30, 0xFF,
    0x3C, 0x39, 0x36, 0xFF, 0x44, 0x41, 0x3D, 0xFF, 0x53, 0x50, 0x4C, 0xFF, 0x66, 0x62, 0x5F, 0xFF,
    0x96, 0x90, 0x8D, 0xFF, 0xB6, 0xB2, 0xAF, 0xFF, 0x8D, 0x88, 0x88, 0xFE, 0x51, 0x4C, 0x4A, 0xFF,
    0x32, 0x30, 0x2D, 0xEE, 0x30, 0x2C, 0x2A, 0xFF, 0x33, 0x2F, 0x2E, 0xFF, 0x38, 0x36, 0x33, 0xFF,
    0x38, 0x35, 0x31, 0xFE, 0x35, 0x33, 0x2E, 0xFF, 0x34, 0x30, 0x30, 0xFF, 0x33, 0x2F, 0x30, 0xFF,
    0x33, 0x30, 0x2E, 0xFF, 0x33, 0x31, 0x2C, 0xFF, 0x33, 0x31, 0x2F, 0xFF, 0x35, 0x32, 0x2E, 0xFF,
    0x34, 0x32, 0x2E, 0xFF, 0x36, 0x32, 0x2F, 0xFF, 0x38, 0x34, 0x30, 0xFF, 0x38, 0x35, 0x31, 0xFF,
    0x38, 0x35, 0x31, 0xFF, 0x3A, 0x35, 0x33, 0xFF, 0x3C, 0x36, 0x34, 0xFF, 0x3C, 0x38, 0x34, 0xFF,
    0x3E, 0x39, 0x36, 0xFF, 0x40, 0x3C, 0x39, 0xFF, 0x41, 0x3D, 0x3A, 0xFF, 0x42, 0x3F, 0x3C, 0xFF,
    0x45, 0x41, 0x3E, 0xFF, 0x48, 0x44, 0x40, 0xFF, 0x49, 0x45, 0x42, 0xFF, 0x4A, 0x47, 0x43, 0xFF,
    0x4C, 0x49, 0x46, 0xFF, 0x4E, 0x4A, 0x47, 0xFF, 0x51, 0x4C, 0x4A, 0xFF, 0x51, 0x4C, 0x4B, 0xFF,
    0x54, 0x4F, 0x4D, 0xFF, 0x57, 0x51, 0x50, 0xFF, 0x58, 0x53, 0x53, 0xFF, 0x5B, 0x56, 0x55, 0xFF,
    0x5E, 0x59, 0x58, 0xFF, 0x5F, 0x5A, 0x59, 0xFF, 0x61, 0x5B, 0x5A, 0xFF, 0x63, 0x5D, 0x5D, 0xFF,
    0x65, 0x60, 0x60, 0xFF, 0x68, 0x62, 0x62, 0xFF, 0x69, 0x64, 0x64, 0xFF, 0x6C, 0x66, 0x66, 0xFF,
    0x6F, 0x69, 0x68, 0xFF, 0x70, 0x6B, 0x6A, 0xFF, 0x74, 0x6F, 0x6C, 0xFF, 0x76, 0x72, 0x70, 0xFF,
    0x78, 0x73, 0x71, 0xFF, 0x7A, 0x75, 0x72, 0xFF, 0x7D, 0x78, 0x75, 0xFF, 0x7F, 0x7B, 0x79, 0xFF,
    0x83, 0x7E, 0x7C, 0xFF, 0x85, 0x81, 0x7F, 0xFF, 0x89, 0x83, 0x81, 0xFF, 0x8D, 0x88, 0x85, 0xFF,
    0x91, 0x8C, 0x8A, 0xFF, 0x95, 0x90, 0x8E, 0xFF, 0x98, 0x95, 0x92, 0xFF, 0x9D, 0x9A, 0x96, 0xFF,
    0xA3, 0x9E, 0x9B, 0xFF, 0xA7, 0xA2, 0xA1, 0xFF, 0xAC, 0xA7, 0xA4, 0xFF, 0xB0, 0xAC, 0xA9, 0xFF,
    0xB5, 0xB0, 0xAF, 0xFF, 0xB9, 0xB4, 0xB2, 0xFF, 0xBB, 0xB6, 0xB5, 0xFF, 0xBB, 0xB6, 0xB5, 0xFF,
    0xBA, 0xB4, 0xB5, 0xFF, 0xB6, 0xB1, 0xB0, 0xFF, 0xB0, 0xAA, 0xA8, 0xFF, 0xA8, 0xA2, 0xA0, 0xFF,
    0xA0, 0x9A, 0x97, 0xFE, 0xB9, 0xB3, 0xB1, 0xFF, 0xCF, 0xCA, 0xC9, 0xFF, 0x98, 0x96, 0x94, 0xD6,
    0x97, 0x93, 0x90, 0xFC, 0x9F, 0x99, 0x98, 0xFF, 0xD4, 0xCF, 0xCC, 0xFF, 0xAB, 0xA8, 0xA4, 0xFE,
    0x70, 0x6D, 0x6A, 0xFE, 0x4E, 0x4C, 0x47, 0xFF, 0x3E, 0x3A, 0x37, 0xFF, 0x34, 0x31, 0x2D, 0xFF,
    0x2F, 0x2E, 0x2B, 0xFF, 0x2E, 0x2C, 0x2B, 0xFF, 0x29, 0x27, 0x26, 0xFF, 0x33, 0x31, 0x30, 0xFF,
    0x2C, 0x2A, 0x2A, 0xFE, 0x29, 0x28, 0x26, 0xFE, 0x2D, 0x2B, 0x2A, 0xFC, 0x29, 0x29, 0x29, 0x2B,
    0x00, 0x00, 0x00, 0x00, 0x00, 0x00, 0x00, 0x03, 0x00, 0x00, 0x00, 0x00, 0x00, 0x00, 0x00, 0x00,
    0x00, 0x00, 0x00, 0x00, 0x00, 0x00, 0x00, 0x00, 0x00, 0x00, 0x00, 0x00, 0x00, 0x00, 0x00, 0x00,
    0x00, 0x00, 0x00, 0x00, 0x00, 0x00, 0x00, 0x00, 0x00, 0x00, 0x00, 0x00, 0x00, 0x00, 0x00, 0x00,
    0x00, 0x00, 0x00, 0x00, 0x00, 0x00, 0x00, 0x00, 0x00, 0x00, 0x00, 0x00, 0x00, 0x00, 0x00, 0x00,
    0x00, 0x00, 0x00, 0x00, 0x00, 0x00, 0x00, 0x00, 0x00, 0x00, 0x00, 0x00, 0x00, 0x00, 0x00, 0x00,
    0x00, 0x00, 0x00, 0x00, 0x00, 0x00, 0x00, 0x00, 0x00, 0x00, 0x00, 0x00, 0x3F, 0x3F, 0x3F, 0x04,
    0x00, 0x00, 0x00, 0x00, 0x25, 0x23, 0x21, 0x79, 0x21, 0x1F, 0x1D, 0xFA, 0x21, 0x1E, 0x1D, 0xFA,
    0x25, 0x22, 0x22, 0xF6, 0x2C, 0x2B, 0x29, 0xF6, 0x26, 0x24, 0x22, 0xFF, 0x30, 0x2D, 0x2C, 0xFF,
    0x3A, 0x38, 0x35, 0xFF, 0x3F, 0x3C, 0x39, 0xFF, 0x4E, 0x4B, 0x48, 0xFF, 0x61, 0x5C, 0x5A, 0xFF,
    0x89, 0x83, 0x80, 0xFE, 0xA8, 0xA3, 0xA0, 0xFF, 0xA1, 0x9C, 0x9B, 0xFF, 0x5C, 0x57, 0x56, 0xFF,
    0x35, 0x33, 0x2E, 0xF5, 0x30, 0x2D, 0x29, 0xF3, 0x30, 0x2D, 0x2C, 0xFE, 0x37, 0x34, 0x32, 0xFE,
    0x39, 0x37, 0x31, 0xFF, 0x35, 0x33, 0x2F, 0xFF, 0x35, 0x31, 0x31, 0xFF, 0x33, 0x30, 0x30, 0xFF,
    0x32, 0x2F, 0x2F, 0xFF, 0x31, 0x30, 0x2D, 0xFF, 0x34, 0x31, 0x2D, 0xFF, 0x35, 0x32, 0x2E, 0xFF,
    0x35, 0x33, 0x2F, 0xFF, 0x36, 0x32, 0x2E, 0xFF, 0x37, 0x33, 0x30, 0xFF, 0x38, 0x34, 0x31, 0xFF,
    0x38, 0x35, 0x32, 0xFF, 0x3A, 0x35, 0x32, 0xFF, 0x3B, 0x36, 0x33, 0xFF, 0x3C, 0x37, 0x34, 0xFF,
    0x3C, 0x3A, 0x36, 0xFF, 0x3F, 0x3B, 0x37, 0xFF, 0x41, 0x3B, 0x39, 0xFF, 0x42, 0x3E, 0x3B, 0xFF,
    0x44, 0x42, 0x3D, 0xFF, 0x47, 0x44, 0x40, 0xFF, 0x49, 0x45, 0x42, 0xFF, 0x4A, 0x46, 0x44, 0xFF,
    0x4B, 0x48, 0x44, 0xFF, 0x4E, 0x4A, 0x46, 0xFF, 0x50, 0x4B, 0x48, 0xFF, 0x50, 0x4B, 0x4A, 0xFF,
    0x52, 0x4E, 0x4C, 0xFF, 0x54, 0x4F, 0x4E, 0xFF, 0x57, 0x52, 0x51, 0xFF, 0x5A, 0x55, 0x54, 0xFF,
    0x5C, 0x57, 0x56, 0xFF, 0x5E, 0x59, 0x58, 0xFF, 0x60, 0x5B, 0x5A, 0xFF, 0x63, 0x5E, 0x5C, 0xFF,
    0x64, 0x60, 0x5E, 0xFF, 0x67, 0x63, 0x60, 0xFF, 0x69, 0x63, 0x63, 0xFF, 0x6B, 0x66, 0x66, 0xFF,
    0x6E, 0x69, 0x68, 0xFF, 0x70, 0x6B, 0x6A, 0xFF, 0x74, 0x6E, 0x6C, 0xFF, 0x76, 0x70, 0x6F, 0xFF,
    0x78, 0x72, 0x6F, 0xFF, 0x79, 0x74, 0x71, 0xFF, 0x7C, 0x77, 0x75, 0xFF, 0x7F, 0x7A, 0x79, 0xFF,
    0x82, 0x7D, 0x7A, 0xFF, 0x85, 0x80, 0x7E, 0xFF, 0x87, 0x82, 0x81, 0xFF, 0x8C, 0x86, 0x85, 0xFF,
    0x91, 0x8C, 0x89, 0xFF, 0x94, 0x8F, 0x8C, 0xFF, 0x98, 0x94, 0x91, 0xFF, 0x9C, 0x99, 0x95, 0xFF,
    0xA1, 0x9E, 0x9A, 0xFF, 0xA7, 0xA2, 0xA0, 0xFF, 0xAB, 0xA6, 0xA5, 0xFF, 0xB1, 0xAB, 0xA9, 0xFF,
    0xB4, 0xAF, 0xAE, 0xFF, 0xB8, 0xB3, 0xB1, 0xFF, 0xBA, 0xB5, 0xB4, 0xFF, 0xBA, 0xB5, 0xB4, 0xFF,
    0xB8, 0xB3, 0xB2, 0xFF, 0xB3, 0xAF, 0xAE, 0xFF, 0xAD, 0xA9, 0xA6, 0xFF, 0xA5, 0xA1, 0x9E, 0xFF,
    0xA4, 0x9E, 0x9C, 0xFF, 0xBE, 0xB8, 0xB6, 0xFF, 0xB8, 0xB4, 0xB3, 0xF6, 0x8C, 0x89, 0x88, 0xD1,
    0x93, 0x8F, 0x8C, 0xFF, 0xAA, 0xA5, 0xA4, 0xFE, 0xDA, 0xD6, 0xD3, 0xFF, 0x7F, 0x7B, 0x77, 0xFF,
    0x4C, 0x4A, 0x46, 0xFF, 0x40, 0x3E, 0x3C, 0xFE, 0x39, 0x36, 0x33, 0xFF, 0x31, 0x2F, 0x2C, 0xFF,
    0x2F, 0x2D, 0x2C, 0xFF, 0x2B, 0x29, 0x28, 0xFF, 0x30, 0x2E, 0x2D, 0xFF, 0x32, 0x30, 0x30, 0xFF,
    0x29, 0x27, 0x27, 0xFD, 0x2B, 0x29, 0x28, 0xFF, 0x2F, 0x2D, 0x2C, 0xCE, 0x00, 0x00, 0x00, 0x02,
    0x00, 0x00, 0x00, 0x01, 0x00, 0x00, 0x00, 0x00, 0x00, 0x00, 0x00, 0x00, 0x00, 0x00, 0x00, 0x00,
    0x00, 0x00, 0x00, 0x00, 0x00, 0x00, 0x00, 0x00, 0x00, 0x00, 0x00, 0x00, 0x00, 0x00, 0x00, 0x00,
    0x00, 0x00, 0x00, 0x00, 0x00, 0x00, 0x00, 0x00, 0x00, 0x00, 0x00, 0x00, 0x00, 0x00, 0x00, 0x00,
    0x00, 0x00, 0x00, 0x00, 0x00, 0x00, 0x00, 0x00, 0x00, 0x00, 0x00, 0x00, 0x00, 0x00, 0x00, 0x00,
    0x00, 0x00, 0x00, 0x00, 0x00, 0x00, 0x00, 0x00, 0x00, 0x00, 0x00, 0x00, 0x00, 0x00, 0x00, 0x00,
    0x00, 0x00, 0x00, 0x00, 0x00, 0x00, 0x00, 0x00, 0x00, 0x00, 0x00, 0x00, 0x00, 0x00, 0x00, 0x02,
    0x00, 0x00, 0x00, 0x00, 0x25, 0x2B, 0x25, 0x29, 0x25, 0x23, 0x22, 0xFA, 0x22, 0x1F, 0x1F, 0xFA,
    0x22, 0x1F, 0x1F, 0xFF, 0x28, 0x27, 0x26, 0xFA, 0x2C, 0x2A, 0x29, 0xFD, 0x29, 0x27, 0x25, 0xFF,
    0x37, 0x35, 0x31, 0xFF, 0x3B, 0x39, 0x35, 0xFF, 0x49, 0x45, 0x41, 0xFF, 0x5D, 0x58, 0x56, 0xFF,
    0x79, 0x74, 0x72, 0xFF, 0x9C, 0x99, 0x96, 0xFB, 0xBE, 0xB8, 0xB6, 0xFF, 0x67, 0x60, 0x5F, 0xFF,
    0x39, 0x35, 0x32, 0xFC, 0x31, 0x2E, 0x2A, 0xEE, 0x2F, 0x2C, 0x2C, 0xFF, 0x36, 0x33, 0x30, 0xFF,
    0x3A, 0x37, 0x33, 0xFF, 0x36, 0x33, 0x2F, 0xFF, 0x34, 0x31, 0x30, 0xFF, 0x33, 0x30, 0x2F, 0xFF,
    0x32, 0x30, 0x2F, 0xFF, 0x32, 0x2F, 0x2F, 0xFF, 0x34, 0x30, 0x2E, 0xFF, 0x34, 0x32, 0x2E, 0xFF,
    0x35, 0x32, 0x2E, 0xFF, 0x37, 0x32, 0x2F, 0xFF, 0x37, 0x33, 0x30, 0xFF, 0x38, 0x34, 0x30, 0xFF,
    0x39, 0x35, 0x32, 0xFF, 0x3A, 0x35, 0x32, 0xFF, 0x3A, 0x36, 0x33, 0xFF, 0x3B, 0x37, 0x33, 0xFF,
    0x3C, 0x38, 0x36, 0xFF, 0x3E, 0x3A, 0x37, 0xFF, 0x40, 0x3C, 0x38, 0xFF, 0x41, 0x3D, 0x3A, 0xFF,
    0x43, 0x3F, 0x3C, 0xFF, 0x45, 0x43, 0x3E, 0xFF, 0x48, 0x45, 0x41, 0xFF, 0x4A, 0x46, 0x42, 0xFF,
    0x4B, 0x48, 0x43, 0xFF, 0x4C, 0x4A, 0x45, 0xFF, 0x4E, 0x4B, 0x47, 0xFF, 0x50, 0x4B, 0x49, 0xFF,
    0x51, 0x4D, 0x4C, 0xFF, 0x54, 0x4F, 0x4E, 0xFF, 0x56, 0x51, 0x51, 0xFF, 0x5A, 0x54, 0x55, 0xFF,
    0x5C, 0x56, 0x55, 0xFF, 0x5D, 0x58, 0x57, 0xFF, 0x60, 0x5B, 0x59, 0xFF, 0x61, 0x5B, 0x5C, 0xFF,
    0x63, 0x5E, 0x5E, 0xFF, 0x66, 0x61, 0x5F, 0xFF, 0x69, 0x64, 0x63, 0xFF, 0x6B, 0x66, 0x65, 0xFF,
    0x6D, 0x68, 0x67, 0xFF, 0x6F, 0x6A, 0x6A, 0xFF, 0x72, 0x6E, 0x6C, 0xFF, 0x75, 0x70, 0x6F, 0xFF,
    0x77, 0x72, 0x70, 0xFF, 0x79, 0x74, 0x71, 0xFF, 0x7B, 0x76, 0x73, 0xFF, 0x7E, 0x79, 0x77, 0xFF,
    0x80, 0x7B, 0x7A, 0xFF, 0x83, 0x7E, 0x7D, 0xFF, 0x86, 0x81, 0x80, 0xFF, 0x8C, 0x85, 0x83, 0xFF,
    0x8F, 0x89, 0x86, 0xFF, 0x92, 0x8D, 0x8A, 0xFF, 0x96, 0x92, 0x8E, 0xFF, 0x9A, 0x98, 0x94, 0xFF,
    0xA0, 0x9C, 0x98, 0xFF, 0xA6, 0xA1, 0x9E, 0xFF, 0xAA, 0xA6, 0xA4, 0xFF, 0xB0, 0xAB, 0xA9, 0xFF,
    0xB4, 0xAF, 0xAE, 0xFF, 0xB8, 0xB2, 0xB1, 0xFF, 0xB8, 0xB3, 0xB2, 0xFF, 0xB8, 0xB4, 0xB2, 0xFF,
    0xB7, 0xB3, 0xB2, 0xFF, 0xB1, 0xAC, 0xAC, 0xFF, 0xAC, 0xA7, 0xA5, 0xFF, 0xA3, 0x9E, 0x9B, 0xFF,
    0xA9, 0xA4, 0xA2, 0xFE, 0xC7, 0xC2, 0xC1, 0xFF, 0xAB, 0xA8, 0xA7, 0xE6, 0x88, 0x84, 0x83, 0xDB,
    0x8C, 0x87, 0x85, 0xFF, 0x8D, 0x88, 0x86, 0xFE, 0x67, 0x63, 0x62, 0xFD, 0x20, 0x1F, 0x1D, 0xDB,
    0x2B, 0x2B, 0x26, 0xDA, 0x35, 0x33, 0x32, 0xFE, 0x35, 0x33, 0x2F, 0xFE, 0x30, 0x2D, 0x2A, 0xFF,
    0x2B, 0x2A, 0x29, 0xFF, 0x2D, 0x2B, 0x2A, 0xFF, 0x36, 0x34, 0x33, 0xFF, 0x2D, 0x2A, 0x29, 0xFF,
    0x29, 0x27, 0x26, 0xFB, 0x32, 0x30, 0x2E, 0xFF, 0x37, 0x35, 0x35, 0x81, 0x00, 0x00, 0x00, 0x00,
    0x3F, 0x3F, 0x3F, 0x04, 0x00, 0x00, 0x00, 0x00, 0x00, 0x00, 0x00, 0x00, 0x00, 0x00, 0x00, 0x00,
    0x00, 0x00, 0x00, 0x00, 0x00, 0x00, 0x00, 0x00, 0x00, 0x00, 0x00, 0x00, 0x00, 0x00, 0x00, 0x00,
    0x00, 0x00, 0x00, 0x00, 0x00, 0x00, 0x00, 0x00, 0x00, 0x00, 0x00, 0x00, 0x00, 0x00, 0x00, 0x00,
    0x00, 0x00, 0x00, 0x00, 0x00, 0x00, 0x00, 0x00, 0x00, 0x00, 0x00, 0x00, 0x00, 0x00, 0x00, 0x00,
    0x00, 0x00, 0x00, 0x00, 0x00, 0x00, 0x00, 0x00, 0x00, 0x00, 0x00, 0x00, 0x00, 0x00, 0x00, 0x00,
    0x00, 0x00, 0x00, 0x00, 0x00, 0x00, 0x00, 0x00, 0x00, 0x00, 0x00, 0x00, 0x00, 0x00, 0x00, 0x00,
    0x55, 0x55, 0x55, 0x03, 0x00, 0x00, 0x00, 0x00, 0x28, 0x26, 0x26, 0xB1, 0x27, 0x25, 0x24, 0xFF,
    0x23, 0x21, 0x1F, 0xFB, 0x23, 0x21, 0x20, 0xFF, 0x2F, 0x2D, 0x2B, 0xFB, 0x28, 0x27, 0x25, 0xFE,
    0x2E, 0x2C, 0x28, 0xFF, 0x36, 0x34, 0x31, 0xFC, 0x40, 0x3E, 0x3A, 0xFD, 0x5B, 0x57, 0x55, 0xFF,
    0x5F, 0x5B, 0x59, 0xE1, 0x9F, 0x9B, 0x97, 0xF0, 0xCF, 0xCB, 0xC7, 0xFF, 0x76, 0x70, 0x6E, 0xFE,
    0x3E, 0x3A, 0x37, 0xFF, 0x33, 0x31, 0x2E, 0xEB, 0x32, 0x2F, 0x2D, 0xFE, 0x34, 0x31, 0x2F, 0xFF,
    0x38, 0x37, 0x32, 0xFF, 0x36, 0x36, 0x30, 0xFF, 0x34, 0x33, 0x2F, 0xFF, 0x31, 0x30, 0x2F, 0xFF,
    0x31, 0x2F, 0x2E, 0xFF, 0x32, 0x2F, 0x2F, 0xFF, 0x32, 0x2F, 0x2F, 0xFF, 0x33, 0x31, 0x2D, 0xFF,
    0x34, 0x32, 0x2D, 0xFF, 0x36, 0x33, 0x2E, 0xFF, 0x37, 0x34, 0x2F, 0xFF, 0x37, 0x35, 0x31, 0xFF,
    0x39, 0x35, 0x32, 0xFF, 0x39, 0x35, 0x31, 0xFF, 0x3A, 0x37, 0x32, 0xFF, 0x3A, 0x38, 0x33, 0xFF,
    0x3B, 0x38, 0x34, 0xFF, 0x3E, 0x3A, 0x36, 0xFF, 0x3F, 0x3C, 0x37, 0xFF, 0x40, 0x3D, 0x39, 0xFF,
    0x43, 0x3F, 0x3B, 0xFF, 0x45, 0x42, 0x3D, 0xFF, 0x47, 0x44, 0x40, 0xFF, 0x49, 0x45, 0x42, 0xFF,
    0x4B, 0x47, 0x43, 0xFF, 0x4C, 0x48, 0x46, 0xFF, 0x4E, 0x4A, 0x47, 0xFF, 0x4F, 0x4B, 0x48, 0xFF,
    0x52, 0x4D, 0x4B, 0xFF, 0x54, 0x4F, 0x4C, 0xFF, 0x56, 0x51, 0x51, 0xFF, 0x58, 0x54, 0x54, 0xFF,
    0x5C, 0x56, 0x56, 0xFF, 0x5D, 0x58, 0x57, 0xFF, 0x5F, 0x5A, 0x59, 0xFF, 0x60, 0x5B, 0x5A, 0xFF,
    0x62, 0x5D, 0x5D, 0xFF, 0x66, 0x61, 0x60, 0xFF, 0x68, 0x63, 0x62, 0xFF, 0x6B, 0x66, 0x65, 0xFF,
    0x6C, 0x68, 0x67, 0xFF, 0x6F, 0x6A, 0x69, 0xFF, 0x71, 0x6C, 0x6A, 0xFF, 0x73, 0x6E, 0x6D, 0xFF,
    0x76, 0x71, 0x70, 0xFF, 0x78, 0x73, 0x72, 0xFF, 0x7B, 0x76, 0x75, 0xFF, 0x7E, 0x78, 0x76, 0xFF,
    0x81, 0x7B, 0x79, 0xFF, 0x83, 0x7D, 0x7C, 0xFF, 0x86, 0x80, 0x81, 0xFF, 0x8A, 0x84, 0x82, 0xFF,
    0x8D, 0x88, 0x86, 0xFF, 0x92, 0x8C, 0x89, 0xFF, 0x95, 0x92, 0x8E, 0xFF, 0x9A, 0x97, 0x93, 0xFF,
    0x9F, 0x9C, 0x98, 0xFF, 0xA4, 0xA0, 0x9E, 0xFF, 0xA9, 0xA5, 0xA2, 0xFF, 0xAE, 0xA9, 0xA8, 0xFF,
    0xB3, 0xAE, 0xAD, 0xFF, 0xB6, 0xB1, 0xAF, 0xFF, 0xB7, 0xB2, 0xB2, 0xFF, 0xB7, 0xB2, 0xB1, 0xFF,
    0xB5, 0xB0, 0xAF, 0xFF, 0xAE, 0xAA, 0xA8, 0xFF, 0xA9, 0xA4, 0xA2, 0xFF, 0xA1, 0x9D, 0x9A, 0xFF,
    0xB1, 0xAC, 0xAA, 0xFE, 0xCB, 0xC6, 0xC4, 0xFF, 0x9C, 0x99, 0x97, 0xDB, 0x86, 0x82, 0x80, 0xF0,
    0x86, 0x7F, 0x7D, 0xFF, 0xA8, 0xA4, 0xA3, 0xFE, 0x9E, 0x9C, 0x9B, 0xFF, 0x38, 0x35, 0x33, 0xC7,
    0x15, 0x15, 0x15, 0x79, 0x37, 0x35, 0x33, 0xF0, 0x36, 0x33, 0x31, 0xFE, 0x2E, 0x2C, 0x29, 0xFE,
    0x29, 0x28, 0x26, 0xFF, 0x38, 0x36, 0x36, 0xFF, 0x2F, 0x2D, 0x2C, 0xFF, 0x2D, 0x2A, 0x2A, 0xFE,
    0x2E, 0x2B, 0x2B, 0xFE, 0x39, 0x37, 0x34, 0xF6, 0x3F, 0x3F, 0x3F, 0x20, 0x00, 0x00, 0x00, 0x00,
    0x00, 0x00, 0x00, 0x02, 0x00, 0x00, 0x00, 0x00, 0x00, 0x00, 0x00, 0x00, 0x00, 0x00, 0x00, 0x00,
    0x00, 0x00, 0x00, 0x00, 0x00, 0x00, 0x00, 0x00, 0x00, 0x00, 0x00, 0x00, 0x00, 0x00, 0x00, 0x00,
    0x00, 0x00, 0x00, 0x00, 0x00, 0x00, 0x00, 0x00, 0x00, 0x00, 0x00, 0x00, 0x00, 0x00, 0x00, 0x00,
    0x00, 0x00, 0x00, 0x00, 0x00, 0x00, 0x00, 0x00, 0x00, 0x00, 0x00, 0x00, 0x00, 0x00, 0x00, 0x00,
    0x00, 0x00, 0x00, 0x00, 0x00, 0x00, 0x00, 0x00, 0x00, 0x00, 0x00, 0x00, 0x00, 0x00, 0x00, 0x00,
    0x00, 0x00, 0x00, 0x00, 0x00, 0x00, 0x00, 0x00, 0x00, 0x00, 0x00, 0x00, 0x00, 0x00, 0x00, 0x00,
    0x55, 0x00, 0x00, 0x03, 0x00, 0x00, 0x00, 0x00, 0x27, 0x27, 0x27, 0x34, 0x2B, 0x2A, 0x28, 0xFD,
    0x24, 0x23, 0x21, 0xFC, 0x23, 0x21, 0x20, 0xFE, 0x27, 0x24, 0x23, 0xFD, 0x2F, 0x2E, 0x2C, 0xFC,
    0x26, 0x25, 0x22, 0xFE, 0x2E, 0x2C, 0x29, 0xFC, 0x37, 0x35, 0x33, 0xEA, 0x43, 0x41, 0x3E, 0xC8,
    0x5B, 0x58, 0x56, 0xDB, 0x99, 0x94, 0x90, 0xFE, 0xD0, 0xCC, 0xC7, 0xFE, 0x8B, 0x86, 0x83, 0xFF,
    0x48, 0x43, 0x41, 0xFF, 0x34, 0x32, 0x2F, 0xF7, 0x32, 0x2F, 0x2E, 0xFC, 0x31, 0x2F, 0x2F, 0xFF,
    0x36, 0x35, 0x31, 0xFF, 0x37, 0x37, 0x30, 0xFF, 0x35, 0x33, 0x2F, 0xFF, 0x32, 0x31, 0x2E, 0xFF,
    0x32, 0x2F, 0x2E, 0xFF, 0x32, 0x2E, 0x2E, 0xFF, 0x31, 0x2F, 0x2E, 0xFF, 0x32, 0x31, 0x2D, 0xFF,
    0x33, 0x32, 0x2E, 0xFF, 0x34, 0x33, 0x2E, 0xFF, 0x35, 0x33, 0x2F, 0xFF, 0x38, 0x34, 0x31, 0xFF,
    0x39, 0x35, 0x31, 0xFF, 0x39, 0x35, 0x32, 0xFF, 0x3A, 0x36, 0x32, 0xFF, 0x3B, 0x37, 0x34, 0xFF,
    0x3B, 0x38, 0x34, 0xFF, 0x3C, 0x38, 0x35, 0xFF, 0x3D, 0x3B, 0x37, 0xFF, 0x3F, 0x3C, 0x38, 0xFF,
    0x42, 0x3E, 0x3A, 0xFF, 0x44, 0x41, 0x3D, 0xFF, 0x46, 0x43, 0x3F, 0xFF, 0x48, 0x45, 0x41, 0xFF,
    0x4B, 0x47, 0x43, 0xFF, 0x4D, 0x48, 0x45, 0xFF, 0x4D, 0x49, 0x47, 0xFF, 0x4F, 0x4B, 0x48, 0xFF,
    0x50, 0x4B, 0x49, 0xFF, 0x53, 0x4E, 0x4D, 0xFF, 0x55, 0x50, 0x50, 0xFF, 0x57, 0x52, 0x52, 0xFF,
    0x5A, 0x55, 0x53, 0xFF, 0x5C, 0x58, 0x56, 0xFF, 0x5D, 0x59, 0x57, 0xFF, 0x60, 0x5B, 0x5A, 0xFF,
    0x62, 0x5D, 0x5C, 0xFF, 0x65, 0x60, 0x60, 0xFF, 0x67, 0x63, 0x61, 0xFF, 0x69, 0x65, 0x62, 0xFF,
    0x6C, 0x67, 0x65, 0xFF, 0x6E, 0x69, 0x67, 0xFF, 0x71, 0x6C, 0x6A, 0xFF, 0x72, 0x6D, 0x6C, 0xFF,
    0x76, 0x70, 0x6F, 0xFF, 0x78, 0x73, 0x71, 0xFF, 0x7A, 0x75, 0x74, 0xFF, 0x7D, 0x78, 0x76, 0xFF,
    0x7F, 0x7A, 0x77, 0xFF, 0x83, 0x7D, 0x7B, 0xFF, 0x85, 0x80, 0x7F, 0xFF, 0x88, 0x83, 0x82, 0xFF,
    0x8C, 0x87, 0x84, 0xFF, 0x90, 0x8C, 0x88, 0xFF, 0x95, 0x91, 0x8D, 0xFF, 0x9A, 0x97, 0x91, 0xFF,
    0x9E, 0x9B, 0x97, 0xFF, 0xA3, 0xA0, 0x9D, 0xFF, 0xA7, 0xA4, 0xA1, 0xFF, 0xAD, 0xA9, 0xA7, 0xFF,
    0xB2, 0xAD, 0xAB, 0xFF, 0xB5, 0xB0, 0xAF, 0xFF, 0xB6, 0xB1, 0xB0, 0xFF, 0xB5, 0xB0, 0xAF, 0xFF,
    0xB2, 0xAC, 0xAB, 0xFF, 0xAD, 0xA7, 0xA4, 0xFF, 0xA5, 0xA0, 0x9D, 0xFF, 0xA1, 0x9D, 0x9B, 0xFF,
    0xB8, 0xB4, 0xB2, 0xFF, 0xC4, 0xBF, 0xBE, 0xFF, 0x8E, 0x8A, 0x8A, 0xDB, 0x8A, 0x85, 0x81, 0xFD,
    0x93, 0x8D, 0x89, 0xFF, 0xD8, 0xD5, 0xD2, 0xFF, 0xB6, 0xB2, 0xB1, 0xFF, 0x6A, 0x66, 0x62, 0xFE,
    0x41, 0x3F, 0x3A, 0xF1, 0x37, 0x34, 0x30, 0xFC, 0x2F, 0x2E, 0x2C, 0xFF, 0x29, 0x28, 0x26, 0xFF,
    0x34, 0x32, 0x32, 0xFF, 0x33, 0x30, 0x31, 0xFF, 0x2B, 0x28, 0x27, 0xFF, 0x2B, 0x29, 0x29, 0xFB,
    0x3D, 0x3B, 0x38, 0xFF, 0x3F, 0x3D, 0x3A, 0x9D, 0x00, 0x00, 0x00, 0x00, 0x55, 0x55, 0x55, 0x03,
    0x00, 0x00, 0x00, 0x00, 0x00, 0x00, 0x00, 0x00, 0x00, 0x00, 0x00, 0x00, 0x00, 0x00, 0x00, 0x00,
    0x00, 0x00, 0x00, 0x00, 0x00, 0x00, 0x00, 0x00, 0x00, 0x00, 0x00, 0x00, 0x00, 0x00, 0x00, 0x00,
    0x00, 0x00, 0x00, 0x00, 0x00, 0x00, 0x00, 0x00, 0x00, 0x00, 0x00, 0x00, 0x00, 0x00, 0x00, 0x00,
    0x00, 0x00, 0x00, 0x00, 0x00, 0x00, 0x00, 0x00, 0x00, 0x00, 0x00, 0x00, 0x00, 0x00, 0x00, 0x00,
    0x00, 0x00, 0x00, 0x00, 0x00, 0x00, 0x00, 0x00, 0x00, 0x00, 0x00, 0x00, 0x00, 0x00, 0x00, 0x00,
    0x00, 0x00, 0x00, 0x00, 0x00, 0x00, 0x00, 0x00, 0x00, 0x00, 0x00, 0x00, 0x00, 0x00, 0x00, 0x00,
    0x00, 0x00, 0x00, 0x00, 0x55, 0x55, 0x55, 0x03, 0x00, 0x00, 0x00, 0x00, 0x29, 0x28, 0x26, 0xA4,
    0x2D, 0x2B, 0x2A, 0xFF, 0x22, 0x20, 0x1F, 0xF8, 0x23, 0x21, 0x20, 0xFF, 0x28, 0x28, 0x25, 0xF8,
    0x2B, 0x2A, 0x28, 0xF7, 0x27, 0x25, 0x22, 0xFF, 0x35, 0x31, 0x2E, 0xFF, 0x41, 0x3E, 0x3B, 0xFC,
    0x5E, 0x59, 0x56, 0xFF, 0x86, 0x81, 0x7C, 0xFF, 0xCE, 0xC9, 0xC5, 0xFF, 0xA2, 0x9D, 0x9B, 0xFF,
    0x56, 0x52, 0x4F, 0xFF, 0x38, 0x35, 0x32, 0xFD, 0x32, 0x31, 0x2E, 0xFB, 0x30, 0x2E, 0x2E, 0xFF,
    0x34, 0x32, 0x2F, 0xFF, 0x37, 0x35, 0x31, 0xFF, 0x35, 0x33, 0x2F, 0xFF, 0x33, 0x31, 0x2D, 0xFF,
    0x32, 0x2F, 0x2E, 0xFF, 0x32, 0x2F, 0x2E, 0xFF, 0x31, 0x2F, 0x2E, 0xFF, 0x32, 0x31, 0x2D, 0xFF,
    0x33, 0x32, 0x2D, 0xFF, 0x33, 0x33, 0x2E, 0xFF, 0x35, 0x33, 0x2F, 0xFF, 0x38, 0x34, 0x31, 0xFF,
    0x38, 0x34, 0x31, 0xFF, 0x39, 0x35, 0x32, 0xFF, 0x3A, 0x37, 0x33, 0xFF, 0x3B, 0x38, 0x34, 0xFF,
    0x3C, 0x38, 0x34, 0xFF, 0x3C, 0x3A, 0x35, 0xFF, 0x3D, 0x3A, 0x36, 0xFF, 0x3F, 0x3C, 0x38, 0xFF,
    0x41, 0x3E, 0x39, 0xFF, 0x43, 0x3F, 0x3C, 0xFF, 0x45, 0x42, 0x3E, 0xFF, 0x47, 0x44, 0x40, 0xFF,
    0x4A, 0x47, 0x41, 0xFF, 0x4B, 0x47, 0x44, 0xFF, 0x4C, 0x49, 0x45, 0xFF, 0x4D, 0x4A, 0x47, 0xFF,
    0x50, 0x4B, 0x4A, 0xFF, 0x53, 0x4C, 0x4D, 0xFF, 0x55, 0x4F, 0x4F, 0xFF, 0x57, 0x52, 0x50, 0xFF,
    0x59, 0x54, 0x53, 0xFF, 0x5D, 0x57, 0x56, 0xFF, 0x5D, 0x58, 0x56, 0xFF, 0x5F, 0x5B, 0x5A, 0xFF,
    0x61, 0x5D, 0x5C, 0xFF, 0x64, 0x5F, 0x5F, 0xFF, 0x66, 0x61, 0x60, 0xFF, 0x68, 0x64, 0x62, 0xFF,
    0x6B, 0x66, 0x64, 0xFF, 0x6E, 0x69, 0x68, 0xFF, 0x70, 0x6B, 0x69, 0xFF, 0x72, 0x6D, 0x6C, 0xFF,
    0x74, 0x6F, 0x6D, 0xFF, 0x77, 0x71, 0x6F, 0xFF, 0x79, 0x74, 0x72, 0xFF, 0x7B, 0x76, 0x74, 0xFF,
    0x7E, 0x7A, 0x76, 0xFF, 0x81, 0x7B, 0x7A, 0xFF, 0x84, 0x7F, 0x7D, 0xFF, 0x87, 0x82, 0x80, 0xFF,
    0x8C, 0x87, 0x84, 0xFF, 0x8F, 0x8B, 0x87, 0xFF, 0x94, 0x8F, 0x8B, 0xFF, 0x98, 0x95, 0x90, 0xFF,
    0x9E, 0x9A, 0x96, 0xFF, 0xA3, 0x9E, 0x9C, 0xFF, 0xA7, 0xA2, 0xA0, 0xFF, 0xAD, 0xA8, 0xA6, 0xFF,
    0xB1, 0xAB, 0xAB, 0xFF, 0xB4, 0xAF, 0xAE, 0xFF, 0xB4, 0xB0, 0xAE, 0xFF, 0xB3, 0xAE, 0xAD, 0xFF,
    0xAF, 0xAA, 0xA8, 0xFF, 0xAA, 0xA4, 0xA3, 0xFF, 0xA0, 0x9B, 0x9A, 0xFF, 0xA6, 0xA1, 0xA0, 0xFF,
    0xBF, 0xBC, 0xBA, 0xFF, 0xB4, 0xB1, 0xAF, 0xF9, 0x84, 0x81, 0x7E, 0xE5, 0x8E, 0x89, 0x86, 0xFF,
    0xA4, 0x9F, 0x9D, 0xFE, 0xD6, 0xD4, 0xD0, 0xFF, 0x98, 0x94, 0x90, 0xFF, 0x61, 0x5D, 0x5A, 0xFF,
    0x47, 0x44, 0x3F, 0xFF, 0x33, 0x30, 0x2D, 0xFF, 0x2B, 0x2A, 0x29, 0xFF, 0x2E, 0x2D, 0x2C, 0xFF,
    0x35, 0x34, 0x34, 0xFF, 0x29, 0x28, 0x27, 0xFF, 0x2B, 0x2A, 0x28, 0xFE, 0x35, 0x34, 0x31, 0xFD,
    0x44, 0x43, 0x40, 0xF5, 0x3D, 0x3D, 0x3D, 0x21, 0x00, 0x00, 0x00, 0x01, 0x7F, 0x7F, 0x00, 0x02,
    0x00, 0x00, 0x00, 0x00, 0x00, 0x00, 0x00, 0x00, 0x00, 0x00, 0x00, 0x00, 0x00, 0x00, 0x00, 0x00,
    0x00, 0x00, 0x00, 0x00, 0x00, 0x00, 0x00, 0x00, 0x00, 0x00, 0x00, 0x00, 0x00, 0x00, 0x00, 0x00,
    0x00, 0x00, 0x00, 0x00, 0x00, 0x00, 0x00, 0x00, 0x00, 0x00, 0x00, 0x00, 0x00, 0x00, 0x00, 0x00,
    0x00, 0x00, 0x00, 0x00, 0x00, 0x00, 0x00, 0x00, 0x00, 0x00, 0x00, 0x00, 0x00, 0x00, 0x00, 0x00,
    0x00, 0x00, 0x00, 0x00, 0x00, 0x00, 0x00, 0x00, 0x00, 0x00, 0x00, 0x00, 0x00, 0x00, 0x00, 0x00,
    0x00, 0x00, 0x00, 0x00, 0x00, 0x00, 0x00, 0x00, 0x00, 0x00, 0x00, 0x00, 0x00, 0x00, 0x00, 0x00,
    0x00, 0x00, 0x00, 0x00, 0x00, 0x00, 0x00, 0x02, 0x00, 0x00, 0x00, 0x01, 0x29, 0x29, 0x20, 0x1F,
    0x2E, 0x2D, 0x2B, 0xF3, 0x28, 0x27, 0x24, 0xFC, 0x23, 0x21, 0x1F, 0xFC, 0x21, 0x20, 0x1E, 0xFD,
    0x29, 0x27, 0x27, 0xF0, 0x24, 0x23, 0x21, 0xEB, 0x2E, 0x2B, 0x28, 0xFF, 0x41, 0x3D, 0x39, 0xFF,
    0x56, 0x51, 0x4D, 0xFE, 0x77, 0x72, 0x6E, 0xFF, 0xC0, 0xBC, 0xB8, 0xFF, 0xB8, 0xB4, 0xB2, 0xFF,
    0x67, 0x63, 0x60, 0xFF, 0x3C, 0x39, 0x34, 0xFE, 0x34, 0x33, 0x30, 0xFD, 0x31, 0x2E, 0x2D, 0xFF,
    0x32, 0x2F, 0x2E, 0xFF, 0x36, 0x34, 0x30, 0xFF, 0x34, 0x34, 0x2E, 0xFF, 0x33, 0x32, 0x2D, 0xFF,
    0x31, 0x30, 0x2E, 0xFF, 0x31, 0x2F, 0x2E, 0xFF, 0x31, 0x2F, 0x2E, 0xFF, 0x32, 0x30, 0x2E, 0xFF,
    0x33, 0x31, 0x2D, 0xFF, 0x34, 0x33, 0x2E, 0xFF, 0x36, 0x33, 0x2E, 0xFF, 0x38, 0x34, 0x31, 0xFF,
    0x37, 0x35, 0x30, 0xFF, 0x38, 0x35, 0x31, 0xFF, 0x39, 0x36, 0x32, 0xFF, 0x3A, 0x37, 0x33, 0xFF,
    0x3B, 0x38, 0x34, 0xFF, 0x3C, 0x3A, 0x34, 0xFF, 0x3E, 0x3B, 0x36, 0xFF, 0x3F, 0x3D, 0x37, 0xFF,
    0x40, 0x3E, 0x39, 0xFF, 0x42, 0x3F, 0x3B, 0xFF, 0x45, 0x42, 0x3D, 0xFF, 0x47, 0x44, 0x40, 0xFF,
    0x49, 0x46, 0x42, 0xFF, 0x4A, 0x47, 0x43, 0xFF, 0x4B, 0x49, 0x45, 0xFF, 0x4D, 0x49, 0x45, 0xFF,
    0x4F, 0x4B, 0x49, 0xFF, 0x51, 0x4C, 0x4B, 0xFF, 0x53, 0x4E, 0x4C, 0xFF, 0x56, 0x51, 0x50, 0xFF,
    0x59, 0x54, 0x54, 0xFF, 0x5B, 0x56, 0x56, 0xFF, 0x5D, 0x59, 0x58, 0xFF, 0x5F, 0x5B, 0x58, 0xFF,
    0x61, 0x5D, 0x5A, 0xFF, 0x64, 0x5F, 0x5D, 0xFF, 0x65, 0x60, 0x5F, 0xFF, 0x67, 0x63, 0x61, 0xFF,
    0x6B, 0x66, 0x63, 0xFF, 0x6C, 0x68, 0x66, 0xFF, 0x6F, 0x6A, 0x68, 0xFF, 0x72, 0x6D, 0x6C, 0xFF,
    0x74, 0x6F, 0x6C, 0xFF, 0x75, 0x70, 0x6F, 0xFF, 0x78, 0x73, 0x72, 0xFF, 0x7A, 0x74, 0x72, 0xFF,
    0x7D, 0x78, 0x76, 0xFF, 0x81, 0x7C, 0x7A, 0xFF, 0x83, 0x7E, 0x7D, 0xFF, 0x86, 0x82, 0x7F, 0xFF,
    0x8B, 0x86, 0x83, 0xFF, 0x8E, 0x89, 0x86, 0xFF, 0x92, 0x8E, 0x8A, 0xFF, 0x96, 0x92, 0x8F, 0xFF,
    0x9C, 0x98, 0x94, 0xFF, 0xA1, 0x9E, 0x9A, 0xFF, 0xA6, 0xA2, 0x9E, 0xFF, 0xAD, 0xA7, 0xA4, 0xFF,
    0xB0, 0xAA, 0xA9, 0xFF, 0xB2, 0xAC, 0xAD, 0xFF, 0xB3, 0xAE, 0xAD, 0xFF, 0xB1, 0xAC, 0xAB, 0xFF,
    0xAB, 0xA7, 0xA5, 0xFF, 0xA6, 0xA0, 0x9E, 0xFF, 0x9E, 0x99, 0x96, 0xFF, 0xAB, 0xA6, 0xA4, 0xFE,
    0xC4, 0xC0, 0xBD, 0xFF, 0xA3, 0xA0, 0x9D, 0xED, 0x84, 0x82, 0x7E, 0xEB, 0x8D, 0x8B, 0x87, 0xFF,
    0xB9, 0xB6, 0xB3, 0xFE, 0xD3, 0xD0, 0xCB, 0xFF, 0x89, 0x85, 0x81, 0xFF, 0x58, 0x54, 0x51, 0xFF,
    0x3E, 0x3B, 0x36, 0xFE, 0x2E, 0x2D, 0x2A, 0xFF, 0x2A, 0x29, 0x28, 0xFF, 0x34, 0x32, 0x31, 0xFF,
    0x2B, 0x28, 0x28, 0xFF, 0x2A, 0x28, 0x27, 0xFF, 0x30, 0x2E, 0x2D, 0xFB, 0x4B, 0x49, 0x47, 0xFF,
    0x44, 0x44, 0x41, 0x78, 0x00, 0x00, 0x00, 0x00, 0x3F, 0x3F, 0x3F, 0x04, 0x00, 0x00, 0x00, 0x00,
    0x00, 0x00, 0x00, 0x00, 0x00, 0x00, 0x00, 0x00, 0x00, 0x00, 0x00, 0x00, 0x00, 0x00, 0x00, 0x00,
    0x00, 0x00, 0x00, 0x00, 0x00, 0x00, 0x00, 0x00, 0x00, 0x00, 0x00, 0x00, 0x00, 0x00, 0x00, 0x00,
    0x00, 0x00, 0x00, 0x00, 0x00, 0x00, 0x00, 0x00, 0x00, 0x00, 0x00, 0x00, 0x00, 0x00, 0x00, 0x00,
    0x00, 0x00, 0x00, 0x00, 0x00, 0x00, 0x00, 0x00, 0x00, 0x00, 0x00, 0x00, 0x00, 0x00, 0x00, 0x00,
    0x00, 0x00, 0x00, 0x00, 0x00, 0x00, 0x00, 0x00, 0x00, 0x00, 0x00, 0x00, 0x00, 0x00, 0x00, 0x00,
    0x00, 0x00, 0x00, 0x00, 0x00, 0x00, 0x00, 0x00, 0x00, 0x00, 0x00, 0x00, 0x00, 0x00, 0x00, 0x00,
    0x00, 0x00, 0x00, 0x00, 0x00, 0x00, 0x00, 0x00, 0x55, 0x55, 0x55, 0x03, 0x00, 0x00, 0x00, 0x00,
    0x29, 0x27, 0x27, 0x68, 0x30, 0x2E, 0x2D, 0xFF, 0x23, 0x21, 0x20, 0xF9, 0x25, 0x21, 0x20, 0xFF,
    0x22, 0x20, 0x1F, 0xF8, 0x18, 0x19, 0x20, 0xC7, 0x20, 0x1E, 0x20, 0xF3, 0x3B, 0x37, 0x32, 0xFF,
    0x4F, 0x4B, 0x47, 0xFF, 0x6B, 0x66, 0x62, 0xFF, 0xB0, 0xAB, 0xA7, 0xFF, 0xC9, 0xC5, 0xC1, 0xFF,
    0x79, 0x74, 0x72, 0xFF, 0x42, 0x3F, 0x3C, 0xFF, 0x35, 0x33, 0x30, 0xFF, 0x31, 0x2E, 0x2C, 0xFF,
    0x2F, 0x2D, 0x2C, 0xFF, 0x33, 0x32, 0x2E, 0xFF, 0x35, 0x33, 0x2E, 0xFF, 0x32, 0x32, 0x2D, 0xFF,
    0x31, 0x2F, 0x2E, 0xFF, 0x32, 0x2F, 0x2E, 0xFF, 0x31, 0x2F, 0x2E, 0xFF, 0x32, 0x2F, 0x2E, 0xFF,
    0x33, 0x30, 0x2D, 0xFF, 0x34, 0x32, 0x2D, 0xFF, 0x35, 0x33, 0x2E, 0xFF, 0x37, 0x34, 0x2F, 0xFF,
    0x38, 0x34, 0x31, 0xFF, 0x38, 0x35, 0x30, 0xFF, 0x38, 0x36, 0x32, 0xFF, 0x3A, 0x37, 0x33, 0xFF,
    0x3B, 0x38, 0x33, 0xFF, 0x3C, 0x39, 0x35, 0xFF, 0x3D, 0x3A, 0x35, 0xFF, 0x3F, 0x3C, 0x37, 0xFF,
    0x41, 0x3D, 0x39, 0xFF, 0x41, 0x3E, 0x3A, 0xFF, 0x44, 0x41, 0x3C, 0xFF, 0x47, 0x43, 0x40, 0xFF,
    0x48, 0x45, 0x41, 0xFF, 0x4A, 0x46, 0x43, 0xFF, 0x4B, 0x48, 0x44, 0xFF, 0x4C, 0x49, 0x45, 0xFF,
    0x4E, 0x4B, 0x47, 0xFF, 0x4F, 0x4B, 0x49, 0xFF, 0x52, 0x4D, 0x4C, 0xFF, 0x55, 0x50, 0x4E, 0xFF,
    0x57, 0x53, 0x52, 0xFF, 0x5A, 0x56, 0x55, 0xFF, 0x5E, 0x59, 0x59, 0xFF, 0x5F, 0x5B, 0x59, 0xFF,
    0x60, 0x5D, 0x5A, 0xFF, 0x64, 0x5F, 0x5C, 0xFF, 0x65, 0x60, 0x5D, 0xFF, 0x66, 0x61, 0x5F, 0xFF,
    0x6A, 0x64, 0x63, 0xFF, 0x6C, 0x67, 0x66, 0xFF, 0x6E, 0x6A, 0x68, 0xFF, 0x71, 0x6C, 0x6B, 0xFF,
    0x74, 0x6E, 0x6C, 0xFF, 0x75, 0x70, 0x6E, 0xFF, 0x77, 0x72, 0x71, 0xFF, 0x7A, 0x75, 0x73, 0xFF,
    0x7C, 0x77, 0x74, 0xFF, 0x7F, 0x7A, 0x78, 0xFF, 0x82, 0x7E, 0x7D, 0xFF, 0x85, 0x80, 0x7F, 0xFF,
    0x89, 0x84, 0x81, 0xFF, 0x8D, 0x88, 0x85, 0xFF, 0x91, 0x8C, 0x89, 0xFF, 0x96, 0x92, 0x8E, 0xFF,
    0x9B, 0x97, 0x93, 0xFF, 0xA0, 0x9D, 0x99, 0xFF, 0xA6, 0xA1, 0x9E, 0xFF, 0xAA, 0xA6, 0xA3, 0xFF,
    0xAE, 0xA9, 0xA7, 0xFF, 0xB1, 0xAB, 0xAA, 0xFF, 0xB0, 0xAB, 0xAA, 0xFF, 0xAF, 0xAA, 0xA8, 0xFF,
    0xAA, 0xA5, 0xA4, 0xFF, 0xA2, 0x9D, 0x9B, 0xFF, 0x9E, 0x99, 0x95, 0xFF, 0xAF, 0xAA, 0xA8, 0xFE,
    0xBF, 0xBA, 0xB8, 0xFF, 0x8F, 0x8C, 0x8B, 0xE5, 0x86, 0x83, 0x80, 0xF8, 0x91, 0x8C, 0x88, 0xFF,
    0xCD, 0xC9, 0xC7, 0xFF, 0xC8, 0xC5, 0xC3, 0xFF, 0x7B, 0x78, 0x74, 0xFF, 0x52, 0x4E, 0x4A, 0xFF,
    0x39, 0x36, 0x32, 0xFF, 0x2A, 0x29, 0x28, 0xFF, 0x28, 0x28, 0x2E, 0xFF, 0x2C, 0x2B, 0x2C, 0xFF,
    0x2B, 0x28, 0x27, 0xFF, 0x2D, 0x2A, 0x27, 0xFC, 0x44, 0x42, 0x40, 0xFF, 0x4A, 0x47, 0x47, 0xD1,
    0x2A, 0x00, 0x00, 0x06, 0x7F, 0x7F, 0x7F, 0x02, 0x00, 0x00, 0x00, 0x01, 0x00, 0x00, 0x00, 0x00,
    0x00, 0x00, 0x00, 0x00, 0x00, 0x00, 0x00, 0x00, 0x00, 0x00, 0x00, 0x00, 0x00, 0x00, 0x00, 0x00,
    0x00, 0x00, 0x00, 0x00, 0x00, 0x00, 0x00, 0x00, 0x00, 0x00, 0x00, 0x00, 0x00, 0x00, 0x00, 0x00,
    0x00, 0x00, 0x00, 0x00, 0x00, 0x00, 0x00, 0x00, 0x00, 0x00, 0x00, 0x00, 0x00, 0x00, 0x00, 0x00,
    0x00, 0x00, 0x00, 0x00, 0x00, 0x00, 0x00, 0x00, 0x00, 0x00, 0x00, 0x00, 0x00, 0x00, 0x00, 0x00,
    0x00, 0x00, 0x00, 0x00, 0x00, 0x00, 0x00, 0x00, 0x00, 0x00, 0x00, 0x00, 0x00, 0x00, 0x00, 0x00,
    0x00, 0x00, 0x00, 0x00, 0x00, 0x00, 0x00, 0x00, 0x00, 0x00, 0x00, 0x00, 0x00, 0x00, 0x00, 0x00,
    0x00, 0x00, 0x00, 0x00, 0x00, 0x00, 0x00, 0x00, 0x00, 0x00, 0x00, 0x00, 0x55, 0x55, 0x55, 0x03,
    0x00, 0x00, 0x00, 0x00, 0x29, 0x28, 0x26, 0xB2, 0x2E, 0x2B, 0x2A, 0xFF, 0x21, 0x1F, 0x1E, 0xFA,
    0x22, 0x21, 0x1E, 0xFC, 0x1A, 0x18, 0x24, 0xF5, 0x14, 0x13, 0x2E, 0xF9, 0x27, 0x26, 0x23, 0xFB,
    0x47, 0x44, 0x40, 0xFF, 0x62, 0x5E, 0x5B, 0xFF, 0x9B, 0x97, 0x93, 0xFF, 0xD0, 0xCD, 0xC9, 0xFF,
    0x8A, 0x86, 0x83, 0xFF, 0x4A, 0x47, 0x44, 0xFF, 0x36, 0x33, 0x30, 0xFF, 0x31, 0x2E, 0x2B, 0xFF,
    0x2D, 0x2B, 0x2A, 0xFF, 0x30, 0x2E, 0x2C, 0xFF, 0x34, 0x31, 0x2E, 0xFF, 0x33, 0x30, 0x2D, 0xFF,
    0x31, 0x2F, 0x2F, 0xFF, 0x30, 0x2F, 0x2E, 0xFF, 0x30, 0x2F, 0x2D, 0xFF, 0x30, 0x2E, 0x2E, 0xFF,
    0x32, 0x2F, 0x2F, 0xFF, 0x34, 0x32, 0x2D, 0xFF, 0x35, 0x33, 0x2F, 0xFF, 0x37, 0x33, 0x2F, 0xFF,
    0x37, 0x34, 0x30, 0xFF, 0x39, 0x35, 0x31, 0xFF, 0x3A, 0x36, 0x33, 0xFF, 0x3A, 0x37, 0x32, 0xFF,
    0x3B, 0x37, 0x33, 0xFF, 0x3B, 0x38, 0x34, 0xFF, 0x3D, 0x3A, 0x35, 0xFF, 0x3E, 0x3B, 0x36, 0xFF,
    0x40, 0x3D, 0x38, 0xFF, 0x42, 0x3F, 0x3A, 0xFF, 0x43, 0x40, 0x3B, 0xFF, 0x45, 0x42, 0x3E, 0xFF,
    0x48, 0x45, 0x40, 0xFF, 0x4A, 0x46, 0x43, 0xFF, 0x4B, 0x47, 0x44, 0xFF, 0x4C, 0x48, 0x45, 0xFF,
    0x4D, 0x4A, 0x46, 0xFF, 0x4E, 0x4A, 0x49, 0xFF, 0x51, 0x4C, 0x4B, 0xFF, 0x54, 0x50, 0x4D, 0xFF,
    0x58, 0x54, 0x52, 0xFF, 0x5C, 0x58, 0x56, 0xFF, 0x57, 0x54, 0x50, 0xFF, 0x5B, 0x57, 0x54, 0xFF,
    0x61, 0x5D, 0x5C, 0xFF, 0x62, 0x5D, 0x5C, 0xFF, 0x63, 0x5E, 0x5C, 0xFF, 0x66, 0x61, 0x60, 0xFF,
    0x68, 0x63, 0x62, 0xFF, 0x6B, 0x66, 0x64, 0xFF, 0x6E, 0x69, 0x67, 0xFF, 0x70, 0x6B, 0x69, 0xFF,
    0x73, 0x6D, 0x6C, 0xFF, 0x74, 0x6E, 0x6D, 0xFF, 0x75, 0x70, 0x6F, 0xFF, 0x79, 0x73, 0x72, 0xFF,
    0x7C, 0x77, 0x75, 0xFF, 0x7E, 0x79, 0x76, 0xFF, 0x81, 0x7C, 0x7A, 0xFF, 0x85, 0x81, 0x7F, 0xFF,
    0x89, 0x84, 0x81, 0xFF, 0x8C, 0x87, 0x84, 0xFF, 0x90, 0x8C, 0x88, 0xFF, 0x95, 0x92, 0x8D, 0xFF,
    0x9A, 0x97, 0x93, 0xFF, 0xA0, 0x9C, 0x98, 0xFF, 0xA6, 0xA1, 0x9E, 0xFF, 0xAA, 0xA6, 0xA4, 0xFF,
    0xAE, 0xA8, 0xA7, 0xFF, 0xB0, 0xAA, 0xA9, 0xFF, 0xAF, 0xA9, 0xA8, 0xFF, 0xAC, 0xA7, 0xA5, 0xFF,
    0xA8, 0xA3, 0xA2, 0xFF, 0xA1, 0x9B, 0x9A, 0xFF, 0xA1, 0x9C, 0x9A, 0xFF, 0xB4, 0xB0, 0xAD, 0xFF,
    0xB2, 0xAD, 0xAC, 0xFD, 0x84, 0x81, 0x7E, 0xDB, 0x89, 0x86, 0x82, 0xFE, 0x98, 0x94, 0x90, 0xFF,
    0xDA, 0xD6, 0xD4, 0xFF, 0xB7, 0xB4, 0xB1, 0xFF, 0x72, 0x6F, 0x6A, 0xFF, 0x4D, 0x49, 0x45, 0xFF,
    0x34, 0x31, 0x2B, 0xFF, 0x21, 0x21, 0x30, 0xFF, 0x20, 0x21, 0x36, 0xFF, 0x2C, 0x2B, 0x29, 0xFF,
    0x2A, 0x28, 0x27, 0xFE, 0x36, 0x34, 0x31, 0xFB, 0x4A, 0x49, 0x48, 0xFC, 0x3C, 0x3C, 0x3C, 0x33,
    0x00, 0x00, 0x00, 0x00, 0x55, 0x55, 0x55, 0x03, 0x00, 0x00, 0x00, 0x00, 0x00, 0x00, 0x00, 0x00,
    0x00, 0x00, 0x00, 0x00, 0x00, 0x00, 0x00, 0x00, 0x00, 0x00, 0x00, 0x00, 0x00, 0x00, 0x00, 0x00,
    0x00, 0x00, 0x00, 0x00, 0x00, 0x00, 0x00, 0x00, 0x00, 0x00, 0x00, 0x00, 0x00, 0x00, 0x00, 0x00,
    0x00, 0x00, 0x00, 0x00, 0x00, 0x00, 0x00, 0x00, 0x00, 0x00, 0x00, 0x00, 0x00, 0x00, 0x00, 0x00,
    0x00, 0x00, 0x00, 0x00, 0x00, 0x00, 0x00, 0x00, 0x00, 0x00, 0x00, 0x00, 0x00, 0x00, 0x00, 0x00,
    0x00, 0x00, 0x00, 0x00, 0x00, 0x00, 0x00, 0x00, 0x00, 0x00, 0x00, 0x00, 0x00, 0x00, 0x00, 0x00,
    0x00, 0x00, 0x00, 0x00, 0x00, 0x00, 0x00, 0x00, 0x00, 0x00, 0x00, 0x00, 0x00, 0x00, 0x00, 0x00,
    0x00, 0x00, 0x00, 0x00, 0x00, 0x00, 0x00, 0x00, 0x00, 0x00, 0x00, 0x00, 0x00, 0x00, 0x00, 0x02,
    0x00, 0x00, 0x00, 0x01, 0x1E, 0x1E, 0x1E, 0x19, 0x2C, 0x2A, 0x29, 0xEF, 0x27, 0x25, 0x24, 0xFC,
    0x21, 0x1F, 0x1E, 0xFB, 0x21, 0x20, 0x20, 0xF9, 0x17, 0x16, 0x3F, 0xFF, 0x15, 0x14, 0x2F, 0xFC,
    0x35, 0x32, 0x2B, 0xFE, 0x5F, 0x5B, 0x57, 0xFF, 0x87, 0x83, 0x7E, 0xFF, 0xCF, 0xCB, 0xC6, 0xFF,
    0x9F, 0x9A, 0x97, 0xFF, 0x56, 0x52, 0x4F, 0xFF, 0x37, 0x35, 0x30, 0xFF, 0x31, 0x2F, 0x2C, 0xFE,
    0x2C, 0x29, 0x28, 0xFF, 0x2D, 0x2B, 0x29, 0xFF, 0x32, 0x2F, 0x2E, 0xFF, 0x32, 0x30, 0x2F, 0xFF,
    0x32, 0x2E, 0x2E, 0xFF, 0x2F, 0x2E, 0x2D, 0xFF, 0x2F, 0x2E, 0x2D, 0xFF, 0x30, 0x2E, 0x2E, 0xFF,
    0x31, 0x2F, 0x2E, 0xFF, 0x32, 0x31, 0x2D, 0xFF, 0x33, 0x33, 0x2D, 0xFF, 0x36, 0x32, 0x2F, 0xFF,
    0x36, 0x34, 0x30, 0xFF, 0x38, 0x35, 0x31, 0xFF, 0x39, 0x36, 0x32, 0xFF, 0x39, 0x36, 0x32, 0xFF,
    0x3A, 0x37, 0x33, 0xFF, 0x3B, 0x38, 0x34, 0xFF, 0x3C, 0x39, 0x34, 0xFF, 0x3E, 0x3B, 0x36, 0xFF,
    0x3F, 0x3C, 0x38, 0xFF, 0x41, 0x3D, 0x39, 0xFF, 0x42, 0x3E, 0x3C, 0xFF, 0x44, 0x41, 0x3E, 0xFF,
    0x47, 0x43, 0x3F, 0xFF, 0x49, 0x45, 0x42, 0xFF, 0x4A, 0x47, 0x43, 0xFF, 0x4A, 0x47, 0x43, 0xFF,
    0x4C, 0x49, 0x45, 0xFF, 0x4D, 0x4A, 0x46, 0xFF, 0x50, 0x4C, 0x49, 0xFF, 0x54, 0x50, 0x4D, 0xFF,
    0x56, 0x52, 0x4E, 0xFF, 0x3D, 0x3B, 0x36, 0xFF, 0x7E, 0x7B, 0x76, 0xFF, 0x73, 0x6F, 0x6A, 0xFF,
    0x5B, 0x56, 0x55, 0xFF, 0x63, 0x5F, 0x5C, 0xFF, 0x63, 0x5E, 0x5C, 0xFF, 0x65, 0x60, 0x5F, 0xFF,
    0x68, 0x63, 0x61, 0xFF, 0x6A, 0x65, 0x62, 0xFF, 0x6C, 0x67, 0x65, 0xFF, 0x70, 0x6B, 0x69, 0xFF,
    0x72, 0x6D, 0x6B, 0xFF, 0x74, 0x6F, 0x6D, 0xFF, 0x76, 0x71, 0x6F, 0xFF, 0x78, 0x73, 0x72, 0xFF,
    0x7A, 0x75, 0x73, 0xFF, 0x7E, 0x79, 0x76, 0xFF, 0x82, 0x7C, 0x7B, 0xFF, 0x85, 0x80, 0x7F, 0xFF,
    0x88, 0x83, 0x81, 0xFF, 0x8B, 0x87, 0x83, 0xFF, 0x90, 0x8C, 0x88, 0xFF, 0x95, 0x91, 0x8D, 0xFF,
    0x99, 0x96, 0x92, 0xFF, 0xA0, 0x9B, 0x98, 0xFF, 0xA5, 0xA0, 0x9E, 0xFF, 0xAA, 0xA5, 0xA3, 0xFF,
    0xAC, 0xA7, 0xA6, 0xFF, 0xAF, 0xAA, 0xA8, 0xFF, 0xAD, 0xA9, 0xA7, 0xFF, 0xAA, 0xA5, 0xA4, 0xFF,
    0xA6, 0xA0, 0xA0, 0xFF, 0xA0, 0x9A, 0x97, 0xFF, 0xA5, 0xA0, 0x9D, 0xFF, 0xB7, 0xB3, 0xAF, 0xFF,
    0xA4, 0x9F, 0x9D, 0xF2, 0x7C, 0x79, 0x76, 0xDE, 0x86, 0x83, 0x7F, 0xFF, 0xA5, 0xA1, 0x9E, 0xFE,
    0xDB, 0xD8, 0xD6, 0xFF, 0xA0, 0x9D, 0x99, 0xFF, 0x6A, 0x66, 0x63, 0xFF, 0x41, 0x3E, 0x38, 0xFF,
    0x27, 0x25, 0x31, 0xFF, 0x19, 0x19, 0x58, 0xFF, 0x30, 0x30, 0x3E, 0xFF, 0x2C, 0x2A, 0x26, 0xFF,
    0x2B, 0x29, 0x29, 0xFB, 0x4B, 0x49, 0x47, 0xFF, 0x44, 0x44, 0x44, 0x83, 0x00, 0x00, 0x00, 0x00,
    0x3F, 0x3F, 0x3F, 0x04, 0x00, 0x00, 0x00, 0x00, 0x00, 0x00, 0x00, 0x00, 0x00, 0x00, 0x00, 0x00,
    0x00, 0x00, 0x00, 0x00, 0x00, 0x00, 0x00, 0x00, 0x00, 0x00, 0x00, 0x00, 0x00, 0x00, 0x00, 0x00,
    0x00, 0x00, 0x00, 0x00, 0x00, 0x00, 0x00, 0x00, 0x00, 0x00, 0x00, 0x00, 0x00, 0x00, 0x00, 0x00,
    0x00, 0x00, 0x00, 0x00, 0x00, 0x00, 0x00, 0x00, 0x00, 0x00, 0x00, 0x00, 0x00, 0x00, 0x00, 0x00,
    0x00, 0x00, 0x00, 0x00, 0x00, 0x00, 0x00, 0x00, 0x00, 0x00, 0x00, 0x00, 0x00, 0x00, 0x00, 0x00,
    0x00, 0x00, 0x00, 0x00, 0x00, 0x00, 0x00, 0x00, 0x00, 0x00, 0x00, 0x00, 0x00, 0x00, 0x00, 0x00,
    0x00, 0x00, 0x00, 0x00, 0x00, 0x00, 0x00, 0x00, 0x00, 0x00, 0x00, 0x00, 0x00, 0x00, 0x00, 0x00,
    0x00, 0x00, 0x00, 0x00, 0x00, 0x00, 0x00, 0x00, 0x00, 0x00, 0x00, 0x00, 0x00, 0x00, 0x00, 0x00,
    0x3F, 0x3F, 0x3F, 0x04, 0x00, 0x00, 0x00, 0x00, 0x2A, 0x28, 0x28, 0x66, 0x2F, 0x2E, 0x2D, 0xFF,
    0x20, 0x1E, 0x1E, 0xF9, 0x23, 0x22, 0x1E, 0xF2, 0x26, 0x27, 0x36, 0xFC, 0x18, 0x17, 0x57, 0xFF,
    0x1C, 0x1A, 0x32, 0xFE, 0x49, 0x45, 0x3D, 0xFF, 0x7A, 0x75, 0x70, 0xFF, 0xC2, 0xBD, 0xB9, 0xFF,
    0xB3, 0xAF, 0xAB, 0xFF, 0x60, 0x5C, 0x59, 0xFF, 0x39, 0x36, 0x31, 0xFF, 0x34, 0x32, 0x2E, 0xFF,
    0x2A, 0x28, 0x27, 0xFF, 0x2A, 0x29, 0x26, 0xFF, 0x2F, 0x2D, 0x2B, 0xFF, 0x32, 0x2F, 0x2E, 0xFF,
    0x31, 0x2E, 0x2D, 0xFF, 0x30, 0x2D, 0x2C, 0xFF, 0x30, 0x2D, 0x2D, 0xFF, 0x30, 0x2D, 0x2D, 0xFF,
    0x30, 0x2F, 0x2D, 0xFF, 0x32, 0x31, 0x2C, 0xFF, 0x33, 0x32, 0x2D, 0xFF, 0x34, 0x33, 0x2E, 0xFF,
    0x36, 0x33, 0x2F, 0xFF, 0x37, 0x34, 0x30, 0xFF, 0x38, 0x35, 0x31, 0xFF, 0x39, 0x36, 0x32, 0xFF,
    0x3B, 0x37, 0x33, 0xFF, 0x3B, 0x38, 0x34, 0xFF, 0x3D, 0x3A, 0x35, 0xFF, 0x3E, 0x3B, 0x36, 0xFF,
    0x3E, 0x3C, 0x37, 0xFF, 0x41, 0x3D, 0x39, 0xFF, 0x43, 0x3E, 0x3B, 0xFF, 0x43, 0x40, 0x3C, 0xFF,
    0x46, 0x42, 0x3E, 0xFF, 0x47, 0x44, 0x40, 0xFF, 0x49, 0x45, 0x42, 0xFF, 0x4B, 0x46, 0x43, 0xFF,
    0x4B, 0x48, 0x44, 0xFF, 0x4C, 0x49, 0x46, 0xFF, 0x4F, 0x4B, 0x48, 0xFF, 0x53, 0x50, 0x4D, 0xFF,
    0x51, 0x4E, 0x4A, 0xFF, 0x3E, 0x3D, 0x38, 0xFF, 0x8F, 0x8D, 0x89, 0xFF, 0xAF, 0xAC, 0xA7, 0xFF,
    0x57, 0x52, 0x50, 0xFF, 0x63, 0x5E, 0x5C, 0xFF, 0x63, 0x5E, 0x5D, 0xFF, 0x64, 0x5F, 0x5D, 0xFF,
    0x66, 0x61, 0x5F, 0xFF, 0x68, 0x64, 0x63, 0xFF, 0x6C, 0x67, 0x66, 0xFF, 0x6E, 0x69, 0x67, 0xFF,
    0x71, 0x6C, 0x6A, 0xFF, 0x74, 0x6F, 0x6E, 0xFF, 0x75, 0x70, 0x6F, 0xFF, 0x77, 0x73, 0x71, 0xFF,
    0x79, 0x75, 0x73, 0xFF, 0x7C, 0x78, 0x77, 0xFF, 0x80, 0x7C, 0x7A, 0xFF, 0x84, 0x7F, 0x7E, 0xFF,
    0x87, 0x82, 0x81, 0xFF, 0x8B, 0x87, 0x83, 0xFF, 0x8F, 0x8A, 0x87, 0xFF, 0x94, 0x90, 0x8C, 0xFF,
    0x99, 0x95, 0x91, 0xFF, 0x9F, 0x9B, 0x97, 0xFF, 0xA4, 0x9F, 0x9D, 0xFF, 0xA9, 0xA4, 0xA2, 0xFF,
    0xAC, 0xA6, 0xA6, 0xFF, 0xAD, 0xA8, 0xA6, 0xFF, 0xAB, 0xA7, 0xA7, 0xFF, 0xA8, 0xA3, 0xA3, 0xFF,
    0xA5, 0xA0, 0x9F, 0xFF, 0xA1, 0x9C, 0x9A, 0xFF, 0xA8, 0xA3, 0xA0, 0xFE, 0xB6, 0xB1, 0xAE, 0xFF,
    0x92, 0x8E, 0x8B, 0xE4, 0x7A, 0x76, 0x72, 0xEC, 0x84, 0x7F, 0x7B, 0xFF, 0xB5, 0xB1, 0xAE, 0xFE,
    0xD5, 0xD1, 0xCF, 0xFF, 0x8F, 0x8B, 0x87, 0xFF, 0x5C, 0x57, 0x52, 0xFF, 0x2D, 0x2C, 0x2E, 0xFF,
    0x1C, 0x1E, 0x67, 0xFF, 0x3C, 0x3E, 0x7C, 0xFF, 0x42, 0x42, 0x3F, 0xFF, 0x27, 0x24, 0x23, 0xFC,
    0x3C, 0x39, 0x37, 0xFF, 0x4A, 0x49, 0x47, 0xCE, 0x33, 0x33, 0x33, 0x05, 0x55, 0x55, 0x55, 0x03,
    0x00, 0x00, 0x00, 0x01, 0x00, 0x00, 0x00, 0x00, 0x00, 0x00, 0x00, 0x00, 0x00, 0x00, 0x00, 0x00,
    0x00, 0x00, 0x00, 0x00, 0x00, 0x00, 0x00, 0x00, 0x00, 0x00, 0x00, 0x00, 0x00, 0x00, 0x00, 0x00,
    0x00, 0x00, 0x00, 0x00, 0x00, 0x00, 0x00, 0x00, 0x00, 0x00, 0x00, 0x00, 0x00, 0x00, 0x00, 0x00,
    0x00, 0x00, 0x00, 0x00, 0x00, 0x00, 0x00, 0x00, 0x00, 0x00, 0x00, 0x00, 0x00, 0x00, 0x00, 0x00,
    0x00, 0x00, 0x00, 0x00, 0x00, 0x00, 0x00, 0x00, 0x00, 0x00, 0x00, 0x00, 0x00, 0x00, 0x00, 0x00,
    0x00, 0x00, 0x00, 0x00, 0x00, 0x00, 0x00, 0x00, 0x00, 0x00, 0x00, 0x00, 0x00, 0x00, 0x00, 0x00,
    0x00, 0x00, 0x00, 0x00, 0x00, 0x00, 0x00, 0x00, 0x00, 0x00, 0x00, 0x00, 0x00, 0x00, 0x00, 0x00,
    0x00, 0x00, 0x00, 0x00, 0x00, 0x00, 0x00, 0x00, 0x00, 0x00, 0x00, 0x00, 0x00, 0x00, 0x00, 0x00,
    0x00, 0x00, 0x00, 0x00, 0x55, 0x55, 0x55, 0x03, 0x00, 0x00, 0x00, 0x00, 0x2C, 0x2B, 0x2B, 0xB7,
    0x28, 0x26, 0x26, 0xFF, 0x1C, 0x1B, 0x1B, 0xEF, 0x32, 0x31, 0x2E, 0xED, 0x2C, 0x2D, 0x4C, 0xFF,
    0x21, 0x21, 0x6B, 0xFF, 0x20, 0x1F, 0x2F, 0xFC, 0x5F, 0x5A, 0x52, 0xFD, 0xAF, 0xAB, 0xA7, 0xFF,
    0xBE, 0xBB, 0xB6, 0xFF, 0x6F, 0x6A, 0x67, 0xFF, 0x42, 0x3D, 0x39, 0xFF, 0x34, 0x31, 0x30, 0xFD,
    0x2B, 0x28, 0x27, 0xFE, 0x29, 0x27, 0x26, 0xFF, 0x2C, 0x2A, 0x2A, 0xFF, 0x30, 0x2D, 0x2D, 0xFF,
    0x2F, 0x2D, 0x2C, 0xFF, 0x2F, 0x2D, 0x2C, 0xFF, 0x2F, 0x2D, 0x2C, 0xFF, 0x30, 0x2E, 0x2D, 0xFF,
    0x31, 0x2F, 0x2D, 0xFF, 0x32, 0x31, 0x2C, 0xFF, 0x32, 0x32, 0x2D, 0xFF, 0x35, 0x32, 0x2F, 0xFF,
    0x36, 0x33, 0x2E, 0xFF, 0x37, 0x34, 0x30, 0xFF, 0x38, 0x36, 0x31, 0xFF, 0x39, 0x36, 0x31, 0xFF,
    0x3A, 0x36, 0x32, 0xFF, 0x3B, 0x38, 0x35, 0xFF, 0x3D, 0x39, 0x35, 0xFF, 0x3E, 0x3A, 0x36, 0xFF,
    0x3F, 0x3C, 0x37, 0xFF, 0x40, 0x3C, 0x38, 0xFF, 0x43, 0x3E, 0x3A, 0xFF, 0x44, 0x41, 0x3C, 0xFF,
    0x46, 0x42, 0x3E, 0xFF, 0x48, 0x44, 0x40, 0xFF, 0x48, 0x45, 0x42, 0xFF, 0x4A, 0x47, 0x43, 0xFF,
    0x4B, 0x48, 0x43, 0xFF, 0x4C, 0x48, 0x45, 0xFF, 0x50, 0x4C, 0x49, 0xFF, 0x51, 0x4F, 0x4B, 0xFF,
    0x4F, 0x4D, 0x4A, 0xFF, 0x60, 0x5E, 0x5D, 0xFF, 0x69, 0x67, 0x63, 0xFF, 0xBD, 0xBB, 0xB5, 0xFF,
    0x68, 0x65, 0x62, 0xFF, 0x5D, 0x57, 0x55, 0xFF, 0x63, 0x5E, 0x5B, 0xFF, 0x64, 0x5F, 0x5D, 0xFF,
    0x65, 0x60, 0x60, 0xFF, 0x69, 0x64, 0x63, 0xFF, 0x6B, 0x66, 0x66, 0xFF, 0x6D, 0x68, 0x67, 0xFF,
    0x70, 0x6B, 0x6A, 0xFF, 0x73, 0x6E, 0x6C, 0xFF, 0x74, 0x70, 0x6F, 0xFF, 0x77, 0x72, 0x70, 0xFF,
    0x79, 0x75, 0x73, 0xFF, 0x7C, 0x77, 0x75, 0xFF, 0x80, 0x7B, 0x79, 0xFF, 0x83, 0x7E, 0x7D, 0xFF,
    0x87, 0x82, 0x80, 0xFF, 0x8A, 0x86, 0x83, 0xFF, 0x8F, 0x8A, 0x87, 0xFF, 0x93, 0x8E, 0x8C, 0xFF,
    0x98, 0x94, 0x90, 0xFF, 0x9D, 0x98, 0x95, 0xFF, 0xA3, 0x9E, 0x9C, 0xFF, 0xA7, 0xA3, 0xA1, 0xFF,
    0xAA, 0xA5, 0xA5, 0xFF, 0xAB, 0xA7, 0xA6, 0xFF, 0xA9, 0xA4, 0xA3, 0xFF, 0xA7, 0xA2, 0xA1, 0xFF,
    0xA2, 0x9E, 0x9D, 0xFF, 0xA2, 0x9D, 0x9C, 0xFF, 0xAB, 0xA6, 0xA4, 0xFE, 0xAF, 0xA9, 0xA5, 0xFF,
    0x82, 0x7D, 0x7B, 0xD9, 0x7A, 0x76, 0x73, 0xF9, 0x88, 0x82, 0x7E, 0xFF, 0xC6, 0xC1, 0xC0, 0xFF,
    0xC8, 0xC4, 0xC2, 0xFF, 0x7C, 0x77, 0x72, 0xFF, 0x3A, 0x38, 0x36, 0xFF, 0x2A, 0x2C, 0x60, 0xFF,
    0x36, 0x36, 0x7C, 0xFF, 0x74, 0x74, 0x7A, 0xFF, 0x2F, 0x2C, 0x2A, 0xFE, 0x2D, 0x2B, 0x2B, 0xFC,
    0x47, 0x43, 0x42, 0xFA, 0x41, 0x41, 0x41, 0x2F, 0x00, 0x00, 0x00, 0x00, 0x55, 0x55, 0x55, 0x03,
    0x00, 0x00, 0x00, 0x00, 0x00, 0x00, 0x00, 0x00, 0x00, 0x00, 0x00, 0x00, 0x00, 0x00, 0x00, 0x00,
    0x00, 0x00, 0x00, 0x00, 0x00, 0x00, 0x00, 0x00, 0x00, 0x00, 0x00, 0x00, 0x00, 0x00, 0x00, 0x00,
    0x00, 0x00, 0x00, 0x00, 0x00, 0x00, 0x00, 0x00, 0x00, 0x00, 0x00, 0x00, 0x00, 0x00, 0x00, 0x00,
    0x00, 0x00, 0x00, 0x00, 0x00, 0x00, 0x00, 0x00, 0x00, 0x00, 0x00, 0x00, 0x00, 0x00, 0x00, 0x00,
    0x00, 0x00, 0x00, 0x00, 0x00, 0x00, 0x00, 0x00, 0x00, 0x00, 0x00, 0x00, 0x00, 0x00, 0x00, 0x00,
    0x00, 0x00, 0x00, 0x00, 0x00, 0x00, 0x00, 0x00, 0x00, 0x00, 0x00, 0x00, 0x00, 0x00, 0x00, 0x00,
    0x00, 0x00, 0x00, 0x00, 0x00, 0x00, 0x00, 0x00, 0x00, 0x00, 0x00, 0x00, 0x00, 0x00, 0x00, 0x00,
    0x00, 0x00, 0x00, 0x00, 0x00, 0x00, 0x00, 0x00, 0x00, 0x00, 0x00, 0x00, 0x00, 0x00, 0x00, 0x00,
    0x00, 0x00, 0x00, 0x00, 0x00, 0x00, 0x00, 0x02, 0x00, 0x00, 0x00, 0x01, 0x2E, 0x26, 0x26, 0x21,
    0x2A, 0x28, 0x28, 0xF4, 0x1F, 0x1D, 0x1D, 0xFC, 0x25, 0x23, 0x22, 0xEB, 0x3D, 0x3C, 0x38, 0xF7,
    0x2D, 0x2F, 0x57, 0xFF, 0x1C, 0x1C, 0x60, 0xFE, 0x1E, 0x1D, 0x25, 0xEF, 0x87, 0x82, 0x7C, 0xFA,
    0xCF, 0xCA, 0xC7, 0xFF, 0x7F, 0x79, 0x76, 0xFE, 0x4A, 0x45, 0x43, 0xFF, 0x37, 0x31, 0x2F, 0xFF,
    0x2D, 0x2A, 0x28, 0xFF, 0x29, 0x26, 0x25, 0xFF, 0x2A, 0x28, 0x28, 0xFF, 0x2D, 0x2C, 0x2B, 0xFF,
    0x2E, 0x2C, 0x2B, 0xFF, 0x2F, 0x2D, 0x2C, 0xFF, 0x2F, 0x2D, 0x2C, 0xFF, 0x2F, 0x2D, 0x2C, 0xFF,
    0x30, 0x2F, 0x2D, 0xFF, 0x31, 0x30, 0x2E, 0xFF, 0x33, 0x31, 0x2D, 0xFF, 0x34, 0x33, 0x2D, 0xFF,
    0x36, 0x32, 0x2F, 0xFF, 0x37, 0x33, 0x2F, 0xFF, 0x37, 0x35, 0x30, 0xFF, 0x38, 0x36, 0x30, 0xFF,
    0x39, 0x36, 0x32, 0xFF, 0x3B, 0x37, 0x34, 0xFF, 0x3C, 0x38, 0x34, 0xFF, 0x3E, 0x3A, 0x36, 0xFF,
    0x3E, 0x3A, 0x37, 0xFF, 0x3F, 0x3C, 0x38, 0xFF, 0x42, 0x3E, 0x3A, 0xFF, 0x43, 0x3F, 0x3C, 0xFF,
    0x44, 0x41, 0x3E, 0xFF, 0x47, 0x43, 0x3F, 0xFF, 0x48, 0x44, 0x40, 0xFF, 0x4A, 0x46, 0x42, 0xFF,
    0x4A, 0x47, 0x43, 0xFF, 0x4C, 0x48, 0x45, 0xFF, 0x4F, 0x4B, 0x49, 0xFF, 0x4D, 0x4A, 0x48, 0xFF,
    0x4D, 0x4A, 0x48, 0xFF, 0x63, 0x60, 0x5E, 0xFF, 0x63, 0x60, 0x5D, 0xFF, 0xBC, 0xB9, 0xB4, 0xFF,
    0x7F, 0x7B, 0x77, 0xFF, 0x57, 0x52, 0x50, 0xFF, 0x62, 0x5D, 0x5B, 0xFF, 0x63, 0x5E, 0x5C, 0xFF,
    0x64, 0x5F, 0x5C, 0xFF, 0x67, 0x62, 0x61, 0xFF, 0x6A, 0x65, 0x64, 0xFF, 0x6D, 0x67, 0x66, 0xFF,
    0x70, 0x6B, 0x69, 0xFF, 0x72, 0x6D, 0x6C, 0xFF, 0x74, 0x6F, 0x6E, 0xFF, 0x76, 0x71, 0x70, 0xFF,
    0x78, 0x74, 0x73, 0xFF, 0x7C, 0x77, 0x75, 0xFF, 0x80, 0x7A, 0x7A, 0xFF, 0x82, 0x7D, 0x7B, 0xFF,
    0x85, 0x81, 0x7F, 0xFF, 0x89, 0x84, 0x82, 0xFF, 0x8D, 0x88, 0x85, 0xFF, 0x92, 0x8E, 0x8B, 0xFF,
    0x97, 0x93, 0x90, 0xFF, 0x9D, 0x99, 0x94, 0xFF, 0xA2, 0x9D, 0x9B, 0xFF, 0xA6, 0xA1, 0xA1, 0xFF,
    0xA8, 0xA4, 0xA2, 0xFF, 0xA9, 0xA5, 0xA3, 0xFF, 0xA7, 0xA3, 0xA0, 0xFF, 0xA4, 0xA0, 0x9D, 0xFF,
    0x9F, 0x9C, 0x9A, 0xFF, 0xA3, 0xA0, 0x9D, 0xFF, 0xAB, 0xA8, 0xA6, 0xFF, 0xA1, 0x9C, 0x9A, 0xFA,
    0x73, 0x70, 0x6D, 0xD9, 0x7C, 0x77, 0x73, 0xFF, 0x8D, 0x88, 0x85, 0xFE, 0xD5, 0xD1, 0xD0, 0xFF,
    0xAE, 0xA7, 0xA5, 0xFF, 0x39, 0x36, 0x31, 0xFF, 0x22, 0x23, 0x4C, 0xFF, 0x35, 0x36, 0x76, 0xFF,
    0x93, 0x93, 0x9C, 0xFF, 0x51, 0x4F, 0x4A, 0xFF, 0x25, 0x22, 0x21, 0xFB, 0x40, 0x3D, 0x3D, 0xFF,
    0x46, 0x44, 0x42, 0x86, 0x00, 0x00, 0x00, 0x00, 0x3F, 0x3F, 0x3F, 0x04, 0x00, 0x00, 0x00, 0x00,
    0x00, 0x00, 0x00, 0x00, 0x00, 0x00, 0x00, 0x00, 0x00, 0x00, 0x00, 0x00, 0x00, 0x00, 0x00, 0x00,
    0x00, 0x00, 0x00, 0x00, 0x00, 0x00, 0x00, 0x00, 0x00, 0x00, 0x00, 0x00, 0x00, 0x00, 0x00, 0x00,
    0x00, 0x00, 0x00, 0x00, 0x00, 0x00, 0x00, 0x00, 0x00, 0x00, 0x00, 0x00, 0x00, 0x00, 0x00, 0x00,
    0x00, 0x00, 0x00, 0x00, 0x00, 0x00, 0x00, 0x00, 0x00, 0x00, 0x00, 0x00, 0x00, 0x00, 0x00, 0x00,
    0x00, 0x00, 0x00, 0x00, 0x00, 0x00, 0x00, 0x00, 0x00, 0x00, 0x00, 0x00, 0x00, 0x00, 0x00, 0x00,
    0x00, 0x00, 0x00, 0x00, 0x00, 0x00, 0x00, 0x00, 0x00, 0x00, 0x00, 0x00, 0x00, 0x00, 0x00, 0x00,
    0x00, 0x00, 0x00, 0x00, 0x00, 0x00, 0x00, 0x00, 0x00, 0x00, 0x00, 0x00, 0x00, 0x00, 0x00, 0x00,
    0x00, 0x00, 0x00, 0x00, 0x00, 0x00, 0x00, 0x00, 0x00, 0x00, 0x00, 0x00, 0x00, 0x00, 0x00, 0x00,
    0x00, 0x00, 0x00, 0x00, 0x00, 0x00, 0x00, 0x00, 0x3F, 0x3F, 0x3F, 0x04, 0x00, 0x00, 0x00, 0x00,
    0x2D, 0x29, 0x29, 0x7B, 0x28, 0x26, 0x26, 0xFF, 0x1C, 0x1B, 0x1A, 0xF4, 0x32, 0x31, 0x30, 0xED,
    0x39, 0x3A, 0x37, 0xFF, 0x31, 0x31, 0x5D, 0xFF, 0x16, 0x16, 0x50, 0xFB, 0x23, 0x20, 0x24, 0xE8,
    0xB0, 0xAC, 0xA6, 0xFA, 0x9F, 0x9A, 0x97, 0xFF, 0x4F, 0x4B, 0x47, 0xFE, 0x36, 0x32, 0x2F, 0xFE,
    0x2D, 0x2B, 0x28, 0xFE, 0x29, 0x25, 0x25, 0xFF, 0x29, 0x27, 0x27, 0xFF, 0x2B, 0x29, 0x29, 0xFF,
    0x2D, 0x2B, 0x2B, 0xFF, 0x2E, 0x2B, 0x2B, 0xFF, 0x2E, 0x2C, 0x2B, 0xFF, 0x2F, 0x2D, 0x2C, 0xFF,
    0x30, 0x2E, 0x2D, 0xFF, 0x30, 0x2E, 0x2D, 0xFF, 0x31, 0x30, 0x2D, 0xFF, 0x32, 0x32, 0x2C, 0xFF,
    0x34, 0x32, 0x2E, 0xFF, 0x36, 0x34, 0x2F, 0xFF, 0x38, 0x35, 0x30, 0xFF, 0x38, 0x35, 0x30, 0xFF,
    0x38, 0x35, 0x31, 0xFF, 0x3A, 0x37, 0x33, 0xFF, 0x3B, 0x38, 0x34, 0xFF, 0x3D, 0x39, 0x35, 0xFF,
    0x3E, 0x3A, 0x37, 0xFF, 0x3F, 0x3C, 0x37, 0xFF, 0x41, 0x3D, 0x3A, 0xFF, 0x43, 0x3E, 0x3B, 0xFF,
    0x44, 0x40, 0x3D, 0xFF, 0x45, 0x42, 0x3F, 0xFF, 0x48, 0x44, 0x41, 0xFF, 0x49, 0x44, 0x41, 0xFF,
    0x4A, 0x46, 0x42, 0xFF, 0x4C, 0x48, 0x45, 0xFF, 0x4D, 0x4A, 0x46, 0xFF, 0x4B, 0x48, 0x44, 0xFF,
    0x47, 0x43, 0x40, 0xFF, 0x5B, 0x58, 0x54, 0xFE, 0x61, 0x5E, 0x5A, 0xFF, 0xAF, 0xAB, 0xA7, 0xFE,
    0x89, 0x84, 0x80, 0xFF, 0x54, 0x4F, 0x4D, 0xFF, 0x61, 0x5C, 0x5B, 0xFF, 0x63, 0x5D, 0x5C, 0xFF,
    0x65, 0x5F, 0x5D, 0xFF, 0x67, 0x62, 0x5F, 0xFF, 0x6A, 0x64, 0x62, 0xFF, 0x6B, 0x66, 0x64, 0xFF,
    0x6F, 0x6A, 0x69, 0xFF, 0x71, 0x6C, 0x6B, 0xFF, 0x73, 0x6E, 0x6D, 0xFF, 0x75, 0x70, 0x6F, 0xFF,
    0x78, 0x72, 0x71, 0xFF, 0x7B, 0x76, 0x73, 0xFF, 0x7E, 0x79, 0x77, 0xFF, 0x82, 0x7D, 0x7C, 0xFF,
    0x85, 0x80, 0x80, 0xFF, 0x88, 0x83, 0x81, 0xFF, 0x8C, 0x87, 0x84, 0xFF, 0x91, 0x8C, 0x88, 0xFF,
    0x95, 0x92, 0x8F, 0xFF, 0x9B, 0x97, 0x94, 0xFF, 0xA1, 0x9B, 0x9B, 0xFF, 0xA5, 0xA0, 0x9F, 0xFF,
    0xA7, 0xA2, 0xA1, 0xFF, 0xA7, 0xA2, 0xA1, 0xFF, 0xA5, 0xA0, 0xA0, 0xFF, 0xA2, 0x9D, 0x9D, 0xFF,
    0x9E, 0x9A, 0x99, 0xFF, 0xA3, 0x9F, 0x9D, 0xFF, 0xA8, 0xA4, 0xA3, 0xFF, 0x8F, 0x8B, 0x89, 0xF1,
    0x6D, 0x6A, 0x67, 0xE8, 0x7C, 0x77, 0x72, 0xFF, 0xA6, 0xA0, 0x9E, 0xFE, 0xCF, 0xCB, 0xC7, 0xFF,
    0x43, 0x40, 0x3B, 0xFD, 0x13, 0x13, 0x38, 0xFE, 0x26, 0x26, 0x65, 0xFF, 0x90, 0x90, 0x9C, 0xFF,
    0x88, 0x85, 0x81, 0xFF, 0x22, 0x20, 0x1E, 0xFD, 0x35, 0x34, 0x31, 0xFE, 0x43, 0x42, 0x40, 0xDA,
    0x38, 0x38, 0x38, 0x09, 0x55, 0x55, 0x55, 0x03, 0x00, 0x00, 0x00, 0x01, 0x00, 0x00, 0x00, 0x00,
    0x00, 0x00, 0x00, 0x00, 0x00, 0x00, 0x00, 0x00, 0x00, 0x00, 0x00, 0x00, 0x00, 0x00, 0x00, 0x00,
    0x00, 0x00, 0x00, 0x00, 0x00, 0x00, 0x00, 0x00, 0x00, 0x00, 0x00, 0x00, 0x00, 0x00, 0x00, 0x00,
    0x00, 0x00, 0x00, 0x00, 0x00, 0x00, 0x00, 0x00, 0x00, 0x00, 0x00, 0x00, 0x00, 0x00, 0x00, 0x00,
    0x00, 0x00, 0x00, 0x00, 0x00, 0x00, 0x00, 0x00, 0x00, 0x00, 0x00, 0x00, 0x00, 0x00, 0x00, 0x00,
    0x00, 0x00, 0x00, 0x00, 0x00, 0x00, 0x00, 0x00, 0x00, 0x00, 0x00, 0x00, 0x00, 0x00, 0x00, 0x00,
    0x00, 0x00, 0x00, 0x00, 0x00, 0x00, 0x00, 0x00, 0x00, 0x00, 0x00, 0x00, 0x00, 0x00, 0x00, 0x00,
    0x00, 0x00, 0x00, 0x00, 0x00, 0x00, 0x00, 0x00, 0x00, 0x00, 0x00, 0x00, 0x00, 0x00, 0x00, 0x00,
    0x00, 0x00, 0x00, 0x00, 0x00, 0x00, 0x00, 0x00, 0x00, 0x00, 0x00, 0x00, 0x00, 0x00, 0x00, 0x00,
    0x00, 0x00, 0x00, 0x00, 0x00, 0x00, 0x00, 0x00, 0x00, 0x00, 0x00, 0x01, 0x55, 0x55, 0x55, 0x03,
    0x2A, 0x2A, 0x2A, 0x06, 0x2A, 0x29, 0x27, 0xD7, 0x22, 0x20, 0x1E, 0xFC, 0x1F, 0x1E, 0x1E, 0xF1,
    0x38, 0x38, 0x35, 0xF3, 0x34, 0x35, 0x35, 0xFF, 0x30, 0x31, 0x5B, 0xFF, 0x11, 0x10, 0x42, 0xFB,
    0x21, 0x20, 0x25, 0xD5, 0x85, 0x81, 0x7A, 0xE9, 0x6C, 0x66, 0x64, 0xFF, 0x36, 0x33, 0x2F, 0xFF,
    0x2D, 0x2B, 0x29, 0xFA, 0x2A, 0x27, 0x27, 0xFE, 0x2A, 0x28, 0x27, 0xFF, 0x2A, 0x28, 0x27, 0xFF,
    0x2C, 0x2A, 0x29, 0xFF, 0x2C, 0x2A, 0x2A, 0xFF, 0x2D, 0x2B, 0x2B, 0xFF, 0x2E, 0x2C, 0x2C, 0xFF,
    0x30, 0x2D, 0x2C, 0xFF, 0x30, 0x2D, 0x2D, 0xFF, 0x30, 0x2E, 0x2E, 0xFF, 0x32, 0x30, 0x2D, 0xFF,
    0x34, 0x31, 0x2D, 0xFF, 0x35, 0x33, 0x2E, 0xFF, 0x37, 0x34, 0x30, 0xFF, 0x38, 0x34, 0x30, 0xFF,
    0x38, 0x34, 0x31, 0xFF, 0x3A, 0x36, 0x32, 0xFF, 0x3B, 0x38, 0x33, 0xFF, 0x3C, 0x39, 0x35, 0xFF,
    0x3E, 0x3A, 0x37, 0xFF, 0x3F, 0x3B, 0x37, 0xFF, 0x41, 0x3C, 0x3A, 0xFF, 0x43, 0x3E, 0x3B, 0xFF,
    0x44, 0x40, 0x3D, 0xFF, 0x45, 0x42, 0x3E, 0xFF, 0x47, 0x43, 0x40, 0xFF, 0x49, 0x45, 0x41, 0xFF,
    0x4A, 0x47, 0x42, 0xFF, 0x4B, 0x48, 0x44, 0xFF, 0x4C, 0x49, 0x45, 0xFF, 0x4B, 0x47, 0x43, 0xFF,
    0x4D, 0x49, 0x45, 0xFF, 0x62, 0x5E, 0x5A, 0xFF, 0x6B, 0x68, 0x64, 0xFF, 0xA5, 0xA1, 0x9D, 0xFF,
    0x78, 0x73, 0x71, 0xFF, 0x55, 0x50, 0x4E, 0xFF, 0x60, 0x5A, 0x58, 0xFF, 0x61, 0x5C, 0x5B, 0xFF,
    0x64, 0x5F, 0x5E, 0xFF, 0x66, 0x61, 0x60, 0xFF, 0x69, 0x64, 0x63, 0xFF, 0x6B, 0x66, 0x64, 0xFF,
    0x6E, 0x68, 0x68, 0xFF, 0x70, 0x6B, 0x6A, 0xFF, 0x72, 0x6D, 0x6C, 0xFF, 0x74, 0x6F, 0x6D, 0xFF,
    0x77, 0x72, 0x70, 0xFF, 0x7B, 0x75, 0x74, 0xFF, 0x7C, 0x78, 0x76, 0xFF, 0x80, 0x7C, 0x79, 0xFF,
    0x85, 0x7F, 0x7F, 0xFF, 0x88, 0x83, 0x82, 0xFF, 0x8C, 0x87, 0x84, 0xFF, 0x90, 0x8C, 0x88, 0xFF,
    0x95, 0x90, 0x8F, 0xFF, 0x9A, 0x96, 0x94, 0xFF, 0x9F, 0x9A, 0x99, 0xFF, 0xA4, 0x9F, 0x9D, 0xFF,
    0xA6, 0xA0, 0xA0, 0xFF, 0xA6, 0xA1, 0x9F, 0xFF, 0xA3, 0x9F, 0x9E, 0xFF, 0xA1, 0x9C, 0x9B, 0xFF,
    0x9E, 0x9A, 0x99, 0xFF, 0x9E, 0x9A, 0x99, 0xFE, 0xA1, 0x9C, 0x9A, 0xFF, 0x7D, 0x79, 0x77, 0xE6,
    0x70, 0x6E, 0x6A, 0xF4, 0x8D, 0x89, 0x86, 0xFF, 0xA5, 0xA0, 0x9C, 0xFD, 0x46, 0x43, 0x3E, 0xF4,
    0x08, 0x09, 0x2D, 0xFA, 0x1F, 0x1F, 0x62, 0xFF, 0x79, 0x77, 0x86, 0xFF, 0xAF, 0xAC, 0xA8, 0xFF,
    0x2E, 0x2D, 0x2A, 0xFF, 0x2A, 0x28, 0x26, 0xFC, 0x40, 0x3E, 0x3D, 0xFF, 0x43, 0x43, 0x3F, 0x48,
    0x00, 0x00, 0x00, 0x00, 0x55, 0x55, 0x55, 0x03, 0x00, 0x00, 0x00, 0x00, 0x00, 0x00, 0x00, 0x00,
    0x00, 0x00, 0x00, 0x00, 0x00, 0x00, 0x00, 0x00, 0x00, 0x00, 0x00, 0x00, 0x00, 0x00, 0x00, 0x00,
    0x00, 0x00, 0x00, 0x00, 0x00, 0x00, 0x00, 0x00, 0x00, 0x00, 0x00, 0x00, 0x00, 0x00, 0x00, 0x00,
    0x00, 0x00, 0x00, 0x00, 0x00, 0x00, 0x00, 0x00, 0x00, 0x00, 0x00, 0x00, 0x00, 0x00, 0x00, 0x00,
    0x00, 0x00, 0x00, 0x00, 0x00, 0x00, 0x00, 0x00, 0x00, 0x00, 0x00, 0x00, 0x00, 0x00, 0x00, 0x00,
    0x00, 0x00, 0x00, 0x00, 0x00, 0x00, 0x00, 0x00, 0x00, 0x00, 0x00, 0x00, 0x00, 0x00, 0x00, 0x00,
    0x00, 0x00, 0x00, 0x00, 0x00, 0x00, 0x00, 0x00, 0x00, 0x00, 0x00, 0x00, 0x00, 0x00, 0x00, 0x00,
    0x00, 0x00, 0x00, 0x00, 0x00, 0x00, 0x00, 0x00, 0x00, 0x00, 0x00, 0x00, 0x00, 0x00, 0x00, 0x00,
    0x00, 0x00, 0x00, 0x00, 0x00, 0x00, 0x00, 0x00, 0x00, 0x00, 0x00, 0x00, 0x00, 0x00, 0x00, 0x00,
    0x00, 0x00, 0x00, 0x00, 0x00, 0x00, 0x00, 0x00, 0x00, 0x00, 0x00, 0x00, 0x55, 0x55, 0x55, 0x03,
    0x00, 0x00, 0x00, 0x00, 0x2C, 0x2C, 0x28, 0x45, 0x2A, 0x28, 0x26, 0xFF, 0x1D, 0x1B, 0x1B, 0xF9,
    0x28, 0x26, 0x26, 0xE4, 0x3B, 0x39, 0x37, 0xF5, 0x31, 0x31, 0x32, 0xFE, 0x2C, 0x2D, 0x55, 0xFF,
    0x10, 0x0E, 0x42, 0xF8, 0x0C, 0x0B, 0x13, 0xB5, 0x4F, 0x4B, 0x45, 0xC6, 0x45, 0x41, 0x3E, 0xFB,
    0x30, 0x2E, 0x2E, 0xFA, 0x2C, 0x2A, 0x2A, 0xFE, 0x2A, 0x28, 0x27, 0xFD, 0x2A, 0x28, 0x28, 0xFE,
    0x2A, 0x27, 0x27, 0xFF, 0x2B, 0x2A, 0x29, 0xFF, 0x2C, 0x2A, 0x29, 0xFF, 0x2D, 0x2B, 0x2A, 0xFF,
    0x2E, 0x2C, 0x2C, 0xFF, 0x30, 0x2E, 0x2D, 0xFF, 0x30, 0x2E, 0x2D, 0xFF, 0x31, 0x2F, 0x2C, 0xFF,
    0x33, 0x31, 0x2C, 0xFF, 0x35, 0x32, 0x2E, 0xFF, 0x36, 0x33, 0x2F, 0xFF, 0x37, 0x33, 0x30, 0xFF,
    0x37, 0x34, 0x30, 0xFF, 0x38, 0x35, 0x31, 0xFF, 0x3A, 0x37, 0x33, 0xFF, 0x3C, 0x38, 0x34, 0xFF,
    0x3D, 0x38, 0x36, 0xFF, 0x3E, 0x3A, 0x38, 0xFF, 0x3F, 0x3B, 0x38, 0xFF, 0x41, 0x3D, 0x3A, 0xFF,
    0x42, 0x3E, 0x3C, 0xFF, 0x45, 0x41, 0x3D, 0xFF, 0x47, 0x43, 0x40, 0xFF, 0x48, 0x45, 0x40, 0xFF,
    0x49, 0x46, 0x42, 0xFF, 0x4A, 0x47, 0x43, 0xFF, 0x4C, 0x48, 0x44, 0xFE, 0x4D, 0x49, 0x46, 0xFF,
    0x3B, 0x37, 0x35, 0xCD, 0x4D, 0x4A, 0x47, 0xCB, 0x61, 0x5D, 0x5A, 0xF9, 0x50, 0x4C, 0x49, 0xE7,
    0x56, 0x52, 0x4F, 0xFE, 0x5B, 0x55, 0x54, 0xFF, 0x5D, 0x58, 0x56, 0xFF, 0x60, 0x5B, 0x5B, 0xFF,
    0x62, 0x5D, 0x5D, 0xFF, 0x65, 0x60, 0x61, 0xFF, 0x68, 0x63, 0x62, 0xFF, 0x6B, 0x65, 0x63, 0xFF,
    0x6D, 0x67, 0x66, 0xFF, 0x6F, 0x6A, 0x69, 0xFF, 0x72, 0x6D, 0x6B, 0xFF, 0x73, 0x6E, 0x6E, 0xFF,
    0x76, 0x71, 0x70, 0xFF, 0x7A, 0x75, 0x72, 0xFF, 0x7C, 0x77, 0x76, 0xFF, 0x80, 0x7C, 0x7A, 0xFF,
    0x83, 0x7F, 0x7D, 0xFF, 0x87, 0x82, 0x80, 0xFF, 0x89, 0x84, 0x82, 0xFF, 0x8E, 0x8A, 0x88, 0xFF,
    0x94, 0x8F, 0x8C, 0xFF, 0x9A, 0x95, 0x92, 0xFF, 0x9E, 0x99, 0x96, 0xFF, 0xA2, 0x9D, 0x9A, 0xFF,
    0xA4, 0x9F, 0x9D, 0xFF, 0xA5, 0x9F, 0x9E, 0xFF, 0xA2, 0x9D, 0x9A, 0xFF, 0x9E, 0x9A, 0x97, 0xFF,
    0x9C, 0x98, 0x96, 0xFF, 0x96, 0x92, 0x8F, 0xFE, 0x95, 0x91, 0x8E, 0xFF, 0x6D, 0x6B, 0x68, 0xEB,
    0x7B, 0x77, 0x74, 0xFE, 0x6D, 0x6A, 0x64, 0xFF, 0x2D, 0x2C, 0x2A, 0xFE, 0x0C, 0x0C, 0x38, 0xFE,
    0x1C, 0x1C, 0x60, 0xFF, 0x66, 0x66, 0x76, 0xFF, 0xBC, 0xB8, 0xB6, 0xFF, 0x49, 0x46, 0x46, 0xFB,
    0x1D, 0x1B, 0x1B, 0xFC, 0x38, 0x36, 0x35, 0xFF, 0x42, 0x3F, 0x3D, 0xA5, 0x00, 0x00, 0x00, 0x00,
    0x55, 0x55, 0x55, 0x03, 0x00, 0x00, 0x00, 0x00, 0x00, 0x00, 0x00, 0x00, 0x00, 0x00, 0x00, 0x00,
    0x00, 0x00, 0x00, 0x00, 0x00, 0x00, 0x00, 0x00, 0x00, 0x00, 0x00, 0x00, 0x00, 0x00, 0x00, 0x00,
    0x00, 0x00, 0x00, 0x00, 0x00, 0x00, 0x00, 0x00, 0x00, 0x00, 0x00, 0x00, 0x00, 0x00, 0x00, 0x00,
    0x00, 0x00, 0x00, 0x00, 0x00, 0x00, 0x00, 0x00, 0x00, 0x00, 0x00, 0x00, 0x00, 0x00, 0x00, 0x00,
    0x00, 0x00, 0x00, 0x00, 0x00, 0x00, 0x00, 0x00, 0x00, 0x00, 0x00, 0x00, 0x00, 0x00, 0x00, 0x00,
    0x00, 0x00, 0x00, 0x00, 0x00, 0x00, 0x00, 0x00, 0x00, 0x00, 0x00, 0x00, 0x00, 0x00, 0x00, 0x00,
    0x00, 0x00, 0x00, 0x00, 0x00, 0x00, 0x00, 0x00, 0x00, 0x00, 0x00, 0x00, 0x00, 0x00, 0x00, 0x00,
    0x00, 0x00, 0x00, 0x00, 0x00, 0x00, 0x00, 0x00, 0x00, 0x00, 0x00, 0x00, 0x00, 0x00, 0x00, 0x00,
    0x00, 0x00, 0x00, 0x00, 0x00, 0x00, 0x00, 0x00, 0x00, 0x00, 0x00, 0x00, 0x00, 0x00, 0x00, 0x00,
    0x00, 0x00, 0x00, 0x00, 0x00, 0x00, 0x00, 0x00, 0x00, 0x00, 0x00, 0x00, 0x00, 0x00, 0x00, 0x00,
    0x55, 0x55, 0x55, 0x03, 0x00, 0x00, 0x00, 0x00, 0x2B, 0x29, 0x2B, 0x99, 0x25, 0x24, 0x23, 0xFF,
    0x1A, 0x19, 0x18, 0xE7, 0x30, 0x2F, 0x2E, 0xCD, 0x37, 0x36, 0x34, 0xFF, 0x2C, 0x2D, 0x2E, 0xFD,
    0x2A, 0x2A, 0x50, 0xFF, 0x11, 0x10, 0x44, 0xF8, 0x06, 0x06, 0x19, 0xC0, 0x24, 0x23, 0x1F, 0xCB,
    0x30, 0x2D, 0x2B, 0xED, 0x31, 0x2D, 0x2E, 0xF7, 0x30, 0x2C, 0x2E, 0xFF, 0x2C, 0x2A, 0x2A, 0xFF,
    0x2A, 0x27, 0x28, 0xFF, 0x29, 0x28, 0x28, 0xFD, 0x2B, 0x29, 0x29, 0xFD, 0x2C, 0x2A, 0x29, 0xFE,
    0x2D, 0x2B, 0x2B, 0xFF, 0x2E, 0x2C, 0x2C, 0xFF, 0x2F, 0x2E, 0x2C, 0xFF, 0x30, 0x2E, 0x2D, 0xFF,
    0x32, 0x2F, 0x2C, 0xFF, 0x34, 0x31, 0x2D, 0xFF, 0x35, 0x32, 0x2E, 0xFF, 0x36, 0x32, 0x2E, 0xFF,
    0x37, 0x34, 0x30, 0xFF, 0x38, 0x34, 0x30, 0xFF, 0x3A, 0x35, 0x32, 0xFF, 0x3B, 0x37, 0x34, 0xFF,
    0x3C, 0x38, 0x35, 0xFF, 0x3E, 0x39, 0x36, 0xFF, 0x3E, 0x3B, 0x37, 0xFF, 0x40, 0x3D, 0x38, 0xFF,
    0x42, 0x3F, 0x3B, 0xFF, 0x44, 0x40, 0x3D, 0xFF, 0x45, 0x41, 0x3E, 0xFF, 0x48, 0x44, 0x40, 0xFF,
    0x49, 0x45, 0x42, 0xFF, 0x4A, 0x47, 0x43, 0xFF, 0x4B, 0x48, 0x43, 0xFF, 0x4D, 0x49, 0x47, 0xFF,
    0x48, 0x44, 0x43, 0xF6, 0x42, 0x40, 0x3E, 0xE5, 0x4A, 0x46, 0x44, 0xFB, 0x4B, 0x48, 0x46, 0xF6,
    0x58, 0x53, 0x52, 0xFF, 0x5B, 0x55, 0x54, 0xFF, 0x5D, 0x58, 0x57, 0xFF, 0x60, 0x5B, 0x5A, 0xFF,
    0x62, 0x5D, 0x5B, 0xFF, 0x65, 0x60, 0x5F, 0xFF, 0x67, 0x63, 0x62, 0xFF, 0x6A, 0x65, 0x64, 0xFF,
    0x6C, 0x67, 0x64, 0xFF, 0x6F, 0x6A, 0x68, 0xFF, 0x70, 0x6C, 0x6B, 0xFF, 0x73, 0x6E, 0x6D, 0xFF,
    0x76, 0x71, 0x70, 0xFF, 0x7A, 0x74, 0x72, 0xFF, 0x7C, 0x76, 0x75, 0xFF, 0x7F, 0x7A, 0x79, 0xFF,
    0x83, 0x7D, 0x7C, 0xFF, 0x86, 0x80, 0x7E, 0xFF, 0x89, 0x84, 0x82, 0xFF, 0x8C, 0x88, 0x87, 0xFF,
    0x93, 0x8E, 0x8C, 0xFF, 0x98, 0x93, 0x91, 0xFF, 0x9C, 0x98, 0x95, 0xFF, 0xA0, 0x9A, 0x97, 0xFF,
    0xA1, 0x9C, 0x9A, 0xFF, 0xA0, 0x9B, 0x99, 0xFE, 0xA1, 0x9C, 0x9A, 0xFD, 0xA1, 0x9C, 0x9A, 0xFE,
    0x9E, 0x9A, 0x97, 0xFF, 0x95, 0x90, 0x8D, 0xFF, 0x7B, 0x78, 0x75, 0xFA, 0x4D, 0x4B, 0x46, 0xE5,
    0x45, 0x42, 0x3C, 0xFD, 0x1C, 0x1A, 0x23, 0xFF, 0x11, 0x10, 0x4C, 0xFF, 0x24, 0x22, 0x66, 0xFF,
    0x68, 0x67, 0x75, 0xFF, 0xBF, 0xBB, 0xB8, 0xFF, 0x67, 0x63, 0x64, 0xFE, 0x17, 0x15, 0x15, 0xFB,
    0x2D, 0x2A, 0x2A, 0xFE, 0x3C, 0x3B, 0x3A, 0xE7, 0x43, 0x43, 0x43, 0x13, 0x7F, 0x7F, 0x7F, 0x02,
    0x00, 0x00, 0x00, 0x02, 0x00, 0x00, 0x00, 0x00, 0x00, 0x00, 0x00, 0x00, 0x00, 0x00, 0x00, 0x00,
    0x00, 0x00, 0x00, 0x00, 0x00, 0x00, 0x00, 0x00, 0x00, 0x00, 0x00, 0x00, 0x00, 0x00, 0x00, 0x00,
    0x00, 0x00, 0x00, 0x00, 0x00, 0x00, 0x00, 0x00, 0x00, 0x00, 0x00, 0x00, 0x00, 0x00, 0x00, 0x00,
    0x00, 0x00, 0x00, 0x00, 0x00, 0x00, 0x00, 0x00, 0x00, 0x00, 0x00, 0x00, 0x00, 0x00, 0x00, 0x00,
    0x00, 0x00, 0x00, 0x00, 0x00, 0x00, 0x00, 0x00, 0x00, 0x00, 0x00, 0x00, 0x00, 0x00, 0x00, 0x00,
    0x00, 0x00, 0x00, 0x00, 0x00, 0x00, 0x00, 0x00, 0x00, 0x00, 0x00, 0x00, 0x00, 0x00, 0x00, 0x00,
    0x00, 0x00, 0x00, 0x00, 0x00, 0x00, 0x00, 0x00, 0x00, 0x00, 0x00, 0x00, 0x00, 0x00, 0x00, 0x00,
    0x00, 0x00, 0x00, 0x00, 0x00, 0x00, 0x00, 0x00, 0x00, 0x00, 0x00, 0x00, 0x00, 0x00, 0x00, 0x00,
    0x00, 0x00, 0x00, 0x00, 0x00, 0x00, 0x00, 0x00, 0x00, 0x00, 0x00, 0x00, 0x00, 0x00, 0x00, 0x00,
    0x00, 0x00, 0x00, 0x00, 0x00, 0x00, 0x00, 0x00, 0x00, 0x00, 0x00, 0x00, 0x00, 0x00, 0x00, 0x00,
    0x00, 0x00, 0x00, 0x01, 0x55, 0x55, 0x55, 0x03, 0x27, 0x27, 0x27, 0x0D, 0x2A, 0x29, 0x28, 0xDE,
    0x1F, 0x1E, 0x1D, 0xF5, 0x16, 0x15, 0x15, 0xBD, 0x33, 0x30, 0x2F, 0xC8, 0x32, 0x2F, 0x2D, 0xFF,
    0x2A, 0x2B, 0x29, 0xFD, 0x28, 0x29, 0x44, 0xFF, 0x15, 0x15, 0x4E, 0xFF, 0x0E, 0x0E, 0x33, 0xF9,
    0x1B, 0x19, 0x1E, 0xE2, 0x17, 0x15, 0x0F, 0xA6, 0x20, 0x1E, 0x17, 0xC6, 0x2A, 0x28, 0x25, 0xDE,
    0x2A, 0x29, 0x27, 0xFD, 0x2D, 0x2B, 0x2A, 0xFF, 0x2E, 0x2C, 0x2B, 0xFF, 0x2D, 0x2B, 0x2B, 0xFF,
    0x2D, 0x2B, 0x2B, 0xFF, 0x2C, 0x2B, 0x2A, 0xFD, 0x2C, 0x2B, 0x2B, 0xFD, 0x2E, 0x2C, 0x2C, 0xFE,
    0x30, 0x2E, 0x2D, 0xFE, 0x32, 0x30, 0x2C, 0xFF, 0x35, 0x31, 0x2D, 0xFF, 0x36, 0x32, 0x2D, 0xFF,
    0x36, 0x33, 0x2F, 0xFF, 0x37, 0x34, 0x31, 0xFF, 0x39, 0x35, 0x32, 0xFF, 0x3A, 0x36, 0x34, 0xFF,
    0x3B, 0x38, 0x34, 0xFF, 0x3C, 0x39, 0x35, 0xFF, 0x3D, 0x39, 0x36, 0xFF, 0x3E, 0x3B, 0x38, 0xFF,
    0x41, 0x3D, 0x39, 0xFF, 0x43, 0x3F, 0x3B, 0xFF, 0x45, 0x41, 0x3E, 0xFF, 0x47, 0x43, 0x3F, 0xFF,
    0x48, 0x44, 0x41, 0xFF, 0x4A, 0x46, 0x42, 0xFF, 0x4B, 0x48, 0x44, 0xFF, 0x4B, 0x48, 0x45, 0xFF,
    0x50, 0x4C, 0x48, 0xFF, 0x54, 0x50, 0x4D, 0xFF, 0x55, 0x51, 0x50, 0xFF, 0x59, 0x55, 0x54, 0xFF,
    0x58, 0x53, 0x51, 0xFF, 0x5B, 0x56, 0x54, 0xFF, 0x5D, 0x58, 0x56, 0xFF, 0x5F, 0x5A, 0x58, 0xFF,
    0x62, 0x5D, 0x5C, 0xFF, 0x64, 0x5F, 0x5F, 0xFF, 0x67, 0x62, 0x61, 0xFF, 0x69, 0x65, 0x63, 0xFF,
    0x6B, 0x66, 0x65, 0xFF, 0x6E, 0x69, 0x67, 0xFF, 0x71, 0x6C, 0x6B, 0xFF, 0x74, 0x6E, 0x6C, 0xFF,
    0x76, 0x70, 0x70, 0xFF, 0x79, 0x73, 0x73, 0xFF, 0x7C, 0x76, 0x75, 0xFF, 0x7F, 0x7A, 0x77, 0xFF,
    0x82, 0x7C, 0x7B, 0xFF, 0x85, 0x80, 0x7F, 0xFF, 0x89, 0x84, 0x83, 0xFF, 0x8C, 0x87, 0x86, 0xFF,
    0x90, 0x8C, 0x89, 0xFF, 0x96, 0x91, 0x8E, 0xFE, 0x9A, 0x97, 0x93, 0xFE, 0xA0, 0x9C, 0x99, 0xFE,
    0xA7, 0xA1, 0x9E, 0xFF, 0xA7, 0xA2, 0x9F, 0xFF, 0xA2, 0x9E, 0x9B, 0xFF, 0x8D, 0x8A, 0x87, 0xFF,
    0x6F, 0x6C, 0x67, 0xF7, 0x47, 0x43, 0x3C, 0xE5, 0x2A, 0x27, 0x1F, 0xDC, 0x1D, 0x1C, 0x1E, 0xE8,
    0x16, 0x15, 0x34, 0xFE, 0x14, 0x12, 0x59, 0xFF, 0x2E, 0x2D, 0x66, 0xFF, 0x76, 0x75, 0x7D, 0xFF,
    0xC2, 0xBF, 0xBC, 0xFF, 0x7A, 0x75, 0x75, 0xFF, 0x1A, 0x18, 0x17, 0xFE, 0x23, 0x21, 0x20, 0xFB,
    0x37, 0x35, 0x35, 0xFF, 0x42, 0x3F, 0x3F, 0x50, 0x00, 0x00, 0x00, 0x00, 0x55, 0x55, 0x55, 0x03,
    0x00, 0x00, 0x00, 0x00, 0x00, 0x00, 0x00, 0x00, 0x00, 0x00, 0x00, 0x00, 0x00, 0x00, 0x00, 0x00,
    0x00, 0x00, 0x00, 0x00, 0x00, 0x00, 0x00, 0x00, 0x00, 0x00, 0x00, 0x00, 0x00, 0x00, 0x00, 0x00,
    0x00, 0x00, 0x00, 0x00, 0x00, 0x00, 0x00, 0x00, 0x00, 0x00, 0x00, 0x00, 0x00, 0x00, 0x00, 0x00,
    0x00, 0x00, 0x00, 0x00, 0x00, 0x00, 0x00, 0x00, 0x00, 0x00, 0x00, 0x00, 0x00, 0x00, 0x00, 0x00,
    0x00, 0x00, 0x00, 0x00, 0x00, 0x00, 0x00, 0x00, 0x00, 0x00, 0x00, 0x00, 0x00, 0x00, 0x00, 0x00,
    0x00, 0x00, 0x00, 0x00, 0x00, 0x00, 0x00, 0x00, 0x00, 0x00, 0x00, 0x00, 0x00, 0x00, 0x00, 0x00,
    0x00, 0x00, 0x00, 0x00, 0x00, 0x00, 0x00, 0x00, 0x00, 0x00, 0x00, 0x00, 0x00, 0x00, 0x00, 0x00,
    0x00, 0x00, 0x00, 0x00, 0x00, 0x00, 0x00, 0x00, 0x00, 0x00, 0x00, 0x00, 0x00, 0x00, 0x00, 0x00,
    0x00, 0x00, 0x00, 0x00, 0x00, 0x00, 0x00, 0x00, 0x00, 0x00, 0x00, 0x00, 0x00, 0x00, 0x00, 0x00,
    0x00, 0x00, 0x00, 0x00, 0x00, 0x00, 0x00, 0x00, 0x00, 0x00, 0x00, 0x00, 0x00, 0x00, 0x00, 0x00,
    0x00, 0x00, 0x00, 0x00, 0x55, 0x55, 0x55, 0x03, 0x00, 0x00, 0x00, 0x00, 0x2D, 0x29, 0x29, 0x43,
    0x26, 0x25, 0x24, 0xFF, 0x1C, 0x1B, 0x19, 0xD9, 0x16, 0x14, 0x13, 0x9E, 0x2C, 0x2A, 0x27, 0xC7,
    0x2F, 0x2D, 0x2A, 0xFF, 0x2B, 0x2A, 0x28, 0xFC, 0x2B, 0x2C, 0x3E, 0xFD, 0x1E, 0x1C, 0x50, 0xFF,
    0x0E, 0x0D, 0x33, 0xFD, 0x1E, 0x1F, 0x4B, 0xF0, 0x20, 0x22, 0x50, 0xE1, 0x0E, 0x0E, 0x18, 0xAF,
    0x18, 0x18, 0x0F, 0x94, 0x22, 0x20, 0x1A, 0xAF, 0x27, 0x24, 0x21, 0xD0, 0x28, 0x26, 0x23, 0xF3,
    0x2B, 0x29, 0x27, 0xFF, 0x30, 0x2C, 0x2B, 0xFF, 0x30, 0x2D, 0x2C, 0xFF, 0x30, 0x2E, 0x2D, 0xFF,
    0x31, 0x30, 0x2D, 0xFF, 0x31, 0x30, 0x2D, 0xFF, 0x34, 0x31, 0x2D, 0xFE, 0x35, 0x30, 0x2D, 0xFD,
    0x35, 0x32, 0x2E, 0xFD, 0x37, 0x33, 0x30, 0xFE, 0x38, 0x34, 0x32, 0xFE, 0x3A, 0x35, 0x32, 0xFE,
    0x3B, 0x36, 0x34, 0xFF, 0x3C, 0x38, 0x35, 0xFF, 0x3D, 0x39, 0x35, 0xFF, 0x3E, 0x3B, 0x37, 0xFF,
    0x40, 0x3D, 0x39, 0xFF, 0x40, 0x3D, 0x3A, 0xFF, 0x43, 0x40, 0x3C, 0xFF, 0x46, 0x42, 0x40, 0xFF,
    0x47, 0x43, 0x40, 0xFF, 0x49, 0x46, 0x42, 0xFF, 0x4A, 0x47, 0x43, 0xFF, 0x4C, 0x48, 0x45, 0xFF,
    0x4E, 0x4A, 0x47, 0xFF, 0x50, 0x4C, 0x48, 0xFE, 0x53, 0x4E, 0x4B, 0xFF, 0x56, 0x51, 0x4F, 0xFF,
    0x59, 0x54, 0x52, 0xFF, 0x5B, 0x56, 0x53, 0xFF, 0x5D, 0x58, 0x56, 0xFF, 0x5F, 0x5A, 0x58, 0xFF,
    0x61, 0x5C, 0x5A, 0xFF, 0x64, 0x5F, 0x5D, 0xFF, 0x67, 0x63, 0x62, 0xFF, 0x68, 0x64, 0x61, 0xFF,
    0x6A, 0x65, 0x64, 0xFF, 0x6F, 0x69, 0x67, 0xFF, 0x71, 0x6B, 0x69, 0xFF, 0x73, 0x6D, 0x6C, 0xFF,
    0x75, 0x70, 0x6F, 0xFF, 0x77, 0x72, 0x72, 0xFF, 0x7A, 0x75, 0x74, 0xFF, 0x7F, 0x78, 0x75, 0xFE,
    0x81, 0x7C, 0x7B, 0xFE, 0x86, 0x81, 0x7F, 0xFE, 0x8B, 0x86, 0x85, 0xFE, 0x92, 0x8D, 0x8B, 0xFE,
    0x99, 0x94, 0x91, 0xFE, 0x9D, 0x99, 0x96, 0xFF, 0x9B, 0x97, 0x93, 0xFF, 0x90, 0x8C, 0x88, 0xFF,
    0x7C, 0x7A, 0x75, 0xFB, 0x69, 0x68, 0x61, 0xE1, 0x4D, 0x4B, 0x42, 0xCB, 0x28, 0x26, 0x1E, 0xCC,
    0x17, 0x16, 0x19, 0xE0, 0x28, 0x29, 0x3E, 0xE5, 0x1A, 0x1B, 0x45, 0xF6, 0x11, 0x0E, 0x43, 0xFF,
    0x1D, 0x1A, 0x5B, 0xFF, 0x41, 0x3F, 0x5D, 0xFF, 0x83, 0x82, 0x81, 0xFF, 0xC3, 0xC2, 0xC0, 0xFF,
    0x7E, 0x7C, 0x7B, 0xFF, 0x1E, 0x1C, 0x1B, 0xFF, 0x23, 0x21, 0x21, 0xFA, 0x32, 0x2F, 0x2F, 0xFF,
    0x40, 0x3E, 0x3C, 0x9B, 0x00, 0x00, 0x00, 0x00, 0x3F, 0x3F, 0x3F, 0x04, 0x00, 0x00, 0x00, 0x00,
    0x00, 0x00, 0x00, 0x00, 0x00, 0x00, 0x00, 0x00, 0x00, 0x00, 0x00, 0x00, 0x00, 0x00, 0x00, 0x00,
    0x00, 0x00, 0x00, 0x00, 0x00, 0x00, 0x00, 0x00, 0x00, 0x00, 0x00, 0x00, 0x00, 0x00, 0x00, 0x00,
    0x00, 0x00, 0x00, 0x00, 0x00, 0x00, 0x00, 0x00, 0x00, 0x00, 0x00, 0x00, 0x00, 0x00, 0x00, 0x00,
    0x00, 0x00, 0x00, 0x00, 0x00, 0x00, 0x00, 0x00, 0x00, 0x00, 0x00, 0x00, 0x00, 0x00, 0x00, 0x00,
    0x00, 0x00, 0x00, 0x00, 0x00, 0x00, 0x00, 0x00, 0x00, 0x00, 0x00, 0x00, 0x00, 0x00, 0x00, 0x00,
    0x00, 0x00, 0x00, 0x00, 0x00, 0x00, 0x00, 0x00, 0x00, 0x00, 0x00, 0x00, 0x00, 0x00, 0x00, 0x00,
    0x00, 0x00, 0x00, 0x00, 0x00, 0x00, 0x00, 0x00, 0x00, 0x00, 0x00, 0x00, 0x00, 0x00, 0x00, 0x00,
    0x00, 0x00, 0x00, 0x00, 0x00, 0x00, 0x00, 0x00, 0x00, 0x00, 0x00, 0x00, 0x00, 0x00, 0x00, 0x00,
    0x00, 0x00, 0x00, 0x00, 0x00, 0x00, 0x00, 0x00, 0x00, 0x00, 0x00, 0x00, 0x00, 0x00, 0x00, 0x00,
    0x00, 0x00, 0x00, 0x00, 0x00, 0x00, 0x00, 0x00, 0x00, 0x00, 0x00, 0x00, 0x00, 0x00, 0x00, 0x00,
    0x00, 0x00, 0x00, 0x00, 0x00, 0x00, 0x00, 0x00, 0x3F, 0x3F, 0x3F, 0x04, 0x00, 0x00, 0x00, 0x00,
    0x2C, 0x2A, 0x28, 0x79, 0x25, 0x23, 0x22, 0xFF, 0x1A, 0x18, 0x18, 0xC7, 0x15, 0x13, 0x13, 0x9D,
    0x25, 0x24, 0x22, 0xCD, 0x31, 0x2F, 0x2F, 0xFF, 0x30, 0x2E, 0x2C, 0xFF, 0x2D, 0x2D, 0x30, 0xFE,
    0x17, 0x16, 0x34, 0xFF, 0x1B, 0x1B, 0x6B, 0xFF, 0x1F, 0x20, 0x81, 0xFF, 0x10, 0x0F, 0x68, 0xFF,
    0x0C, 0x0A, 0x3F, 0xEC, 0x0A, 0x0A, 0x26, 0xC6, 0x09, 0x0B, 0x12, 0x9A, 0x15, 0x15, 0x0C, 0x79,
    0x19, 0x19, 0x16, 0x95, 0x1F, 0x1D, 0x19, 0xB4, 0x24, 0x22, 0x1E, 0xDB, 0x27, 0x26, 0x25, 0xED,
    0x2D, 0x2A, 0x29, 0xF8, 0x31, 0x2E, 0x2B, 0xFF, 0x34, 0x32, 0x2E, 0xFF, 0x38, 0x34, 0x31, 0xFF,
    0x39, 0x35, 0x32, 0xFF, 0x3A, 0x36, 0x33, 0xFF, 0x3B, 0x37, 0x33, 0xFF, 0x3B, 0x38, 0x35, 0xFF,
    0x3C, 0x39, 0x35, 0xFF, 0x3C, 0x38, 0x34, 0xFD, 0x3D, 0x39, 0x36, 0xFD, 0x3E, 0x3B, 0x36, 0xFD,
    0x3F, 0x3C, 0x38, 0xFD, 0x40, 0x3D, 0x39, 0xFD, 0x42, 0x3E, 0x3B, 0xFD, 0x44, 0x40, 0x3D, 0xFE,
    0x46, 0x42, 0x3E, 0xFE, 0x47, 0x44, 0x40, 0xFE, 0x4A, 0x47, 0x43, 0xFE, 0x4C, 0x48, 0x44, 0xFE,
    0x4E, 0x49, 0x46, 0xFE, 0x50, 0x4B, 0x48, 0xFF, 0x52, 0x4D, 0x4A, 0xFF, 0x55, 0x52, 0x4E, 0xFE,
    0x58, 0x54, 0x51, 0xFE, 0x5B, 0x56, 0x54, 0xFE, 0x5C, 0x57, 0x55, 0xFE, 0x5F, 0x59, 0x59, 0xFE,
    0x60, 0x5C, 0x5A, 0xFE, 0x63, 0x5F, 0x5C, 0xFE, 0x66, 0x62, 0x5F, 0xFE, 0x69, 0x64, 0x62, 0xFD,
    0x6A, 0x66, 0x62, 0xFD, 0x6E, 0x69, 0x68, 0xFD, 0x72, 0x6D, 0x6C, 0xFD, 0x76, 0x71, 0x70, 0xFE,
    0x7B, 0x76, 0x73, 0xFE, 0x7E, 0x79, 0x76, 0xFE, 0x82, 0x7D, 0x7B, 0xFE, 0x85, 0x81, 0x7F, 0xFF,
    0x88, 0x84, 0x80, 0xFF, 0x88, 0x83, 0x80, 0xFF, 0x83, 0x7F, 0x7C, 0xFF, 0x7B, 0x77, 0x73, 0xFF,
    0x6A, 0x67, 0x64, 0xFF, 0x56, 0x53, 0x4E, 0xF9, 0x40, 0x3D, 0x39, 0xE3, 0x28, 0x25, 0x23, 0xB6,
    0x13, 0x13, 0x0A, 0x90, 0x04, 0x04, 0x04, 0x9B, 0x05, 0x05, 0x1C, 0xC7, 0x0F, 0x0E, 0x3B, 0xF4,
    0x15, 0x13, 0x64, 0xFF, 0x36, 0x36, 0xA4, 0xFF, 0x1F, 0x20, 0x85, 0xFF, 0x21, 0x20, 0x4D, 0xFF,
    0x4F, 0x4F, 0x56, 0xFF, 0x94, 0x92, 0x8E, 0xFF, 0xBE, 0xBC, 0xBC, 0xFF, 0x77, 0x74, 0x74, 0xFC,
    0x1B, 0x19, 0x19, 0xFD, 0x23, 0x21, 0x21, 0xFB, 0x2D, 0x2B, 0x2A, 0xFF, 0x3B, 0x39, 0x38, 0xD1,
    0x5F, 0x5F, 0x5F, 0x08, 0x55, 0x55, 0x55, 0x03, 0x00, 0x00, 0x00, 0x01, 0x00, 0x00, 0x00, 0x00,
    0x00, 0x00, 0x00, 0x00, 0x00, 0x00, 0x00, 0x00, 0x00, 0x00, 0x00, 0x00, 0x00, 0x00, 0x00, 0x00,
    0x00, 0x00, 0x00, 0x00, 0x00, 0x00, 0x00, 0x00, 0x00, 0x00, 0x00, 0x00, 0x00, 0x00, 0x00, 0x00,
    0x00, 0x00, 0x00, 0x00, 0x00, 0x00, 0x00, 0x00, 0x00, 0x00, 0x00, 0x00, 0x00, 0x00, 0x00, 0x00,
    0x00, 0x00, 0x00, 0x00, 0x00, 0x00, 0x00, 0x00, 0x00, 0x00, 0x00, 0x00, 0x00, 0x00, 0x00, 0x00,
    0x00, 0x00, 0x00, 0x00, 0x00, 0x00, 0x00, 0x00, 0x00, 0x00, 0x00, 0x00, 0x00, 0x00, 0x00, 0x00,
    0x00, 0x00, 0x00, 0x00, 0x00, 0x00, 0x00, 0x00, 0x00, 0x00, 0x00, 0x00, 0x00, 0x00, 0x00, 0x00,
    0x00, 0x00, 0x00, 0x00, 0x00, 0x00, 0x00, 0x00, 0x00, 0x00, 0x00, 0x00, 0x00, 0x00, 0x00, 0x00,
    0x00, 0x00, 0x00, 0x00, 0x00, 0x00, 0x00, 0x00, 0x00, 0x00, 0x00, 0x00, 0x00, 0x00, 0x00, 0x00,
    0x00, 0x00, 0x00, 0x00, 0x00, 0x00, 0x00, 0x00, 0x00, 0x00, 0x00, 0x00, 0x00, 0x00, 0x00, 0x00,
    0x00, 0x00, 0x00, 0x00, 0x00, 0x00, 0x00, 0x00, 0x00, 0x00, 0x00, 0x00, 0x00, 0x00, 0x00, 0x00,
    0x00, 0x00, 0x00, 0x00, 0x00, 0x00, 0x00, 0x00, 0x00, 0x00, 0x00, 0x00, 0x3F, 0x3F, 0x00, 0x04,
    0x00, 0x00, 0x00, 0x00, 0x2A, 0x2A, 0x28, 0x90, 0x23, 0x21, 0x20, 0xFE, 0x1A, 0x17, 0x17, 0xBA,
    0x16, 0x16, 0x16, 0xA9, 0x23, 0x21, 0x1E, 0xD3, 0x32, 0x2F, 0x2E, 0xFD, 0x37, 0x35, 0x34, 0xFF,
    0x2A, 0x2A, 0x2D, 0xBE, 0x00, 0x00, 0x20, 0xB6, 0x12, 0x10, 0x5B, 0xFC, 0x20, 0x1C, 0x93, 0xFD,
    0x06, 0x05, 0x66, 0xFF, 0x0D, 0x0D, 0x74, 0xFF, 0x16, 0x18, 0x76, 0xFF, 0x0C, 0x0D, 0x2F, 0xDC,
    0x13, 0x13, 0x13, 0x8D, 0x1E, 0x1C, 0x1C, 0x98, 0x12, 0x0F, 0x0F, 0x52, 0x13, 0x10, 0x10, 0x5C,
    0x17, 0x15, 0x15, 0x84, 0x1A, 0x1A, 0x17, 0x98, 0x1F, 0x1E, 0x1C, 0xB1, 0x25, 0x22, 0x1E, 0xBE,
    0x28, 0x26, 0x22, 0xD4, 0x2A, 0x29, 0x26, 0xE9, 0x2D, 0x2B, 0x27, 0xF5, 0x31, 0x30, 0x2B, 0xFD,
    0x35, 0x33, 0x2F, 0xFF, 0x3A, 0x37, 0x32, 0xFF, 0x3C, 0x39, 0x35, 0xFF, 0x3E, 0x3B, 0x37, 0xFF,
    0x40, 0x3E, 0x39, 0xFF, 0x42, 0x3F, 0x3A, 0xFF, 0x43, 0x40, 0x3C, 0xFF, 0x46, 0x43, 0x3F, 0xFF,
    0x48, 0x45, 0x41, 0xFF, 0x4B, 0x47, 0x43, 0xFF, 0x4D, 0x49, 0x45, 0xFF, 0x50, 0x4B, 0x49, 0xFF,
    0x51, 0x4D, 0x4A, 0xFF, 0x52, 0x4D, 0x4B, 0xFF, 0x55, 0x51, 0x4D, 0xFF, 0x59, 0x55, 0x50, 0xFF,
    0x5C, 0x57, 0x54, 0xFF, 0x5E, 0x5A, 0x57, 0xFF, 0x60, 0x5B, 0x58, 0xFF, 0x63, 0x5F, 0x5C, 0xFF,
    0x66, 0x61, 0x60, 0xFF, 0x69, 0x65, 0x63, 0xFF, 0x6B, 0x67, 0x63, 0xFF, 0x6D, 0x68, 0x65, 0xFF,
    0x6D, 0x68, 0x65, 0xFF, 0x6E, 0x69, 0x66, 0xFF, 0x6D, 0x69, 0x65, 0xFF, 0x6D, 0x68, 0x65, 0xFF,
    0x68, 0x64, 0x61, 0xFF, 0x5E, 0x5D, 0x59, 0xFF, 0x58, 0x55, 0x50, 0xFF, 0x4D, 0x4C, 0x47, 0xF0,
    0x42, 0x41, 0x3E, 0xE2, 0x36, 0x33, 0x2F, 0xD8, 0x2A, 0x27, 0x23, 0xC8, 0x1E, 0x1B, 0x19, 0xC1,
    0x12, 0x10, 0x0F, 0x98, 0x09, 0x09, 0x03, 0x88, 0x11, 0x12, 0x0E, 0xBF, 0x14, 0x16, 0x13, 0xAD,
    0x11, 0x10, 0x2C, 0xCF, 0x17, 0x16, 0x67, 0xFE, 0x1D, 0x1E, 0x96, 0xFF, 0x08, 0x07, 0x6F, 0xFF,
    0x0F, 0x0C, 0x67, 0xFF, 0x06, 0x06, 0x5A, 0xFF, 0x01, 0x03, 0x32, 0xFE, 0x22, 0x25, 0x2F, 0xE2,
    0xA3, 0xA2, 0xA1, 0xFF, 0xB6, 0xB3, 0xB4, 0xFF, 0x62, 0x5F, 0x5E, 0xFE, 0x17, 0x14, 0x13, 0xF3,
    0x1F, 0x1D, 0x1C, 0xF1, 0x26, 0x24, 0x23, 0xFF, 0x37, 0x35, 0x34, 0xE1, 0x3D, 0x3D, 0x36, 0x21,
    0x00, 0x00, 0x00, 0x00, 0x00, 0x00, 0x00, 0x02, 0x00, 0x00, 0x00, 0x00, 0x00, 0x00, 0x00, 0x00,
    0x00, 0x00, 0x00, 0x00, 0x00, 0x00, 0x00, 0x00, 0x00, 0x00, 0x00, 0x00, 0x00, 0x00, 0x00, 0x00,
    0x00, 0x00, 0x00, 0x00, 0x00, 0x00, 0x00, 0x00, 0x00, 0x00, 0x00, 0x00, 0x00, 0x00, 0x00, 0x00,
    0x00, 0x00, 0x00, 0x00, 0x00, 0x00, 0x00, 0x00, 0x00, 0x00, 0x00, 0x00, 0x00, 0x00, 0x00, 0x00,
    0x00, 0x00, 0x00, 0x00, 0x00, 0x00, 0x00, 0x00, 0x00, 0x00, 0x00, 0x00, 0x00, 0x00, 0x00, 0x00,
    0x00, 0x00, 0x00, 0x00, 0x00, 0x00, 0x00, 0x00, 0x00, 0x00, 0x00, 0x00, 0x00, 0x00, 0x00, 0x00,
    0x00, 0x00, 0x00, 0x00, 0x00, 0x00, 0x00, 0x00, 0x00, 0x00, 0x00, 0x00, 0x00, 0x00, 0x00, 0x00,
    0x00, 0x00, 0x00, 0x00, 0x00, 0x00, 0x00, 0x00, 0x00, 0x00, 0x00, 0x00, 0x00, 0x00, 0x00, 0x00,
    0x00, 0x00, 0x00, 0x00, 0x00, 0x00, 0x00, 0x00, 0x00, 0x00, 0x00, 0x00, 0x00, 0x00, 0x00, 0x00,
    0x00, 0x00, 0x00, 0x00, 0x00, 0x00, 0x00, 0x00, 0x00, 0x00, 0x00, 0x00, 0x00, 0x00, 0x00, 0x00,
    0x00, 0x00, 0x00, 0x00, 0x00, 0x00, 0x00, 0x00, 0x00, 0x00, 0x00, 0x00, 0x00, 0x00, 0x00, 0x00,
    0x00, 0x00, 0x00, 0x00, 0x00, 0x00, 0x00, 0x00, 0x00, 0x00, 0x00, 0x00, 0x00, 0x00, 0x00, 0x01,
    0x55, 0x55, 0x55, 0x03, 0x00, 0x00, 0x00, 0x00, 0x2C, 0x2A, 0x2A, 0xA1, 0x20, 0x20, 0x1F, 0xF1,
    0x18, 0x18, 0x18, 0xB2, 0x18, 0x18, 0x15, 0xB1, 0x1D, 0x1A, 0x1A, 0xC0, 0x2E, 0x2D, 0x2C, 0xEC,
    0x3F, 0x3F, 0x3D, 0xE1, 0x1C, 0x1D, 0x1A, 0xAB, 0x29, 0x27, 0x35, 0xF9, 0x26, 0x23, 0x43, 0xFF,
    0x08, 0x09, 0x34, 0xF4, 0x0A, 0x0A, 0x56, 0xEF, 0x10, 0x0E, 0x6C, 0xFA, 0x10, 0x0F, 0x50, 0xFF,
    0x0D, 0x0D, 0x22, 0x75, 0x17, 0x17, 0x11, 0x57, 0x21, 0x21, 0x21, 0x5C, 0x14, 0x10, 0x10, 0x4C,
    0x1C, 0x1C, 0x1A, 0x74, 0x11, 0x11, 0x11, 0x49, 0x0F, 0x0F, 0x0B, 0x42, 0x0F, 0x0F, 0x0F, 0x44,
    0x0F, 0x0B, 0x0B, 0x43, 0x0B, 0x0F, 0x0B, 0x44, 0x12, 0x12, 0x10, 0x5E, 0x13, 0x13, 0x10, 0x5D,
    0x16, 0x14, 0x14, 0x71, 0x1B, 0x1C, 0x19, 0x84, 0x1E, 0x1E, 0x1B, 0x95, 0x21, 0x21, 0x1E, 0xAD,
    0x26, 0x23, 0x21, 0xC0, 0x28, 0x25, 0x22, 0xCA, 0x29, 0x28, 0x25, 0xD5, 0x2C, 0x2B, 0x26, 0xE6,
    0x30, 0x2E, 0x2A, 0xE6, 0x31, 0x30, 0x2B, 0xEB, 0x35, 0x32, 0x2E, 0xED, 0x36, 0x34, 0x30, 0xED,
    0x38, 0x36, 0x31, 0xEB, 0x3A, 0x37, 0x33, 0xF7, 0x3B, 0x39, 0x34, 0xF8, 0x40, 0x3E, 0x39, 0xEE,
    0x40, 0x3D, 0x39, 0xEC, 0x3F, 0x3C, 0x37, 0xF4, 0x3F, 0x3C, 0x37, 0xF2, 0x3E, 0x3C, 0x37, 0xED,
    0x3E, 0x3C, 0x37, 0xF1, 0x3B, 0x39, 0x35, 0xF4, 0x37, 0x35, 0x31, 0xE6, 0x35, 0x34, 0x2F, 0xD6,
    0x30, 0x2E, 0x2B, 0xCF, 0x2B, 0x2A, 0x25, 0xC7, 0x27, 0x26, 0x22, 0xB9, 0x21, 0x1F, 0x1C, 0xA9,
    0x19, 0x17, 0x15, 0x99, 0x10, 0x10, 0x0F, 0x88, 0x13, 0x11, 0x10, 0x9F, 0x16, 0x14, 0x11, 0x9E,
    0x13, 0x13, 0x11, 0x93, 0x17, 0x17, 0x17, 0x8F, 0x1B, 0x1B, 0x17, 0x97, 0x25, 0x23, 0x22, 0xAC,
    0x20, 0x20, 0x1E, 0x6D, 0x37, 0x37, 0x35, 0x77, 0x3C, 0x3C, 0x3A, 0xC3, 0x1B, 0x1C, 0x21, 0xD5,
    0x20, 0x1C, 0x4D, 0xFF, 0x37, 0x33, 0x92, 0xFF, 0x41, 0x40, 0xA3, 0xFD, 0x18, 0x17, 0x4F, 0xFF,
    0x10, 0x0F, 0x29, 0xF2, 0x0A, 0x0A, 0x1E, 0xA6, 0x00, 0x01, 0x0F, 0xA5, 0x32, 0x33, 0x39, 0xE4,
    0x93, 0x91, 0x91, 0xFF, 0x44, 0x42, 0x41, 0xFE, 0x19, 0x17, 0x15, 0xFE, 0x21, 0x1D, 0x1C, 0xF3,
    0x25, 0x23, 0x22, 0xFF, 0x36, 0x33, 0x33, 0xE2, 0x46, 0x46, 0x46, 0x28, 0x00, 0x00, 0x00, 0x00,
    0x55, 0x55, 0x55, 0x03, 0x00, 0x00, 0x00, 0x00, 0x00, 0x00, 0x00, 0x00, 0x00, 0x00, 0x00, 0x00,
    0x00, 0x00, 0x00, 0x00, 0x00, 0x00, 0x00, 0x00, 0x00, 0x00, 0x00, 0x00, 0x00, 0x00, 0x00, 0x00,
    0x00, 0x00, 0x00, 0x00, 0x00, 0x00, 0x00, 0x00, 0x00, 0x00, 0x00, 0x00, 0x00, 0x00, 0x00, 0x00,
    0x00, 0x00, 0x00, 0x00, 0x00, 0x00, 0x00, 0x00, 0x00, 0x00, 0x00, 0x00, 0x00, 0x00, 0x00, 0x00,
    0x00, 0x00, 0x00, 0x00, 0x00, 0x00, 0x00, 0x00, 0x00, 0x00, 0x00, 0x00, 0x00, 0x00, 0x00, 0x00,
    0x00, 0x00, 0x00, 0x00, 0x00, 0x00, 0x00, 0x00, 0x00, 0x00, 0x00, 0x00, 0x00, 0x00, 0x00, 0x00,
    0x00, 0x00, 0x00, 0x00, 0x00, 0x00, 0x00, 0x00, 0x00, 0x00, 0x00, 0x00, 0x00, 0x00, 0x00, 0x00,
    0x00, 0x00, 0x00, 0x00, 0x00, 0x00, 0x00, 0x00, 0x00, 0x00, 0x00, 0x00, 0x00, 0x00, 0x00, 0x00,
    0x00, 0x00, 0x00, 0x00, 0x00, 0x00, 0x00, 0x00, 0x00, 0x00, 0x00, 0x00, 0x00, 0x00, 0x00, 0x00,
    0x00, 0x00, 0x00, 0x00, 0x00, 0x00, 0x00, 0x00, 0x00, 0x00, 0x00, 0x00, 0x00, 0x00, 0x00, 0x00,
    0x00, 0x00, 0x00, 0x00, 0x00, 0x00, 0x00, 0x00, 0x00, 0x00, 0x00, 0x00, 0x00, 0x00, 0x00, 0x00,
    0x00, 0x00, 0x00, 0x00, 0x00, 0x00, 0x00, 0x00, 0x00, 0x00, 0x00, 0x00, 0x00, 0x00, 0x00, 0x00,
    0x00, 0x00, 0x00, 0x01, 0x00, 0x00, 0x00, 0x02, 0x00, 0x00, 0x00, 0x00, 0x2D, 0x2D, 0x2D, 0x8D,
    0x20, 0x20, 0x1F, 0xE5, 0x18, 0x17, 0x15, 0xBC, 0x19, 0x17, 0x17, 0xAD, 0x10, 0x10, 0x0C, 0x9E,
    0x2E, 0x2E, 0x2D, 0xC4, 0x49, 0x46, 0x46, 0xFF, 0x5C, 0x59, 0x54, 0xFD, 0x5E, 0x5C, 0x56, 0xFF,
    0x26, 0x27, 0x25, 0xED, 0x10, 0x13, 0x10, 0xC9, 0x2D, 0x2D, 0x33, 0xF5, 0x66, 0x65, 0x6F, 0xFE,
    0x2F, 0x31, 0x32, 0xBA, 0x28, 0x28, 0x28, 0x9D, 0x13, 0x12, 0x10, 0x9A, 0x2E, 0x2C, 0x2B, 0xC2,
    0x28, 0x27, 0x27, 0xB0, 0x23, 0x23, 0x21, 0x98, 0x1E, 0x1C, 0x1C, 0x7D, 0x12, 0x12, 0x12, 0x71,
    0x13, 0x16, 0x13, 0x73, 0x0C, 0x0A, 0x0A, 0x65, 0x0E, 0x0E, 0x0B, 0x57, 0x17, 0x17, 0x17, 0x40,
    0x14, 0x14, 0x10, 0x3D, 0x0D, 0x11, 0x0D, 0x39, 0x09, 0x09, 0x09, 0x36, 0x09, 0x09, 0x09, 0x36,
    0x08, 0x08, 0x04, 0x3E, 0x04, 0x04, 0x04, 0x3D, 0x07, 0x07, 0x07, 0x42, 0x09, 0x06, 0x06, 0x4D,
    0x09, 0x06, 0x06, 0x4F, 0x0B, 0x0B, 0x08, 0x56, 0x06, 0x06, 0x03, 0x52, 0x28, 0x27, 0x23, 0x9C,
    0x4C, 0x47, 0x46, 0xCC, 0x38, 0x36, 0x32, 0xDD, 0x3B, 0x39, 0x35, 0xF1, 0x53, 0x50, 0x4D, 0xDD,
    0x37, 0x35, 0x30, 0xA2, 0x00, 0x00, 0x00, 0x41, 0x06, 0x06, 0x03, 0x53, 0x06, 0x03, 0x00, 0x55,
    0x03, 0x03, 0x00, 0x53, 0x03, 0x03, 0x00, 0x53, 0x03, 0x03, 0x00, 0x51, 0x03, 0x03, 0x00, 0x4C,
    0x03, 0x03, 0x03, 0x49, 0x09, 0x09, 0x06, 0x4E, 0x11, 0x0E, 0x0E, 0x56, 0x17, 0x14, 0x11, 0x56,
    0x1A, 0x1A, 0x17, 0x62, 0x22, 0x20, 0x20, 0x5F, 0x23, 0x23, 0x21, 0x91, 0x21, 0x21, 0x20, 0xB5,
    0x29, 0x29, 0x28, 0xAB, 0x34, 0x33, 0x31, 0xB8, 0x3E, 0x3B, 0x3A, 0xB4, 0x45, 0x44, 0x43, 0xCD,
    0x51, 0x50, 0x4E, 0xE7, 0x30, 0x30, 0x2E, 0xD6, 0x33, 0x33, 0x31, 0xEB, 0x36, 0x35, 0x35, 0xFE,
    0x70, 0x6D, 0x72, 0xFE, 0x90, 0x8C, 0x9A, 0xFF, 0x84, 0x81, 0x8E, 0xFE, 0x63, 0x5D, 0x61, 0xFF,
    0x26, 0x24, 0x22, 0xEE, 0x09, 0x0C, 0x06, 0x51, 0x20, 0x22, 0x23, 0xA5, 0x3A, 0x3B, 0x3C, 0xFF,
    0x24, 0x24, 0x22, 0xFB, 0x1B, 0x1A, 0x18, 0xFE, 0x21, 0x20, 0x1E, 0xF8, 0x25, 0x22, 0x21, 0xFF,
    0x36, 0x33, 0x33, 0xD9, 0x50, 0x50, 0x50, 0x23, 0x00, 0x00, 0x00, 0x00, 0x3F, 0x3F, 0x3F, 0x04,
    0x00, 0x00, 0x00, 0x00, 0x00, 0x00, 0x00, 0x00, 0x00, 0x00, 0x00, 0x00, 0x00, 0x00, 0x00, 0x00,
    0x00, 0x00, 0x00, 0x00, 0x00, 0x00, 0x00, 0x00, 0x00, 0x00, 0x00, 0x00, 0x00, 0x00, 0x00, 0x00,
    0x00, 0x00, 0x00, 0x00, 0x00, 0x00, 0x00, 0x00, 0x00, 0x00, 0x00, 0x00, 0x00, 0x00, 0x00, 0x00,
    0x00, 0x00, 0x00, 0x00, 0x00, 0x00, 0x00, 0x00, 0x00, 0x00, 0x00, 0x00, 0x00, 0x00, 0x00, 0x00,
    0x00, 0x00, 0x00, 0x00, 0x00, 0x00, 0x00, 0x00, 0x00, 0x00, 0x00, 0x00, 0x00, 0x00, 0x00, 0x00,
    0x00, 0x00, 0x00, 0x00, 0x00, 0x00, 0x00, 0x00, 0x00, 0x00, 0x00, 0x00, 0x00, 0x00, 0x00, 0x00,
    0x00, 0x00, 0x00, 0x00, 0x00, 0x00, 0x00, 0x00, 0x00, 0x00, 0x00, 0x00, 0x00, 0x00, 0x00, 0x00,
    0x00, 0x00, 0x00, 0x00, 0x00, 0x00, 0x00, 0x00, 0x00, 0x00, 0x00, 0x00, 0x00, 0x00, 0x00, 0x00,
    0x00, 0x00, 0x00, 0x00, 0x00, 0x00, 0x00, 0x00, 0x00, 0x00, 0x00, 0x00, 0x00, 0x00, 0x00, 0x00,
    0x00, 0x00, 0x00, 0x00, 0x00, 0x00, 0x00, 0x00, 0x00, 0x00, 0x00, 0x00, 0x00, 0x00, 0x00, 0x00,
    0x00, 0x00, 0x00, 0x00, 0x00, 0x00, 0x00, 0x00, 0x00, 0x00, 0x00, 0x00, 0x00, 0x00, 0x00, 0x00,
    0x00, 0x00, 0x00, 0x00, 0x00, 0x00, 0x00, 0x00, 0x00, 0x00, 0x00, 0x00, 0x00, 0x00, 0x00, 0x00,
    0x00, 0x00, 0x00, 0x00, 0x00, 0x00, 0x00, 0x01, 0x00, 0x00, 0x00, 0x01, 0x00, 0x00, 0x00, 0x00,
    0x2C, 0x2C, 0x29, 0x68, 0x20, 0x20, 0x1E, 0xC6, 0x17, 0x19, 0x17, 0xB6, 0x19, 0x17, 0x15, 0x99,
    0x0B, 0x0A, 0x0A, 0x95, 0x5E, 0x5C, 0x58, 0xE6, 0xC2, 0xBE, 0xB9, 0xFF, 0x84, 0x80, 0x7B, 0xFD,
    0x35, 0x34, 0x32, 0xFF, 0x21, 0x22, 0x21, 0xFF, 0x3F, 0x3E, 0x3B, 0xFF, 0x9E, 0x9C, 0x96, 0xFE,
    0x52, 0x51, 0x4D, 0xFF, 0x2D, 0x2D, 0x2C, 0xF8, 0x16, 0x14, 0x14, 0xA2, 0x47, 0x47, 0x45, 0xD7,
    0x51, 0x51, 0x51, 0xDB, 0x50, 0x4F, 0x4E, 0xE1, 0x50, 0x4F, 0x4D, 0xDD, 0x51, 0x50, 0x4F, 0xBB,
    0x33, 0x31, 0x31, 0xB3, 0x3D, 0x3D, 0x3C, 0xD8, 0x34, 0x34, 0x33, 0xCC, 0x19, 0x18, 0x16, 0x9F,
    0x19, 0x19, 0x17, 0xA0, 0x19, 0x18, 0x18, 0xA8, 0x1A, 0x1A, 0x18, 0xA5, 0x1D, 0x1A, 0x18, 0xA4,
    0x1C, 0x1B, 0x18, 0x9F, 0x1B, 0x1B, 0x18, 0xA5, 0x1B, 0x18, 0x18, 0xA4, 0x19, 0x19, 0x17, 0x95,
    0x1A, 0x18, 0x16, 0x92, 0x17, 0x17, 0x15, 0x80, 0x18, 0x16, 0x14, 0x7F, 0x1B, 0x1A, 0x18, 0xA5,
    0x43, 0x40, 0x3E, 0xB9, 0x4E, 0x4B, 0x47, 0xCC, 0x3D, 0x3A, 0x36, 0xE4, 0x33, 0x31, 0x2E, 0xDF,
    0x25, 0x23, 0x22, 0xCA, 0x18, 0x18, 0x17, 0x85, 0x1B, 0x19, 0x17, 0x95, 0x1B, 0x1B, 0x1B, 0x94,
    0x1D, 0x1D, 0x1B, 0x95, 0x1E, 0x1C, 0x1A, 0xA1, 0x1F, 0x1F, 0x1C, 0xB2, 0x21, 0x20, 0x1D, 0xBD,
    0x20, 0x20, 0x1D, 0xB3, 0x20, 0x20, 0x1F, 0xB4, 0x23, 0x20, 0x1F, 0xCA, 0x22, 0x20, 0x1E, 0xCA,
    0x21, 0x20, 0x1E, 0xC7, 0x1B, 0x18, 0x18, 0xB8, 0x31, 0x2F, 0x2F, 0xA5, 0x65, 0x63, 0x62, 0xCF,
    0x68, 0x67, 0x65, 0xDB, 0x74, 0x72, 0x70, 0xE8, 0x71, 0x6F, 0x6D, 0xF0, 0x67, 0x65, 0x63, 0xF8,
    0x57, 0x55, 0x53, 0xEA, 0x19, 0x1A, 0x19, 0xBE, 0x3A, 0x3A, 0x37, 0xEE, 0x4B, 0x4A, 0x47, 0xFF,
    0xB3, 0xB0, 0xAD, 0xFE, 0xBA, 0xB6, 0xB3, 0xFF, 0xC2, 0xBF, 0xBC, 0xFF, 0x79, 0x74, 0x71, 0xFE,
    0x30, 0x2C, 0x2B, 0xFF, 0x1E, 0x1D, 0x1C, 0xE2, 0x2E, 0x2D, 0x2D, 0xFB, 0x25, 0x24, 0x24, 0xE0,
    0x1A, 0x19, 0x19, 0xDE, 0x20, 0x1E, 0x1D, 0xEF, 0x24, 0x24, 0x23, 0xFF, 0x31, 0x31, 0x30, 0xAA,
    0x4B, 0x4B, 0x4B, 0x11, 0x00, 0x00, 0x00, 0x00, 0x55, 0x55, 0x55, 0x03, 0x00, 0x00, 0x00, 0x00,
    0x00, 0x00, 0x00, 0x00, 0x00, 0x00, 0x00, 0x00, 0x00, 0x00, 0x00, 0x00, 0x00, 0x00, 0x00, 0x00,
    0x00, 0x00, 0x00, 0x00, 0x00, 0x00, 0x00, 0x00, 0x00, 0x00, 0x00, 0x00, 0x00, 0x00, 0x00, 0x00,
    0x00, 0x00, 0x00, 0x00, 0x00, 0x00, 0x00, 0x00, 0x00, 0x00, 0x00, 0x00, 0x00, 0x00, 0x00, 0x00,
    0x00, 0x00, 0x00, 0x00, 0x00, 0x00, 0x00, 0x00, 0x00, 0x00, 0x00, 0x00, 0x00, 0x00, 0x00, 0x00,
    0x00, 0x00, 0x00, 0x00, 0x00, 0x00, 0x00, 0x00, 0x00, 0x00, 0x00, 0x00, 0x00, 0x00, 0x00, 0x00,
    0x00, 0x00, 0x00, 0x00, 0x00, 0x00, 0x00, 0x00, 0x00, 0x00, 0x00, 0x00, 0x00, 0x00, 0x00, 0x00,
    0x00, 0x00, 0x00, 0x00, 0x00, 0x00, 0x00, 0x00, 0x00, 0x00, 0x00, 0x00, 0x00, 0x00, 0x00, 0x00,
    0x00, 0x00, 0x00, 0x00, 0x00, 0x00, 0x00, 0x00, 0x00, 0x00, 0x00, 0x00, 0x00, 0x00, 0x00, 0x00,
    0x00, 0x00, 0x00, 0x00, 0x00, 0x00, 0x00, 0x00, 0x00, 0x00, 0x00, 0x00, 0x00, 0x00, 0x00, 0x00,
    0x00, 0x00, 0x00, 0x00, 0x00, 0x00, 0x00, 0x00, 0x00, 0x00, 0x00, 0x00, 0x00, 0x00, 0x00, 0x00,
    0x00, 0x00, 0x00, 0x00, 0x00, 0x00, 0x00, 0x00, 0x00, 0x00, 0x00, 0x00, 0x00, 0x00, 0x00, 0x00,
    0x00, 0x00, 0x00, 0x00, 0x00, 0x00, 0x00, 0x00, 0x00, 0x00, 0x00, 0x00, 0x00, 0x00, 0x00, 0x00,
    0x00, 0x00, 0x00, 0x00, 0x00, 0x00, 0x00, 0x00, 0x00, 0x00, 0x00, 0x00, 0x00, 0x00, 0x00, 0x02,
    0x00, 0x00, 0x00, 0x00, 0x2A, 0x2A, 0x2A, 0x2A, 0x25, 0x23, 0x23, 0x9C, 0x1D, 0x1D, 0x1C, 0xC5,
    0x14, 0x14, 0x13, 0x9E, 0x0F, 0x11, 0x0D, 0x94, 0x6D, 0x6B, 0x67, 0xD4, 0x6E, 0x6A, 0x66, 0xFF,
    0x38, 0x36, 0x34, 0xFF, 0x23, 0x24, 0x23, 0xFE, 0x35, 0x33, 0x32, 0xFD, 0x96, 0x92, 0x8E, 0xFD,
    0x8D, 0x8A, 0x86, 0xFE, 0x2C, 0x2A, 0x28, 0xF4, 0x19, 0x18, 0x18, 0xA9, 0x17, 0x14, 0x14, 0xAF,
    0x19, 0x19, 0x17, 0xA3, 0x21, 0x21, 0x20, 0xB7, 0x27, 0x26, 0x25, 0xCE, 0x2C, 0x2A, 0x29, 0xD0,
    0x31, 0x31, 0x30, 0xD7, 0x4C, 0x4C, 0x4B, 0xE8, 0x37, 0x35, 0x34, 0xD5, 0x16, 0x14, 0x12, 0xA2,
    0x18, 0x17, 0x17, 0xAE, 0x18, 0x18, 0x16, 0xAA, 0x18, 0x17, 0x17, 0xA5, 0x18, 0x16, 0x16, 0xA9,
    0x19, 0x17, 0x17, 0xB6, 0x19, 0x18, 0x18, 0xBD, 0x1A, 0x17, 0x17, 0xB8, 0x1A, 0x18, 0x18, 0xBF,
    0x1A, 0x18, 0x17, 0xC3, 0x1A, 0x19, 0x18, 0xC9, 0x1A, 0x19, 0x19, 0xC7, 0x19, 0x18, 0x18, 0xC5,
    0x18, 0x16, 0x15, 0xBF, 0x1A, 0x18, 0x18, 0xBF, 0x1B, 0x18, 0x18, 0xC6, 0x1A, 0x19, 0x18, 0xC8,
    0x1A, 0x19, 0x17, 0xD5, 0x1D, 0x1B, 0x1A, 0xE4, 0x1C, 0x1B, 0x1A, 0xDE, 0x1C, 0x1C, 0x1A, 0xD7,
    0x1D, 0x19, 0x19, 0xD8, 0x1E, 0x1A, 0x1A, 0xDD, 0x1C, 0x1B, 0x19, 0xD8, 0x1C, 0x1B, 0x1A, 0xD6,
    0x1C, 0x1B, 0x1A, 0xDF, 0x1C, 0x1B, 0x1A, 0xDE, 0x1C, 0x1B, 0x1A, 0xE0, 0x1E, 0x1A, 0x1A, 0xE5,
    0x1E, 0x1C, 0x1B, 0xE7, 0x17, 0x16, 0x16, 0xD8, 0x41, 0x40, 0x3E, 0xD7, 0x4D, 0x4B, 0x49, 0xF4,
    0x3C, 0x39, 0x36, 0xE5, 0x35, 0x33, 0x31, 0xEF, 0x2D, 0x2B, 0x29, 0xF3, 0x22, 0x21, 0x20, 0xF8,
    0x1D, 0x1C, 0x1A, 0xF2, 0x1D, 0x1B, 0x1B, 0xE7, 0x25, 0x23, 0x21, 0xEE, 0x72, 0x6F, 0x6C, 0xFF,
    0xC4, 0xC1, 0xBF, 0xFE, 0xB0, 0xAC, 0xAB, 0xFE, 0xC8, 0xC4, 0xC3, 0xFE, 0x86, 0x82, 0x7F, 0xFF,
    0x3D, 0x39, 0x37, 0xFF, 0x2B, 0x28, 0x28, 0xFF, 0x1E, 0x1E, 0x1D, 0xC9, 0x17, 0x17, 0x15, 0xBC,
    0x1F, 0x1F, 0x1E, 0xE4, 0x27, 0x27, 0x26, 0xDA, 0x30, 0x30, 0x30, 0x63, 0x00, 0x00, 0x00, 0x00,
    0x00, 0x00, 0x00, 0x00, 0x7F, 0x7F, 0x7F, 0x02, 0x00, 0x00, 0x00, 0x00, 0x00, 0x00, 0x00, 0x00,
    0x00, 0x00, 0x00, 0x00, 0x00, 0x00, 0x00, 0x00, 0x00, 0x00, 0x00, 0x00, 0x00, 0x00, 0x00, 0x00,
    0x00, 0x00, 0x00, 0x00, 0x00, 0x00, 0x00, 0x00, 0x00, 0x00, 0x00, 0x00, 0x00, 0x00, 0x00, 0x00,
    0x00, 0x00, 0x00, 0x00, 0x00, 0x00, 0x00, 0x00, 0x00, 0x00, 0x00, 0x00, 0x00, 0x00, 0x00, 0x00,
    0x00, 0x00, 0x00, 0x00, 0x00, 0x00, 0x00, 0x00, 0x00, 0x00, 0x00, 0x00, 0x00, 0x00, 0x00, 0x00,
    0x00, 0x00, 0x00, 0x00, 0x00, 0x00, 0x00, 0x00, 0x00, 0x00, 0x00, 0x00, 0x00, 0x00, 0x00, 0x00,
    0x00, 0x00, 0x00, 0x00, 0x00, 0x00, 0x00, 0x00, 0x00, 0x00, 0x00, 0x00, 0x00, 0x00, 0x00, 0x00,
    0x00, 0x00, 0x00, 0x00, 0x00, 0x00, 0x00, 0x00, 0x00, 0x00, 0x00, 0x00, 0x00, 0x00, 0x00, 0x00,
    0x00, 0x00, 0x00, 0x00, 0x00, 0x00, 0x00, 0x00, 0x00, 0x00, 0x00, 0x00, 0x00, 0x00, 0x00, 0x00,
    0x00, 0x00, 0x00, 0x00, 0x00, 0x00, 0x00, 0x00, 0x00, 0x00, 0x00, 0x00, 0x00, 0x00, 0x00, 0x00,
    0x00, 0x00, 0x00, 0x00, 0x00, 0x00, 0x00, 0x00, 0x00, 0x00, 0x00, 0x00, 0x00, 0x00, 0x00, 0x00,
    0x00, 0x00, 0x00, 0x00, 0x00, 0x00, 0x00, 0x00, 0x00, 0x00, 0x00, 0x00, 0x00, 0x00, 0x00, 0x00,
    0x00, 0x00, 0x00, 0x00, 0x00, 0x00, 0x00, 0x00, 0x00, 0x00, 0x00, 0x00, 0x00, 0x00, 0x00, 0x00,
    0x00, 0x00, 0x00, 0x00, 0x00, 0x00, 0x00, 0x00, 0x00, 0x00, 0x00, 0x00, 0x00, 0x00, 0x00, 0x00,
    0x00, 0x00, 0x00, 0x03, 0x00, 0x00, 0x00, 0x00, 0x00, 0x00, 0x00, 0x00, 0x26, 0x29, 0x26, 0x50,
    0x23, 0x23, 0x21, 0xAD, 0x1C, 0x1C, 0x1A, 0xB4, 0x01, 0x01, 0x01, 0x86, 0x23, 0x20, 0x20, 0x96,
    0x2D, 0x2C, 0x2A, 0xDA, 0x26, 0x28, 0x25, 0xFE, 0x39, 0x39, 0x36, 0xFF, 0x83, 0x7F, 0x7A, 0xFF,
    0xB3, 0xAF, 0xAC, 0xF8, 0x3C, 0x3A, 0x39, 0xB2, 0x11, 0x0F, 0x0E, 0xA1, 0x1B, 0x1A, 0x18, 0xB0,
    0x18, 0x18, 0x15, 0xB2, 0x18, 0x17, 0x16, 0xC5, 0x19, 0x18, 0x16, 0xD3, 0x18, 0x17, 0x16, 0xCF,
    0x18, 0x17, 0x14, 0xC6, 0x15, 0x13, 0x12, 0xC0, 0x17, 0x15, 0x15, 0xC6, 0x1C, 0x1B, 0x19, 0xD9,
    0x1E, 0x1C, 0x19, 0xE3, 0x1D, 0x1C, 0x1A, 0xDF, 0x1C, 0x1B, 0x1A, 0xDC, 0x1E, 0x1D, 0x1A, 0xE3,
    0x1F, 0x1D, 0x19, 0xEC, 0x20, 0x1C, 0x1A, 0xEF, 0x1F, 0x1D, 0x1A, 0xEB, 0x1F, 0x1D, 0x1C, 0xEA,
    0x20, 0x1D, 0x1C, 0xF1, 0x21, 0x1F, 0x1D, 0xFC, 0x21, 0x20, 0x1C, 0xF7, 0x21, 0x1F, 0x1E, 0xFA,
    0x22, 0x20, 0x1E, 0xFE, 0x23, 0x21, 0x1E, 0xFF, 0x23, 0x20, 0x20, 0xFF, 0x22, 0x21, 0x1F, 0xFD,
    0x24, 0x21, 0x20, 0xFF, 0x24, 0x22, 0x20, 0xFF, 0x23, 0x23, 0x1F, 0xFE, 0x23, 0x21, 0x21, 0xFF,
    0x24, 0x21, 0x20, 0xFE, 0x23, 0x21, 0x1F, 0xFF, 0x23, 0x20, 0x20, 0xFC, 0x23, 0x20, 0x20, 0xFE,
    0x23, 0x21, 0x20, 0xFF, 0x23, 0x20, 0x20, 0xFF, 0x23, 0x21, 0x21, 0xFF, 0x25, 0x22, 0x20, 0xFF,
    0x24, 0x21, 0x20, 0xFF, 0x25, 0x23, 0x22, 0xFF, 0x21, 0x1D, 0x1D, 0xF7, 0x1B, 0x19, 0x18, 0xF3,
    0x1B, 0x1A, 0x18, 0xF1, 0x1D, 0x1C, 0x1A, 0xFB, 0x21, 0x20, 0x1F, 0xFF, 0x23, 0x23, 0x21, 0xFF,
    0x25, 0x24, 0x21, 0xFF, 0x24, 0x22, 0x21, 0xFF, 0x1E, 0x1D, 0x1C, 0xF1, 0x99, 0x98, 0x95, 0xF7,
    0xC2, 0xBF, 0xBC, 0xFF, 0xC1, 0xBE, 0xBA, 0xFF, 0xD2, 0xCF, 0xCC, 0xFF, 0x8B, 0x87, 0x84, 0xF7,
    0x3A, 0x36, 0x35, 0xE4, 0x1B, 0x1B, 0x1B, 0xC1, 0x1E, 0x1E, 0x1D, 0xD2, 0x28, 0x27, 0x27, 0xDA,
    0x2C, 0x2E, 0x2C, 0x8E, 0x3F, 0x3F, 0x3F, 0x18, 0x00, 0x00, 0x00, 0x00, 0x00, 0x00, 0x00, 0x02,
    0x00, 0x00, 0x00, 0x01, 0x00, 0x00, 0x00, 0x00, 0x00, 0x00, 0x00, 0x00, 0x00, 0x00, 0x00, 0x00,
    0x00, 0x00, 0x00, 0x00, 0x00, 0x00, 0x00, 0x00, 0x00, 0x00, 0x00, 0x00, 0x00, 0x00, 0x00, 0x00,
    0x00, 0x00, 0x00, 0x00, 0x00, 0x00, 0x00, 0x00, 0x00, 0x00, 0x00, 0x00, 0x00, 0x00, 0x00, 0x00,
    0x00, 0x00, 0x00, 0x00, 0x00, 0x00, 0x00, 0x00, 0x00, 0x00, 0x00, 0x00, 0x00, 0x00, 0x00, 0x00,
    0x00, 0x00, 0x00, 0x00, 0x00, 0x00, 0x00, 0x00, 0x00, 0x00, 0x00, 0x00, 0x00, 0x00, 0x00, 0x00,
    0x00, 0x00, 0x00, 0x00, 0x00, 0x00, 0x00, 0x00, 0x00, 0x00, 0x00, 0x00, 0x00, 0x00, 0x00, 0x00,
    0x00, 0x00, 0x00, 0x00, 0x00, 0x00, 0x00, 0x00, 0x00, 0x00, 0x00, 0x00, 0x00, 0x00, 0x00, 0x00,
    0x00, 0x00, 0x00, 0x00, 0x00, 0x00, 0x00, 0x00, 0x00, 0x00, 0x00, 0x00, 0x00, 0x00, 0x00, 0x00,
    0x00, 0x00, 0x00, 0x00, 0x00, 0x00, 0x00, 0x00, 0x00, 0x00, 0x00, 0x00, 0x00, 0x00, 0x00, 0x00,
    0x00, 0x00, 0x00, 0x00, 0x00, 0x00, 0x00, 0x00, 0x00, 0x00, 0x00, 0x00, 0x00, 0x00, 0x00, 0x00,
    0x00, 0x00, 0x00, 0x00, 0x00, 0x00, 0x00, 0x00, 0x00, 0x00, 0x00, 0x00, 0x00, 0x00, 0x00, 0x00,
    0x00, 0x00, 0x00, 0x00, 0x00, 0x00, 0x00, 0x00, 0x00, 0x00, 0x00, 0x00, 0x00, 0x00, 0x00, 0x00,
    0x00, 0x00, 0x00, 0x00, 0x00, 0x00, 0x00, 0x00, 0x00, 0x00, 0x00, 0x00, 0x00, 0x00, 0x00, 0x00,
    0x00, 0x00, 0x00, 0x00, 0x00, 0x00, 0x00, 0x00, 0x00, 0x00, 0x00, 0x00, 0x00, 0x00, 0x00, 0x00,
    0x00, 0x00, 0x00, 0x00, 0x00, 0x00, 0x00, 0x02, 0x00, 0x00, 0x00, 0x01, 0x00, 0x00, 0x00, 0x00,
    0x3F, 0x3F, 0x3F, 0x04, 0x29, 0x29, 0x29, 0x50, 0x26, 0x28, 0x28, 0x98, 0x1D, 0x1F, 0x1D, 0xA2,
    0x18, 0x18, 0x17, 0x9A, 0x19, 0x1B, 0x19, 0xAA, 0x23, 0x23, 0x22, 0xC3, 0x37, 0x35, 0x33, 0xC2,
    0x2B, 0x28, 0x27, 0xA3, 0x12, 0x10, 0x10, 0x99, 0x19, 0x18, 0x16, 0xAA, 0x19, 0x18, 0x17, 0xB1,
    0x1A, 0x18, 0x17, 0xB9, 0x1A, 0x1A, 0x17, 0xC7, 0x1C, 0x1A, 0x17, 0xD0, 0x1B, 0x1B, 0x17, 0xCA,
    0x1B, 0x1B, 0x16, 0xCB, 0x1C, 0x1C, 0x16, 0xC8, 0x1C, 0x1B, 0x18, 0xCF, 0x1C, 0x1B, 0x18, 0xD7,
    0x1C, 0x1B, 0x19, 0xDD, 0x1E, 0x1D, 0x18, 0xE4, 0x1E, 0x1E, 0x18, 0xE3, 0x1F, 0x1E, 0x19, 0xEC,
    0x1F, 0x1E, 0x19, 0xEE, 0x1F, 0x1E, 0x1A, 0xF0, 0x21, 0x1F, 0x1B, 0xFA, 0x22, 0x21, 0x1C, 0xFE,
    0x23, 0x22, 0x1D, 0xFF, 0x23, 0x21, 0x1D, 0xFE, 0x24, 0x22, 0x20, 0xFF, 0x25, 0x22, 0x21, 0xFF,
    0x24, 0x22, 0x20, 0xFF, 0x25, 0x23, 0x20, 0xFF, 0x25, 0x22, 0x21, 0xFF, 0x25, 0x23, 0x21, 0xFF,
    0x26, 0x23, 0x21, 0xFE, 0x26, 0x24, 0x20, 0xFF, 0x25, 0x25, 0x20, 0xFF, 0x26, 0x24, 0x21, 0xFE,
    0x26, 0x25, 0x20, 0xFF, 0x25, 0x24, 0x1F, 0xFE, 0x26, 0x23, 0x21, 0xFF, 0x26, 0x22, 0x22, 0xFF,
    0x24, 0x22, 0x21, 0xFE, 0x24, 0x22, 0x20, 0xFF, 0x24, 0x22, 0x20, 0xFF, 0x24, 0x23, 0x1F, 0xFE,
    0x24, 0x22, 0x20, 0xFE, 0x24, 0x22, 0x21, 0xFE, 0x24, 0x23, 0x20, 0xFF, 0x25, 0x23, 0x20, 0xFF,
    0x24, 0x23, 0x1E, 0xFF, 0x23, 0x22, 0x1D, 0xFF, 0x22, 0x22, 0x1E, 0xFE, 0x23, 0x22, 0x1E, 0xFF,
    0x21, 0x21, 0x1C, 0xFD, 0x23, 0x22, 0x1D, 0xFF, 0x20, 0x1E, 0x1C, 0xFD, 0x29, 0x28, 0x25, 0xF6,
    0x45, 0x44, 0x40, 0xED, 0x5C, 0x5A, 0x56, 0xD8, 0x4C, 0x4C, 0x49, 0xD1, 0x24, 0x24, 0x23, 0xD9,
    0x1F, 0x20, 0x1F, 0xDC, 0x2B, 0x2C, 0x29, 0xC9, 0x32, 0x32, 0x30, 0x84, 0x3E, 0x37, 0x37, 0x25,
    0x00, 0x00, 0x00, 0x00, 0x00, 0x00, 0x00, 0x00, 0x55, 0x55, 0x55, 0x03, 0x00, 0x00, 0x00, 0x00,
    0x00, 0x00, 0x00, 0x00, 0x00, 0x00, 0x00, 0x00, 0x00, 0x00, 0x00, 0x00, 0x00, 0x00, 0x00, 0x00,
    0x00, 0x00, 0x00, 0x00, 0x00, 0x00, 0x00, 0x00, 0x00, 0x00, 0x00, 0x00, 0x00, 0x00, 0x00, 0x00,
    0x00, 0x00, 0x00, 0x00, 0x00, 0x00, 0x00, 0x00, 0x00, 0x00, 0x00, 0x00, 0x00, 0x00, 0x00, 0x00,
    0x00, 0x00, 0x00, 0x00, 0x00, 0x00, 0x00, 0x00, 0x00, 0x00, 0x00, 0x00, 0x00, 0x00, 0x00, 0x00,
    0x00, 0x00, 0x00, 0x00, 0x00, 0x00, 0x00, 0x00, 0x00, 0x00, 0x00, 0x00, 0x00, 0x00, 0x00, 0x00,
    0x00, 0x00, 0x00, 0x00, 0x00, 0x00, 0x00, 0x00, 0x00, 0x00, 0x00, 0x00, 0x00, 0x00, 0x00, 0x00,
    0x00, 0x00, 0x00, 0x00, 0x00, 0x00, 0x00, 0x00, 0x00, 0x00, 0x00, 0x00, 0x00, 0x00, 0x00, 0x00,
    0x00, 0x00, 0x00, 0x00, 0x00, 0x00, 0x00, 0x00, 0x00, 0x00, 0x00, 0x00, 0x00, 0x00, 0x00, 0x00,
    0x00, 0x00, 0x00, 0x00, 0x00, 0x00, 0x00, 0x00, 0x00, 0x00, 0x00, 0x00, 0x00, 0x00, 0x00, 0x00,
    0x00, 0x00, 0x00, 0x00, 0x00, 0x00, 0x00, 0x00, 0x00, 0x00, 0x00, 0x00, 0x00, 0x00, 0x00, 0x00,
    0x00, 0x00, 0x00, 0x00, 0x00, 0x00, 0x00, 0x00, 0x00, 0x00, 0x00, 0x00, 0x00, 0x00, 0x00, 0x00,
    0x00, 0x00, 0x00, 0x00, 0x00, 0x00, 0x00, 0x00, 0x00, 0x00, 0x00, 0x00, 0x00, 0x00, 0x00, 0x00,
    0x00, 0x00, 0x00, 0x00, 0x00, 0x00, 0x00, 0x00, 0x00, 0x00, 0x00, 0x00, 0x00, 0x00, 0x00, 0x00,
    0x00, 0x00, 0x00, 0x00, 0x00, 0x00, 0x00, 0x00, 0x00, 0x00, 0x00, 0x00, 0x00, 0x00, 0x00, 0x00,
    0x00, 0x00, 0x00, 0x00, 0x00, 0x00, 0x00, 0x00, 0x00, 0x00, 0x00, 0x00, 0x00, 0x00, 0x00, 0x03,
    0x00, 0x00, 0x00, 0x00, 0x00, 0x00, 0x00, 0x00, 0x00, 0x00, 0x00, 0x00, 0x30, 0x30, 0x2B, 0x2F,
    0x27, 0x2A, 0x27, 0x73, 0x23, 0x23, 0x21, 0xAD, 0x1D, 0x1F, 0x1D, 0xBD, 0x14, 0x14, 0x12, 0xB0,
    0x14, 0x11, 0x11, 0xA5, 0x15, 0x14, 0x12, 0x97, 0x14, 0x12, 0x12, 0x89, 0x15, 0x13, 0x13, 0x9B,
    0x18, 0x17, 0x15, 0xB0, 0x1A, 0x18, 0x17, 0xBA, 0x1A, 0x19, 0x18, 0xBF, 0x1A, 0x19, 0x16, 0xBF,
    0x19, 0x19, 0x15, 0xBB, 0x19, 0x19, 0x15, 0xBD, 0x1A, 0x1A, 0x16, 0xC3, 0x1B, 0x19, 0x18, 0xC6,
    0x1C, 0x1A, 0x1A, 0xD4, 0x1C, 0x1B, 0x1A, 0xD7, 0x1C, 0x1C, 0x18, 0xD7, 0x1D, 0x1C, 0x1A, 0xE1,
    0x1E, 0x1C, 0x19, 0xE2, 0x1D, 0x1C, 0x19, 0xE6, 0x1F, 0x1E, 0x19, 0xEC, 0x20, 0x1E, 0x1A, 0xF7,
    0x22, 0x21, 0x1B, 0xFE, 0x22, 0x21, 0x1D, 0xFF, 0x22, 0x21, 0x1E, 0xFE, 0x22, 0x21, 0x1E, 0xFF,
    0x23, 0x22, 0x1E, 0xFE, 0x23, 0x22, 0x1D, 0xFF, 0x23, 0x22, 0x1E, 0xFF, 0x23, 0x22, 0x20, 0xFE,
    0x23, 0x22, 0x1F, 0xFF, 0x23, 0x21, 0x1F, 0xFE, 0x23, 0x23, 0x1E, 0xFF, 0x25, 0x23, 0x1E, 0xFF,
    0x25, 0x23, 0x1E, 0xFF, 0x24, 0x23, 0x1E, 0xFF, 0x25, 0x22, 0x1E, 0xFF, 0x25, 0x22, 0x1E, 0xFF,
    0x23, 0x21, 0x1F, 0xFF, 0x23, 0x21, 0x1D, 0xFF, 0x24, 0x22, 0x1D, 0xFF, 0x23, 0x22, 0x1D, 0xFF,
    0x24, 0x22, 0x1D, 0xFF, 0x23, 0x22, 0x1D, 0xFF, 0x23, 0x22, 0x1E, 0xFF, 0x22, 0x21, 0x1B, 0xFC,
    0x20, 0x20, 0x1A, 0xF8, 0x1F, 0x1F, 0x1A, 0xF0, 0x1F, 0x1E, 0x1B, 0xED, 0x20, 0x1E, 0x1C, 0xF3,
    0x1F, 0x1E, 0x1C, 0xEB, 0x1F, 0x1D, 0x1C, 0xF3, 0x1E, 0x1D, 0x1C, 0xF1, 0x1E, 0x1C, 0x1B, 0xFC,
    0x19, 0x19, 0x18, 0xF7, 0x1B, 0x1B, 0x17, 0xEC, 0x1C, 0x1E, 0x1C, 0xCB, 0x29, 0x2B, 0x29, 0x9A,
    0x35, 0x35, 0x35, 0x51, 0x3A, 0x4E, 0x4E, 0x0D, 0x00, 0x00, 0x00, 0x00, 0x00, 0x00, 0x00, 0x00,
    0x55, 0x55, 0x55, 0x03, 0x00, 0x00, 0x00, 0x01, 0x00, 0x00, 0x00, 0x00, 0x00, 0x00, 0x00, 0x00,
    0x00, 0x00, 0x00, 0x00, 0x00, 0x00, 0x00, 0x00, 0x00, 0x00, 0x00, 0x00, 0x00, 0x00, 0x00, 0x00,
    0x00, 0x00, 0x00, 0x00, 0x00, 0x00, 0x00, 0x00, 0x00, 0x00, 0x00, 0x00, 0x00, 0x00, 0x00, 0x00,
    0x00, 0x00, 0x00, 0x00, 0x00, 0x00, 0x00, 0x00, 0x00, 0x00, 0x00, 0x00, 0x00, 0x00, 0x00, 0x00,
    0x00, 0x00, 0x00, 0x00, 0x00, 0x00, 0x00, 0x00, 0x00, 0x00, 0x00, 0x00, 0x00, 0x00, 0x00, 0x00,
    0x00, 0x00, 0x00, 0x00, 0x00, 0x00, 0x00, 0x00, 0x00, 0x00, 0x00, 0x00, 0x00, 0x00, 0x00, 0x00,
    0x00, 0x00, 0x00, 0x00, 0x00, 0x00, 0x00, 0x00, 0x00, 0x00, 0x00, 0x00, 0x00, 0x00, 0x00, 0x00,
    0x00, 0x00, 0x00, 0x00, 0x00, 0x00, 0x00, 0x00, 0x00, 0x00, 0x00, 0x00, 0x00, 0x00, 0x00, 0x00,
    0x00, 0x00, 0x00, 0x00, 0x00, 0x00, 0x00, 0x00, 0x00, 0x00, 0x00, 0x00, 0x00, 0x00, 0x00, 0x00,
    0x00, 0x00, 0x00, 0x00, 0x00, 0x00, 0x00, 0x00, 0x00, 0x00, 0x00, 0x00, 0x00, 0x00, 0x00, 0x00,
    0x00, 0x00, 0x00, 0x00, 0x00, 0x00, 0x00, 0x00, 0x00, 0x00, 0x00, 0x00, 0x00, 0x00, 0x00, 0x00,
    0x00, 0x00, 0x00, 0x00, 0x00, 0x00, 0x00, 0x00, 0x00, 0x00, 0x00, 0x00, 0x00, 0x00, 0x00, 0x00,
    0x00, 0x00, 0x00, 0x00, 0x00, 0x00, 0x00, 0x00, 0x00, 0x00, 0x00, 0x00, 0x00, 0x00, 0x00, 0x00,
    0x00, 0x00, 0x00, 0x00, 0x00, 0x00, 0x00, 0x00, 0x00, 0x00, 0x00, 0x00, 0x00, 0x00, 0x00, 0x00,
    0x00, 0x00, 0x00, 0x00, 0x00, 0x00, 0x00, 0x00, 0x00, 0x00, 0x00, 0x00, 0x00, 0x00, 0x00, 0x00,
    0x00, 0x00, 0x00, 0x00, 0x00, 0x00, 0x00, 0x00, 0x00, 0x00, 0x00, 0x00, 0x00, 0x00, 0x00, 0x00,
    0x00, 0x00, 0x00, 0x00, 0x00, 0x00, 0x00, 0x03, 0x00, 0x00, 0x00, 0x01, 0x00, 0x00, 0x00, 0x00,
    0x00, 0x00, 0x00, 0x00, 0x3F, 0x3F, 0x3F, 0x04, 0x2D, 0x2D, 0x28, 0x32, 0x28, 0x28, 0x26, 0x72,
    0x25, 0x24, 0x24, 0xAA, 0x24, 0x21, 0x20, 0xC6, 0x1F, 0x1F, 0x1D, 0xC5, 0x1D, 0x1B, 0x1A, 0xC0,
    0x1B, 0x18, 0x17, 0xB9, 0x17, 0x15, 0x14, 0xA3, 0x15, 0x14, 0x14, 0x98, 0x16, 0x14, 0x12, 0x96,
    0x16, 0x16, 0x14, 0xA0, 0x18, 0x16, 0x15, 0xA9, 0x18, 0x17, 0x15, 0xAE, 0x19, 0x18, 0x16, 0xB3,
    0x1A, 0x18, 0x16, 0xBF, 0x1A, 0x18, 0x18, 0xC7, 0x1B, 0x1A, 0x18, 0xC4, 0x1B, 0x18, 0x18, 0xC4,
    0x1D, 0x1A, 0x19, 0xD2, 0x1C, 0x1A, 0x19, 0xD1, 0x1C, 0x1A, 0x1A, 0xD4, 0x1E, 0x1B, 0x19, 0xE4,
    0x1E, 0x1D, 0x19, 0xE7, 0x1D, 0x1D, 0x19, 0xE7, 0x1D, 0x1D, 0x19, 0xE6, 0x1F, 0x1E, 0x19, 0xEC,
    0x20, 0x1E, 0x19, 0xF4, 0x1F, 0x1E, 0x19, 0xF2, 0x1F, 0x1F, 0x19, 0xF0, 0x1F, 0x1F, 0x19, 0xED,
    0x1E, 0x1E, 0x1A, 0xF0, 0x1F, 0x1F, 0x1A, 0xF2, 0x1F, 0x1F, 0x1A, 0xF1, 0x1F, 0x1E, 0x1B, 0xEE,
    0x20, 0x1E, 0x1C, 0xF2, 0x20, 0x1F, 0x1B, 0xF4, 0x21, 0x20, 0x1B, 0xF7, 0x21, 0x20, 0x1A, 0xF7,
    0x21, 0x1F, 0x1B, 0xFC, 0x20, 0x1F, 0x1C, 0xF3, 0x20, 0x1F, 0x1B, 0xEE, 0x1F, 0x1E, 0x1B, 0xEC,
    0x20, 0x1E, 0x1B, 0xEF, 0x1F, 0x1D, 0x1A, 0xF0, 0x1E, 0x1C, 0x1B, 0xE9, 0x1D, 0x1D, 0x19, 0xE4,
    0x1B, 0x1B, 0x17, 0xD8, 0x1B, 0x1B, 0x18, 0xD8, 0x1B, 0x1A, 0x1A, 0xD6, 0x1C, 0x1A, 0x1A, 0xD4,
    0x20, 0x1F, 0x1D, 0xE6, 0x24, 0x23, 0x22, 0xFA, 0x27, 0x27, 0x26, 0xEF, 0x2D, 0x2B, 0x29, 0xD1,
    0x33, 0x31, 0x2F, 0x96, 0x37, 0x37, 0x34, 0x52, 0x4C, 0x4C, 0x4C, 0x14, 0x00, 0x00, 0x00, 0x00,
    0x00, 0x00, 0x00, 0x00, 0x00, 0x00, 0x00, 0x00, 0x55, 0x55, 0x55, 0x03, 0x00, 0x00, 0x00, 0x02,
    0x00, 0x00, 0x00, 0x00, 0x00, 0x00, 0x00, 0x00, 0x00, 0x00, 0x00, 0x00, 0x00, 0x00, 0x00, 0x00,
    0x00, 0x00, 0x00, 0x00, 0x00, 0x00, 0x00, 0x00, 0x00, 0x00, 0x00, 0x00, 0x00, 0x00, 0x00, 0x00,
    0x00, 0x00, 0x00, 0x00, 0x00, 0x00, 0x00, 0x00, 0x00, 0x00, 0x00, 0x00, 0x00, 0x00, 0x00, 0x00,
    0x00, 0x00, 0x00, 0x00, 0x00, 0x00, 0x00, 0x00, 0x00, 0x00, 0x00, 0x00, 0x00, 0x00, 0x00, 0x00,
    0x00, 0x00, 0x00, 0x00, 0x00, 0x00, 0x00, 0x00, 0x00, 0x00, 0x00, 0x00, 0x00, 0x00, 0x00, 0x00,
    0x00, 0x00, 0x00, 0x00, 0x00, 0x00, 0x00, 0x00, 0x00, 0x00, 0x00, 0x00, 0x00, 0x00, 0x00, 0x00,
    0x00, 0x00, 0x00, 0x00, 0x00, 0x00, 0x00, 0x00, 0x00, 0x00, 0x00, 0x00, 0x00, 0x00, 0x00, 0x00,
    0x00, 0x00, 0x00, 0x00, 0x00, 0x00, 0x00, 0x00, 0x00, 0x00, 0x00, 0x00, 0x00, 0x00, 0x00, 0x00,
    0x00, 0x00, 0x00, 0x00, 0x00, 0x00, 0x00, 0x00, 0x00, 0x00, 0x00, 0x00, 0x00, 0x00, 0x00, 0x00,
    0x00, 0x00, 0x00, 0x00, 0x00, 0x00, 0x00, 0x00, 0x00, 0x00, 0x00, 0x00, 0x00, 0x00, 0x00, 0x00,
    0x00, 0x00, 0x00, 0x00, 0x00, 0x00, 0x00, 0x00, 0x00, 0x00, 0x00, 0x00, 0x00, 0x00, 0x00, 0x00,
    0x00, 0x00, 0x00, 0x00, 0x00, 0x00, 0x00, 0x00, 0x00, 0x00, 0x00, 0x00, 0x00, 0x00, 0x00, 0x00,
    0x00, 0x00, 0x00, 0x00, 0x00, 0x00, 0x00, 0x00, 0x00, 0x00, 0x00, 0x00, 0x00, 0x00, 0x00, 0x00,
    0x00, 0x00, 0x00, 0x00, 0x00, 0x00, 0x00, 0x00, 0x00, 0x00, 0x00, 0x00, 0x00, 0x00, 0x00, 0x00,
    0x00, 0x00, 0x00, 0x00, 0x00, 0x00, 0x00, 0x00, 0x00, 0x00, 0x00, 0x00, 0x00, 0x00, 0x00, 0x00,
    0x00, 0x00, 0x00, 0x00, 0x00, 0x00, 0x00, 0x00, 0x00, 0x00, 0x00, 0x00, 0x00, 0x00, 0x00, 0x00,
    0x00, 0x00, 0x00, 0x00, 0x00, 0x00, 0x00, 0x00, 0x00, 0x00, 0x00, 0x00, 0x00, 0x00, 0x00, 0x02,
    0x55, 0x55, 0x55, 0x03, 0x00, 0x00, 0x00, 0x00, 0x00, 0x00, 0x00, 0x00, 0x00, 0x00, 0x00, 0x00,
    0x00, 0x00, 0x00, 0x00, 0x2B, 0x2B, 0x2B, 0x1D, 0x26, 0x26, 0x26, 0x4F, 0x28, 0x28, 0x26, 0x7F,
    0x26, 0x25, 0x23, 0xAB, 0x24, 0x23, 0x20, 0xC4, 0x22, 0x22, 0x1F, 0xCA, 0x20, 0x1F, 0x1D, 0xCD,
    0x1F, 0x1D, 0x1C, 0xC5, 0x1D, 0x1B, 0x19, 0xCA, 0x1B, 0x19, 0x17, 0xC0, 0x19, 0x17, 0x16, 0xB6,
    0x19, 0x16, 0x16, 0xAD, 0x18, 0x16, 0x15, 0xA9, 0x18, 0x14, 0x15, 0xB2, 0x16, 0x15, 0x13, 0xA7,
    0x17, 0x15, 0x15, 0xA5, 0x17, 0x14, 0x14, 0xA4, 0x18, 0x16, 0x16, 0xB2, 0x18, 0x15, 0x17, 0xB1,
    0x19, 0x17, 0x16, 0xB7, 0x1A, 0x18, 0x16, 0xBF, 0x1B, 0x18, 0x17, 0xC6, 0x1A, 0x19, 0x16, 0xBE,
    0x19, 0x18, 0x17, 0xBB, 0x1B, 0x1A, 0x16, 0xCA, 0x1A, 0x19, 0x15, 0xC7, 0x1A, 0x1A, 0x16, 0xC9,
    0x1B, 0x19, 0x16, 0xC5, 0x1A, 0x19, 0x16, 0xC0, 0x1A, 0x18, 0x17, 0xC2, 0x1A, 0x18, 0x17, 0xC4,
    0x1B, 0x19, 0x18, 0xC6, 0x19, 0x19, 0x17, 0xC6, 0x19, 0x18, 0x17, 0xC5, 0x1A, 0x19, 0x17, 0xCA,
    0x1B, 0x19, 0x18, 0xD2, 0x1A, 0x19, 0x19, 0xD4, 0x1B, 0x19, 0x19, 0xD3, 0x1B, 0x1A, 0x1A, 0xD5,
    0x1C, 0x1B, 0x1A, 0xDE, 0x1E, 0x1C, 0x1C, 0xE1, 0x20, 0x1F, 0x1E, 0xEC, 0x23, 0x21, 0x20, 0xFC,
    0x25, 0x24, 0x22, 0xFB, 0x26, 0x25, 0x23, 0xF9, 0x23, 0x23, 0x22, 0xDD, 0x29, 0x2A, 0x27, 0xB4,
    0x2F, 0x2E, 0x2C, 0x95, 0x34, 0x31, 0x31, 0x61, 0x34, 0x34, 0x34, 0x31, 0x55, 0x55, 0x55, 0x06,
    0x00, 0x00, 0x00, 0x00, 0x00, 0x00, 0x00, 0x00, 0x00, 0x00, 0x00, 0x00, 0x55, 0x55, 0x55, 0x03,
    0x55, 0x55, 0x55, 0x03, 0x00, 0x00, 0x00, 0x01, 0x00, 0x00, 0x00, 0x00, 0x00, 0x00, 0x00, 0x00,
    0x00, 0x00, 0x00, 0x00, 0x00, 0x00, 0x00, 0x00, 0x00, 0x00, 0x00, 0x00, 0x00, 0x00, 0x00, 0x00,
    0x00, 0x00, 0x00, 0x00, 0x00, 0x00, 0x00, 0x00, 0x00, 0x00, 0x00, 0x00, 0x00, 0x00, 0x00, 0x00,
    0x00, 0x00, 0x00, 0x00, 0x00, 0x00, 0x00, 0x00, 0x00, 0x00, 0x00, 0x00, 0x00, 0x00, 0x00, 0x00,
    0x00, 0x00, 0x00, 0x00, 0x00, 0x00, 0x00, 0x00, 0x00, 0x00, 0x00, 0x00, 0x00, 0x00, 0x00, 0x00,
    0x00, 0x00, 0x00, 0x00, 0x00, 0x00, 0x00, 0x00, 0x00, 0x00, 0x00, 0x00, 0x00, 0x00, 0x00, 0x00,
    0x00, 0x00, 0x00, 0x00, 0x00, 0x00, 0x00, 0x00, 0x00, 0x00, 0x00, 0x00, 0x00, 0x00, 0x00, 0x00,
    0x00, 0x00, 0x00, 0x00, 0x00, 0x00, 0x00, 0x00, 0x00, 0x00, 0x00, 0x00, 0x00, 0x00, 0x00, 0x00,
    0x00, 0x00, 0x00, 0x00, 0x00, 0x00, 0x00, 0x00, 0x00, 0x00, 0x00, 0x00, 0x00, 0x00, 0x00, 0x00,
    0x00, 0x00, 0x00, 0x00, 0x00, 0x00, 0x00, 0x00, 0x00, 0x00, 0x00, 0x00, 0x00, 0x00, 0x00, 0x00,
    0x00, 0x00, 0x00, 0x00, 0x00, 0x00, 0x00, 0x00, 0x00, 0x00, 0x00, 0x00, 0x00, 0x00, 0x00, 0x00,
    0x00, 0x00, 0x00, 0x00, 0x00, 0x00, 0x00, 0x00, 0x00, 0x00, 0x00, 0x00, 0x00, 0x00, 0x00, 0x00,
    0x00, 0x00, 0x00, 0x00, 0x00, 0x00, 0x00, 0x00, 0x00, 0x00, 0x00, 0x00, 0x00, 0x00, 0x00, 0x00,
    0x00, 0x00, 0x00, 0x00, 0x00, 0x00, 0x00, 0x00, 0x00, 0x00, 0x00, 0x00, 0x00, 0x00, 0x00, 0x00,
    0x00, 0x00, 0x00, 0x00, 0x00, 0x00, 0x00, 0x00, 0x00, 0x00, 0x00, 0x00, 0x00, 0x00, 0x00, 0x00,
    0x00, 0x00, 0x00, 0x00, 0x00, 0x00, 0x00, 0x00, 0x00, 0x00, 0x00, 0x00, 0x00, 0x00, 0x00, 0x00,
    0x00, 0x00, 0x00, 0x00, 0x00, 0x00, 0x00, 0x00, 0x00, 0x00, 0x00, 0x00, 0x00, 0x00, 0x00, 0x00,
    0x00, 0x00, 0x00, 0x00, 0x00, 0x00, 0x00, 0x00, 0x00, 0x00, 0x00, 0x00, 0x00, 0x00, 0x00, 0x00,
    0x00, 0x00, 0x00, 0x00, 0x00, 0x00, 0x00, 0x00, 0x00, 0x00, 0x00, 0x02, 0x3F, 0x3F, 0x3F, 0x04,
    0x00, 0x00, 0x00, 0x01, 0x00, 0x00, 0x00, 0x00, 0x00, 0x00, 0x00, 0x00, 0x00, 0x00, 0x00, 0x00,
    0x00, 0x00, 0x00, 0x00, 0x2E, 0x2E, 0x2E, 0x0B, 0x28, 0x28, 0x28, 0x26, 0x2D, 0x29, 0x29, 0x49,
    0x28, 0x25, 0x25, 0x6C, 0x29, 0x27, 0x27, 0x82, 0x25, 0x23, 0x23, 0xA3, 0x27, 0x25, 0x24, 0xB7,
    0x23, 0x22, 0x21, 0xC0, 0x23, 0x22, 0x20, 0xD1, 0x24, 0x23, 0x23, 0xCC, 0x22, 0x21, 0x1E, 0xC7,
    0x22, 0x20, 0x1E, 0xD1, 0x21, 0x1F, 0x1D, 0xD3, 0x21, 0x1D, 0x1C, 0xD7, 0x20, 0x1D, 0x1B, 0xD2,
    0x1F, 0x1C, 0x1C, 0xCB, 0x1E, 0x1D, 0x1A, 0xD3, 0x1E, 0x1B, 0x1A, 0xD4, 0x1E, 0x1B, 0x1A, 0xD3,
    0x1D, 0x1B, 0x1A, 0xD3, 0x1D, 0x1A, 0x19, 0xD3, 0x1C, 0x1A, 0x1A, 0xD6, 0x1E, 0x1A, 0x1A, 0xDA,
    0x1E, 0x1B, 0x1A, 0xDC, 0x1D, 0x1C, 0x1B, 0xCF, 0x1F, 0x1D, 0x1D, 0xD2, 0x1F, 0x1E, 0x1D, 0xD8,
    0x20, 0x1E, 0x1D, 0xDB, 0x20, 0x1E, 0x1D, 0xE4, 0x22, 0x1F, 0x1F, 0xE3, 0x25, 0x23, 0x22, 0xE5,
    0x24, 0x23, 0x22, 0xE7, 0x25, 0x24, 0x23, 0xE5, 0x27, 0x26, 0x25, 0xDC, 0x26, 0x25, 0x25, 0xE2,
    0x28, 0x28, 0x24, 0xC8, 0x2C, 0x2A, 0x29, 0xB9, 0x2C, 0x2B, 0x29, 0x9F, 0x30, 0x30, 0x2E, 0x7F,
    0x2F, 0x2D, 0x2A, 0x6B, 0x30, 0x30, 0x2D, 0x54, 0x2B, 0x2B, 0x2B, 0x1D, 0x00, 0x00, 0x00, 0x00,
    0x00, 0x00, 0x00, 0x00, 0x00, 0x00, 0x00, 0x00, 0x00, 0x00, 0x00, 0x00, 0x00, 0x00, 0x00, 0x00,
    0x55, 0x55, 0x55, 0x03, 0x55, 0x55, 0x55, 0x03, 0x00, 0x00, 0x00, 0x01, 0x00, 0x00, 0x00, 0x00,
    0x00, 0x00, 0x00, 0x00, 0x00, 0x00, 0x00, 0x00, 0x00, 0x00, 0x00, 0x00, 0x00, 0x00, 0x00, 0x00,
    0x00, 0x00, 0x00, 0x00, 0x00, 0x00, 0x00, 0x00, 0x00, 0x00, 0x00, 0x00, 0x00, 0x00, 0x00, 0x00,
    0x00, 0x00, 0x00, 0x00, 0x00, 0x00, 0x00, 0x00, 0x00, 0x00, 0x00, 0x00, 0x00, 0x00, 0x00, 0x00,
    0x00, 0x00, 0x00, 0x00, 0x00, 0x00, 0x00, 0x00, 0x00, 0x00, 0x00, 0x00, 0x00, 0x00, 0x00, 0x00,
    0x00, 0x00, 0x00, 0x00, 0x00, 0x00, 0x00, 0x00, 0x00, 0x00, 0x00, 0x00, 0x00, 0x00, 0x00, 0x00,
    0x00, 0x00, 0x00, 0x00, 0x00, 0x00, 0x00, 0x00, 0x00, 0x00, 0x00, 0x00, 0x00, 0x00, 0x00, 0x00,
    0x00, 0x00, 0x00, 0x00, 0x00, 0x00, 0x00, 0x00, 0x00, 0x00, 0x00, 0x00, 0x00, 0x00, 0x00, 0x00,
    0x00, 0x00, 0x00, 0x00, 0x00, 0x00, 0x00, 0x00, 0x00, 0x00, 0x00, 0x00, 0x00, 0x00, 0x00, 0x00,
    0x00, 0x00, 0x00, 0x00, 0x00, 0x00, 0x00, 0x00, 0x00, 0x00, 0x00, 0x00, 0x00, 0x00, 0x00, 0x00,
    0x00, 0x00, 0x00, 0x00, 0x00, 0x00, 0x00, 0x00, 0x00, 0x00, 0x00, 0x00, 0x00, 0x00, 0x00, 0x00,
    0x00, 0x00, 0x00, 0x00, 0x00, 0x00, 0x00, 0x00, 0x00, 0x00, 0x00, 0x00, 0x00, 0x00, 0x00, 0x00,
    0x00, 0x00, 0x00, 0x00, 0x00, 0x00, 0x00, 0x00, 0x00, 0x00, 0x00, 0x00, 0x00, 0x00, 0x00, 0x00,
    0x00, 0x00, 0x00, 0x00, 0x00, 0x00, 0x00, 0x00, 0x00, 0x00, 0x00, 0x00, 0x00, 0x00, 0x00, 0x00,
    0x00, 0x00, 0x00, 0x00, 0x00, 0x00, 0x00, 0x00, 0x00, 0x00, 0x00, 0x00, 0x00, 0x00, 0x00, 0x00,
    0x00, 0x00, 0x00, 0x00, 0x00, 0x00, 0x00, 0x00, 0x00, 0x00, 0x00, 0x00, 0x00, 0x00, 0x00, 0x00,
    0x00, 0x00, 0x00, 0x00, 0x00, 0x00, 0x00, 0x00, 0x00, 0x00, 0x00, 0x00, 0x00, 0x00, 0x00, 0x00,
    0x00, 0x00, 0x00, 0x00, 0x00, 0x00, 0x00, 0x00, 0x00, 0x00, 0x00, 0x00, 0x00, 0x00, 0x00, 0x00,
    0x00, 0x00, 0x00, 0x00, 0x00, 0x00, 0x00, 0x00, 0x00, 0x00, 0x00, 0x00, 0x00, 0x00, 0x00, 0x00,
    0x00, 0x00, 0x00, 0x00, 0x00, 0x00, 0x00, 0x00, 0x00, 0x00, 0x00, 0x00, 0x00, 0x00, 0x00, 0x00,
    0x00, 0x00, 0x00, 0x00, 0x00, 0x00, 0x00, 0x01, 0x00, 0x00, 0x00, 0x03, 0x3F, 0x3F, 0x3F, 0x04,
    0x00, 0x00, 0x00, 0x02, 0x00, 0x00, 0x00, 0x00, 0x00, 0x00, 0x00, 0x00, 0x00, 0x00, 0x00, 0x00,
    0x00, 0x00, 0x00, 0x00, 0x00, 0x00, 0x00, 0x00, 0x00, 0x00, 0x00, 0x00, 0x00, 0x00, 0x00, 0x00,
    0x1C, 0x1C, 0x1C, 0x09, 0x30, 0x30, 0x24, 0x15, 0x36, 0x36, 0x36, 0x1C, 0x2A, 0x25, 0x25, 0x30,
    0x2A, 0x2A, 0x26, 0x48, 0x2E, 0x2E, 0x2A, 0x48, 0x2B, 0x2B, 0x28, 0x4C, 0x2A, 0x2A, 0x25, 0x5F,
    0x29, 0x27, 0x24, 0x6F, 0x25, 0x25, 0x23, 0x7B, 0x28, 0x28, 0x26, 0x7E, 0x29, 0x27, 0x25, 0x80,
    0x25, 0x23, 0x21, 0x81, 0x25, 0x23, 0x21, 0x81, 0x26, 0x24, 0x24, 0x7F, 0x26, 0x26, 0x24, 0x7E,
    0x28, 0x26, 0x26, 0x7F, 0x29, 0x27, 0x27, 0x80, 0x2B, 0x29, 0x29, 0x81, 0x28, 0x28, 0x26, 0x77,
    0x29, 0x27, 0x27, 0x68, 0x29, 0x26, 0x26, 0x57, 0x31, 0x2E, 0x2A, 0x48, 0x33, 0x2F, 0x2F, 0x46,
    0x2A, 0x2A, 0x26, 0x42, 0x2B, 0x2B, 0x2B, 0x29, 0x3F, 0x3F, 0x3F, 0x14, 0x2A, 0x2A, 0x2A, 0x12,
    0x00, 0x00, 0x00, 0x00, 0x00, 0x00, 0x00, 0x00, 0x00, 0x00, 0x00, 0x00, 0x00, 0x00, 0x00, 0x00,
    0x00, 0x00, 0x00, 0x00, 0x00, 0x00, 0x00, 0x00, 0x00, 0x00, 0x00, 0x00, 0x00, 0x00, 0x00, 0x01,
    0x55, 0x55, 0x55, 0x03, 0x3F, 0x3F, 0x3F, 0x04, 0x00, 0x00, 0x00, 0x02, 0x00, 0x00, 0x00, 0x01,
    0x00, 0x00, 0x00, 0x00, 0x00, 0x00, 0x00, 0x00, 0x00, 0x00, 0x00, 0x00, 0x00, 0x00, 0x00, 0x00,
    0x00, 0x00, 0x00, 0x00, 0x00, 0x00, 0x00, 0x00, 0x00, 0x00, 0x00, 0x00, 0x00, 0x00, 0x00, 0x00,
    0x00, 0x00, 0x00, 0x00, 0x00, 0x00, 0x00, 0x00, 0x00, 0x00, 0x00, 0x00, 0x00, 0x00, 0x00, 0x00,
    0x00, 0x00, 0x00, 0x00, 0x00, 0x00, 0x00, 0x00, 0x00, 0x00, 0x00, 0x00, 0x00, 0x00, 0x00, 0x00,
    0x00, 0x00, 0x00, 0x00, 0x00, 0x00, 0x00, 0x00, 0x00, 0x00, 0x00, 0x00, 0x00, 0x00, 0x00, 0x00,
    0x00, 0x00, 0x00, 0x00, 0x00, 0x00, 0x00, 0x00, 0x00, 0x00, 0x00, 0x00, 0x00, 0x00, 0x00, 0x00,
    0x00, 0x00, 0x00, 0x00, 0x00, 0x00, 0x00, 0x00, 0x00, 0x00, 0x00, 0x00, 0x00, 0x00, 0x00, 0x00,
    0x00, 0x00, 0x00, 0x00, 0x00, 0x00, 0x00, 0x00, 0x00, 0x00, 0x00, 0x00, 0x00, 0x00, 0x00, 0x00,
    0x00, 0x00, 0x00, 0x00, 0x00, 0x00, 0x00, 0x00, 0x00, 0x00, 0x00, 0x00, 0x00, 0x00, 0x00, 0x00,
    0x00, 0x00, 0x00, 0x00, 0x00, 0x00, 0x00, 0x00, 0x00, 0x00, 0x00, 0x00, 0x00, 0x00, 0x00, 0x00,
    0x00, 0x00, 0x00, 0x00, 0x00, 0x00, 0x00, 0x00, 0x00, 0x00, 0x00, 0x00, 0x00, 0x00, 0x00, 0x00,
    0x00, 0x00, 0x00, 0x00, 0x00, 0x00, 0x00, 0x00, 0x00, 0x00, 0x00, 0x00, 0x00, 0x00, 0x00, 0x00,
    0x00, 0x00, 0x00, 0x00, 0x00, 0x00, 0x00, 0x00, 0x00, 0x00, 0x00, 0x00, 0x00, 0x00, 0x00, 0x00,
    0x00, 0x00, 0x00, 0x00, 0x00, 0x00, 0x00, 0x00, 0x00, 0x00, 0x00, 0x00, 0x00, 0x00, 0x00, 0x00,
    0x00, 0x00, 0x00, 0x00, 0x00, 0x00, 0x00, 0x00, 0x00, 0x00, 0x00, 0x00, 0x00, 0x00, 0x00, 0x00,
    0x00, 0x00, 0x00, 0x00, 0x00, 0x00, 0x00, 0x00, 0x00, 0x00, 0x00, 0x00, 0x00, 0x00, 0x00, 0x00,
    0x00, 0x00, 0x00, 0x00, 0x00, 0x00, 0x00, 0x00, 0x00, 0x00, 0x00, 0x00, 0x00, 0x00, 0x00, 0x00,
    0x00, 0x00, 0x00, 0x00, 0x00, 0x00, 0x00, 0x00, 0x00, 0x00, 0x00, 0x00, 0x00, 0x00, 0x00, 0x00,
    0x00, 0x00, 0x00, 0x00, 0x00, 0x00, 0x00, 0x00, 0x00, 0x00, 0x00, 0x00, 0x00, 0x00, 0x00, 0x00,
    0x00, 0x00, 0x00, 0x00, 0x00, 0x00, 0x00, 0x00, 0x00, 0x00, 0x00, 0x00, 0x00, 0x00, 0x00, 0x00,
    0x00, 0x00, 0x00, 0x00, 0x00, 0x00, 0x00, 0x00, 0x00, 0x00, 0x00, 0x00, 0x00, 0x00, 0x00, 0x00,
    0x00, 0x00, 0x00, 0x00, 0x00, 0x00, 0x00, 0x01, 0x00, 0x00, 0x00, 0x02, 0x00, 0x00, 0x00, 0x03,
    0x3F, 0x3F, 0x3F, 0x04, 0x3F, 0x3F, 0x3F, 0x04, 0x00, 0x00, 0x00, 0x03, 0x00, 0x00, 0x00, 0x02,
    0x00, 0x00, 0x00, 0x00, 0x00, 0x00, 0x00, 0x00, 0x00, 0x00, 0x00, 0x00, 0x00, 0x00, 0x00, 0x00,
    0x00, 0x00, 0x00, 0x00, 0x00, 0x00, 0x00, 0x00, 0x00, 0x00, 0x00, 0x00, 0x00, 0x00, 0x00, 0x00,
    0x00, 0x00, 0x00, 0x00, 0x00, 0x00, 0x00, 0x00, 0x00, 0x00, 0x00, 0x00, 0x00, 0x00, 0x00, 0x00,
    0x00, 0x00, 0x00, 0x00, 0x00, 0x00, 0x00, 0x00, 0x00, 0x00, 0x00, 0x00, 0x00, 0x00, 0x00, 0x00,
    0x00, 0x00, 0x00, 0x00, 0x00, 0x00, 0x00, 0x00, 0x00, 0x00, 0x00, 0x00, 0x00, 0x00, 0x00, 0x00,
    0x00, 0x00, 0x00, 0x00, 0x00, 0x00, 0x00, 0x00, 0x00, 0x00, 0x00, 0x00, 0x00, 0x00, 0x00, 0x00,
    0x00, 0x00, 0x00, 0x00, 0x00, 0x00, 0x00, 0x00, 0x00, 0x00, 0x00, 0x00, 0x00, 0x00, 0x00, 0x00,
    0x00, 0x00, 0x00, 0x00, 0x00, 0x00, 0x00, 0x02, 0x55, 0x55, 0x55, 0x03, 0x3F, 0x3F, 0x3F, 0x04,
    0x3F, 0x3F, 0x3F, 0x04, 0x55, 0x55, 0x55, 0x03, 0x00, 0x00, 0x00, 0x01, 0x00, 0x00, 0x00, 0x00,
    0x00, 0x00, 0x00, 0x00, 0x00, 0x00, 0x00, 0x00, 0x00, 0x00, 0x00, 0x00, 0x00, 0x00, 0x00, 0x00,
    0x00, 0x00, 0x00, 0x00, 0x00, 0x00, 0x00, 0x00, 0x00, 0x00, 0x00, 0x00, 0x00, 0x00, 0x00, 0x00,
    0x00, 0x00, 0x00, 0x00, 0x00, 0x00, 0x00, 0x00, 0x00, 0x00, 0x00, 0x00, 0x00, 0x00, 0x00, 0x00,
    0x00, 0x00, 0x00, 0x00, 0x00, 0x00, 0x00, 0x00, 0x00, 0x00, 0x00, 0x00, 0x00, 0x00, 0x00, 0x00,
    0x00, 0x00, 0x00, 0x00, 0x00, 0x00, 0x00, 0x00, 0x00, 0x00, 0x00, 0x00, 0x00, 0x00, 0x00, 0x00,
    0x00, 0x00, 0x00, 0x00, 0x00, 0x00, 0x00, 0x00, 0x00, 0x00, 0x00, 0x00, 0x00, 0x00, 0x00, 0x00,
    0x00, 0x00, 0x00, 0x00, 0x00, 0x00, 0x00, 0x00, 0x00, 0x00, 0x00, 0x00, 0x00, 0x00, 0x00, 0x00,
    0x00, 0x00, 0x00, 0x00, 0x00, 0x00, 0x00, 0x00, 0x00, 0x00, 0x00, 0x00, 0x00, 0x00, 0x00, 0x00,
    0x00, 0x00, 0x00, 0x00, 0x00, 0x00, 0x00, 0x00, 0x00, 0x00, 0x00, 0x00, 0x00, 0x00, 0x00, 0x00,
    0x00, 0x00, 0x00, 0x00, 0x00, 0x00, 0x00, 0x00, 0x00, 0x00, 0x00, 0x00, 0x00, 0x00, 0x00, 0x00,
    0x00, 0x00, 0x00, 0x00, 0x00, 0x00, 0x00, 0x00, 0x00, 0x00, 0x00, 0x00, 0x00, 0x00, 0x00, 0x00,
    0x00, 0x00, 0x00, 0x00, 0x00, 0x00, 0x00, 0x00, 0x00, 0x00, 0x00, 0x00, 0x00, 0x00, 0x00, 0x00,
    0x00, 0x00, 0x00, 0x00, 0x00, 0x00, 0x00, 0x00, 0x00, 0x00, 0x00, 0x00, 0x00, 0x00, 0x00, 0x00,
    0x00, 0x00, 0x00, 0x00, 0x00, 0x00, 0x00, 0x00, 0x00, 0x00, 0x00, 0x00, 0x00, 0x00, 0x00, 0x00,
    0x00, 0x00, 0x00, 0x00, 0x00, 0x00, 0x00, 0x00, 0x00, 0x00, 0x00, 0x00, 0x00, 0x00, 0x00, 0x00,
    0x00, 0x00, 0x00, 0x00, 0x00, 0x00, 0x00, 0x00, 0x00, 0x00, 0x00, 0x00, 0x00, 0x00, 0x00, 0x00,
    0x00, 0x00, 0x00, 0x00, 0x00, 0x00, 0x00, 0x00, 0x00, 0x00, 0x00, 0x00, 0x00, 0x00, 0x00, 0x00,
    0x00, 0x00, 0x00, 0x00, 0x00, 0x00, 0x00, 0x00, 0x00, 0x00, 0x00, 0x00, 0x00, 0x00, 0x00, 0x00,
    0x00, 0x00, 0x00, 0x00, 0x00, 0x00, 0x00, 0x00, 0x00, 0x00, 0x00, 0x00, 0x00, 0x00, 0x00, 0x00,
    0x00, 0x00, 0x00, 0x00, 0x00, 0x00, 0x00, 0x00, 0x00, 0x00, 0x00, 0x00, 0x00, 0x00, 0x00, 0x00,
    0x00, 0x00, 0x00, 0x00, 0x00, 0x00, 0x00, 0x00, 0x00, 0x00, 0x00, 0x00, 0x00, 0x00, 0x00, 0x00,
    0x00, 0x00, 0x00, 0x00, 0x00, 0x00, 0x00, 0x00, 0x00, 0x00, 0x00, 0x00, 0x00, 0x00, 0x00, 0x00,
    0x00, 0x00, 0x00, 0x00, 0x00, 0x00, 0x00, 0x00, 0x00, 0x00, 0x00, 0x00, 0x00, 0x00, 0x00, 0x00,
    0x00, 0x00, 0x00, 0x00, 0x00, 0x00, 0x00, 0x00, 0x00, 0x00, 0x00, 0x00, 0x00, 0x00, 0x00, 0x00,
    0x00, 0x00, 0x00, 0x01, 0x00, 0x00, 0x00, 0x01, 0x00, 0x00, 0x00, 0x01, 0x00, 0x00, 0x00, 0x02,
    0x00, 0x00, 0x00, 0x03, 0x55, 0x55, 0x00, 0x03, 0x55, 0x55, 0x00, 0x03, 0x55, 0x55, 0x55, 0x03,
    0x3F, 0x3F, 0x3F, 0x04, 0x3F, 0x3F, 0x3F, 0x04, 0x3F, 0x3F, 0x3F, 0x04, 0x3F, 0x3F, 0x3F, 0x04,
    0x3F, 0x3F, 0x3F, 0x04, 0x3F, 0x3F, 0x3F, 0x04, 0x3F, 0x3F, 0x3F, 0x04, 0x3F, 0x3F, 0x3F, 0x04,
    0x3F, 0x3F, 0x3F, 0x04, 0x3F, 0x3F, 0x3F, 0x04, 0x3F, 0x3F, 0x3F, 0x04, 0x3F, 0x3F, 0x3F, 0x04,
    0x3F, 0x3F, 0x3F, 0x04, 0x55, 0x55, 0x55, 0x03, 0x55, 0x00, 0x00, 0x03, 0x55, 0x55, 0x55, 0x03,
    0x00, 0x00, 0x00, 0x03, 0x00, 0x00, 0x00, 0x02, 0x00, 0x00, 0x00, 0x01, 0x00, 0x00, 0x00, 0x01,
    0x00, 0x00, 0x00, 0x00, 0x00, 0x00, 0x00, 0x00, 0x00, 0x00, 0x00, 0x00, 0x00, 0x00, 0x00, 0x00,
    0x00, 0x00, 0x00, 0x00, 0x00, 0x00, 0x00, 0x00, 0x00, 0x00, 0x00, 0x00, 0x00, 0x00, 0x00, 0x00,
    0x00, 0x00, 0x00, 0x00, 0x00, 0x00, 0x00, 0x00, 0x00, 0x00, 0x00, 0x00, 0x00, 0x00, 0x00, 0x00,
    0x00, 0x00, 0x00, 0x00, 0x00, 0x00, 0x00, 0x00, 0x00, 0x00, 0x00, 0x00, 0x00, 0x00, 0x00, 0x00,
    0x00, 0x00, 0x00, 0x00, 0x00, 0x00, 0x00, 0x00, 0x00, 0x00, 0x00, 0x00, 0x00, 0x00, 0x00, 0x00,
    0x00, 0x00, 0x00, 0x00, 0x00, 0x00, 0x00, 0x00, 0x00, 0x00, 0x00, 0x00, 0x00, 0x00, 0x00, 0x00,
    0x00, 0x00, 0x00, 0x00, 0x00, 0x00, 0x00, 0x00, 0x00, 0x00, 0x00, 0x00, 0x00, 0x00, 0x00, 0x00,
    0x00, 0x00, 0x00, 0x00, 0x00, 0x00, 0x00, 0x00, 0x00, 0x00, 0x00, 0x00, 0x00, 0x00, 0x00, 0x00,
    0x00, 0x00, 0x00, 0x00, 0x00, 0x00, 0x00, 0x00, 0x00, 0x00, 0x00, 0x00, 0x00, 0x00, 0x00, 0x00,
    0x00, 0x00, 0x00, 0x00, 0x00, 0x00, 0x00, 0x00, 0x00, 0x00, 0x00, 0x00, 0x00, 0x00, 0x00, 0x00,
    0x00, 0x00, 0x00, 0x00, 0x00, 0x00, 0x00, 0x00, 0x00, 0x00, 0x00, 0x00, 0x00, 0x00, 0x00, 0x00,
    0x00, 0x00, 0x00, 0x00, 0x00, 0x00, 0x00, 0x00, 0x00, 0x00, 0x00, 0x00, 0x00, 0x00, 0x00, 0x00,
    0x00, 0x00, 0x00, 0x00, 0x00, 0x00, 0x00, 0x00, 0x00, 0x00, 0x00, 0x00, 0x00, 0x00, 0x00, 0x00,
    0x00, 0x00, 0x00, 0x00, 0x00, 0x00, 0x00, 0x00, 0x00, 0x00, 0x00, 0x00, 0x00, 0x00, 0x00, 0x00,
    0x00, 0x00, 0x00, 0x00, 0x00, 0x00, 0x00, 0x00, 0x00, 0x00, 0x00, 0x00, 0x00, 0x00, 0x00, 0x00,
    0x00, 0x00, 0x00, 0x00, 0x00, 0x00, 0x00, 0x00, 0x00, 0x00, 0x00, 0x00, 0x00, 0x00, 0x00, 0x00,
    0x00, 0x00, 0x00, 0x00, 0x00, 0x00, 0x00, 0x00, 0x00, 0x00, 0x00, 0x00, 0x00, 0x00, 0x00, 0x00,
    0x00, 0x00, 0x00, 0x00, 0x00, 0x00, 0x00, 0x00, 0x00, 0x00, 0x00, 0x00, 0x00, 0x00, 0x00, 0x00,
    0x00, 0x00, 0x00, 0x00, 0x00, 0x00, 0x00, 0x00, 0x00, 0x00, 0x00, 0x00, 0x00, 0x00, 0x00, 0x00,
    0x00, 0x00, 0x00, 0x00, 0x00, 0x00, 0x00, 0x00, 0x00, 0x00, 0x00, 0x00, 0x00, 0x00, 0x00, 0x00,
    0x00, 0x00, 0x00, 0x00, 0x00, 0x00, 0x00, 0x00, 0x00, 0x00, 0x00, 0x00, 0x00, 0x00, 0x00, 0x00,
    0x00, 0x00, 0x00, 0x00, 0x00, 0x00, 0x00, 0x00, 0x00, 0x00, 0x00, 0x00, 0x00, 0x00, 0x00, 0x00,
    0x00, 0x00, 0x00, 0x00, 0x00, 0x00, 0x00, 0x00, 0x00, 0x00, 0x00, 0x00, 0x00, 0x00, 0x00, 0x00,
    0x00, 0x00, 0x00, 0x00, 0x00, 0x00, 0x00, 0x00, 0x00, 0x00, 0x00, 0x00, 0x00, 0x00, 0x00, 0x00,
    0x00, 0x00, 0x00, 0x00, 0x00, 0x00, 0x00, 0x00, 0x00, 0x00, 0x00, 0x00, 0x00, 0x00, 0x00, 0x00,
    0x00, 0x00, 0x00, 0x00, 0x00, 0x00, 0x00, 0x00, 0x00, 0x00, 0x00, 0x00, 0x00, 0x00, 0x00, 0x00,
    0x00, 0x00, 0x00, 0x00, 0x00, 0x00, 0x00, 0x00, 0x00, 0x00, 0x00, 0x00, 0x00, 0x00, 0x00, 0x00,
    0x00, 0x00, 0x00, 0x00, 0x00, 0x00, 0x00, 0x00, 0x00, 0x00, 0x00, 0x00, 0x00, 0x00, 0x00, 0x00,
    0x00, 0x00, 0x00, 0x00, 0x00, 0x00, 0x00, 0x00, 0x00, 0x00, 0x00, 0x00, 0x00, 0x00, 0x00, 0x00,
    0x00, 0x00, 0x00, 0x00, 0x00, 0x00, 0x00, 0x00, 0x00, 0x00, 0x00, 0x00, 0x00, 0x00, 0x00, 0x00,
    0x00, 0x00, 0x00, 0x00, 0x00, 0x00, 0x00, 0x00, 0x00, 0x00, 0x00, 0x00, 0x00, 0x00, 0x00, 0x00,
    0x00, 0x00, 0x00, 0x00, 0x00, 0x00, 0x00, 0x00, 0x00, 0x00, 0x00, 0x00, 0x00, 0x00, 0x00, 0x00,
    0x00, 0x00, 0x00, 0x00, 0x00, 0x00, 0x00, 0x00, 0x00, 0x00, 0x00, 0x00, 0x00, 0x00, 0x00, 0x00,
    0x00, 0x00, 0x00, 0x00, 0x00, 0x00, 0x00, 0x00, 0x00, 0x00, 0x00, 0x00, 0x00, 0x00, 0x00, 0x00,
    0x00, 0x00, 0x00, 0x00, 0x00, 0x00, 0x00, 0x00, 0x00, 0x00, 0x00, 0x00, 0x00, 0x00, 0x00, 0x00,
    0x00, 0x00, 0x00, 0x00, 0x00, 0x00, 0x00, 0x00, 0x00, 0x00, 0x00, 0x00, 0x00, 0x00, 0x00, 0x00,
    0x00, 0x00, 0x00, 0x00, 0x00, 0x00, 0x00, 0x00, 0x00, 0x00, 0x00, 0x00, 0x00, 0x00, 0x00, 0x00,
    0x00, 0x00, 0x00, 0x00, 0x00, 0x00, 0x00, 0x00, 0x00, 0x00, 0x00, 0x00, 0x00, 0x00, 0x00, 0x00,
    0x00, 0x00, 0x00, 0x00, 0x00, 0x00, 0x00, 0x00, 0x00, 0x00, 0x00, 0x00, 0x00, 0x00, 0x00, 0x00,
    0x00, 0x00, 0x00, 0x00, 0x00, 0x00, 0x00, 0x00, 0x00, 0x00, 0x00, 0x00, 0x00, 0x00, 0x00, 0x00,
    0x00, 0x00, 0x00, 0x00, 0x00, 0x00, 0x00, 0x00, 0x00, 0x00, 0x00, 0x00, 0x00, 0x00, 0x00, 0x00,
    0x00, 0x00, 0x00, 0x00, 0x00, 0x00, 0x00, 0x00, 0x00, 0x00, 0x00, 0x00, 0x00, 0x00, 0x00, 0x00,
    0x00, 0x00, 0x00, 0x00, 0x00, 0x00, 0x00, 0x00, 0x00, 0x00, 0x00, 0x00, 0x00, 0x00, 0x00, 0x00,
    0x00, 0x00, 0x00, 0x00, 0x00, 0x00, 0x00, 0x00, 0x00, 0x00, 0x00, 0x00, 0x00, 0x00, 0x00, 0x00,
    0x00, 0x00, 0x00, 0x00, 0x00, 0x00, 0x00, 0x00, 0x00, 0x00, 0x00, 0x00, 0x00, 0x00, 0x00, 0x00,
    0x00, 0x00, 0x00, 0x00, 0x00, 0x00, 0x00, 0x00, 0x00, 0x00, 0x00, 0x00, 0x00, 0x00, 0x00, 0x00,
};

const lv_image_dsc_t mx5_rf_tpms_dsc = {
    .header = {
        .magic = LV_IMAGE_HEADER_MAGIC,
        .cf = LV_COLOR_FORMAT_ARGB8888,
        .flags = 0,
        .w = 132,
        .h = 240,
        .stride = 528,
        .reserved_2 = 0,
    },
    .data_size = 126720,
    .data = mx5_rf_tpms_map,
};
